book_id,title,author,author_death_year,author_death_year_disputed,publication_year,source,source_url,language,notes
semmering-1912__peter-altenberg__1913,"""Semmering 1912""",Peter Altenberg,1919,false,1913,openlibrary,https://openlibrary.org/works/OL16780443W,en,"merged from 1 source rows (openlibrary); author death year from Wikidata (Q44972); PD via life+70 rule (death year 1919 + 71 <= 2026), independent of publication year"
1066-and-all-that-b-a-memorable-history-of-england-comprising-all-the-parts-you-can-remember-including-103-good-things-5-bad-kings-and-2-genuine-dates__sellar-walter-carruthers__unk,"1066 and all that : $b A memorable history of England, comprising all the parts you can remember, including 103 good things, 5 bad kings and 2 genuine dates","Sellar, Walter Carruthers",1951,false,,gutenberg,https://www.gutenberg.org/ebooks/78124,en,"merged from 1 source rows (gutenberg); publication year not found via Open Library; needs manual research; 1 additional co-author(s) not recorded, primary author only"
1812-napoleon-i-in-russia__vasily-vereshchagin__1899,1812 Napoleon I in Russia,Vasily Vereshchagin,1904,false,1899,openlibrary,https://openlibrary.org/works/OL41505448W,en,"merged from 1 source rows (openlibrary); author death year from Wikidata (Q127017); PD via life+70 rule (death year 1904 + 71 <= 2026), independent of publication year"
20-years-at-hull-house__jane-addams__1910,20 Years at Hull House,Jane Addams,1935,false,1910,openlibrary,https://openlibrary.org/works/OL1106688W,en,"merged from 1 source rows (openlibrary); author death year from Wikidata (Q180989); PD via life+70 rule (death year 1935 + 71 <= 2026), independent of publication year"
200-years-of-thermoelectricity__alexander-grin__unk,200 Years of Thermoelectricity,Alexander Grin,1932,false,,openlibrary,https://openlibrary.org/works/OL29327780W,en,"merged from 1 source rows (openlibrary); author death year from Wikidata (Q213997); PD via life+70 rule (death year 1932 + 71 <= 2026), independent of publication year; publication year (2023) discarded as implausible (>50 years after author's death, likely a modern reprint/collected edition indexed by Open Library as 'first publish year'); needs manual research"
7-poems__endre-ady__1900,7 poems,Endre Ady,1919,false,1900,openlibrary,https://openlibrary.org/works/OL45441381W,en,"merged from 1 source rows (openlibrary); author death year from Wikidata (Q211392); PD via life+70 rule (death year 1919 + 71 <= 2026), independent of publication year"
christ-and-antichrist__dmitry-merezhkovsky__1901,[Christ and Antichrist],Dmitry Merezhkovsky,1941,false,1901,openlibrary,https://openlibrary.org/works/OL826519W,en,"merged from 1 source rows (openlibrary); author death year from Wikidata (Q326459); PD via life+70 rule (death year 1941 + 71 <= 2026), independent of publication year"
a-book-for-parents__anton-makarenko__1950,A book for parents,Anton Makarenko,1939,false,1950,openlibrary,https://openlibrary.org/works/OL3192696W,en,"merged from 1 source rows (openlibrary); author death year from Wikidata (Q297448); PD via life+70 rule (death year 1939 + 71 <= 2026), independent of publication year"
a-bunch-of-hints-on-peace-and-war-from-leading-french-newspapers__charles-maurras__1919,A bunch of hints on peace and war from leading French newspapers,Charles Maurras,1952,false,1919,openlibrary,https://openlibrary.org/works/OL45347768W,en,"merged from 1 source rows (openlibrary); author death year from Wikidata (Q3048); PD via life+70 rule (death year 1952 + 71 <= 2026), independent of publication year"
a-case-in-camera__onions-oliver__1920,A Case in Camera,"Onions, Oliver",1961,false,1920,gutenberg,https://www.gutenberg.org/ebooks/43063,en,merged from 1 source rows (gutenberg); publication year via Open Library (earliest edition found; not independently verified)
a-child-s-christmas-in-wales__dylan-thomas__1953,A Child's Christmas in Wales,Dylan Thomas,1953,false,1953,openlibrary,https://openlibrary.org/works/OL1358801W,en,"merged from 1 source rows (openlibrary); author death year from Wikidata (Q191023); PD via life+70 rule (death year 1953 + 71 <= 2026), independent of publication year"
a-christmas-carol__charles-dickens__1843,A Christmas Carol,Charles Dickens,1870,false,1843,openlibrary,https://openlibrary.org/works/OL32466W,en,"merged from 1 source rows (openlibrary); author death year from Wikidata (Q5686); PD via life+70 rule (death year 1870 + 71 <= 2026), independent of publication year"
a-christmas-carol__dickens-charles__1843,A Christmas Carol,"Dickens, Charles",,false,1843,openlibrary,https://openlibrary.org/works/OL32466W,en,merged from 1 source rows (openlibrary); pd_basis=pub_year<=1930
a-christmas-carol__wilkie-collins__1843,A Christmas Carol,Wilkie Collins,1889,false,1843,openlibrary,https://openlibrary.org/works/OL32466W,en,"merged from 1 source rows (openlibrary); author death year from Wikidata (Q210740); PD via life+70 rule (death year 1889 + 71 <= 2026), independent of publication year"
a-connecticut-yankee-in-king-arthur-s-court__george-orwell__1889,A Connecticut Yankee in King Arthur's Court,George Orwell,1950,false,1889,openlibrary,https://openlibrary.org/works/OL54031W,en,"merged from 1 source rows (openlibrary); author death year from Wikidata (Q3335); PD via life+70 rule (death year 1950 + 71 <= 2026), independent of publication year"
a-connecticut-yankee-in-king-arthur-s-court__johanna-spyri__1889,A Connecticut Yankee in King Arthur's Court,Johanna Spyri,1901,false,1889,openlibrary,https://openlibrary.org/works/OL54031W,en,"merged from 1 source rows (openlibrary); author death year from Wikidata (Q123053); PD via life+70 rule (death year 1901 + 71 <= 2026), independent of publication year"
a-connecticut-yankee-in-king-arthur-s-court__mark-twain__1889,A Connecticut Yankee in King Arthur's Court,Mark Twain,1910,false,1889,openlibrary,https://openlibrary.org/works/OL54031W,en,"merged from 1 source rows (openlibrary); author death year from Wikidata (Q7245); PD via life+70 rule (death year 1910 + 71 <= 2026), independent of publication year"
a-connecticut-yankee-in-king-arthur-s-court__o-henry__1889,A Connecticut Yankee in King Arthur's Court,O. Henry,1910,false,1889,openlibrary,https://openlibrary.org/works/OL54031W,en,"merged from 1 source rows (openlibrary); author death year from Wikidata (Q172788); PD via life+70 rule (death year 1910 + 71 <= 2026), independent of publication year"
a-connecticut-yankee-in-king-arthur-s-court__twain-mark__1889,A Connecticut Yankee in King Arthur's Court,"Twain, Mark",1910,false,1889,gutenberg+openlibrary,https://www.gutenberg.org/ebooks/86,en,merged from 2 source rows (gutenberg+openlibrary); publication year via Open Library (earliest edition found; not independently verified); pd_basis=pub_year<=1930
a-cynic-looks-at-life__ambrose-bierce__1912,A Cynic Looks at Life,Ambrose Bierce,1914,false,1912,openlibrary,https://openlibrary.org/works/OL7973354W,en,"merged from 1 source rows (openlibrary); author death year from Wikidata (Q191050); PD via life+70 rule (death year 1914 + 71 <= 2026), independent of publication year"
a-dictionary-of-the-choctaw-language__john-reed__1912,A Dictionary Of The Choctaw Language,John Reed,1920,false,1912,openlibrary,https://openlibrary.org/works/OL6906163W,en,"merged from 1 source rows (openlibrary); author death year from Wikidata (Q310800); PD via life+70 rule (death year 1920 + 71 <= 2026), independent of publication year"
a-doll-s-house__henrik-ibsen__1889,A Doll's House,Henrik Ibsen,1906,false,1889,openlibrary,https://openlibrary.org/works/OL16249343W,en,"merged from 1 source rows (openlibrary); author death year from Wikidata (Q36661); PD via life+70 rule (death year 1906 + 71 <= 2026), independent of publication year"
a-doll-s-house-a-play__ibsen-henrik__1890,A Doll's House : a play,"Ibsen, Henrik",1906,false,1890,gutenberg,https://www.gutenberg.org/ebooks/2542,en,merged from 1 source rows (gutenberg); publication year via Open Library (earliest edition found; not independently verified)
a-farewell-to-arms__hemingway-ernest__1929,A farewell to arms,"Hemingway, Ernest",1961,false,1929,gutenberg,https://www.gutenberg.org/ebooks/75201,en,merged from 1 source rows (gutenberg); publication year via Open Library (earliest edition found; not independently verified)
a-guide-to-the-history-of-physical-education__leonard-fred-eugene__1923,A guide to the history of physical education,"Leonard, Fred Eugene",1922,false,1923,gutenberg,https://www.gutenberg.org/ebooks/78009,en,merged from 1 source rows (gutenberg); publication year via Open Library (earliest edition found; not independently verified)
a-happy-boy__bjrnstjerne-bjrnson__1882,A Happy Boy,Bjørnstjerne Bjørnson,1910,false,1882,openlibrary,https://openlibrary.org/works/OL1084997W,en,"merged from 1 source rows (openlibrary); author death year from Wikidata (Q46405); PD via life+70 rule (death year 1910 + 71 <= 2026), independent of publication year"
a-heart-song-of-to-day-disturbed-by-fire-from-the-unruly-member-a-novel__savigny-annie-g-annie-gregg__unk,A Heart-Song of To-day (Disturbed by Fire from the 'Unruly Member'): A Novel,"Savigny, Annie G. (Annie Gregg)",1901,false,,gutenberg,https://www.gutenberg.org/ebooks/7184,en,merged from 1 source rows (gutenberg); publication year not found via Open Library; needs manual research
a-history-of-anglo-roumanian-relations__nicolae-iorga__1931,A history of Anglo-Roumanian relations,Nicolae Iorga,1940,false,1931,openlibrary,https://openlibrary.org/works/OL721390W,en,"merged from 1 source rows (openlibrary); author death year from Wikidata (Q313581); PD via life+70 rule (death year 1940 + 71 <= 2026), independent of publication year"
a-history-of-new-york__irving-washington__1800,A history of New York,"Irving, Washington",,false,1800,openlibrary,https://openlibrary.org/works/OL63871W,en,merged from 1 source rows (openlibrary); pd_basis=pub_year<=1930
a-history-of-roumania__nicolae-iorga__1925,A history of Roumania,Nicolae Iorga,1940,false,1925,openlibrary,https://openlibrary.org/works/OL721416W,en,"merged from 1 source rows (openlibrary); author death year from Wikidata (Q313581); PD via life+70 rule (death year 1940 + 71 <= 2026), independent of publication year"
a-history-of-ukraine__mykhailo-hrushevskyi__1941,A history of Ukraine,Mykhailo Hrushevskyi,1934,false,1941,openlibrary,https://openlibrary.org/works/OL2169711W,en,"merged from 1 source rows (openlibrary); author death year from Wikidata (Q371322); PD via life+70 rule (death year 1934 + 71 <= 2026), independent of publication year"
a-home__carl-larsson__unk,A home,Carl Larsson,1919,false,,openlibrary,https://openlibrary.org/works/OL2244950W,en,"merged from 1 source rows (openlibrary); author death year from Wikidata (Q187310); PD via life+70 rule (death year 1919 + 71 <= 2026), independent of publication year; publication year (1974) discarded as implausible (>50 years after author's death, likely a modern reprint/collected edition indexed by Open Library as 'first publish year'); needs manual research"
a-honeymoon-in-space__griffith-george-chetwynd__unk,A Honeymoon in Space,"Griffith, George Chetwynd",1906,false,,gutenberg,https://www.gutenberg.org/ebooks/19476,en,"merged from 1 source rows (gutenberg); Open Library match discarded: returned 1975, which is more than 5 years after author's death (1906) -- likely an indexed reprint rather than the original edition; needs manual research"
a-journey-into-the-interior-of-the-earth__verne-jules__unk,A Journey into the Interior of the Earth,"Verne, Jules",1905,false,,gutenberg,https://www.gutenberg.org/ebooks/3748,en,"merged from 1 source rows (gutenberg); Open Library match discarded: returned 2014, which is more than 5 years after author's death (1905) -- likely an indexed reprint rather than the original edition; needs manual research"
a-journey-to-the-centre-of-the-earth__verne-jules__unk,A Journey to the Centre of the Earth,"Verne, Jules",1905,false,,gutenberg,https://www.gutenberg.org/ebooks/18857,en,"merged from 1 source rows (gutenberg); Open Library match discarded: returned 1959, which is more than 5 years after author's death (1905) -- likely an indexed reprint rather than the original edition; needs manual research"
a-l-echelle-humaine__leon-blum__1945,A l'échelle humaine,Léon Blum,1950,false,1945,openlibrary,https://openlibrary.org/works/OL1193752W,en,"merged from 1 source rows (openlibrary); author death year from Wikidata (Q18434); PD via life+70 rule (death year 1950 + 71 <= 2026), independent of publication year"
a-lecture-on-constitutional-equality__victoria-woodhull__1871,A lecture on constitutional equality,Victoria Woodhull,1927,false,1871,openlibrary,https://openlibrary.org/works/OL2499958W,en,"merged from 1 source rows (openlibrary); author death year from Wikidata (Q260378); PD via life+70 rule (death year 1927 + 71 <= 2026), independent of publication year"
a-literary-history-of-ireland-from-the-earliest-times-to-the-present-day__douglas-hyde__1899,A literary history of Ireland from the earliest times to the present day,Douglas Hyde,1949,false,1899,openlibrary,https://openlibrary.org/works/OL1089719W,en,"merged from 1 source rows (openlibrary); author death year from Wikidata (Q237951); PD via life+70 rule (death year 1949 + 71 <= 2026), independent of publication year"
a-little-english-gallery__guiney-louise-imogen__1894,A Little English Gallery,"Guiney, Louise Imogen",1920,false,1894,gutenberg,https://www.gutenberg.org/ebooks/54219,en,merged from 1 source rows (gutenberg); publication year via Open Library (earliest edition found; not independently verified)
a-little-princess__burnett-frances-hodgson__1905,A Little Princess,"Burnett, Frances Hodgson",,false,1905,openlibrary,https://openlibrary.org/works/OL69630W,en,merged from 1 source rows (openlibrary); pd_basis=pub_year<=1930
a-lost-lady__cather-willa__1923,A Lost Lady,"Cather, Willa",,false,1923,openlibrary,https://openlibrary.org/works/OL12789W,en,merged from 1 source rows (openlibrary); pd_basis=pub_year<=1930
a-love-story__christie-william-harvey__unk,A Love Story,"Christie, William Harvey",1873,false,,gutenberg,https://www.gutenberg.org/ebooks/8883,en,merged from 1 source rows (gutenberg); publication year not found via Open Library; needs manual research
a-martian-odyssey__weinbaum-stanley-g-stanley-grauman__unk,A Martian Odyssey,"Weinbaum, Stanley G. (Stanley Grauman)",1935,false,,gutenberg,https://www.gutenberg.org/ebooks/23731,en,"merged from 1 source rows (gutenberg); Open Library match discarded: returned 1949, which is more than 5 years after author's death (1935) -- likely an indexed reprint rather than the original edition; needs manual research"
a-midsummer-night-s-dream__shakespeare-william__1600,A Midsummer Night's Dream,"Shakespeare, William",1616,false,1600,gutenberg+openlibrary,https://www.gutenberg.org/ebooks/1514,en,merged from 2 source rows (gutenberg+openlibrary); publication year via Open Library (earliest edition found; not independently verified); pd_basis=pub_year<=1930
a-modern-english-grammar-on-historical-principles__otto-jespersen__1909,A modern English grammar on historical principles,Otto Jespersen,1943,false,1909,openlibrary,https://openlibrary.org/works/OL1239689W,en,"merged from 1 source rows (openlibrary); author death year from Wikidata (Q23870); PD via life+70 rule (death year 1943 + 71 <= 2026), independent of publication year"
a-narrative-of-travels-on-the-amazon-and-rio-negro__alfred-russel-wallace__1853,A narrative of travels on the Amazon and Rio Negro,Alfred Russel Wallace,1913,false,1853,openlibrary,https://openlibrary.org/works/OL1463202W,en,"merged from 1 source rows (openlibrary); author death year from Wikidata (Q160627); PD via life+70 rule (death year 1913 + 71 <= 2026), independent of publication year"
a-new-conscience-and-an-ancient-evil__jane-addams__1912,A New Conscience and an Ancient Evil,Jane Addams,1935,false,1912,openlibrary,https://openlibrary.org/works/OL1106729W,en,"merged from 1 source rows (openlibrary); author death year from Wikidata (Q180989); PD via life+70 rule (death year 1935 + 71 <= 2026), independent of publication year"
a-night-in-the-luxembourg__remy-de-gourmont__1912,A night in the Luxembourg,Remy de Gourmont,1915,false,1912,openlibrary,https://openlibrary.org/works/OL1124600W,en,"merged from 1 source rows (openlibrary); author death year from Wikidata (Q353876); PD via life+70 rule (death year 1915 + 71 <= 2026), independent of publication year"
a-pair-of-blue-eyes__hardy-thomas__unk,A pair of blue eyes,"Hardy, Thomas",1928,false,,gutenberg,https://www.gutenberg.org/ebooks/224,en,"merged from 1 source rows (gutenberg); Open Library match discarded: returned 1800, which predates author's birth year (1840) -- likely a mismatched search result; needs manual research"
a-pal-utczai-fiuk__ferenc-molnar__1911,A Pál utczai fiúk,Ferenc Molnár,1952,false,1911,openlibrary,https://openlibrary.org/works/OL16243575W,en,"merged from 1 source rows (openlibrary); author death year from Wikidata (Q296809); PD via life+70 rule (death year 1952 + 71 <= 2026), independent of publication year"
a-pickle-for-the-knowing-ones__dexter-timothy__1802,A Pickle for the Knowing Ones,"Dexter, Timothy",1806,false,1802,gutenberg,https://www.gutenberg.org/ebooks/43453,en,merged from 1 source rows (gutenberg); publication year via Open Library (earliest edition found; not independently verified)
a-popular-history-of-france-from-the-earliest-times__francois-guizot__unk,A Popular History of France from the Earliest Times,François Guizot,1874,false,,openlibrary,https://openlibrary.org/works/OL8080026W,en,"merged from 1 source rows (openlibrary); author death year from Wikidata (Q157324); PD via life+70 rule (death year 1874 + 71 <= 2026), independent of publication year; publication year (2004) discarded as implausible (>50 years after author's death, likely a modern reprint/collected edition indexed by Open Library as 'first publish year'); needs manual research"
a-popular-history-of-the-art-of-music__bab__unk,A Popular History of the Art of Music,Báb,1850,false,,openlibrary,https://openlibrary.org/works/OL24185582W,en,"merged from 1 source rows (openlibrary); author death year from Wikidata (Q104273); PD via life+70 rule (death year 1850 + 71 <= 2026), independent of publication year; publication year (2010) discarded as implausible (>50 years after author's death, likely a modern reprint/collected edition indexed by Open Library as 'first publish year'); needs manual research"
a-portrait-of-the-artist-as-a-young-man__james-joyce__unk,A Portrait of the Artist as a Young Man,James Joyce,1941,false,,openlibrary,https://openlibrary.org/works/OL86343W,en,"merged from 1 source rows (openlibrary); author death year from Wikidata (Q6882); PD via life+70 rule (death year 1941 + 71 <= 2026), independent of publication year; publication year (1818) discarded post-merge as implausible (more than 100 years before death (1941), implausible for a single lifetime); needs manual research"
a-portrait-of-the-artist-as-a-young-man__joyce-james__1818,A Portrait of the Artist as a Young Man,"Joyce, James",,false,1818,openlibrary,https://openlibrary.org/works/OL86343W,en,merged from 1 source rows (openlibrary); pd_basis=pub_year<=1930
a-preliminary-discourse-on-the-study-of-natural-philosophy__john-frederick-william-herschel__unk,A Preliminary Discourse on the Study of Natural Philosophy,John Frederick William Herschel,1871,false,,openlibrary,https://openlibrary.org/works/OL24457703W,en,"merged from 1 source rows (openlibrary); author death year from Wikidata (Q14278); PD via life+70 rule (death year 1871 + 71 <= 2026), independent of publication year; publication year (2018) discarded as implausible (>50 years after author's death, likely a modern reprint/collected edition indexed by Open Library as 'first publish year'); needs manual research"
a-princess-of-mars__burroughs-edgar-rice__1912,A princess of Mars,"Burroughs, Edgar Rice",1950,false,1912,gutenberg+openlibrary,https://www.gutenberg.org/ebooks/62,en,merged from 2 source rows (gutenberg+openlibrary); publication year via Open Library (earliest edition found; not independently verified); pd_basis=pub_year<=1930
a-princess-of-mars__edgar-rice-burroughs__1912,A Princess of Mars,Edgar Rice Burroughs,1950,false,1912,openlibrary,https://openlibrary.org/works/OL1418187W,en,"merged from 1 source rows (openlibrary); author death year from Wikidata (Q148234); PD via life+70 rule (death year 1950 + 71 <= 2026), independent of publication year"
a-q-zheng-zhuan__lu-xun__1926,A Q zheng zhuan,Lu Xun,1936,false,1926,openlibrary,https://openlibrary.org/works/OL4468490W,en,"merged from 1 source rows (openlibrary); author death year from Wikidata (Q23114); PD via life+70 rule (death year 1936 + 71 <= 2026), independent of publication year"
a-romance-of-billy-goat-hill__rice-alice-caldwell-hegan__1912,A Romance of Billy-Goat Hill,"Rice, Alice Caldwell Hegan",1942,false,1912,gutenberg,https://www.gutenberg.org/ebooks/6635,en,merged from 1 source rows (gutenberg); publication year via Open Library (earliest edition found; not independently verified)
a-room-of-one-s-own__woolf-virginia__1929,A Room of One's Own,"Woolf, Virginia",,false,1929,openlibrary,https://openlibrary.org/works/OL39379W,en,merged from 1 source rows (openlibrary); pd_basis=pub_year<=1930
a-room-with-a-view__forster-e-m__1905,A Room with a View,"Forster, E. M.",,false,1905,openlibrary,https://openlibrary.org/works/OL88813W,en,merged from 1 source rows (openlibrary); pd_basis=pub_year<=1930
a-room-with-a-view__forster-e-m-edward-morgan__1905,A Room with a View,"Forster, E. M. (Edward Morgan)",1970,false,1905,gutenberg,https://www.gutenberg.org/ebooks/2641,en,merged from 1 source rows (gutenberg); publication year via Open Library (earliest edition found; not independently verified)
a-sarmiento-anthology__domingo-faustino-sarmiento__unk,A Sarmiento anthology,Domingo Faustino Sarmiento,1888,false,,openlibrary,https://openlibrary.org/works/OL1161950W,en,"merged from 1 source rows (openlibrary); author death year from Wikidata (Q254041); PD via life+70 rule (death year 1888 + 71 <= 2026), independent of publication year; publication year (1948) discarded as implausible (>50 years after author's death, likely a modern reprint/collected edition indexed by Open Library as 'first publish year'); needs manual research"
a-second-visit-to-the-united-states-of-north-america__charles-lyell__1849,A second visit to the United States of North America,Charles Lyell,1875,false,1849,openlibrary,https://openlibrary.org/works/OL1104996W,en,"merged from 1 source rows (openlibrary); author death year from Wikidata (Q5333); PD via life+70 rule (death year 1875 + 71 <= 2026), independent of publication year"
a-serious-drama-of-modern-history__fredrik-bajer__1897,A serious drama of modern history,Fredrik Bajer,1922,false,1897,openlibrary,https://openlibrary.org/works/OL7897640W,en,"merged from 1 source rows (openlibrary); author death year from Wikidata (Q191016); PD via life+70 rule (death year 1922 + 71 <= 2026), independent of publication year"
a-speech-delivered-by-mustafa-kemal-ataturk-1927__mustafa-kemal-ataturk__1963,"A speech delivered by Mustafa Kemal Atatürk, 1927",Mustafa Kemal Atatürk,1938,false,1963,openlibrary,https://openlibrary.org/works/OL789953W,en,"merged from 1 source rows (openlibrary); author death year from Wikidata (Q5152); PD via life+70 rule (death year 1938 + 71 <= 2026), independent of publication year"
a-speech-on-the-treaty-of-navigation-and-commerce-between-sardinia-and-france__camillo-benso-di-cavour__1852,A speech on the treaty of navigation and commerce between Sardinia and France,Camillo Benso di Cavour,1861,false,1852,openlibrary,https://openlibrary.org/works/OL32292730W,en,"merged from 1 source rows (openlibrary); author death year from Wikidata (Q166092); PD via life+70 rule (death year 1861 + 71 <= 2026), independent of publication year"
a-strange-disappearance__green-anna-katharine__1879,A strange disappearance,"Green, Anna Katharine",,false,1879,openlibrary,https://openlibrary.org/works/OL4885721W,en,merged from 1 source rows (openlibrary); pd_basis=pub_year<=1930
a-study-in-scarlet__arthur-conan-doyle__1887,A Study in Scarlet,Arthur Conan Doyle,1930,false,1887,openlibrary,https://openlibrary.org/works/OL262496W,en,"merged from 1 source rows (openlibrary); author death year from Wikidata (Q35610); PD via life+70 rule (death year 1930 + 71 <= 2026), independent of publication year"
a-study-in-scarlet__doyle-arthur-conan__1887,A Study in Scarlet,"Doyle, Arthur Conan",1930,false,1887,gutenberg+openlibrary,https://www.gutenberg.org/ebooks/244,en,"merged from 2 source rows (gutenberg+openlibrary); Open Library match discarded: returned 1800, which predates author's birth year (1859) -- likely a mismatched search result; needs manual research; pd_basis=pub_year<=1930"
a-subtreasury-of-american-humor__clara-barton__1941,A subtreasury of American humor,Clara Barton,1912,false,1941,openlibrary,https://openlibrary.org/works/OL483402W,en,"merged from 1 source rows (openlibrary); author death year from Wikidata (Q188039); PD via life+70 rule (death year 1912 + 71 <= 2026), independent of publication year"
a-subtreasury-of-american-humor__margaret-mitchell__1941,A subtreasury of American humor,Margaret Mitchell,1949,false,1941,openlibrary,https://openlibrary.org/works/OL483402W,en,"merged from 1 source rows (openlibrary); author death year from Wikidata (Q173540); PD via life+70 rule (death year 1949 + 71 <= 2026), independent of publication year"
a-tale-of-two-cities__charles-dickens__1800,A Tale of Two Cities,Charles Dickens,1870,false,1800,openlibrary,https://openlibrary.org/works/OL8193465W,en,"merged from 1 source rows (openlibrary); author death year from Wikidata (Q5686); PD via life+70 rule (death year 1870 + 71 <= 2026), independent of publication year"
a-tale-of-two-cities__dickens-charles__1800,A Tale of Two Cities,"Dickens, Charles",1870,false,1800,gutenberg+openlibrary,https://www.gutenberg.org/ebooks/98,en,"merged from 2 source rows (gutenberg+openlibrary); Open Library match discarded: returned 1800, which predates author's birth year (1812) -- likely a mismatched search result; needs manual research; pd_basis=pub_year<=1930"
a-terrible-temptation-a-story-of-to-day__reade-charles__1871,A Terrible Temptation: A Story of To-Day,"Reade, Charles",1884,false,1871,gutenberg,https://www.gutenberg.org/ebooks/7895,en,merged from 1 source rows (gutenberg); publication year via Open Library (earliest edition found; not independently verified)
a-travers-chants__hector-berlioz__1862,A travers chants,Hector Berlioz,1869,false,1862,openlibrary,https://openlibrary.org/works/OL1097992W,en,"merged from 1 source rows (openlibrary); author death year from Wikidata (Q1151); PD via life+70 rule (death year 1869 + 71 <= 2026), independent of publication year"
a-treatise-on-man-and-the-development-of-his-faculties__adolphe-quetelet__1842,A treatise on man and the development of his faculties,Adolphe Quetelet,1874,false,1842,openlibrary,https://openlibrary.org/works/OL1547156W,en,"merged from 1 source rows (openlibrary); author death year from Wikidata (Q20012); PD via life+70 rule (death year 1874 + 71 <= 2026), independent of publication year"
a-vindication-of-rights-of-woman__wollstonecraft-mary__1792,A Vindication of Rights of Woman,"Wollstonecraft, Mary",,false,1792,openlibrary,https://openlibrary.org/works/OL849186W,en,merged from 1 source rows (openlibrary); pd_basis=pub_year<=1930
a-voyage-to-arcturus__lindsay-david__1920,A Voyage to Arcturus,"Lindsay, David",,false,1920,openlibrary,https://openlibrary.org/works/OL235280W,en,merged from 1 source rows (openlibrary); pd_basis=pub_year<=1930
a-week-on-the-concord-and-merrimack-rivers__henry-david-thoreau__1849,A week on the Concord and Merrimack Rivers,Henry David Thoreau,1862,false,1849,openlibrary,https://openlibrary.org/works/OL55670W,en,"merged from 1 source rows (openlibrary); author death year from Wikidata (Q131149); PD via life+70 rule (death year 1862 + 71 <= 2026), independent of publication year"
a-winter-in-india-and-malaysia-among-the-methodist-missions__martin-van-buren__1892,A Winter in India and Malaysia Among the Methodist Missions,Martin Van Buren,1862,false,1892,openlibrary,https://openlibrary.org/works/OL18133792W,en,"merged from 1 source rows (openlibrary); author death year from Wikidata (Q11820); PD via life+70 rule (death year 1862 + 71 <= 2026), independent of publication year"
a-witch-shall-be-born__robert-e-howard__1975,A Witch Shall Be Born,Robert E. Howard,1936,false,1975,openlibrary,https://openlibrary.org/works/OL2848529W,en,"merged from 1 source rows (openlibrary); author death year from Wikidata (Q207640); PD via life+70 rule (death year 1936 + 71 <= 2026), independent of publication year"
aan-de-zuidpool__roald-amundsen__unk,Aan de Zuidpool,Roald Amundsen,1928,false,,openlibrary,https://openlibrary.org/works/OL36240726W,en,"merged from 1 source rows (openlibrary); author death year from Wikidata (Q926); PD via life+70 rule (death year 1928 + 71 <= 2026), independent of publication year; publication year (2016) discarded as implausible (>50 years after author's death, likely a modern reprint/collected edition indexed by Open Library as 'first publish year'); needs manual research"
abel-sanchez__miguel-de-unamuno__1917,Abel Sánchez,Miguel de Unamuno,1936,false,1917,openlibrary,https://openlibrary.org/works/OL503503W,en,"merged from 1 source rows (openlibrary); author death year from Wikidata (Q185085); PD via life+70 rule (death year 1936 + 71 <= 2026), independent of publication year"
abhrain-ghradha-chuige-chonnacht__douglas-hyde__1893,Abhráin ghrádha chúige Chonnacht,Douglas Hyde,1949,false,1893,openlibrary,https://openlibrary.org/works/OL1089679W,en,"merged from 1 source rows (openlibrary); author death year from Wikidata (Q237951); PD via life+70 rule (death year 1949 + 71 <= 2026), independent of publication year"
abraham-lincoln__abraham-lincoln__unk,Abraham Lincoln,Abraham Lincoln,1865,false,,openlibrary,https://openlibrary.org/works/OL2710351W,en,"merged from 1 source rows (openlibrary); author death year from Wikidata (Q91); PD via life+70 rule (death year 1865 + 71 <= 2026), independent of publication year; publication year (1916) discarded as implausible (>50 years after author's death, likely a modern reprint/collected edition indexed by Open Library as 'first publish year'); needs manual research"
abraham-lincoln-and-boston-corbett-with-personal-recollections-of-each__john-wilkes-booth__unk,"Abraham Lincoln and Boston Corbett, with Personal Recollections of Each",John Wilkes Booth,1865,false,,openlibrary,https://openlibrary.org/works/OL34093969W,en,"merged from 1 source rows (openlibrary); author death year from Wikidata (Q180914); PD via life+70 rule (death year 1865 + 71 <= 2026), independent of publication year; publication year (2022) discarded as implausible (>50 years after author's death, likely a modern reprint/collected edition indexed by Open Library as 'first publish year'); needs manual research"
abu-telfan__wilhelm-raabe__unk,Abu Telfan,Wilhelm Raabe,1910,false,,openlibrary,https://openlibrary.org/works/OL24397708W,en,"merged from 1 source rows (openlibrary); author death year from Wikidata (Q60647); PD via life+70 rule (death year 1910 + 71 <= 2026), independent of publication year; publication year (2018) discarded as implausible (>50 years after author's death, likely a modern reprint/collected edition indexed by Open Library as 'first publish year'); needs manual research"
acres-of-ashes-the-story-of-the-great-fire-that-swept-over-the-city-of-jacksonville-florida-on-the-afternoon-of-friday-may-3-1901__benjamin-harrison__unk,"Acres of Ashes; the Story of the Great Fire That Swept Over the City of Jacksonville, Florida, on the Afternoon of Friday, May 3, 1901 ..",Benjamin Harrison,1901,false,,openlibrary,https://openlibrary.org/works/OL24366531W,en,"merged from 1 source rows (openlibrary); author death year from Wikidata (Q35678); PD via life+70 rule (death year 1901 + 71 <= 2026), independent of publication year; publication year (2017) discarded as implausible (>50 years after author's death, likely a modern reprint/collected edition indexed by Open Library as 'first publish year'); needs manual research"
acres-of-diamonds__conwell-russell-herman__1901,Acres of diamonds,"Conwell, Russell Herman",,false,1901,openlibrary,https://openlibrary.org/works/OL3920712W,en,merged from 1 source rows (openlibrary); pd_basis=pub_year<=1930
activity-report-of-the-henry-dunant-institute-1973-1977__henry-dunant__unk,"Activity report of the Henry Dunant Institute, 1973-1977",Henry Dunant,1910,false,,openlibrary,https://openlibrary.org/works/OL6463946W,en,"merged from 1 source rows (openlibrary); author death year from Wikidata (Q12091); PD via life+70 rule (death year 1910 + 71 <= 2026), independent of publication year; publication year (1977) discarded as implausible (>50 years after author's death, likely a modern reprint/collected edition indexed by Open Library as 'first publish year'); needs manual research"
ada__ada-lovelace__unk,Ada,Ada Lovelace,1852,false,,openlibrary,https://openlibrary.org/works/OL4132406W,en,"merged from 1 source rows (openlibrary); author death year from Wikidata (Q7259); PD via life+70 rule (death year 1852 + 71 <= 2026), independent of publication year; publication year (1992) discarded as implausible (>50 years after author's death, likely a modern reprint/collected edition indexed by Open Library as 'first publish year'); needs manual research"
adam-bede__eliot-george__1800,Adam Bede,"Eliot, George",,false,1800,openlibrary,https://openlibrary.org/works/OL20935W,en,merged from 1 source rows (openlibrary); pd_basis=pub_year<=1930
adam-bede__george-eliot__1800,Adam Bede,George Eliot,1880,false,1800,openlibrary,https://openlibrary.org/works/OL20935W,en,"merged from 1 source rows (openlibrary); author death year from Wikidata (Q131333); PD via life+70 rule (death year 1880 + 71 <= 2026), independent of publication year"
address__charles-w-fairbanks__1903,Address,Charles W. Fairbanks,1918,false,1903,openlibrary,https://openlibrary.org/works/OL2501171W,en,"merged from 1 source rows (openlibrary); author death year from Wikidata (Q270539); PD via life+70 rule (death year 1918 + 71 <= 2026), independent of publication year"
address-delivered-at-geneva-switzerland-september-10-1926__aristide-briand__1926,"Address delivered at Geneva, Switzerland, September 10, 1926",Aristide Briand,1932,false,1926,openlibrary,https://openlibrary.org/works/OL45063785W,en,"merged from 1 source rows (openlibrary); author death year from Wikidata (Q179888); PD via life+70 rule (death year 1932 + 71 <= 2026), independent of publication year"
administering-grants-contracts-and-funds__otto-bauer__unk,"Administering grants, contracts, and funds",Otto Bauer,1938,false,,openlibrary,https://openlibrary.org/works/OL1977705W,en,"merged from 1 source rows (openlibrary); author death year from Wikidata (Q11730); PD via life+70 rule (death year 1938 + 71 <= 2026), independent of publication year; publication year (1989) discarded as implausible (>50 years after author's death, likely a modern reprint/collected edition indexed by Open Library as 'first publish year'); needs manual research"
adolf-loos__adolf-loos__unk,Adolf Loos,Adolf Loos,1933,false,,openlibrary,https://openlibrary.org/works/OL25906327W,en,"merged from 1 source rows (openlibrary); author death year from Wikidata (Q44323); PD via life+70 rule (death year 1933 + 71 <= 2026), independent of publication year; publication year (2018) discarded as implausible (>50 years after author's death, likely a modern reprint/collected edition indexed by Open Library as 'first publish year'); needs manual research"
adventures-in-contentment__woodrow-wilson__1907,Adventures in Contentment,Woodrow Wilson,1924,false,1907,openlibrary,https://openlibrary.org/works/OL2243957W,en,"merged from 1 source rows (openlibrary); author death year from Wikidata (Q34296); PD via life+70 rule (death year 1924 + 71 <= 2026), independent of publication year"
adventures-in-friendship__woodrow-wilson__1910,Adventures in friendship,Woodrow Wilson,1924,false,1910,openlibrary,https://openlibrary.org/works/OL2243958W,en,"merged from 1 source rows (openlibrary); author death year from Wikidata (Q34296); PD via life+70 rule (death year 1924 + 71 <= 2026), independent of publication year"
adventures-of-huckleberry-finn__george-orwell__1876,Adventures of Huckleberry Finn,George Orwell,1950,false,1876,openlibrary,https://openlibrary.org/works/OL53908W,en,"merged from 1 source rows (openlibrary); author death year from Wikidata (Q3335); PD via life+70 rule (death year 1950 + 71 <= 2026), independent of publication year"
adventures-of-huckleberry-finn__hans-christian-andersen__1876,Adventures of Huckleberry Finn,Hans Christian Andersen,1875,false,1876,openlibrary,https://openlibrary.org/works/OL53908W,en,"merged from 1 source rows (openlibrary); author death year from Wikidata (Q5673); PD via life+70 rule (death year 1875 + 71 <= 2026), independent of publication year"
adventures-of-huckleberry-finn__henry-george__1876,Adventures of Huckleberry Finn,Henry George,1897,false,1876,openlibrary,https://openlibrary.org/works/OL53908W,en,"merged from 1 source rows (openlibrary); author death year from Wikidata (Q355245); PD via life+70 rule (death year 1897 + 71 <= 2026), independent of publication year"
adventures-of-huckleberry-finn__henry-james__1876,Adventures of Huckleberry Finn,Henry James,1916,false,1876,openlibrary,https://openlibrary.org/works/OL53908W,en,"merged from 1 source rows (openlibrary); author death year from Wikidata (Q170509); PD via life+70 rule (death year 1916 + 71 <= 2026), independent of publication year"
adventures-of-huckleberry-finn__jack-london__1876,Adventures of Huckleberry Finn,Jack London,1916,false,1876,openlibrary,https://openlibrary.org/works/OL53908W,en,"merged from 1 source rows (openlibrary); author death year from Wikidata (Q45765); PD via life+70 rule (death year 1916 + 71 <= 2026), independent of publication year"
adventures-of-huckleberry-finn__johanna-spyri__1876,Adventures of Huckleberry Finn,Johanna Spyri,1901,false,1876,openlibrary,https://openlibrary.org/works/OL53908W,en,"merged from 1 source rows (openlibrary); author death year from Wikidata (Q123053); PD via life+70 rule (death year 1901 + 71 <= 2026), independent of publication year"
adventures-of-huckleberry-finn__mark-twain__1876,Adventures of Huckleberry Finn,Mark Twain,1910,false,1876,openlibrary,https://openlibrary.org/works/OL53908W,en,"merged from 1 source rows (openlibrary); author death year from Wikidata (Q7245); PD via life+70 rule (death year 1910 + 71 <= 2026), independent of publication year"
adventures-of-huckleberry-finn__o-henry__1876,Adventures of Huckleberry Finn,O. Henry,1910,false,1876,openlibrary,https://openlibrary.org/works/OL53908W,en,"merged from 1 source rows (openlibrary); author death year from Wikidata (Q172788); PD via life+70 rule (death year 1910 + 71 <= 2026), independent of publication year"
adventures-of-huckleberry-finn__robert-louis-stevenson__1876,Adventures of Huckleberry Finn,Robert Louis Stevenson,1894,false,1876,openlibrary,https://openlibrary.org/works/OL53908W,en,"merged from 1 source rows (openlibrary); author death year from Wikidata (Q1512); PD via life+70 rule (death year 1894 + 71 <= 2026), independent of publication year"
adventures-of-huckleberry-finn__rudyard-kipling__1876,Adventures of Huckleberry Finn,Rudyard Kipling,1936,false,1876,openlibrary,https://openlibrary.org/works/OL53908W,en,"merged from 1 source rows (openlibrary); author death year from Wikidata (Q34743); PD via life+70 rule (death year 1936 + 71 <= 2026), independent of publication year"
adventures-of-huckleberry-finn__twain-mark__1876,Adventures of Huckleberry Finn,"Twain, Mark",1910,false,1876,gutenberg+openlibrary,https://www.gutenberg.org/ebooks/76,en,merged from 2 source rows (gutenberg+openlibrary); publication year via Open Library (earliest edition found; not independently verified); pd_basis=pub_year<=1930
adventures-of-huckleberry-finn__wilkie-collins__1876,Adventures of Huckleberry Finn,Wilkie Collins,1889,false,1876,openlibrary,https://openlibrary.org/works/OL53908W,en,"merged from 1 source rows (openlibrary); author death year from Wikidata (Q210740); PD via life+70 rule (death year 1889 + 71 <= 2026), independent of publication year"
adventures-of-sherlock-holmes-illustrated__doyle-arthur-conan__unk,Adventures of Sherlock Holmes: Illustrated,"Doyle, Arthur Conan",1930,false,,gutenberg,https://www.gutenberg.org/ebooks/48320,en,"merged from 1 source rows (gutenberg); Open Library match discarded: returned 1984, which is more than 5 years after author's death (1930) -- likely an indexed reprint rather than the original edition; needs manual research"
aeneis__maro-publius-vergilius__1592,Aeneis,"Maro, Publius Vergilius",,false,1592,openlibrary,https://openlibrary.org/works/OL47087W,en,merged from 1 source rows (openlibrary); pd_basis=pub_year<=1930
aesop-s-fables-a-new-translation__aesop__1708,Aesop's Fables; a new translation,Aesop,,false,1708,gutenberg,https://www.gutenberg.org/ebooks/11339,en,merged from 1 source rows (gutenberg); publication year via Open Library (earliest edition found; not independently verified); author death year unknown (Gutendex has no record)
aesthetic__benedetto-croce__1909,Aesthetic,Benedetto Croce,1952,false,1909,openlibrary,https://openlibrary.org/works/OL1107919W,en,"merged from 1 source rows (openlibrary); author death year from Wikidata (Q192348); PD via life+70 rule (death year 1952 + 71 <= 2026), independent of publication year"
after-london__jefferies-richard__1885,After London,"Jefferies, Richard",,false,1885,openlibrary,https://openlibrary.org/works/OL1176822W,en,merged from 1 source rows (openlibrary); pd_basis=pub_year<=1930
agnes-grey__bronte-anne__1847,Agnes Grey,"Brontë, Anne",,false,1847,openlibrary,https://openlibrary.org/works/OL2462427W,en,merged from 1 source rows (openlibrary); pd_basis=pub_year<=1930
aim-higher__maximilian-kolbe__unk,Aim higher!,Maximilian Kolbe,1941,false,,openlibrary,https://openlibrary.org/works/OL8674363W,en,"merged from 1 source rows (openlibrary); author death year from Wikidata (Q153850); PD via life+70 rule (death year 1941 + 71 <= 2026), independent of publication year; publication year (1994) discarded as implausible (>50 years after author's death, likely a modern reprint/collected edition indexed by Open Library as 'first publish year'); needs manual research"
ajnihah-al-mutakassirah__kahlil-gibran__1912,Ajniḥah al-mutakassirah,Kahlil Gibran,1931,false,1912,openlibrary,https://openlibrary.org/works/OL318899W,en,"merged from 1 source rows (openlibrary); author death year from Wikidata (Q47737); PD via life+70 rule (death year 1931 + 71 <= 2026), independent of publication year"
akhtamar__hovhannes-tumanyan__1959,Akhtʻamar,Hovhannes Tumanyan,1923,false,1959,openlibrary,https://openlibrary.org/works/OL31578315W,en,"merged from 1 source rows (openlibrary); author death year from Wikidata (Q380797); PD via life+70 rule (death year 1923 + 71 <= 2026), independent of publication year"
al-mathurat-morning-and-evening-prayer-book__hassan-al-banna__unk,Al MATHURAT; Morning and Evening Prayer Book,Hassan al-Banna,1949,false,,openlibrary,https://openlibrary.org/works/OL30893253W,en,"merged from 1 source rows (openlibrary); author death year from Wikidata (Q230291); PD via life+70 rule (death year 1949 + 71 <= 2026), independent of publication year; publication year (2020) discarded as implausible (>50 years after author's death, likely a modern reprint/collected edition indexed by Open Library as 'first publish year'); needs manual research"
aladdin-co-a-romance-of-yankee-magic__quick-herbert__unk,Aladdin & Co.: A Romance of Yankee Magic,"Quick, Herbert",1925,false,,gutenberg,https://www.gutenberg.org/ebooks/23745,en,merged from 1 source rows (gutenberg); publication year not found via Open Library; needs manual research
alcools__guillaume-apollinaire__1920,Alcools,Guillaume Apollinaire,1918,false,1920,openlibrary,https://openlibrary.org/works/OL1259810W,en,"merged from 1 source rows (openlibrary); author death year from Wikidata (Q133855); PD via life+70 rule (death year 1918 + 71 <= 2026), independent of publication year"
alekhine-s-best-games-of-chess-1938-1945__alexander-alekhine__1949,"Alekhine's best games of chess, 1938-1945",Alexander Alekhine,1946,false,1949,openlibrary,https://openlibrary.org/works/OL2635579W,en,"merged from 1 source rows (openlibrary); author death year from Wikidata (Q131374); PD via life+70 rule (death year 1946 + 71 <= 2026), independent of publication year"
aleksis-kivi__aleksis-kivi__unk,Aleksis Kivi,Aleksis Kivi,1872,false,,openlibrary,https://openlibrary.org/works/OL2441574W,en,"merged from 1 source rows (openlibrary); author death year from Wikidata (Q216904); PD via life+70 rule (death year 1872 + 71 <= 2026), independent of publication year; publication year (1994) discarded as implausible (>50 years after author's death, likely a modern reprint/collected edition indexed by Open Library as 'first publish year'); needs manual research"
alexander-alekhine-s-chess-games-1902-1946__alexander-alekhine__unk,"Alexander Alekhine's chess games, 1902-1946",Alexander Alekhine,1946,false,,openlibrary,https://openlibrary.org/works/OL2635564W,en,"merged from 1 source rows (openlibrary); author death year from Wikidata (Q131374); PD via life+70 rule (death year 1946 + 71 <= 2026), independent of publication year; publication year (1997) discarded as implausible (>50 years after author's death, likely a modern reprint/collected edition indexed by Open Library as 'first publish year'); needs manual research"
alexander-roman-der-utopie__klaus-mann__1930,"Alexander, roman der Utopie",Klaus Mann,1949,false,1930,openlibrary,https://openlibrary.org/works/OL1316655W,en,"merged from 1 source rows (openlibrary); author death year from Wikidata (Q77087); PD via life+70 rule (death year 1949 + 71 <= 2026), independent of publication year"
alfonsina-storni__alfonsina-storni__1923,Alfonsina Storni,Alfonsina Storni,1938,false,1923,openlibrary,https://openlibrary.org/works/OL974879W,en,"merged from 1 source rows (openlibrary); author death year from Wikidata (Q238557); PD via life+70 rule (death year 1938 + 71 <= 2026), independent of publication year"
algebraic-groups-and-number-theory__andrei-platonov__1993,Algebraic groups and number theory,Andrei Platonov,1951,false,1993,openlibrary,https://openlibrary.org/works/OL3786537W,en,"merged from 1 source rows (openlibrary); author death year from Wikidata (Q315147); PD via life+70 rule (death year 1951 + 71 <= 2026), independent of publication year"
alice-s-adventures-in-wonderland__carroll-lewis__1865,Alice's Adventures in Wonderland,"Carroll, Lewis",1898,false,1865,gutenberg+openlibrary,https://www.gutenberg.org/ebooks/11,en,"merged from 2 source rows (gutenberg+openlibrary); Open Library match discarded: returned 1800, which predates author's birth year (1832) -- likely a mismatched search result; needs manual research; pd_basis=pub_year<=1930"
alice-s-adventures-in-wonderland__hans-christian-andersen__1865,Alice's Adventures in Wonderland,Hans Christian Andersen,1875,false,1865,openlibrary,https://openlibrary.org/works/OL138052W,en,"merged from 1 source rows (openlibrary); author death year from Wikidata (Q5673); PD via life+70 rule (death year 1875 + 71 <= 2026), independent of publication year"
alice-s-adventures-in-wonderland__henry-james__1865,Alice's Adventures in Wonderland,Henry James,1916,false,1865,openlibrary,https://openlibrary.org/works/OL138052W,en,"merged from 1 source rows (openlibrary); author death year from Wikidata (Q170509); PD via life+70 rule (death year 1916 + 71 <= 2026), independent of publication year"
alice-s-adventures-in-wonderland__lewis-carroll__1865,Alice's Adventures in Wonderland,Lewis Carroll,1898,false,1865,openlibrary,https://openlibrary.org/works/OL138052W,en,"merged from 1 source rows (openlibrary); author death year from Wikidata (Q38082); PD via life+70 rule (death year 1898 + 71 <= 2026), independent of publication year"
alice-s-adventures-in-wonderland__william-james__1865,Alice's Adventures in Wonderland,William James,1910,false,1865,openlibrary,https://openlibrary.org/works/OL138052W,en,"merged from 1 source rows (openlibrary); author death year from Wikidata (Q125249); PD via life+70 rule (death year 1910 + 71 <= 2026), independent of publication year"
alice-s-adventures-in-wonderland-through-the-looking-glass__carroll-lewis__1889,Alice's Adventures in Wonderland / Through the Looking Glass,"Carroll, Lewis",,false,1889,openlibrary,https://openlibrary.org/works/OL151411W,en,merged from 1 source rows (openlibrary); pd_basis=pub_year<=1930
alice-s-adventures-in-wonderland-through-the-looking-glass__lewis-carroll__1889,Alice's Adventures in Wonderland / Through the Looking Glass,Lewis Carroll,1898,false,1889,openlibrary,https://openlibrary.org/works/OL151411W,en,"merged from 1 source rows (openlibrary); author death year from Wikidata (Q38082); PD via life+70 rule (death year 1898 + 71 <= 2026), independent of publication year"
alice-or-the-mysteries-complete__lytton-edward-bulwer-lytton-baron__unk,"Alice, or the Mysteries — Complete","Lytton, Edward Bulwer Lytton, Baron",1873,false,,gutenberg,https://www.gutenberg.org/ebooks/9774,en,"merged from 1 source rows (gutenberg); Open Library match discarded: returned 2018, which is more than 5 years after author's death (1873) -- likely an indexed reprint rather than the original edition; needs manual research"
all-and-everything__george-gurdjieff__1950,All and everything,George Gurdjieff,1949,false,1950,openlibrary,https://openlibrary.org/works/OL4096106W,en,"merged from 1 source rows (openlibrary); author death year from Wikidata (Q217771); PD via life+70 rule (death year 1949 + 71 <= 2026), independent of publication year"
all-in-the-day-s-work-an-autobiography__tarbell-ida-m-ida-minerva__1939,All in the Day's Work: An Autobiography,"Tarbell, Ida M. (Ida Minerva)",1944,false,1939,gutenberg,https://www.gutenberg.org/ebooks/63754,en,merged from 1 source rows (gutenberg); publication year via Open Library (earliest edition found; not independently verified)
all-the-world-s-a-stage__edith-stein__1972,All the World's a Stage,Edith Stein,1942,false,1972,openlibrary,https://openlibrary.org/works/OL3383488W,en,"merged from 1 source rows (openlibrary); author death year from Wikidata (Q76749); PD via life+70 rule (death year 1942 + 71 <= 2026), independent of publication year"
all-s-well-that-ends-well__shakespeare-william__1734,All's Well That Ends Well,"Shakespeare, William",,false,1734,openlibrary,https://openlibrary.org/works/OL362676W,en,merged from 1 source rows (openlibrary); pd_basis=pub_year<=1930
allan-and-the-holy-flower__haggard-h-rider__1900,Allan and the Holy Flower,"Haggard, H. Rider",,false,1900,openlibrary,https://openlibrary.org/works/OL17460W,en,merged from 1 source rows (openlibrary); pd_basis=pub_year<=1930
allan-quatermain__h-rider-haggard__1887,Allan Quatermain,H. Rider Haggard,1925,false,1887,openlibrary,https://openlibrary.org/works/OL17465W,en,"merged from 1 source rows (openlibrary); author death year from Wikidata (Q237196); PD via life+70 rule (death year 1925 + 71 <= 2026), independent of publication year"
allan-quatermain__haggard-h-rider__1887,Allan Quatermain,"Haggard, H. Rider",,false,1887,openlibrary,https://openlibrary.org/works/OL17465W,en,merged from 1 source rows (openlibrary); pd_basis=pub_year<=1930
allan-s-wife__haggard-h-rider__1889,Allan's Wife,"Haggard, H. Rider",,false,1889,openlibrary,https://openlibrary.org/works/OL17530W,en,merged from 1 source rows (openlibrary); pd_basis=pub_year<=1930
also-sprach-zarathustra__friedrich-nietzsche__1883,Also sprach Zarathustra,Friedrich Nietzsche,1900,false,1883,openlibrary,https://openlibrary.org/works/OL98130W,en,"merged from 1 source rows (openlibrary); author death year from Wikidata (Q9358); PD via life+70 rule (death year 1900 + 71 <= 2026), independent of publication year"
also-sprach-zarathustra__nietzsche-friedrich__1883,Also sprach Zarathustra,"Nietzsche, Friedrich",,false,1883,openlibrary,https://openlibrary.org/works/OL98130W,en,merged from 1 source rows (openlibrary); pd_basis=pub_year<=1930
american-short-stories__d-w-griffith__1965,American Short Stories,D. W. Griffith,1948,false,1965,openlibrary,https://openlibrary.org/works/OL6664828W,en,"merged from 1 source rows (openlibrary); author death year from Wikidata (Q51123); PD via life+70 rule (death year 1948 + 71 <= 2026), independent of publication year"
amiel-s-journal__henri-frederic-amiel__1885,Amiel's Journal,Henri-Frédéric Amiel,1881,false,1885,openlibrary,https://openlibrary.org/works/OL9786085W,en,"merged from 1 source rows (openlibrary); author death year from Wikidata (Q123916); PD via life+70 rule (death year 1881 + 71 <= 2026), independent of publication year"
amistad-funesta__jose-marti__1885,Amistad Funesta,José Martí,1895,false,1885,openlibrary,https://openlibrary.org/works/OL40054132W,en,"merged from 1 source rows (openlibrary); author death year from Wikidata (Q103285); PD via life+70 rule (death year 1895 + 71 <= 2026), independent of publication year"
amurath-to-amurath__gertrude-bell__unk,Amurath to Amurath,Gertrude Bell,1926,false,,openlibrary,https://openlibrary.org/works/OL21522727W,en,"merged from 1 source rows (openlibrary); author death year from Wikidata (Q231360); PD via life+70 rule (death year 1926 + 71 <= 2026), independent of publication year; publication year (2004) discarded as implausible (>50 years after author's death, likely a modern reprint/collected edition indexed by Open Library as 'first publish year'); needs manual research"
an-arabian-tale__beckford-william__1786,An Arabian tale,"Beckford, William",,false,1786,openlibrary,https://openlibrary.org/works/OL777826W,en,merged from 1 source rows (openlibrary); pd_basis=pub_year<=1930
an-autobiography__mahatma-gandhi__1927,An autobiography,Mahatma Gandhi,1948,false,1927,openlibrary,https://openlibrary.org/works/OL298031W,en,"merged from 1 source rows (openlibrary); author death year from Wikidata (Q1001); PD via life+70 rule (death year 1948 + 71 <= 2026), independent of publication year"
an-autobiography-of-buffalo-bill__buffalo-bill__1920,An Autobiography of Buffalo Bill,Buffalo Bill,1917,false,1920,openlibrary,https://openlibrary.org/works/OL253858W,en,"merged from 1 source rows (openlibrary); author death year from Wikidata (Q202285); PD via life+70 rule (death year 1917 + 71 <= 2026), independent of publication year"
an-eagle-flight__jose-rizal__1900,An eagle flight,José Rizal,1896,false,1900,openlibrary,https://openlibrary.org/works/OL1622740W,en,"merged from 1 source rows (openlibrary); author death year from Wikidata (Q1500); PD via life+70 rule (death year 1896 + 71 <= 2026), independent of publication year"
an-english-edition-of-bruno-bauer-s-1843-christianity-exposed__bruno-bauer__unk,An English Edition of Bruno Bauer's 1843 Christianity Exposed,Bruno Bauer,1882,false,,openlibrary,https://openlibrary.org/works/OL2028453W,en,"merged from 1 source rows (openlibrary); author death year from Wikidata (Q76878); PD via life+70 rule (death year 1882 + 71 <= 2026), independent of publication year; publication year (2002) discarded as implausible (>50 years after author's death, likely a modern reprint/collected edition indexed by Open Library as 'first publish year'); needs manual research"
an-english-translation-of-parsifal-the-sacred-festival-drama-by-richard-wagner__richard-wagner__1879,"An English translation of Parsifal, the sacred festival drama by Richard Wagner",Richard Wagner,1883,false,1879,openlibrary,https://openlibrary.org/works/OL579103W,en,"merged from 1 source rows (openlibrary); author death year from Wikidata (Q1511); PD via life+70 rule (death year 1883 + 71 <= 2026), independent of publication year"
an-essay-on-man__pope-alexander__1733,An essay on man,"Pope, Alexander",,false,1733,openlibrary,https://openlibrary.org/works/OL79353W,en,merged from 1 source rows (openlibrary); pd_basis=pub_year<=1930
an-old-fashioned-girl__alcott-louisa-may__1869,An Old-Fashioned Girl,"Alcott, Louisa May",,false,1869,openlibrary,https://openlibrary.org/works/OL29970W,en,merged from 1 source rows (openlibrary); pd_basis=pub_year<=1930
anabasis__xenophon__unk,Anabasis,Xenophon,-355,false,,gutenberg,https://www.gutenberg.org/ebooks/1170,en,"merged from 1 source rows (gutenberg); classical/ancient work (author died before 1400) -- original composition predates reliable publication-year records, not looked up automatically; needs manual research"
anarchia__errico-malatesta__1892,Anarchia,Errico Malatesta,1932,false,1892,openlibrary,https://openlibrary.org/works/OL997226W,en,"merged from 1 source rows (openlibrary); author death year from Wikidata (Q215673); PD via life+70 rule (death year 1932 + 71 <= 2026), independent of publication year"
anarchism-and-other-essays__emma-goldman__1910,Anarchism and Other Essays,Emma Goldman,1940,false,1910,openlibrary,https://openlibrary.org/works/OL2983646W,en,"merged from 1 source rows (openlibrary); author death year from Wikidata (Q79969); PD via life+70 rule (death year 1940 + 71 <= 2026), independent of publication year"
anarchism-and-other-essays__goldman-emma__1910,Anarchism and Other Essays,"Goldman, Emma",1940,false,1910,gutenberg,https://www.gutenberg.org/ebooks/2162,en,merged from 1 source rows (gutenberg); publication year via Open Library (earliest edition found; not independently verified)
anatol__arthur-schnitzler__1901,Anatol,Arthur Schnitzler,1931,false,1901,openlibrary,https://openlibrary.org/works/OL61420W,en,"merged from 1 source rows (openlibrary); author death year from Wikidata (Q44331); PD via life+70 rule (death year 1931 + 71 <= 2026), independent of publication year"
ancient-society-the-john-harvard-library__lewis-h-morgan__1877,Ancient Society (The John Harvard Library),Lewis H. Morgan,1881,false,1877,openlibrary,https://openlibrary.org/works/OL1621323W,en,"merged from 1 source rows (openlibrary); author death year from Wikidata (Q313458); PD via life+70 rule (death year 1881 + 71 <= 2026), independent of publication year"
andersen-s-fairy-tales__andersen-h-c-hans-christian__1846,Andersen's Fairy Tales,"Andersen, H. C. (Hans Christian)",1875,false,1846,gutenberg,https://www.gutenberg.org/ebooks/1597,en,merged from 1 source rows (gutenberg); publication year via Open Library (earliest edition found; not independently verified)
andreas__hugo-von-hofmannsthal__1936,Andreas,Hugo von Hofmannsthal,1929,false,1936,openlibrary,https://openlibrary.org/works/OL752785W,en,"merged from 1 source rows (openlibrary); author death year from Wikidata (Q51513); PD via life+70 rule (death year 1929 + 71 <= 2026), independent of publication year"
animal-chemistry__justus-von-liebig__1842,Animal chemistry,Justus von Liebig,1873,false,1842,openlibrary,https://openlibrary.org/works/OL1470679W,en,"merged from 1 source rows (openlibrary); author death year from Wikidata (Q16571); PD via life+70 rule (death year 1873 + 71 <= 2026), independent of publication year"
animal-crossing-the-arabian-desert__ada-lovelace__unk,Animal Crossing the Arabian Desert,Ada Lovelace,1852,false,,openlibrary,https://openlibrary.org/works/OL34475736W,en,"merged from 1 source rows (openlibrary); author death year from Wikidata (Q7259); PD via life+70 rule (death year 1852 + 71 <= 2026), independent of publication year; publication year (2021) discarded as implausible (>50 years after author's death, likely a modern reprint/collected edition indexed by Open Library as 'first publish year'); needs manual research"
ann-veronica-a-modern-love-story__wells-h-g-herbert-george__unk,Ann Veronica: A Modern Love Story,"Wells, H. G. (Herbert George)",1946,false,,gutenberg,https://www.gutenberg.org/ebooks/524,en,"merged from 1 source rows (gutenberg); Open Library match discarded: returned 2014, which is more than 5 years after author's death (1946) -- likely an indexed reprint rather than the original edition; needs manual research"
anne-of-avonlea__lucy-maud-montgomery__1909,Anne of Avonlea,Lucy Maud Montgomery,1942,false,1909,openlibrary,https://openlibrary.org/works/OL77744W,en,"merged from 1 source rows (openlibrary); author death year from Wikidata (Q273034); PD via life+70 rule (death year 1942 + 71 <= 2026), independent of publication year"
anne-of-avonlea__montgomery-lucy-maud__1909,Anne of Avonlea,"Montgomery, Lucy Maud",,false,1909,openlibrary,https://openlibrary.org/works/OL77744W,en,merged from 1 source rows (openlibrary); pd_basis=pub_year<=1930
anne-of-green-gables__lucy-maud-montgomery__1908,Anne of Green Gables,Lucy Maud Montgomery,1942,false,1908,openlibrary,https://openlibrary.org/works/OL77746W,en,"merged from 1 source rows (openlibrary); author death year from Wikidata (Q273034); PD via life+70 rule (death year 1942 + 71 <= 2026), independent of publication year"
anne-of-green-gables__montgomery-lucy-maud__1908,Anne of Green Gables,"Montgomery, Lucy Maud",,false,1908,openlibrary,https://openlibrary.org/works/OL77746W,en,merged from 1 source rows (openlibrary); pd_basis=pub_year<=1930
anne-of-the-island__montgomery-lucy-maud__1915,Anne of the Island,"Montgomery, Lucy Maud",,false,1915,openlibrary,https://openlibrary.org/works/OL77748W,en,merged from 1 source rows (openlibrary); pd_basis=pub_year<=1930
anne-s-house-of-dreams__lucy-maud-montgomery__1917,Anne's House of Dreams,Lucy Maud Montgomery,1942,false,1917,openlibrary,https://openlibrary.org/works/OL77764W,en,"merged from 1 source rows (openlibrary); author death year from Wikidata (Q273034); PD via life+70 rule (death year 1942 + 71 <= 2026), independent of publication year"
anne-s-house-of-dreams__montgomery-lucy-maud__1917,Anne's House of Dreams,"Montgomery, Lucy Maud",,false,1917,openlibrary,https://openlibrary.org/works/OL77764W,en,merged from 1 source rows (openlibrary); pd_basis=pub_year<=1930
annonce-faite-a-marie-l__paul-claudel__1912,"Annonce Faite a Marie, L'",Paul Claudel,1955,false,1912,openlibrary,https://openlibrary.org/works/OL1098844W,en,"merged from 1 source rows (openlibrary); author death year from Wikidata (Q295830); PD via life+70 rule (death year 1955 + 71 <= 2026), independent of publication year"
anthropology__edward-burnett-tylor__1881,Anthropology,Edward Burnett Tylor,1917,false,1881,openlibrary,https://openlibrary.org/works/OL6908851W,en,"merged from 1 source rows (openlibrary); author death year from Wikidata (Q141037); PD via life+70 rule (death year 1917 + 71 <= 2026), independent of publication year"
antologia-poetica__alfonsina-storni__1961,Antologia Poetica,Alfonsina Storni,1938,false,1961,openlibrary,https://openlibrary.org/works/OL974881W,en,"merged from 1 source rows (openlibrary); author death year from Wikidata (Q238557); PD via life+70 rule (death year 1938 + 71 <= 2026), independent of publication year"
antologia-de-la-literatura-fantastica__lewis-h-morgan__unk,Antología de la literatura fantástica,Lewis H. Morgan,1881,false,,openlibrary,https://openlibrary.org/works/OL16538128W,en,"merged from 1 source rows (openlibrary); author death year from Wikidata (Q313458); PD via life+70 rule (death year 1881 + 71 <= 2026), independent of publication year; publication year (1940) discarded as implausible (>50 years after author's death, likely a modern reprint/collected edition indexed by Open Library as 'first publish year'); needs manual research"
antologia-de-la-literatura-fantastica__ryunosuke-akutagawa__1940,Antología de la literatura fantástica,Ryūnosuke Akutagawa,1927,false,1940,openlibrary,https://openlibrary.org/works/OL16538128W,en,"merged from 1 source rows (openlibrary); author death year from Wikidata (Q186326); PD via life+70 rule (death year 1927 + 71 <= 2026), independent of publication year"
antonin-artaud__antonin-artaud__1982,Antonin Artaud,Antonin Artaud,1948,false,1982,openlibrary,https://openlibrary.org/works/OL794777W,en,"merged from 1 source rows (openlibrary); author death year from Wikidata (Q187166); PD via life+70 rule (death year 1948 + 71 <= 2026), independent of publication year"
antonio-gramsci__antonio-gramsci__1977,Antonio Gramsci,Antonio Gramsci,1937,false,1977,openlibrary,https://openlibrary.org/works/OL77380W,en,"merged from 1 source rows (openlibrary); author death year from Wikidata (Q83003); PD via life+70 rule (death year 1937 + 71 <= 2026), independent of publication year"
antony-and-cleopatra__shakespeare-william__1734,Antony and Cleopatra,"Shakespeare, William",,false,1734,openlibrary,https://openlibrary.org/works/OL362695W,en,merged from 1 source rows (openlibrary); pd_basis=pub_year<=1930
aphorismen-zur-lebensweisheit__arthur-schopenhauer__1888,Aphorismen zur Lebensweisheit,Arthur Schopenhauer,1860,false,1888,openlibrary,https://openlibrary.org/works/OL1183449W,en,"merged from 1 source rows (openlibrary); author death year from Wikidata (Q38193); PD via life+70 rule (death year 1860 + 71 <= 2026), independent of publication year"
aphorisms__marie-von-ebner-eschenbach__1883,Aphorisms,Marie von Ebner-Eschenbach,1916,false,1883,openlibrary,https://openlibrary.org/works/OL2138920W,en,"merged from 1 source rows (openlibrary); author death year from Wikidata (Q93525); PD via life+70 rule (death year 1916 + 71 <= 2026), independent of publication year"
apologia-pro-vita-sua__john-henry-newman__1860,Apologia pro vita sua,John Henry Newman,1890,false,1860,openlibrary,https://openlibrary.org/works/OL1144827W,en,"merged from 1 source rows (openlibrary); author death year from Wikidata (Q44490); PD via life+70 rule (death year 1890 + 71 <= 2026), independent of publication year"
apology__plato__unk,Apology,Plato,-348,false,,gutenberg,https://www.gutenberg.org/ebooks/1656,en,"merged from 1 source rows (gutenberg); classical/ancient work (author died before 1400) -- original composition predates reliable publication-year records, not looked up automatically; needs manual research"
arabian-nights__lang-andrew__1898,Arabian Nights,"Lang, Andrew",,false,1898,openlibrary,https://openlibrary.org/works/OL29464513W,en,merged from 1 source rows (openlibrary); pd_basis=pub_year<=1930
arcadia-borealis__erik-axel-karlfeldt__1938,Arcadia Borealis,Erik Axel Karlfeldt,1931,false,1938,openlibrary,https://openlibrary.org/works/OL37536813W,en,"merged from 1 source rows (openlibrary); author death year from Wikidata (Q134641); PD via life+70 rule (death year 1931 + 71 <= 2026), independent of publication year"
areopagitica__richard-francis-burton__unk,Areopagitica,Richard Francis Burton,1890,false,,openlibrary,https://openlibrary.org/works/OL810614W,en,"merged from 1 source rows (openlibrary); author death year from Wikidata (Q125057); PD via life+70 rule (death year 1890 + 71 <= 2026), independent of publication year; publication year (1644) discarded post-merge as implausible (more than 100 years before death (1890), implausible for a single lifetime); needs manual research"
argonauci__eliza-orzeszkowa__1901,Argonauci,Eliza Orzeszkowa,1910,false,1901,openlibrary,https://openlibrary.org/works/OL3395554W,en,"merged from 1 source rows (openlibrary); author death year from Wikidata (Q240174); PD via life+70 rule (death year 1910 + 71 <= 2026), independent of publication year"
arne__bjrnstjerne-bjrnson__1866,Arne,Bjørnstjerne Bjørnson,1910,false,1866,openlibrary,https://openlibrary.org/works/OL1084995W,en,"merged from 1 source rows (openlibrary); author death year from Wikidata (Q46405); PD via life+70 rule (death year 1910 + 71 <= 2026), independent of publication year"
around-the-world-in-eighty-days__verne-jules__1873,Around the World in Eighty Days,"Verne, Jules",1905,false,1873,gutenberg,https://www.gutenberg.org/ebooks/103,en,merged from 1 source rows (gutenberg); publication year via Open Library (earliest edition found; not independently verified)
around-the-world-in-seventy-two-days__nellie-bly__unk,Around the World in Seventy-Two Days,Nellie Bly,1922,false,,openlibrary,https://openlibrary.org/works/OL40270193W,en,"merged from 1 source rows (openlibrary); author death year from Wikidata (Q230299); PD via life+70 rule (death year 1922 + 71 <= 2026), independent of publication year; publication year (2015) discarded as implausible (>50 years after author's death, likely a modern reprint/collected edition indexed by Open Library as 'first publish year'); needs manual research"
arrian-on-coursing-b-the-cynegeticus-of-the-younger-xenophon-translated-from-the-greek-with-classical-and-practical-annotations-and-a-brief-sketch-of-the-life-and-writings-of-the-author-to-which-is-added-an-appendix-containing-some-account-of-the-canes-venatici-of-classical-antiquity__arrian__unk,"Arrian on coursing : $b the Cynegeticus of the younger Xenophon, translated from the Greek, with classical and practical annotations, and a brief sketch of the life and writings of the author. To which is added an appendix, containing some account of the Canes Venatici of classical antiquity",Arrian,175,false,,gutenberg,https://www.gutenberg.org/ebooks/78013,en,"merged from 1 source rows (gutenberg); classical/ancient work (author died before 1400) -- original composition predates reliable publication-year records, not looked up automatically; needs manual research"
arsene-lupin-contre-herlock-sholmes__maurice-leblanc__1906,Arsène Lupin contre Herlock Sholmès,Maurice Leblanc,1941,false,1906,openlibrary,https://openlibrary.org/works/OL1064284W,en,"merged from 1 source rows (openlibrary); author death year from Wikidata (Q314993); PD via life+70 rule (death year 1941 + 71 <= 2026), independent of publication year"
arsene-lupin-gentleman-cambrioleur__maurice-leblanc__1907,"Arsène Lupin, gentleman-cambrioleur",Maurice Leblanc,1941,false,1907,openlibrary,https://openlibrary.org/works/OL1064277W,en,"merged from 1 source rows (openlibrary); author death year from Wikidata (Q314993); PD via life+70 rule (death year 1941 + 71 <= 2026), independent of publication year"
artaud-on-theatre__antonin-artaud__1989,Artaud on theatre,Antonin Artaud,1948,false,1989,openlibrary,https://openlibrary.org/works/OL794771W,en,"merged from 1 source rows (openlibrary); author death year from Wikidata (Q187166); PD via life+70 rule (death year 1948 + 71 <= 2026), independent of publication year"
arthur-rimbaud__arthur-rimbaud__1921,Arthur Rimbaud,Arthur Rimbaud,1891,false,1921,openlibrary,https://openlibrary.org/works/OL156816W,en,"merged from 1 source rows (openlibrary); author death year from Wikidata (Q493); PD via life+70 rule (death year 1891 + 71 <= 2026), independent of publication year"
as-a-man-thinketh__allen-james__1902,As a man thinketh,"Allen, James",,false,1902,openlibrary,https://openlibrary.org/works/OL43024W,en,merged from 1 source rows (openlibrary); pd_basis=pub_year<=1930
as-you-like-it__shakespeare-william__unk,As You Like It,"Shakespeare, William",1616,false,,gutenberg+openlibrary,https://www.gutenberg.org/ebooks/1523,en,"merged from 2 source rows (gutenberg+openlibrary); Open Library match discarded: returned 1734, which is more than 5 years after author's death (1616) -- likely an indexed reprint rather than the original edition; needs manual research; pd_basis=pub_year<=1930; publication year (1734) discarded post-merge as implausible (more than 50 years after death (1616)); needs manual research"
ashantee__peter-altenberg__unk,Ashantee,Peter Altenberg,1919,false,,openlibrary,https://openlibrary.org/works/OL4581978W,en,"merged from 1 source rows (openlibrary); author death year from Wikidata (Q44972); PD via life+70 rule (death year 1919 + 71 <= 2026), independent of publication year; publication year (2007) discarded as implausible (>50 years after author's death, likely a modern reprint/collected edition indexed by Open Library as 'first publish year'); needs manual research"
astoria__irving-washington__1800,Astoria,"Irving, Washington",,false,1800,openlibrary,https://openlibrary.org/works/OL63862W,en,merged from 1 source rows (openlibrary); pd_basis=pub_year<=1930
astronomie-populaire__camille-flammarion__1880,Astronomie populaire,Camille Flammarion,1925,false,1880,openlibrary,https://openlibrary.org/works/OL1101397W,en,"merged from 1 source rows (openlibrary); author death year from Wikidata (Q295524); PD via life+70 rule (death year 1925 + 71 <= 2026), independent of publication year"
astronomy-for-amateurs__camille-flammarion__unk,Astronomy for Amateurs,Camille Flammarion,1925,false,,openlibrary,https://openlibrary.org/works/OL38263516W,en,"merged from 1 source rows (openlibrary); author death year from Wikidata (Q295524); PD via life+70 rule (death year 1925 + 71 <= 2026), independent of publication year; publication year (2008) discarded as implausible (>50 years after author's death, likely a modern reprint/collected edition indexed by Open Library as 'first publish year'); needs manual research"
astronomy-for-beginners__carrington-hereward__unk,Astronomy for beginners,"Carrington, Hereward",1959,false,,gutenberg,https://www.gutenberg.org/ebooks/78112,en,merged from 1 source rows (gutenberg); publication year not found via Open Library; needs manual research
at-fault__kate-chopin__1890,At Fault,Kate Chopin,1904,false,1890,openlibrary,https://openlibrary.org/works/OL65437W,en,"merged from 1 source rows (openlibrary); author death year from Wikidata (Q230476); PD via life+70 rule (death year 1904 + 71 <= 2026), independent of publication year"
at-home-and-abroad__margaret-fuller__1856,At home and abroad,Margaret Fuller,1850,false,1856,openlibrary,https://openlibrary.org/works/OL76886W,en,"merged from 1 source rows (openlibrary); author death year from Wikidata (Q257953); PD via life+70 rule (death year 1850 + 71 <= 2026), independent of publication year"
at-the-back-of-the-north-wind__george-macdonald__1871,At the Back of the North Wind,George MacDonald,1905,false,1871,openlibrary,https://openlibrary.org/works/OL15451W,en,"merged from 1 source rows (openlibrary); author death year from Wikidata (Q368519); PD via life+70 rule (death year 1905 + 71 <= 2026), independent of publication year"
at-the-back-of-the-north-wind__macdonald-george__1871,At the Back of the North Wind,"MacDonald, George",,false,1871,openlibrary,https://openlibrary.org/works/OL15451W,en,merged from 1 source rows (openlibrary); pd_basis=pub_year<=1930
at-the-cafe__errico-malatesta__1915,At the Cafe,Errico Malatesta,1932,false,1915,openlibrary,https://openlibrary.org/works/OL997208W,en,"merged from 1 source rows (openlibrary); author death year from Wikidata (Q215673); PD via life+70 rule (death year 1932 + 71 <= 2026), independent of publication year"
at-the-ghost-hour__paul-heyse__unk,At the Ghost Hour,Paul Heyse,1914,false,,openlibrary,https://openlibrary.org/works/OL41595399W,en,"merged from 1 source rows (openlibrary); author death year from Wikidata (Q76487); PD via life+70 rule (death year 1914 + 71 <= 2026), independent of publication year; publication year (2015) discarded as implausible (>50 years after author's death, likely a modern reprint/collected edition indexed by Open Library as 'first publish year'); needs manual research"
at-the-mountains-of-madness__lovecraft-h-p-howard-phillips__unk,At the mountains of madness,"Lovecraft, H. P. (Howard Phillips)",1937,false,,gutenberg,https://www.gutenberg.org/ebooks/70652,en,"merged from 1 source rows (gutenberg); Open Library match discarded: returned 1964, which is more than 5 years after author's death (1937) -- likely an indexed reprint rather than the original edition; needs manual research"
at-the-sign-of-the-cat-and-racket__balzac-honore-de__1819,At the Sign of the Cat and Racket,"Balzac, Honoré de",1850,false,1819,gutenberg,https://www.gutenberg.org/ebooks/1680,en,merged from 1 source rows (gutenberg); publication year via Open Library (earliest edition found; not independently verified)
athenes-antique__charles-maurras__1888,Athènes antique,Charles Maurras,1952,false,1888,openlibrary,https://openlibrary.org/works/OL39445233W,en,"merged from 1 source rows (openlibrary); author death year from Wikidata (Q3048); PD via life+70 rule (death year 1952 + 71 <= 2026), independent of publication year"
attente-de-dieu__simone-weil__1950,Attente de Dieu,Simone Weil,1943,false,1950,openlibrary,https://openlibrary.org/works/OL587641W,en,"merged from 1 source rows (openlibrary); author death year from Wikidata (Q157309); PD via life+70 rule (death year 1943 + 71 <= 2026), independent of publication year"
aubes__emile-verhaeren__1898,Aubes,Emile Verhaeren,1916,false,1898,openlibrary,https://openlibrary.org/works/OL76732W,en,"merged from 1 source rows (openlibrary); author death year from Wikidata (Q193680); PD via life+70 rule (death year 1916 + 71 <= 2026), independent of publication year"
audubon-and-his-journals__john-james-audubon__1897,Audubon and his journals,John James Audubon,1851,false,1897,openlibrary,https://openlibrary.org/works/OL82789W,en,"merged from 1 source rows (openlibrary); author death year from Wikidata (Q182882); PD via life+70 rule (death year 1851 + 71 <= 2026), independent of publication year"
aus-dem-leben-eines-taugenichts__joseph-von-eichendorff__1864,Aus dem Leben eines Taugenichts,Joseph von Eichendorff,1857,false,1864,openlibrary,https://openlibrary.org/works/OL685387W,en,"merged from 1 source rows (openlibrary); author death year from Wikidata (Q77204); PD via life+70 rule (death year 1857 + 71 <= 2026), independent of publication year"
aus-meinem-leben__august-bebel__1910,Aus meinem Leben,August Bebel,1913,false,1910,openlibrary,https://openlibrary.org/works/OL819420W,en,"merged from 1 source rows (openlibrary); author death year from Wikidata (Q76520); PD via life+70 rule (death year 1913 + 71 <= 2026), independent of publication year"
aus-meinem-leben-zweiter-teil__august-bebel__unk,Aus Meinem Leben - Zweiter Teil,August Bebel,1913,false,,openlibrary,https://openlibrary.org/works/OL28161134W,en,"merged from 1 source rows (openlibrary); author death year from Wikidata (Q76520); PD via life+70 rule (death year 1913 + 71 <= 2026), independent of publication year; publication year (2013) discarded as implausible (>50 years after author's death, likely a modern reprint/collected edition indexed by Open Library as 'first publish year'); needs manual research"
aus-metternich-s-nach-gelassenen-papieren__klemens-von-metternich__1880,Aus Metternich's nach gelassenen papieren.,Klemens von Metternich,1859,false,1880,openlibrary,https://openlibrary.org/works/OL1445569W,en,"merged from 1 source rows (openlibrary); author death year from Wikidata (Q45662); PD via life+70 rule (death year 1859 + 71 <= 2026), independent of publication year"
autobiography__andrew-carnegie__1920,Autobiography,Andrew Carnegie,1919,false,1920,openlibrary,https://openlibrary.org/works/OL1532804W,en,"merged from 1 source rows (openlibrary); author death year from Wikidata (Q484265); PD via life+70 rule (death year 1919 + 71 <= 2026), independent of publication year"
autobiography__fukuzawa-yukichi__1947,Autobiography,Fukuzawa Yukichi,1901,false,1947,openlibrary,https://openlibrary.org/works/OL4281237W,en,"merged from 1 source rows (openlibrary); author death year from Wikidata (Q355447); PD via life+70 rule (death year 1901 + 71 <= 2026), independent of publication year"
autobiography__william-h-seward__1877,Autobiography,William H. Seward,1872,false,1877,openlibrary,https://openlibrary.org/works/OL1488169W,en,"merged from 1 source rows (openlibrary); author death year from Wikidata (Q297308); PD via life+70 rule (death year 1872 + 71 <= 2026), independent of publication year"
autobiography-illustrated__carl-spitzweg__unk,Autobiography (illustrated),Carl Spitzweg,1885,false,,openlibrary,https://openlibrary.org/works/OL25890997W,en,"merged from 1 source rows (openlibrary); author death year from Wikidata (Q164979); PD via life+70 rule (death year 1885 + 71 <= 2026), independent of publication year; publication year (2018) discarded as implausible (>50 years after author's death, likely a modern reprint/collected edition indexed by Open Library as 'first publish year'); needs manual research"
autobiography-of-a-yogi__paramahansa-yogananda__1946,Autobiography of a Yogi,Paramahansa Yogananda,1952,false,1946,openlibrary,https://openlibrary.org/works/OL528094W,en,"merged from 1 source rows (openlibrary); author death year from Wikidata (Q312549); PD via life+70 rule (death year 1952 + 71 <= 2026), independent of publication year"
autobiography-of-a-yogi__yogananda-paramahansa__1946,Autobiography of a Yogi,"Yogananda, Paramahansa",1952,false,1946,gutenberg,https://www.gutenberg.org/ebooks/7452,en,merged from 1 source rows (gutenberg); publication year via Open Library (earliest edition found; not independently verified)
autobiography-of-andrew-carnegie__andrew-carnegie__unk,Autobiography of Andrew Carnegie,Andrew Carnegie,1919,false,,openlibrary,https://openlibrary.org/works/OL40599180W,en,"merged from 1 source rows (openlibrary); author death year from Wikidata (Q484265); PD via life+70 rule (death year 1919 + 71 <= 2026), independent of publication year; publication year (2013) discarded as implausible (>50 years after author's death, likely a modern reprint/collected edition indexed by Open Library as 'first publish year'); needs manual research"
autobiography-of-benjamin-franklin__franklin-benjamin__unk,Autobiography of Benjamin Franklin,"Franklin, Benjamin",1790,false,,gutenberg,https://www.gutenberg.org/ebooks/20203,en,"merged from 1 source rows (gutenberg); Open Library match discarded: returned 1706, which predates author's birth year (1706) -- likely a mismatched search result; needs manual research"
autobiography-of-buffalo-bill__buffalo-bill__unk,Autobiography of Buffalo Bill,Buffalo Bill,1917,false,,openlibrary,https://openlibrary.org/works/OL26990821W,en,"merged from 1 source rows (openlibrary); author death year from Wikidata (Q202285); PD via life+70 rule (death year 1917 + 71 <= 2026), independent of publication year; publication year (2011) discarded as implausible (>50 years after author's death, likely a modern reprint/collected edition indexed by Open Library as 'first publish year'); needs manual research"
autobiography-of-friedrich-froebel__friedrich-frobel__1886,Autobiography of Friedrich Froebel,Friedrich Fröbel,1852,false,1886,openlibrary,https://openlibrary.org/works/OL246218W,en,"merged from 1 source rows (openlibrary); author death year from Wikidata (Q76679); PD via life+70 rule (death year 1852 + 71 <= 2026), independent of publication year"
autobiography-of-giuseppe-garibaldi__giuseppe-garibaldi__unk,Autobiography of Giuseppe Garibaldi,Giuseppe Garibaldi,1882,false,,openlibrary,https://openlibrary.org/works/OL24361484W,en,"merged from 1 source rows (openlibrary); author death year from Wikidata (Q539); PD via life+70 rule (death year 1882 + 71 <= 2026), independent of publication year; publication year (1971) discarded as implausible (>50 years after author's death, likely a modern reprint/collected edition indexed by Open Library as 'first publish year'); needs manual research"
autobiography-of-sir-george-biddell-airy__george-biddell-airy__unk,Autobiography of Sir George Biddell Airy,George Biddell Airy,1892,false,,openlibrary,https://openlibrary.org/works/OL30058178W,en,"merged from 1 source rows (openlibrary); author death year from Wikidata (Q20018); PD via life+70 rule (death year 1892 + 71 <= 2026), independent of publication year; publication year (2011) discarded as implausible (>50 years after author's death, likely a modern reprint/collected edition indexed by Open Library as 'first publish year'); needs manual research"
autobiography-of-yukichi-fukuzawa__fukuzawa-yukichi__unk,Autobiography of Yukichi Fukuzawa,Fukuzawa Yukichi,1901,false,,openlibrary,https://openlibrary.org/works/OL4281236W,en,"merged from 1 source rows (openlibrary); author death year from Wikidata (Q355447); PD via life+70 rule (death year 1901 + 71 <= 2026), independent of publication year; publication year (1966) discarded as implausible (>50 years after author's death, likely a modern reprint/collected edition indexed by Open Library as 'first publish year'); needs manual research"
axel__auguste-comte__1838,Axël,Auguste Comte,1857,false,1838,openlibrary,https://openlibrary.org/works/OL827274W,en,"merged from 1 source rows (openlibrary); author death year from Wikidata (Q12718); PD via life+70 rule (death year 1857 + 71 <= 2026), independent of publication year"
ayesha__haggard-h-rider__1900,Ayesha,"Haggard, H. Rider",,false,1900,openlibrary,https://openlibrary.org/works/OL17440W,en,merged from 1 source rows (openlibrary); pd_basis=pub_year<=1930
azad-hind__subhas-chandra-bose__unk,Azad Hind,Subhas Chandra Bose,1945,false,,openlibrary,https://openlibrary.org/works/OL341064W,en,"merged from 1 source rows (openlibrary); author death year from Wikidata (Q2153); PD via life+70 rule (death year 1945 + 71 <= 2026), independent of publication year; publication year (2002) discarded as implausible (>50 years after author's death, likely a modern reprint/collected edition indexed by Open Library as 'first publish year'); needs manual research"
babbitt__lewis-sinclair__1922,Babbitt,"Lewis, Sinclair",,false,1922,openlibrary,https://openlibrary.org/works/OL51148W,en,merged from 1 source rows (openlibrary); pd_basis=pub_year<=1930
babbitt__sinclair-lewis__1922,Babbitt,Sinclair Lewis,1951,false,1922,openlibrary,https://openlibrary.org/works/OL51148W,en,"merged from 1 source rows (openlibrary); author death year from Wikidata (Q123469); PD via life+70 rule (death year 1951 + 71 <= 2026), independent of publication year"
bacon-s-essays-and-wisdom-of-the-ancients__bacon-francis__unk,"Bacon's Essays, and Wisdom of the Ancients","Bacon, Francis",1626,false,,gutenberg,https://www.gutenberg.org/ebooks/56463,en,"merged from 1 source rows (gutenberg); Open Library match discarded: returned 1669, which is more than 5 years after author's death (1626) -- likely an indexed reprint rather than the original edition; needs manual research"
bahnwarter-thiel__gerhart-hauptmann__1899,Bahnwärter Thiel,Gerhart Hauptmann,1946,false,1899,openlibrary,https://openlibrary.org/works/OL1375594W,en,"merged from 1 source rows (openlibrary); author death year from Wikidata (Q43523); PD via life+70 rule (death year 1946 + 71 <= 2026), independent of publication year"
bambi__cooke-marjorie-benton__1914,Bambi,"Cooke, Marjorie Benton",1920,false,1914,gutenberg,https://www.gutenberg.org/ebooks/11197,en,merged from 1 source rows (gutenberg); publication year via Open Library (earliest edition found; not independently verified)
bambi__felix-salten__1900,Bambi,Felix Salten,1945,false,1900,openlibrary,https://openlibrary.org/works/OL4459213W,en,"merged from 1 source rows (openlibrary); author death year from Wikidata (Q163747); PD via life+70 rule (death year 1945 + 71 <= 2026), independent of publication year"
bambi-s-children__felix-salten__1939,Bambi's Children,Felix Salten,1945,false,1939,openlibrary,https://openlibrary.org/works/OL4459274W,en,"merged from 1 source rows (openlibrary); author death year from Wikidata (Q163747); PD via life+70 rule (death year 1945 + 71 <= 2026), independent of publication year"
banking-system-of-the-united-states-and-its-relation-to-the-money-and-business-of-the-country__charles-g-dawes__unk,Banking System of the United States and Its Relation to the Money and Business of the Country,Charles G. Dawes,1951,false,,openlibrary,https://openlibrary.org/works/OL28472141W,en,"merged from 1 source rows (openlibrary); author death year from Wikidata (Q184565); PD via life+70 rule (death year 1951 + 71 <= 2026), independent of publication year; publication year (2018) discarded as implausible (>50 years after author's death, likely a modern reprint/collected edition indexed by Open Library as 'first publish year'); needs manual research"
barchester-towers__anthony-trollope__1815,Barchester Towers,Anthony Trollope,1882,false,1815,openlibrary,https://openlibrary.org/works/OL109724W,en,"merged from 1 source rows (openlibrary); author death year from Wikidata (Q318399); PD via life+70 rule (death year 1882 + 71 <= 2026), independent of publication year"
barchester-towers__trollope-anthony__1815,Barchester Towers,"Trollope, Anthony",,false,1815,openlibrary,https://openlibrary.org/works/OL109724W,en,merged from 1 source rows (openlibrary); pd_basis=pub_year<=1930
barekendane__hovhannes-tumanyan__unk,Barekendaně,Hovhannes Tumanyan,1923,false,,openlibrary,https://openlibrary.org/works/OL96888W,en,"merged from 1 source rows (openlibrary); author death year from Wikidata (Q380797); PD via life+70 rule (death year 1923 + 71 <= 2026), independent of publication year; publication year (1988) discarded as implausible (>50 years after author's death, likely a modern reprint/collected edition indexed by Open Library as 'first publish year'); needs manual research"
barnaby-rudge__dickens-charles__1840,Barnaby Rudge,"Dickens, Charles",,false,1840,openlibrary,https://openlibrary.org/works/OL8300174W,en,merged from 1 source rows (openlibrary); pd_basis=pub_year<=1930
baron-trump-s-marvellous-underground-journey__lockwood-ingersoll__1893,Baron Trump's Marvellous Underground Journey,"Lockwood, Ingersoll",1918,false,1893,gutenberg,https://www.gutenberg.org/ebooks/57426,en,merged from 1 source rows (gutenberg); publication year via Open Library (earliest edition found; not independently verified)
barry-locke-half-back__barbour-ralph-henry__1925,"Barry Locke, half-back","Barbour, Ralph Henry",1944,false,1925,gutenberg,https://www.gutenberg.org/ebooks/78118,en,merged from 1 source rows (gutenberg); publication year via Open Library (earliest edition found; not independently verified)
basic-verities-prose-and-poetry__charles-peguy__1943,"Basic verities, prose, and poetry",Charles Péguy,1914,false,1943,openlibrary,https://openlibrary.org/works/OL1180314W,en,"merged from 1 source rows (openlibrary); author death year from Wikidata (Q334965); PD via life+70 rule (death year 1914 + 71 <= 2026), independent of publication year"
basil__collins-wilkie__1852,Basil,"Collins, Wilkie",,false,1852,openlibrary,https://openlibrary.org/works/OL176086W,en,merged from 1 source rows (openlibrary); pd_basis=pub_year<=1930
basket-ball__james-naismith__unk,Basket Ball,James Naismith,1939,false,,openlibrary,https://openlibrary.org/works/OL28484714W,en,"merged from 1 source rows (openlibrary); author death year from Wikidata (Q188962); PD via life+70 rule (death year 1939 + 71 <= 2026), independent of publication year; publication year (2018) discarded as implausible (>50 years after author's death, likely a modern reprint/collected edition indexed by Open Library as 'first publish year'); needs manual research"
basket-ball-its-origin-and-development__james-naismith__1941,Basket Ball Its Origin and Development,James Naismith,1939,false,1941,openlibrary,https://openlibrary.org/works/OL24359511W,en,"merged from 1 source rows (openlibrary); author death year from Wikidata (Q188962); PD via life+70 rule (death year 1939 + 71 <= 2026), independent of publication year"
bauern-bonzen-und-bomben__hans-fallada__1931,"Bauern, Bonzen und Bomben",Hans Fallada,1947,false,1931,openlibrary,https://openlibrary.org/works/OL830112W,en,"merged from 1 source rows (openlibrary); author death year from Wikidata (Q76539); PD via life+70 rule (death year 1947 + 71 <= 2026), independent of publication year"
baum-s-american-fairy-tales__baum-l-frank__1901,Baum's American Fairy Tales,"Baum, L. Frank",,false,1901,openlibrary,https://openlibrary.org/works/OL262341W,en,merged from 1 source rows (openlibrary); pd_basis=pub_year<=1930
beasts-and-super-beasts__saki__1914,Beasts and Super-Beasts,Saki,1916,false,1914,openlibrary,https://openlibrary.org/works/OL29115502W,en,"merged from 1 source rows (openlibrary); author death year from Wikidata (Q311526); PD via life+70 rule (death year 1916 + 71 <= 2026), independent of publication year"
beauchamp-s-career__george-meredith__1876,Beauchamp's career,George Meredith,1909,false,1876,openlibrary,https://openlibrary.org/works/OL890336W,en,"merged from 1 source rows (openlibrary); author death year from Wikidata (Q90238); PD via life+70 rule (death year 1909 + 71 <= 2026), independent of publication year"
beautiful-stories-from-shakespeare__andre-gide__1907,Beautiful Stories from Shakespeare,André Gide,1951,false,1907,openlibrary,https://openlibrary.org/works/OL7984952W,en,"merged from 1 source rows (openlibrary); author death year from Wikidata (Q47484); PD via life+70 rule (death year 1951 + 71 <= 2026), independent of publication year"
beelzebub-s-tales-to-his-grandson__george-gurdjieff__1950,Beelzebub's tales to his grandson,George Gurdjieff,1949,false,1950,openlibrary,https://openlibrary.org/works/OL4096107W,en,"merged from 1 source rows (openlibrary); author death year from Wikidata (Q217771); PD via life+70 rule (death year 1949 + 71 <= 2026), independent of publication year"
bel-ami__guy-de-maupassant__1893,Bel-Ami,Guy de Maupassant,1893,false,1893,openlibrary,https://openlibrary.org/works/OL93842W,en,"merged from 1 source rows (openlibrary); author death year from Wikidata (Q9327); PD via life+70 rule (death year 1893 + 71 <= 2026), independent of publication year"
belgium-s-agony__emile-verhaeren__1915,Belgium's agony,Emile Verhaeren,1916,false,1915,openlibrary,https://openlibrary.org/works/OL76733W,en,"merged from 1 source rows (openlibrary); author death year from Wikidata (Q193680); PD via life+70 rule (death year 1916 + 71 <= 2026), independent of publication year"
ben-akiba__branislav-nusic__unk,Ben Akiba,Branislav Nušić,1938,false,,openlibrary,https://openlibrary.org/works/OL25998340W,en,"merged from 1 source rows (openlibrary); author death year from Wikidata (Q315136); PD via life+70 rule (death year 1938 + 71 <= 2026), independent of publication year; publication year (2020) discarded as implausible (>50 years after author's death, likely a modern reprint/collected edition indexed by Open Library as 'first publish year'); needs manual research"
ben-hur__lew-wallace__unk,Ben Hur,Lew Wallace,1905,false,,openlibrary,https://openlibrary.org/works/OL240210W,en,"merged from 1 source rows (openlibrary); author death year from Wikidata (Q357102); PD via life+70 rule (death year 1905 + 71 <= 2026), independent of publication year; publication year (1800) discarded post-merge as implausible (more than 100 years before death (1905), implausible for a single lifetime); needs manual research"
benita-an-african-romance__haggard-h-rider__1906,"Benita, an African Romance","Haggard, H. Rider",,false,1906,openlibrary,https://openlibrary.org/works/OL17479W,en,merged from 1 source rows (openlibrary); pd_basis=pub_year<=1930
best-games-of-chess__siegbert-tarrasch__1947,Best games of chess,Siegbert Tarrasch,1934,false,1947,openlibrary,https://openlibrary.org/works/OL3601503W,en,"merged from 1 source rows (openlibrary); author death year from Wikidata (Q76558); PD via life+70 rule (death year 1934 + 71 <= 2026), independent of publication year"
best-russian-short-stories__aleksandr-kuprin__1917,Best Russian short stories,Aleksandr Kuprin,1938,false,1917,openlibrary,https://openlibrary.org/works/OL205915W,en,"merged from 1 source rows (openlibrary); author death year from Wikidata (Q271457); PD via life+70 rule (death year 1938 + 71 <= 2026), independent of publication year"
best-russian-short-stories__aleksey-tolstoy__1917,Best Russian short stories,Aleksey Tolstoy,1945,false,1917,openlibrary,https://openlibrary.org/works/OL205915W,en,"merged from 1 source rows (openlibrary); author death year from Wikidata (Q192279); PD via life+70 rule (death year 1945 + 71 <= 2026), independent of publication year"
best-russian-short-stories__leonid-andreyev__1917,Best Russian short stories,Leonid Andreyev,1919,false,1917,openlibrary,https://openlibrary.org/works/OL205915W,en,"merged from 1 source rows (openlibrary); author death year from Wikidata (Q310866); PD via life+70 rule (death year 1919 + 71 <= 2026), independent of publication year"
best-russian-short-stories__louise-michel__1917,Best Russian short stories,Louise Michel,1905,false,1917,openlibrary,https://openlibrary.org/works/OL205915W,en,"merged from 1 source rows (openlibrary); author death year from Wikidata (Q216092); PD via life+70 rule (death year 1905 + 71 <= 2026), independent of publication year"
best-russian-short-stories__margaret-mitchell__1917,Best Russian short stories,Margaret Mitchell,1949,false,1917,openlibrary,https://openlibrary.org/works/OL205915W,en,"merged from 1 source rows (openlibrary); author death year from Wikidata (Q173540); PD via life+70 rule (death year 1949 + 71 <= 2026), independent of publication year"
best-russian-short-stories__maxim-gorky__1917,Best Russian short stories,Maxim Gorky,1936,false,1917,openlibrary,https://openlibrary.org/works/OL205915W,en,"merged from 1 source rows (openlibrary); author death year from Wikidata (Q12706); PD via life+70 rule (death year 1936 + 71 <= 2026), independent of publication year"
best-russian-short-stories__nikolai-gogol__unk,Best Russian short stories,Nikolai Gogol,1852,false,,openlibrary,https://openlibrary.org/works/OL205915W,en,"merged from 1 source rows (openlibrary); author death year from Wikidata (Q43718); PD via life+70 rule (death year 1852 + 71 <= 2026), independent of publication year; publication year (1917) discarded as implausible (>50 years after author's death, likely a modern reprint/collected edition indexed by Open Library as 'first publish year'); needs manual research"
beyond-the-black-river__robert-e-howard__unk,Beyond the Black River,Robert E. Howard,1936,false,,openlibrary,https://openlibrary.org/works/OL3384262W,en,"merged from 1 source rows (openlibrary); author death year from Wikidata (Q207640); PD via life+70 rule (death year 1936 + 71 <= 2026), independent of publication year; publication year (2007) discarded as implausible (>50 years after author's death, likely a modern reprint/collected edition indexed by Open Library as 'first publish year'); needs manual research"
beyond-the-internationale__eugene-pottier__unk,Beyond the Internationale,Eugène Pottier,1887,false,,openlibrary,https://openlibrary.org/works/OL41879840W,en,"merged from 1 source rows (openlibrary); author death year from Wikidata (Q312915); PD via life+70 rule (death year 1887 + 71 <= 2026), independent of publication year; publication year (2024) discarded as implausible (>50 years after author's death, likely a modern reprint/collected edition indexed by Open Library as 'first publish year'); needs manual research"
beranger__pierre-jean-de-beranger__1850,Béranger,Pierre-Jean de Béranger,1857,false,1850,openlibrary,https://openlibrary.org/works/OL2350044W,en,"merged from 1 source rows (openlibrary); author death year from Wikidata (Q324998); PD via life+70 rule (death year 1857 + 71 <= 2026), independent of publication year"
bhakti-yoga__swami-vivekananda__1904,Bhakti-yoga,Swami Vivekananda,1902,false,1904,openlibrary,https://openlibrary.org/works/OL311927W,en,"merged from 1 source rows (openlibrary); author death year from Wikidata (Q47478); PD via life+70 rule (death year 1902 + 71 <= 2026), independent of publication year"
bidwell-s-travels-from-wall-street-to-london-prison-fifteen-years-in-solitude__bidwell-austin__2013,"Bidwell's Travels, from Wall Street to London Prison: Fifteen Years in Solitude","Bidwell, Austin",,false,2013,gutenberg,https://www.gutenberg.org/ebooks/24739,en,merged from 1 source rows (gutenberg); publication year via Open Library (earliest edition found; not independently verified); author death year unknown (Gutendex has no record)
biographia-literaria__coleridge-samuel-taylor__1817,Biographia Literaria,"Coleridge, Samuel Taylor",1834,false,1817,gutenberg,https://www.gutenberg.org/ebooks/6081,en,merged from 1 source rows (gutenberg); publication year via Open Library (earliest edition found; not independently verified)
biographies-of-distinguished-scientific-men__francois-arago__1857,Biographies of distinguished scientific men,François Arago,1853,false,1857,openlibrary,https://openlibrary.org/works/OL8785059W,en,"merged from 1 source rows (openlibrary); author death year from Wikidata (Q154353); PD via life+70 rule (death year 1853 + 71 <= 2026), independent of publication year"
bismarck-the-man-and-the-statesman__otto-von-bismarck__1898,"Bismarck, the man and the statesman",Otto von Bismarck,1898,false,1898,openlibrary,https://openlibrary.org/works/OL1099235W,en,"merged from 1 source rows (openlibrary); author death year from Wikidata (Q8442); PD via life+70 rule (death year 1898 + 71 <= 2026), independent of publication year"
biz__yevgeny-zamyatin__unk,Biz,Yevgeny Zamyatin,1937,false,,openlibrary,https://openlibrary.org/works/OL12794177W,en,"merged from 1 source rows (openlibrary); author death year from Wikidata (Q204868); PD via life+70 rule (death year 1937 + 71 <= 2026), independent of publication year; publication year (1988) discarded as implausible (>50 years after author's death, likely a modern reprint/collected edition indexed by Open Library as 'first publish year'); needs manual research"
black-beauty__edward-lear__unk,Black Beauty,Edward Lear,1888,false,,openlibrary,https://openlibrary.org/works/OL35980846W,en,"merged from 1 source rows (openlibrary); author death year from Wikidata (Q309759); PD via life+70 rule (death year 1888 + 71 <= 2026), independent of publication year; publication year (1968) discarded as implausible (>50 years after author's death, likely a modern reprint/collected edition indexed by Open Library as 'first publish year'); needs manual research"
black-beauty__hilaire-belloc__1968,Black Beauty,Hilaire Belloc,1953,false,1968,openlibrary,https://openlibrary.org/works/OL35980846W,en,"merged from 1 source rows (openlibrary); author death year from Wikidata (Q333106); PD via life+70 rule (death year 1953 + 71 <= 2026), independent of publication year"
black-beauty-b-the-autobiography-of-a-horse__sewell-anna__unk,Black Beauty : $b The autobiography of a horse,"Sewell, Anna",1878,false,,gutenberg,https://www.gutenberg.org/ebooks/271,en,merged from 1 source rows (gutenberg); publication year not found via Open Library; needs manual research
blackwood-s-edinburgh-magazine-volume-456-no-10-october-1853__various__unk,"Blackwood's Edinburgh magazine, volume 456, no. 10, October 1853",Various,,false,,gutenberg,https://www.gutenberg.org/ebooks/78090,en,merged from 1 source rows (gutenberg); publication year not found via Open Library; needs manual research; author death year unknown (Gutendex has no record)
bleak-house__dickens-charles__1850,Bleak House,"Dickens, Charles",,false,1850,openlibrary,https://openlibrary.org/works/OL14868510W,en,merged from 1 source rows (openlibrary); pd_basis=pub_year<=1930
bliss-and-other-stories__katherine-mansfield__1900,"Bliss, and other stories",Katherine Mansfield,1923,false,1900,openlibrary,https://openlibrary.org/works/OL788028W,en,"merged from 1 source rows (openlibrary); author death year from Wikidata (Q270632); PD via life+70 rule (death year 1923 + 71 <= 2026), independent of publication year"
blithedale-romance-illustrated__bret-harte__unk,Blithedale Romance Illustrated,Bret Harte,1902,false,,openlibrary,https://openlibrary.org/works/OL25487106W,en,"merged from 1 source rows (openlibrary); author death year from Wikidata (Q301983); PD via life+70 rule (death year 1902 + 71 <= 2026), independent of publication year; publication year (2020) discarded as implausible (>50 years after author's death, likely a modern reprint/collected edition indexed by Open Library as 'first publish year'); needs manual research"
blithedale-romance-illustrated__sherwood-anderson__unk,Blithedale Romance Illustrated,Sherwood Anderson,1941,false,,openlibrary,https://openlibrary.org/works/OL25487106W,en,"merged from 1 source rows (openlibrary); author death year from Wikidata (Q233898); PD via life+70 rule (death year 1941 + 71 <= 2026), independent of publication year; publication year (2020) discarded as implausible (>50 years after author's death, likely a modern reprint/collected edition indexed by Open Library as 'first publish year'); needs manual research"
blondzshendike-shtern__sholem-aleichem__1912,Blondzshẹndiḳe shṭern,Sholem Aleichem,1916,false,1912,openlibrary,https://openlibrary.org/works/OL1401538W,en,"merged from 1 source rows (openlibrary); author death year from Wikidata (Q238090); PD via life+70 rule (death year 1916 + 71 <= 2026), independent of publication year"
blow-the-man-down-a-romance-of-the-coast__day-holman__unk,Blow The Man Down: A Romance Of The Coast,"Day, Holman",1935,false,,gutenberg,https://www.gutenberg.org/ebooks/24793,en,"merged from 1 source rows (gutenberg); Open Library match discarded: returned 2012, which is more than 5 years after author's death (1935) -- likely an indexed reprint rather than the original edition; needs manual research"
blue-grass-and-broadway__daviess-maria-thompson__1919,Blue-grass and Broadway,"Daviess, Maria Thompson",1924,false,1919,gutenberg,https://www.gutenberg.org/ebooks/29391,en,merged from 1 source rows (gutenberg); publication year via Open Library (earliest edition found; not independently verified)
bodas-de-sangre__federico-garcia-lorca__1944,Bodas de sangre,Federico García Lorca,1936,false,1944,openlibrary,https://openlibrary.org/works/OL10437143W,en,"merged from 1 source rows (openlibrary); author death year from Wikidata (Q41408); PD via life+70 rule (death year 1936 + 71 <= 2026), independent of publication year"
body-build-and-its-inheritance__davenport-charles-benedict__1923,Body-build and its inheritance,"Davenport, Charles Benedict",1944,false,1923,gutenberg,https://www.gutenberg.org/ebooks/78107,en,merged from 1 source rows (gutenberg); publication year via Open Library (earliest edition found; not independently verified)
born-of-the-storm__nikolai-ostrovsky__1939,Born of the storm,Nikolai Ostrovsky,1936,false,1939,openlibrary,https://openlibrary.org/works/OL5174418W,en,"merged from 1 source rows (openlibrary); author death year from Wikidata (Q271853); PD via life+70 rule (death year 1936 + 71 <= 2026), independent of publication year"
boston-b-a-novel__sinclair-upton__unk,Boston : $b a novel,"Sinclair, Upton",1968,false,,gutenberg,https://www.gutenberg.org/ebooks/78039,en,merged from 1 source rows (gutenberg); publication year not found via Open Library; needs manual research
boswell-s-life-of-johnson-abridged-and-edited-with-an-introduction-by-charles-grosvenor-osgood__boswell-james__unk,"Boswell's Life of Johnson: Abridged and edited, with an introduction by Charles Grosvenor Osgood","Boswell, James",1795,false,,gutenberg,https://www.gutenberg.org/ebooks/1564,en,"merged from 1 source rows (gutenberg); Open Library match discarded: returned 2006, which is more than 5 years after author's death (1795) -- likely an indexed reprint rather than the original edition; needs manual research"
botchan__natsume-soseki__1918,Botchan,Natsume Sōseki,1916,false,1918,openlibrary,https://openlibrary.org/works/OL1174969W,en,"merged from 1 source rows (openlibrary); author death year from Wikidata (Q180903); PD via life+70 rule (death year 1916 + 71 <= 2026), independent of publication year"
bram-stoker-s-dracula-omnibus__bram-stoker__1897,Bram Stoker's Dracula omnibus,Bram Stoker,1912,false,1897,openlibrary,https://openlibrary.org/works/OL85875W,en,"merged from 1 source rows (openlibrary); author death year from Wikidata (Q36184); PD via life+70 rule (death year 1912 + 71 <= 2026), independent of publication year"
bram-stoker-s-dracula-omnibus__mary-shelley__1897,Bram Stoker's Dracula omnibus,Mary Shelley,1851,false,1897,openlibrary,https://openlibrary.org/works/OL85875W,en,"merged from 1 source rows (openlibrary); author death year from Wikidata (Q47152); PD via life+70 rule (death year 1851 + 71 <= 2026), independent of publication year"
bram-stoker-s-dracula-omnibus__stoker-bram__1897,Bram Stoker's Dracula omnibus,"Stoker, Bram",,false,1897,openlibrary,https://openlibrary.org/works/OL85875W,en,merged from 1 source rows (openlibrary); pd_basis=pub_year<=1930
briand-speech-competition-final-report-containing-the-french-text-of-the-speech__aristide-briand__1928,"Briand speech competition final report, containing the French text of the speech",Aristide Briand,1932,false,1928,openlibrary,https://openlibrary.org/works/OL43492824W,en,"merged from 1 source rows (openlibrary); author death year from Wikidata (Q179888); PD via life+70 rule (death year 1932 + 71 <= 2026), independent of publication year"
brief-outline-of-the-nature-and-aims-of-pacifism__alfred-hermann-fried__unk,Brief Outline of the Nature and Aims of Pacifism,Alfred Hermann Fried,1921,false,,openlibrary,https://openlibrary.org/works/OL34277811W,en,"merged from 1 source rows (openlibrary); author death year from Wikidata (Q78488); PD via life+70 rule (death year 1921 + 71 <= 2026), independent of publication year; publication year (2022) discarded as implausible (>50 years after author's death, likely a modern reprint/collected edition indexed by Open Library as 'first publish year'); needs manual research"
briefwechsel-mit-karl-marx-und-friedrich-engels__wilhelm-liebknecht__unk,Briefwechsel mit Karl Marx und Friedrich Engels,Wilhelm Liebknecht,1900,false,,openlibrary,https://openlibrary.org/works/OL2805287W,en,"merged from 1 source rows (openlibrary); author death year from Wikidata (Q20127); PD via life+70 rule (death year 1900 + 71 <= 2026), independent of publication year; publication year (1959) discarded as implausible (>50 years after author's death, likely a modern reprint/collected edition indexed by Open Library as 'first publish year'); needs manual research"
brown-alumni-monthly__university-brown__1900,Brown alumni monthly,"University, Brown",,false,1900,openlibrary,https://openlibrary.org/works/OL16822924W,en,merged from 1 source rows (openlibrary); pd_basis=pub_year<=1930
buch-der-lieder__heinrich-heine__1800,Buch der Lieder,Heinrich Heine,1856,false,1800,openlibrary,https://openlibrary.org/works/OL1103525W,en,"merged from 1 source rows (openlibrary); author death year from Wikidata (Q44403); PD via life+70 rule (death year 1856 + 71 <= 2026), independent of publication year"
budapest-carnivals__naim-frasheri__unk,Budapest Carnivals,Naim Frashëri,1900,false,,openlibrary,https://openlibrary.org/works/OL37971757W,en,"merged from 1 source rows (openlibrary); author death year from Wikidata (Q47007); PD via life+70 rule (death year 1900 + 71 <= 2026), independent of publication year; publication year (2021) discarded as implausible (>50 years after author's death, likely a modern reprint/collected edition indexed by Open Library as 'first publish year'); needs manual research"
buddenbrooks__thomas-mann__1909,Buddenbrooks,Thomas Mann,1955,false,1909,openlibrary,https://openlibrary.org/works/OL14867081W,en,"merged from 1 source rows (openlibrary); author death year from Wikidata (Q37030); PD via life+70 rule (death year 1955 + 71 <= 2026), independent of publication year"
buddhism__thubten-gyatso__unk,Buddhism,Thubten Gyatso,1933,false,,openlibrary,https://openlibrary.org/works/OL19988511W,en,"merged from 1 source rows (openlibrary); author death year from Wikidata (Q25238); PD via life+70 rule (death year 1933 + 71 <= 2026), independent of publication year; publication year (2014) discarded as implausible (>50 years after author's death, likely a modern reprint/collected edition indexed by Open Library as 'first publish year'); needs manual research"
buddhist-mahayana-texts__friedrich-max-muller__1894,Buddhist Mahayana Texts,Friedrich Max Müller,1900,false,1894,openlibrary,https://openlibrary.org/works/OL8902404W,en,"merged from 1 source rows (openlibrary); author death year from Wikidata (Q60074); PD via life+70 rule (death year 1900 + 71 <= 2026), independent of publication year"
bullet-journal-harriet-tubman__harriet-tubman__unk,Bullet Journal : Harriet Tubman,Harriet Tubman,1913,false,,openlibrary,https://openlibrary.org/works/OL40967372W,en,"merged from 1 source rows (openlibrary); author death year from Wikidata (Q102870); PD via life+70 rule (death year 1913 + 71 <= 2026), independent of publication year; publication year (2017) discarded as implausible (>50 years after author's death, likely a modern reprint/collected edition indexed by Open Library as 'first publish year'); needs manual research"
burning-daylight__london-jack__1910,Burning Daylight,"London, Jack",,false,1910,openlibrary,https://openlibrary.org/works/OL144821W,en,merged from 1 source rows (openlibrary); pd_basis=pub_year<=1930
burya__shakespeare-william__1789,Burya,"Shakespeare, William",,false,1789,openlibrary,https://openlibrary.org/works/OL9972802W,en,merged from 1 source rows (openlibrary); pd_basis=pub_year<=1930
bushy-b-a-romance-founded-on-fact__alden-cynthia-may-westover__unk,Bushy : $b a romance founded on fact,"Alden, Cynthia May Westover",1931,false,,gutenberg,https://www.gutenberg.org/ebooks/78043,en,merged from 1 source rows (gutenberg); publication year not found via Open Library; needs manual research
buzz-a-buzz__wilhelm-busch__unk,Buzz a Buzz,Wilhelm Busch,1908,false,,openlibrary,https://openlibrary.org/works/OL29868257W,en,"merged from 1 source rows (openlibrary); author death year from Wikidata (Q109540); PD via life+70 rule (death year 1908 + 71 <= 2026), independent of publication year; publication year (2019) discarded as implausible (>50 years after author's death, likely a modern reprint/collected edition indexed by Open Library as 'first publish year'); needs manual research"
by-advice-of-counsel__train-arthur-cheney__1914,By Advice of Counsel,"Train, Arthur Cheney",1945,false,1914,gutenberg,https://www.gutenberg.org/ebooks/11987,en,merged from 1 source rows (gutenberg); publication year via Open Library (earliest edition found; not independently verified)
byloe-i-dumy__alexander-herzen__unk,Byloe i dumy,Alexander Herzen,1870,false,,openlibrary,https://openlibrary.org/works/OL1256661W,en,"merged from 1 source rows (openlibrary); author death year from Wikidata (Q201221); PD via life+70 rule (death year 1870 + 71 <= 2026), independent of publication year; publication year (1921) discarded as implausible (>50 years after author's death, likely a modern reprint/collected edition indexed by Open Library as 'first publish year'); needs manual research"
byzantium-after-byzantium__nicolae-iorga__unk,Byzantium after Byzantium,Nicolae Iorga,1940,false,,openlibrary,https://openlibrary.org/works/OL25914863W,en,"merged from 1 source rows (openlibrary); author death year from Wikidata (Q313581); PD via life+70 rule (death year 1940 + 71 <= 2026), independent of publication year; publication year (2022) discarded as implausible (>50 years after author's death, likely a modern reprint/collected edition indexed by Open Library as 'first publish year'); needs manual research"
buchlein-vom-leben-nach-dem-tode__gustav-fechner__1882,Büchlein vom Leben nach dem Tode,Gustav Fechner,1887,false,1882,openlibrary,https://openlibrary.org/works/OL3979618W,en,"merged from 1 source rows (openlibrary); author death year from Wikidata (Q76881); PD via life+70 rule (death year 1887 + 71 <= 2026), independent of publication year"
buf-i-kur__sadegh-hedayat__1957,Būf-i kūr,Sadegh Hedayat,1951,false,1957,openlibrary,https://openlibrary.org/works/OL135791W,en,"merged from 1 source rows (openlibrary); author death year from Wikidata (Q315017); PD via life+70 rule (death year 1951 + 71 <= 2026), independent of publication year"
c-iuli-caesari-commentariorum-de-bello-gallico-liber-ii__thomas-de-quincey__unk,C. Iuli Caesari commentariorum De bello Gallico liber II,Thomas De Quincey,1859,false,,openlibrary,https://openlibrary.org/works/OL1150489W,en,"merged from 1 source rows (openlibrary); author death year from Wikidata (Q317160); PD via life+70 rule (death year 1859 + 71 <= 2026), independent of publication year; publication year (1705) discarded post-merge as implausible (more than 100 years before death (1859), implausible for a single lifetime); needs manual research"
caesars-commentarii-de-bello-gallico__thomas-de-quincey__unk,Caesars Commentarii de bello Gallico,Thomas De Quincey,1859,false,,openlibrary,https://openlibrary.org/works/OL6286792W,en,"merged from 1 source rows (openlibrary); author death year from Wikidata (Q317160); PD via life+70 rule (death year 1859 + 71 <= 2026), independent of publication year; publication year (1478) discarded post-merge as implausible (more than 100 years before death (1859), implausible for a single lifetime); needs manual research"
calculus-made-easy-being-a-very-simplest-introduction-to-those-beautiful-methods-which-are-generally-called-by-the-terrifying-names-of-the-differential-calculus-and-the-integral-calculus__thompson-silvanus-p-silvanus-phillips__unk,Calculus Made Easy: Being a very-simplest introduction to those beautiful methods which are generally called by the terrifying names of the Differential Calculus and the Integral Calculus,"Thompson, Silvanus P. (Silvanus Phillips)",1916,false,,gutenberg,https://www.gutenberg.org/ebooks/33283,en,merged from 1 source rows (gutenberg); publication year not found via Open Library; needs manual research
calligrammes__guillaume-apollinaire__1918,Calligrammes,Guillaume Apollinaire,1918,false,1918,openlibrary,https://openlibrary.org/works/OL1259809W,en,"merged from 1 source rows (openlibrary); author death year from Wikidata (Q133855); PD via life+70 rule (death year 1918 + 71 <= 2026), independent of publication year"
cameron-of-lochiel__aubert-de-gaspe-philippe__unk,Cameron of Lochiel,"Aubert de Gaspé, Philippe",1871,false,,gutenberg,https://www.gutenberg.org/ebooks/53154,en,"merged from 1 source rows (gutenberg); Open Library match discarded: returned 1905, which is more than 5 years after author's death (1871) -- likely an indexed reprint rather than the original edition; needs manual research"
camille-la-dame-aux-camilias__dumas-alexandre__unk,Camille (La Dame aux Camilias),"Dumas, Alexandre",1895,false,,gutenberg,https://www.gutenberg.org/ebooks/1608,en,merged from 1 source rows (gutenberg); publication year not found via Open Library; needs manual research
campos-de-castilla__antonio-machado__1912,Campos de Castilla,Antonio Machado,1939,false,1912,openlibrary,https://openlibrary.org/works/OL1344024W,en,"merged from 1 source rows (openlibrary); author death year from Wikidata (Q243771); PD via life+70 rule (death year 1939 + 71 <= 2026), independent of publication year"
canada-and-the-war__william-lyon-mackenzie-king__1941,Canada and the war,William Lyon Mackenzie King,1950,false,1941,openlibrary,https://openlibrary.org/works/OL1177417W,en,"merged from 1 source rows (openlibrary); author death year from Wikidata (Q128633); PD via life+70 rule (death year 1950 + 71 <= 2026), independent of publication year"
canadian-perspectives-on-community-development__maurice-denis__unk,Canadian Perspectives on Community Development,Maurice Denis,1943,false,,openlibrary,https://openlibrary.org/works/OL26504665W,en,"merged from 1 source rows (openlibrary); author death year from Wikidata (Q440369); PD via life+70 rule (death year 1943 + 71 <= 2026), independent of publication year; publication year (2020) discarded as implausible (>50 years after author's death, likely a modern reprint/collected edition indexed by Open Library as 'first publish year'); needs manual research"
candide__voltaire__1746,Candide,Voltaire,,false,1746,openlibrary,https://openlibrary.org/works/OL100672W,en,merged from 1 source rows (openlibrary); pd_basis=pub_year<=1930
canne-al-vento__grazia-deledda__1913,Canne al vento,Grazia Deledda,1936,false,1913,openlibrary,https://openlibrary.org/works/OL1438050W,en,"merged from 1 source rows (openlibrary); author death year from Wikidata (Q7728); PD via life+70 rule (death year 1936 + 71 <= 2026), independent of publication year"
canto-a-mi-mismo__walt-whitman__1904,Canto a Mi Mismo,Walt Whitman,1892,false,1904,openlibrary,https://openlibrary.org/works/OL16362W,en,"merged from 1 source rows (openlibrary); author death year from Wikidata (Q81438); PD via life+70 rule (death year 1892 + 71 <= 2026), independent of publication year"
cantoni-il-volontario__giuseppe-garibaldi__unk,Cantoni il Volontario,Giuseppe Garibaldi,1882,false,,openlibrary,https://openlibrary.org/works/OL35764093W,en,"merged from 1 source rows (openlibrary); author death year from Wikidata (Q539); PD via life+70 rule (death year 1882 + 71 <= 2026), independent of publication year; publication year (2012) discarded as implausible (>50 years after author's death, likely a modern reprint/collected edition indexed by Open Library as 'first publish year'); needs manual research"
capitaine-fracasse__theophile-gautier__1860,Capitaine Fracasse,Théophile Gautier,1872,false,1860,openlibrary,https://openlibrary.org/works/OL10064W,en,"merged from 1 source rows (openlibrary); author death year from Wikidata (Q183713); PD via life+70 rule (death year 1872 + 71 <= 2026), independent of publication year"
captains-courageous__kipling-rudyard__1896,Captains Courageous,"Kipling, Rudyard",,false,1896,openlibrary,https://openlibrary.org/works/OL19842W,en,merged from 1 source rows (openlibrary); pd_basis=pub_year<=1930
captains-courageous__rudyard-kipling__1896,Captains Courageous,Rudyard Kipling,1936,false,1896,openlibrary,https://openlibrary.org/works/OL19842W,en,"merged from 1 source rows (openlibrary); author death year from Wikidata (Q34743); PD via life+70 rule (death year 1936 + 71 <= 2026), independent of publication year"
carl-larsson__carl-larsson__unk,Carl Larsson,Carl Larsson,1919,false,,openlibrary,https://openlibrary.org/works/OL2244952W,en,"merged from 1 source rows (openlibrary); author death year from Wikidata (Q187310); PD via life+70 rule (death year 1919 + 71 <= 2026), independent of publication year; publication year (1982) discarded as implausible (>50 years after author's death, likely a modern reprint/collected edition indexed by Open Library as 'first publish year'); needs manual research"
carl-spitzweg__carl-spitzweg__unk,Carl Spitzweg,Carl Spitzweg,1885,false,,openlibrary,https://openlibrary.org/works/OL9239588W,en,"merged from 1 source rows (openlibrary); author death year from Wikidata (Q164979); PD via life+70 rule (death year 1885 + 71 <= 2026), independent of publication year; publication year (1998) discarded as implausible (>50 years after author's death, likely a modern reprint/collected edition indexed by Open Library as 'first publish year'); needs manual research"
carmen__merimee-prosper__unk,Carmen,"Mérimée, Prosper",1870,false,,gutenberg,https://www.gutenberg.org/ebooks/2465,en,"merged from 1 source rows (gutenberg); Open Library match discarded: returned 1800, which predates author's birth year (1803) -- likely a mismatched search result; needs manual research"
carmen__prosper-merimee__1800,Carmen,Prosper Mérimée,1870,false,1800,openlibrary,https://openlibrary.org/works/OL694849W,en,"merged from 1 source rows (openlibrary); author death year from Wikidata (Q160333); PD via life+70 rule (death year 1870 + 71 <= 2026), independent of publication year"
carmilla__fanu-sheridan-le__1871,Carmilla,"Fanu, Sheridan Le",,false,1871,openlibrary,https://openlibrary.org/works/OL2895536W,en,merged from 1 source rows (openlibrary); pd_basis=pub_year<=1930
carolee-schneemann__david-strauss__unk,Carolee Schneemann,David Strauss,1874,false,,openlibrary,https://openlibrary.org/works/OL3354766W,en,"merged from 1 source rows (openlibrary); author death year from Wikidata (Q57219); PD via life+70 rule (death year 1874 + 71 <= 2026), independent of publication year; publication year (1982) discarded as implausible (>50 years after author's death, likely a modern reprint/collected edition indexed by Open Library as 'first publish year'); needs manual research"
casanovas-heimfahrt__arthur-schnitzler__1900,Casanovas Heimfahrt,Arthur Schnitzler,1931,false,1900,openlibrary,https://openlibrary.org/works/OL61425W,en,"merged from 1 source rows (openlibrary); author death year from Wikidata (Q44331); PD via life+70 rule (death year 1931 + 71 <= 2026), independent of publication year"
cassandra__lesya-ukrainka__unk,Cassandra,Lesya Ukrainka,1913,false,,openlibrary,https://openlibrary.org/works/OL28801823W,en,"merged from 1 source rows (openlibrary); author death year from Wikidata (Q298033); PD via life+70 rule (death year 1913 + 71 <= 2026), independent of publication year; publication year (2023) discarded as implausible (>50 years after author's death, likely a modern reprint/collected edition indexed by Open Library as 'first publish year'); needs manual research"
castles-of-ireland-some-fortress-histories-and-legends__louisa-adams__unk,Castles of Ireland; Some Fortress Histories and Legends,Louisa Adams,1852,false,,openlibrary,https://openlibrary.org/works/OL24383117W,en,"merged from 1 source rows (openlibrary); author death year from Wikidata (Q233660); PD via life+70 rule (death year 1852 + 71 <= 2026), independent of publication year; publication year (2008) discarded as implausible (>50 years after author's death, likely a modern reprint/collected edition indexed by Open Library as 'first publish year'); needs manual research"
catalogue-systematique-du-cabinet-d-ornithologie-et-de-la-collection-de-quadrumanes__coenraad-jacob-temminck__unk,Catalogue Systématique du Cabinet d'Ornithologie et de la Collection de Quadrumanes,Coenraad Jacob Temminck,1858,false,,openlibrary,https://openlibrary.org/works/OL37728703W,en,"merged from 1 source rows (openlibrary); author death year from Wikidata (Q31621); PD via life+70 rule (death year 1858 + 71 <= 2026), independent of publication year; publication year (2023) discarded as implausible (>50 years after author's death, likely a modern reprint/collected edition indexed by Open Library as 'first publish year'); needs manual research"
catalonia-spain-europe-and-latin-america__pompeu-fabra__1995,"Catalonia, Spain, Europe, and Latin America",Pompeu Fabra,1948,false,1995,openlibrary,https://openlibrary.org/works/OL2950816W,en,"merged from 1 source rows (openlibrary); author death year from Wikidata (Q379785); PD via life+70 rule (death year 1948 + 71 <= 2026), independent of publication year"
catriona__stevenson-robert-louis__1892,Catriona,"Stevenson, Robert Louis",1894,false,1892,gutenberg,https://www.gutenberg.org/ebooks/589,en,merged from 1 source rows (gutenberg); publication year via Open Library (earliest edition found; not independently verified)
causeries-du-lundi__charles-augustin-sainte-beuve__1840,Causeries du lundi,Charles-Augustin Sainte-Beuve,1869,false,1840,openlibrary,https://openlibrary.org/works/OL1329890W,en,"merged from 1 source rows (openlibrary); author death year from Wikidata (Q1063392); PD via life+70 rule (death year 1869 + 71 <= 2026), independent of publication year"
celebrated-crimes-complete__dumas-alexandre__unk,Celebrated Crimes (Complete),"Dumas, Alexandre",1870,false,,gutenberg,https://www.gutenberg.org/ebooks/2760,en,"merged from 1 source rows (gutenberg); Open Library match discarded: returned 2003, which is more than 5 years after author's death (1870) -- likely an indexed reprint rather than the original edition; needs manual research"
cellular-pathology-as-based-upon-physiological-and-pathological-histology__rudolf-virchow__1859,Cellular pathology as based upon physiological and pathological histology,Rudolf Virchow,1902,false,1859,openlibrary,https://openlibrary.org/works/OL1426422W,en,"merged from 1 source rows (openlibrary); author death year from Wikidata (Q76432); PD via life+70 rule (death year 1902 + 71 <= 2026), independent of publication year"
cellular-pathology-as-based-upon-physiological-and-pathological-histology-20-lectures-delivered-in-the-pathological-institute-of-berlin-during-feb-mar-and-apr-1858__rudolf-virchow__unk,"Cellular Pathology As Based upon Physiological and Pathological Histology, 20 Lectures Delivered in the Pathological Institute of Berlin, During Feb. Mar. and Apr. 1858",Rudolf Virchow,1902,false,,openlibrary,https://openlibrary.org/works/OL28477106W,en,"merged from 1 source rows (openlibrary); author death year from Wikidata (Q76432); PD via life+70 rule (death year 1902 + 71 <= 2026), independent of publication year; publication year (2018) discarded as implausible (>50 years after author's death, likely a modern reprint/collected edition indexed by Open Library as 'first publish year'); needs manual research"
cenci__antonin-artaud__1969,Cenci,Antonin Artaud,1948,false,1969,openlibrary,https://openlibrary.org/works/OL794772W,en,"merged from 1 source rows (openlibrary); author death year from Wikidata (Q187166); PD via life+70 rule (death year 1948 + 71 <= 2026), independent of publication year"
chaliapin-man-and-mask__feodor-chaliapin__1932,"Chaliapin, man and mask",Feodor Chaliapin,1938,false,1932,openlibrary,https://openlibrary.org/works/OL1278636W,en,"merged from 1 source rows (openlibrary); author death year from Wikidata (Q189164); PD via life+70 rule (death year 1938 + 71 <= 2026), independent of publication year"
chambers-s-edinburgh-journal-no-452-volume-18-new-series-august-28-1852__various__unk,"Chambers's Edinburgh Journal, No. 452: Volume 18, New Series, August 28, 1852",Various,,false,,gutenberg,https://www.gutenberg.org/ebooks/22187,en,merged from 1 source rows (gutenberg); publication year not found via Open Library; needs manual research; author death year unknown (Gutendex has no record)
changeling-and-other-stories__byrne-donn__1920,"Changeling, and Other Stories","Byrne, Donn",1928,false,1920,gutenberg,https://www.gutenberg.org/ebooks/59892,en,merged from 1 source rows (gutenberg); publication year via Open Library (earliest edition found; not independently verified)
chants-de-maldoror__comte-de-lautreamont__unk,Chants de Maldoror,Comte de Lautréamont,1870,false,,openlibrary,https://openlibrary.org/works/OL3065831W,en,"merged from 1 source rows (openlibrary); author death year from Wikidata (Q294181); PD via life+70 rule (death year 1870 + 71 <= 2026), independent of publication year; publication year (1970) discarded as implausible (>50 years after author's death, likely a modern reprint/collected edition indexed by Open Library as 'first publish year'); needs manual research"
character-opinion-in-the-united-states__george-santayana__1920,Character & opinion in the United States,George Santayana,1952,false,1920,openlibrary,https://openlibrary.org/works/OL1862195W,en,"merged from 1 source rows (openlibrary); author death year from Wikidata (Q237833); PD via life+70 rule (death year 1952 + 71 <= 2026), independent of publication year"
charlotte-temple__rowson-mrs-susanna-haswell__1794,Charlotte Temple,"Rowson, Mrs. Susanna (Haswell)",,false,1794,openlibrary,https://openlibrary.org/works/OL1487362W,en,merged from 1 source rows (openlibrary); pd_basis=pub_year<=1930
charm-of-egypt__filippo-tommaso-marinetti__unk,Charm of Egypt,Filippo Tommaso Marinetti,1944,false,,openlibrary,https://openlibrary.org/works/OL25457702W,en,"merged from 1 source rows (openlibrary); author death year from Wikidata (Q216582); PD via life+70 rule (death year 1944 + 71 <= 2026), independent of publication year; publication year (2020) discarded as implausible (>50 years after author's death, likely a modern reprint/collected edition indexed by Open Library as 'first publish year'); needs manual research"
charmes__paul-valery__1922,Charmes,Paul Valéry,1945,false,1922,openlibrary,https://openlibrary.org/works/OL741192W,en,"merged from 1 source rows (openlibrary); author death year from Wikidata (Q200639); PD via life+70 rule (death year 1945 + 71 <= 2026), independent of publication year"
chatham-his-early-life-and-connections__archibald-primrose-5th-earl-of-rosebery__1922,"Chatham, his early life and connections","Archibald Primrose, 5th Earl of Rosebery",1929,false,1922,openlibrary,https://openlibrary.org/works/OL18437226W,en,"merged from 1 source rows (openlibrary); author death year from Wikidata (Q244620); PD via life+70 rule (death year 1929 + 71 <= 2026), independent of publication year"
chatterton__alfred-de-vigny__1835,Chatterton,Alfred de Vigny,1863,false,1835,openlibrary,https://openlibrary.org/works/OL2238295W,en,"merged from 1 source rows (openlibrary); author death year from Wikidata (Q309702); PD via life+70 rule (death year 1863 + 71 <= 2026), independent of publication year"
chaucer-s-works-volume-2-boethius-and-troilus__chaucer-geoffrey__unk,"Chaucer's Works, Volume 2 — Boethius and Troilus","Chaucer, Geoffrey",1400,false,,gutenberg,https://www.gutenberg.org/ebooks/44833,en,merged from 1 source rows (gutenberg); publication year not found via Open Library; needs manual research
chetyre-rasskaza__isaak-babel__1981,Chetyre rasskaza,Isaak Babel,1940,false,1981,openlibrary,https://openlibrary.org/works/OL15392089W,en,"merged from 1 source rows (openlibrary); author death year from Wikidata (Q49080); PD via life+70 rule (death year 1940 + 71 <= 2026), independent of publication year"
child-of-storm__haggard-h-rider__1911,Child of Storm,"Haggard, H. Rider",,false,1911,openlibrary,https://openlibrary.org/works/OL17445W,en,merged from 1 source rows (openlibrary); pd_basis=pub_year<=1930
childe-harold-s-pilgrimage__byron-george-gordon-byron-baron__1800,Childe Harold's Pilgrimage,"Byron, George Gordon Byron, Baron",1824,false,1800,gutenberg,https://www.gutenberg.org/ebooks/5131,en,merged from 1 source rows (gutenberg); publication year via Open Library (earliest edition found; not independently verified)
children-of-the-frost__london-jack__1800,Children of the Frost,"London, Jack",,false,1800,openlibrary,https://openlibrary.org/works/OL144813W,en,merged from 1 source rows (openlibrary); pd_basis=pub_year<=1930
children-of-the-whirlwind__scott-leroy__1921,Children of the Whirlwind,"Scott, Leroy",1929,false,1921,gutenberg,https://www.gutenberg.org/ebooks/3321,en,merged from 1 source rows (gutenberg); publication year via Open Library (earliest edition found; not independently verified)
children-s-phantasies__otto-weininger__unk,Children's Phantasies,Otto Weininger,1903,false,,openlibrary,https://openlibrary.org/works/OL25111144W,en,"merged from 1 source rows (openlibrary); author death year from Wikidata (Q78513); PD via life+70 rule (death year 1903 + 71 <= 2026), independent of publication year; publication year (1989) discarded as implausible (>50 years after author's death, likely a modern reprint/collected edition indexed by Open Library as 'first publish year'); needs manual research"
choix-de-poesies__charles-marie-rene-leconte-de-lisle__1936,Choix de poésies,Charles Marie René Leconte de Lisle,1894,false,1936,openlibrary,https://openlibrary.org/works/OL4412960W,en,"merged from 1 source rows (openlibrary); author death year from Wikidata (Q309704); PD via life+70 rule (death year 1894 + 71 <= 2026), independent of publication year"
chortova-kukla__zinaida-gippius__1972,Chortova kukla,Zinaida Gippius,1945,false,1972,openlibrary,https://openlibrary.org/works/OL33503365W,en,"merged from 1 source rows (openlibrary); author death year from Wikidata (Q61940); PD via life+70 rule (death year 1945 + 71 <= 2026), independent of publication year"
christ-the-caesars__bruno-bauer__unk,Christ & the Caesars,Bruno Bauer,1882,false,,openlibrary,https://openlibrary.org/works/OL2028455W,en,"merged from 1 source rows (openlibrary); author death year from Wikidata (Q76878); PD via life+70 rule (death year 1882 + 71 <= 2026), independent of publication year; publication year (1998) discarded as implausible (>50 years after author's death, likely a modern reprint/collected edition indexed by Open Library as 'first publish year'); needs manual research"
christianity-as-mystical-fact-and-the-mysteries-at-antiquity__rudolf-steiner__1902,Christianity as mystical fact and the mysteries at antiquity. --,Rudolf Steiner,1925,false,1902,openlibrary,https://openlibrary.org/works/OL617981W,en,"merged from 1 source rows (openlibrary); author death year from Wikidata (Q78484); PD via life+70 rule (death year 1925 + 71 <= 2026), independent of publication year"
chronicles-of-avonlea__montgomery-lucy-maud__1912,Chronicles of Avonlea,"Montgomery, Lucy Maud",,false,1912,openlibrary,https://openlibrary.org/works/OL77788W,en,merged from 1 source rows (openlibrary); pd_basis=pub_year<=1930
chto-delat__nikolay-chernyshevsky__1863,Chto delatʹ?,Nikolay Chernyshevsky,1889,false,1863,openlibrary,https://openlibrary.org/works/OL1249891W,en,"merged from 1 source rows (openlibrary); author death year from Wikidata (Q192331); PD via life+70 rule (death year 1889 + 71 <= 2026), independent of publication year"
cheri__colette__1900,Chéri,Colette,1954,false,1900,openlibrary,https://openlibrary.org/works/OL1184871W,en,"merged from 1 source rows (openlibrary); author death year from Wikidata (Q218679); PD via life+70 rule (death year 1954 + 71 <= 2026), independent of publication year"
chopi__wadysaw-reymont__1900,Chłopi,Władysław Reymont,1925,false,1900,openlibrary,https://openlibrary.org/works/OL737772W,en,"merged from 1 source rows (openlibrary); author death year from Wikidata (Q121180); PD via life+70 rule (death year 1925 + 71 <= 2026), independent of publication year"
cicero-s-tusculan-disputations-also-treatises-on-the-nature-of-the-gods-and-on-the-commonwealth__cicero-marcus-tullius__unk,"Cicero's Tusculan Disputations: Also, Treatises On The Nature Of The Gods, And On The Commonwealth","Cicero, Marcus Tullius",-43,false,,gutenberg,https://www.gutenberg.org/ebooks/14988,en,"merged from 1 source rows (gutenberg); classical/ancient work (author died before 1400) -- original composition predates reliable publication-year records, not looked up automatically; needs manual research"
cimetiere-marin__paul-valery__1940,Cimetière marin,Paul Valéry,1945,false,1940,openlibrary,https://openlibrary.org/works/OL741193W,en,"merged from 1 source rows (openlibrary); author death year from Wikidata (Q200639); PD via life+70 rule (death year 1945 + 71 <= 2026), independent of publication year"
cinq-mars__alfred-de-vigny__1800,Cinq-Mars,Alfred de Vigny,1863,false,1800,openlibrary,https://openlibrary.org/works/OL2238296W,en,"merged from 1 source rows (openlibrary); author death year from Wikidata (Q309702); PD via life+70 rule (death year 1863 + 71 <= 2026), independent of publication year"
cite-des-eaux__henri-de-regnier__unk,Cité des Eaux,Henri de Régnier,1936,false,,openlibrary,https://openlibrary.org/works/OL36059832W,en,"merged from 1 source rows (openlibrary); author death year from Wikidata (Q561510); PD via life+70 rule (death year 1936 + 71 <= 2026), independent of publication year; publication year (2012) discarded as implausible (>50 years after author's death, likely a modern reprint/collected edition indexed by Open Library as 'first publish year'); needs manual research"
civil-disobedience__henry-david-thoreau__1800,Civil Disobedience,Henry David Thoreau,1862,false,1800,openlibrary,https://openlibrary.org/works/OL55631W,en,"merged from 1 source rows (openlibrary); author death year from Wikidata (Q131149); PD via life+70 rule (death year 1862 + 71 <= 2026), independent of publication year"
clara-zetkin__clara-zetkin__unk,Clara Zetkin,Clara Zetkin,1933,false,,openlibrary,https://openlibrary.org/works/OL8374791W,en,"merged from 1 source rows (openlibrary); author death year from Wikidata (Q75823); PD via life+70 rule (death year 1933 + 71 <= 2026), independent of publication year; publication year (1984) discarded as implausible (>50 years after author's death, likely a modern reprint/collected edition indexed by Open Library as 'first publish year'); needs manual research"
classical-essays-on-the-development-of-the-russian-art-song__cesar-cui__unk,Classical essays on the development of the Russian art song,César Cui,1918,false,,openlibrary,https://openlibrary.org/works/OL16232597W,en,"merged from 1 source rows (openlibrary); author death year from Wikidata (Q208546); PD via life+70 rule (death year 1918 + 71 <= 2026), independent of publication year; publication year (1993) discarded as implausible (>50 years after author's death, likely a modern reprint/collected edition indexed by Open Library as 'first publish year'); needs manual research"
clelia-ovvero-il-governo-dei-preti__giuseppe-garibaldi__unk,"Clelia, ovvero, Il governo dei preti",Giuseppe Garibaldi,1882,false,,openlibrary,https://openlibrary.org/works/OL31888359W,en,"merged from 1 source rows (openlibrary); author death year from Wikidata (Q539); PD via life+70 rule (death year 1882 + 71 <= 2026), independent of publication year; publication year (2016) discarded as implausible (>50 years after author's death, likely a modern reprint/collected edition indexed by Open Library as 'first publish year'); needs manual research"
cleopatra__haggard-h-rider__1881,Cleopatra,"Haggard, H. Rider",,false,1881,openlibrary,https://openlibrary.org/works/OL17531W,en,merged from 1 source rows (openlibrary); pd_basis=pub_year<=1930
cocina-futurista-la-una-comida-que-evito-el-suicidio__filippo-tommaso-marinetti__1932,"Cocina Futurista, La - Una Comida Que Evito El Suicidio",Filippo Tommaso Marinetti,1944,false,1932,openlibrary,https://openlibrary.org/works/OL691433W,en,"merged from 1 source rows (openlibrary); author death year from Wikidata (Q216582); PD via life+70 rule (death year 1944 + 71 <= 2026), independent of publication year"
colas-breugnon__romain-rolland__1919,Colas Breugnon,Romain Rolland,1944,false,1919,openlibrary,https://openlibrary.org/works/OL68140W,en,"merged from 1 source rows (openlibrary); author death year from Wikidata (Q47162); PD via life+70 rule (death year 1944 + 71 <= 2026), independent of publication year"
collected-poems-1934-1952__dylan-thomas__1952,"Collected Poems, 1934-1952",Dylan Thomas,1953,false,1952,openlibrary,https://openlibrary.org/works/OL18466944W,en,"merged from 1 source rows (openlibrary); author death year from Wikidata (Q191023); PD via life+70 rule (death year 1953 + 71 <= 2026), independent of publication year"
collected-works-of-padraic-h-pearse__patrick-pearse__1910,Collected works of Pádraic H. Pearse,Patrick Pearse,1916,false,1910,openlibrary,https://openlibrary.org/works/OL2320446W,en,"merged from 1 source rows (openlibrary); author death year from Wikidata (Q274143); PD via life+70 rule (death year 1916 + 71 <= 2026), independent of publication year"
collected-works-of-velimir-khlebnikov__velimir-khlebnikov__unk,Collected Works of Velimir Khlebnikov,Velimir Khlebnikov,1922,false,,openlibrary,https://openlibrary.org/works/OL2453149W,en,"merged from 1 source rows (openlibrary); author death year from Wikidata (Q35733); PD via life+70 rule (death year 1922 + 71 <= 2026), independent of publication year; publication year (1987) discarded as implausible (>50 years after author's death, likely a modern reprint/collected edition indexed by Open Library as 'first publish year'); needs manual research"
collection-des-memoires-relatifs-a-l-histoire-de-france__francois-guizot__1823,Collection des mémoires relatifs à l'histoire de France,François Guizot,1874,false,1823,openlibrary,https://openlibrary.org/works/OL1152648W,en,"merged from 1 source rows (openlibrary); author death year from Wikidata (Q157324); PD via life+70 rule (death year 1874 + 71 <= 2026), independent of publication year"
color-images-from-mars-rovers-spirit-and-opportunity__webster-bob__unk,Color Images from Mars Rovers: Spirit and Opportunity,"Webster, Bob",,false,,gutenberg,https://www.gutenberg.org/ebooks/12082,en,merged from 1 source rows (gutenberg); publication year not found via Open Library; needs manual research; author death year unknown (Gutendex has no record)
colour-science__wilhelm-ostwald__1925,Colour science,Wilhelm Ostwald,1932,false,1925,openlibrary,https://openlibrary.org/works/OL12059473W,en,"merged from 1 source rows (openlibrary); author death year from Wikidata (Q12658); PD via life+70 rule (death year 1932 + 71 <= 2026), independent of publication year"
commentarii-de-bello-gallico-et-de-bello-civili__karl-kraus__unk,Commentarii de bello gallico et de bello civili,Karl Kraus,1936,false,,openlibrary,https://openlibrary.org/works/OL1150547W,en,"merged from 1 source rows (openlibrary); author death year from Wikidata (Q44328); PD via life+70 rule (death year 1936 + 71 <= 2026), independent of publication year; publication year (1471) discarded post-merge as implausible (more than 100 years before death (1936), implausible for a single lifetime); needs manual research"
community-and-society__ferdinand-tonnies__1977,Community and Society,Ferdinand Tönnies,1936,false,1977,openlibrary,https://openlibrary.org/works/OL8253344W,en,"merged from 1 source rows (openlibrary); author death year from Wikidata (Q21163); PD via life+70 rule (death year 1936 + 71 <= 2026), independent of publication year"
compendium-of-the-comparative-grammar-of-the-indo-european-sanskrit-greek-and-latin-languages__august-schleicher__unk,"Compendium of the Comparative Grammar of the Indo-European, Sanskrit, Greek and Latin Languages",August Schleicher,1868,false,,openlibrary,https://openlibrary.org/works/OL21095767W,en,"merged from 1 source rows (openlibrary); author death year from Wikidata (Q76686); PD via life+70 rule (death year 1868 + 71 <= 2026), independent of publication year; publication year (2014) discarded as implausible (>50 years after author's death, likely a modern reprint/collected edition indexed by Open Library as 'first publish year'); needs manual research"
complete-prose-works-specimen-days-and-collect-november-boughs-and-goodbye-my-fancy__whitman-walt__unk,"Complete Prose Works: Specimen Days and Collect, November Boughs and Goodbye My Fancy","Whitman, Walt",1892,false,,gutenberg,https://www.gutenberg.org/ebooks/8813,en,"merged from 1 source rows (gutenberg); Open Library match discarded: returned 2022, which is more than 5 years after author's death (1892) -- likely an indexed reprint rather than the original edition; needs manual research"
complete-short-works-of-george-meredith__meredith-george__unk,Complete Short Works of George Meredith,"Meredith, George",1909,false,,gutenberg,https://www.gutenberg.org/ebooks/4499,en,"merged from 1 source rows (gutenberg); Open Library match discarded: returned 2006, which is more than 5 years after author's death (1909) -- likely an indexed reprint rather than the original edition; needs manual research"
computing-and-philosophy-in-asia__chulalongkorn__unk,Computing and philosophy in Asia,Chulalongkorn,1910,false,,openlibrary,https://openlibrary.org/works/OL12863187W,en,"merged from 1 source rows (openlibrary); author death year from Wikidata (Q158861); PD via life+70 rule (death year 1910 + 71 <= 2026), independent of publication year; publication year (2007) discarded as implausible (>50 years after author's death, likely a modern reprint/collected edition indexed by Open Library as 'first publish year'); needs manual research"
comedies-et-proverbes__alfred-de-musset__1840,Comédies et proverbes,Alfred de Musset,1857,false,1840,openlibrary,https://openlibrary.org/works/OL15311049W,en,"merged from 1 source rows (openlibrary); author death year from Wikidata (Q179680); PD via life+70 rule (death year 1857 + 71 <= 2026), independent of publication year"
concerning-the-spiritual-in-art__wassily-kandinsky__1966,Concerning the Spiritual in Art,Wassily Kandinsky,1944,false,1966,openlibrary,https://openlibrary.org/works/OL27089344W,en,"merged from 1 source rows (openlibrary); author death year from Wikidata (Q61064); PD via life+70 rule (death year 1944 + 71 <= 2026), independent of publication year"
confession-of-zeno__italo-svevo__1930,Confession of Zeno,Italo Svevo,1928,false,1930,openlibrary,https://openlibrary.org/works/OL2276498W,en,"merged from 1 source rows (openlibrary); author death year from Wikidata (Q216478); PD via life+70 rule (death year 1928 + 71 <= 2026), independent of publication year"
confessions-of-a-french-catholic-priest__samuel-finley-breese-morse__unk,Confessions of a French Catholic Priest,Samuel Finley Breese Morse,1872,false,,openlibrary,https://openlibrary.org/works/OL24455617W,en,"merged from 1 source rows (openlibrary); author death year from Wikidata (Q75698); PD via life+70 rule (death year 1872 + 71 <= 2026), independent of publication year; publication year (2018) discarded as implausible (>50 years after author's death, likely a modern reprint/collected edition indexed by Open Library as 'first publish year'); needs manual research"
confessions-of-an-actor__john-barrymore__1926,Confessions of an actor,John Barrymore,1942,false,1926,openlibrary,https://openlibrary.org/works/OL7304005W,en,"merged from 1 source rows (openlibrary); author death year from Wikidata (Q95034); PD via life+70 rule (death year 1942 + 71 <= 2026), independent of publication year"
confessions-of-an-english-opium-eater__thomas-de-quincey__1822,Confessions of an English opium eater,Thomas De Quincey,1859,false,1822,openlibrary,https://openlibrary.org/works/OL46720W,en,"merged from 1 source rows (openlibrary); author death year from Wikidata (Q317160); PD via life+70 rule (death year 1859 + 71 <= 2026), independent of publication year"
confessions-of-an-english-opium-eater__de-quincey-thomas__1821,Confessions of an English Opium-Eater,"De Quincey, Thomas",1859,false,1821,gutenberg,https://www.gutenberg.org/ebooks/2040,en,merged from 1 source rows (gutenberg); publication year via Open Library (earliest edition found; not independently verified)
conrad-der-leutnant__carl-spitteler__unk,Conrad der Leutnant,Carl Spitteler,1924,false,,openlibrary,https://openlibrary.org/works/OL36066509W,en,"merged from 1 source rows (openlibrary); author death year from Wikidata (Q226525); PD via life+70 rule (death year 1924 + 71 <= 2026), independent of publication year; publication year (2011) discarded as implausible (>50 years after author's death, likely a modern reprint/collected edition indexed by Open Library as 'first publish year'); needs manual research"
constitutional-equality__victoria-woodhull__1871,Constitutional equality,Victoria Woodhull,1927,false,1871,openlibrary,https://openlibrary.org/works/OL2499953W,en,"merged from 1 source rows (openlibrary); author death year from Wikidata (Q260378); PD via life+70 rule (death year 1927 + 71 <= 2026), independent of publication year"
consuelo__george-sand__1842,Consuelo,George Sand,1876,false,1842,openlibrary,https://openlibrary.org/works/OL982015W,en,"merged from 1 source rows (openlibrary); author death year from Wikidata (Q3816); PD via life+70 rule (death year 1876 + 71 <= 2026), independent of publication year"
conversaciones-con-madrilenos__manuel-azana__1974,Conversaciones con madrileños,Manuel Azaña,1940,false,1974,openlibrary,https://openlibrary.org/works/OL4193077W,en,"merged from 1 source rows (openlibrary); author death year from Wikidata (Q203708); PD via life+70 rule (death year 1940 + 71 <= 2026), independent of publication year"
corinne__charles-augustin-sainte-beuve__1786,Corinne,Charles-Augustin Sainte-Beuve,1869,false,1786,openlibrary,https://openlibrary.org/works/OL1743567W,en,"merged from 1 source rows (openlibrary); author death year from Wikidata (Q1063392); PD via life+70 rule (death year 1869 + 71 <= 2026), independent of publication year"
coriolanus__shakespeare-william__1734,Coriolanus,"Shakespeare, William",,false,1734,openlibrary,https://openlibrary.org/works/OL362166W,en,merged from 1 source rows (openlibrary); pd_basis=pub_year<=1930
correspondance__paul-claudel__1952,Correspondance,Paul Claudel,1955,false,1952,openlibrary,https://openlibrary.org/works/OL1098874W,en,"merged from 1 source rows (openlibrary); author death year from Wikidata (Q295830); PD via life+70 rule (death year 1955 + 71 <= 2026), independent of publication year"
correspondence__hector-berlioz__1844,Correspondence,Hector Berlioz,1869,false,1844,openlibrary,https://openlibrary.org/works/OL1097991W,en,"merged from 1 source rows (openlibrary); author death year from Wikidata (Q1151); PD via life+70 rule (death year 1869 + 71 <= 2026), independent of publication year"
correspondence-of-fraulein-gunderode-and-bettine-von-arnim__bettina-von-arnim__unk,Correspondence of Fräulein Günderode and Bettine Von Arnim,Bettina von Arnim,1859,false,,openlibrary,https://openlibrary.org/works/OL24358268W,en,"merged from 1 source rows (openlibrary); author death year from Wikidata (Q57236); PD via life+70 rule (death year 1859 + 71 <= 2026), independent of publication year; publication year (2018) discarded as implausible (>50 years after author's death, likely a modern reprint/collected edition indexed by Open Library as 'first publish year'); needs manual research"
corsaro-nero__emilio-salgari__unk,Corsaro Nero,Emilio Salgari,1911,false,,openlibrary,https://openlibrary.org/works/OL41295204W,en,"merged from 1 source rows (openlibrary); author death year from Wikidata (Q309786); PD via life+70 rule (death year 1911 + 71 <= 2026), independent of publication year; publication year (2016) discarded as implausible (>50 years after author's death, likely a modern reprint/collected edition indexed by Open Library as 'first publish year'); needs manual research"
cosima__grazia-deledda__1937,Cosima,Grazia Deledda,1936,false,1937,openlibrary,https://openlibrary.org/works/OL1438044W,en,"merged from 1 source rows (openlibrary); author death year from Wikidata (Q7728); PD via life+70 rule (death year 1936 + 71 <= 2026), independent of publication year"
cosmopolis__paul-bourget__unk,Cosmopolis,Paul Bourget,1935,false,,openlibrary,https://openlibrary.org/works/OL1545303W,en,"merged from 1 source rows (openlibrary); author death year from Wikidata (Q198644); PD via life+70 rule (death year 1935 + 71 <= 2026), independent of publication year; publication year (1800) discarded post-merge as implausible (more than 100 years before death (1935), implausible for a single lifetime); needs manual research"
cosmos__alexander-von-humboldt__1845,Cosmos,Alexander von Humboldt,1859,false,1845,openlibrary,https://openlibrary.org/works/OL1554090W,en,"merged from 1 source rows (openlibrary); author death year from Wikidata (Q6694); PD via life+70 rule (death year 1859 + 71 <= 2026), independent of publication year"
costantinopoli__edmondo-de-amicis__1878,Costantinopoli,Edmondo de Amicis,1908,false,1878,openlibrary,https://openlibrary.org/works/OL863012W,en,"merged from 1 source rows (openlibrary); author death year from Wikidata (Q240576); PD via life+70 rule (death year 1908 + 71 <= 2026), independent of publication year"
course-of-six-lectures-on-the-chemical-history-of-a-candle__michael-faraday__1861,Course of six lectures on the chemical history of a candle,Michael Faraday,1867,false,1861,openlibrary,https://openlibrary.org/works/OL2008500W,en,"merged from 1 source rows (openlibrary); author death year from Wikidata (Q8750); PD via life+70 rule (death year 1867 + 71 <= 2026), independent of publication year"
cranford__elizabeth-gaskell__1853,Cranford,Elizabeth Gaskell,1865,false,1853,openlibrary,https://openlibrary.org/works/OL1103093W,en,"merged from 1 source rows (openlibrary); author death year from Wikidata (Q229226); PD via life+70 rule (death year 1865 + 71 <= 2026), independent of publication year"
cranford__gaskell-elizabeth-cleghorn__1853,Cranford,"Gaskell, Elizabeth Cleghorn",1865,false,1853,gutenberg+openlibrary,https://www.gutenberg.org/ebooks/394,en,merged from 2 source rows (gutenberg+openlibrary); publication year via Open Library (earliest edition found; not independently verified); pd_basis=pub_year<=1930
cranford__washington-irving__1853,Cranford,Washington Irving,1859,false,1853,openlibrary,https://openlibrary.org/works/OL1103093W,en,"merged from 1 source rows (openlibrary); author death year from Wikidata (Q181667); PD via life+70 rule (death year 1859 + 71 <= 2026), independent of publication year"
crime-and-punishment__dostoyevsky-fyodor__1866,Crime and Punishment,"Dostoyevsky, Fyodor",1881,false,1866,gutenberg,https://www.gutenberg.org/ebooks/2554,en,merged from 1 source rows (gutenberg); publication year via Open Library (earliest edition found; not independently verified)
criminal__havelock-ellis__unk,Criminal,Havelock Ellis,1939,false,,openlibrary,https://openlibrary.org/works/OL20751318W,en,"merged from 1 source rows (openlibrary); author death year from Wikidata (Q552983); PD via life+70 rule (death year 1939 + 71 <= 2026), independent of publication year; publication year (2014) discarded as implausible (>50 years after author's death, likely a modern reprint/collected edition indexed by Open Library as 'first publish year'); needs manual research"
crisis__karin-boye__unk,Crisis,Karin Boye,1941,false,,openlibrary,https://openlibrary.org/works/OL38050048W,en,"merged from 1 source rows (openlibrary); author death year from Wikidata (Q237413); PD via life+70 rule (death year 1941 + 71 <= 2026), independent of publication year; publication year (2020) discarded as implausible (>50 years after author's death, likely a modern reprint/collected edition indexed by Open Library as 'first publish year'); needs manual research"
crome-yellow__huxley-aldous__1921,Crome yellow,"Huxley, Aldous",,false,1921,openlibrary,https://openlibrary.org/works/OL64369W,en,merged from 1 source rows (openlibrary); pd_basis=pub_year<=1930
cromwell-communism__eduard-bernstein__1930,Cromwell & communism,Eduard Bernstein,1932,false,1930,openlibrary,https://openlibrary.org/works/OL1454748W,en,"merged from 1 source rows (openlibrary); author death year from Wikidata (Q75786); PD via life+70 rule (death year 1932 + 71 <= 2026), independent of publication year"
cruel-as-the-grave__southworth-emma-dorothy-eliza-nevitte__unk,Cruel as the grave,"Southworth, Emma Dorothy Eliza Nevitte",1899,false,,gutenberg,https://www.gutenberg.org/ebooks/23789,en,"merged from 1 source rows (gutenberg); Open Library match discarded: returned 1800, which predates author's birth year (1819) -- likely a mismatched search result; needs manual research"
cruel-tales__auguste-comte__1893,Cruel tales,Auguste Comte,1857,false,1893,openlibrary,https://openlibrary.org/works/OL827263W,en,"merged from 1 source rows (openlibrary); author death year from Wikidata (Q12718); PD via life+70 rule (death year 1857 + 71 <= 2026), independent of publication year"
cuore__edmondo-de-amicis__1828,Cuore,Edmondo de Amicis,1908,false,1828,openlibrary,https://openlibrary.org/works/OL863013W,en,"merged from 1 source rows (openlibrary); author death year from Wikidata (Q240576); PD via life+70 rule (death year 1908 + 71 <= 2026), independent of publication year"
curious-if-true__elizabeth-gaskell__unk,"Curious, if true",Elizabeth Gaskell,1865,false,,openlibrary,https://openlibrary.org/works/OL1103098W,en,"merged from 1 source rows (openlibrary); author death year from Wikidata (Q229226); PD via life+70 rule (death year 1865 + 71 <= 2026), independent of publication year; publication year (1995) discarded as implausible (>50 years after author's death, likely a modern reprint/collected edition indexed by Open Library as 'first publish year'); needs manual research"
custom__ferdinand-tonnies__1961,Custom,Ferdinand Tönnies,1936,false,1961,openlibrary,https://openlibrary.org/works/OL8253351W,en,"merged from 1 source rows (openlibrary); author death year from Wikidata (Q21163); PD via life+70 rule (death year 1936 + 71 <= 2026), independent of publication year"
cymbeline__shakespeare-william__1734,Cymbeline,"Shakespeare, William",,false,1734,openlibrary,https://openlibrary.org/works/OL258656W,en,merged from 1 source rows (openlibrary); pd_basis=pub_year<=1930
cynthia-s-chauffeur__tracy-louis__1910,Cynthia's Chauffeur,"Tracy, Louis",1928,false,1910,gutenberg,https://www.gutenberg.org/ebooks/31472,en,merged from 1 source rows (gutenberg); publication year via Open Library (earliest edition found; not independently verified)
cyrano-de-bergerac__edmond-rostand__1821,Cyrano de Bergerac,Edmond Rostand,1918,false,1821,openlibrary,https://openlibrary.org/works/OL551668W,en,"merged from 1 source rows (openlibrary); author death year from Wikidata (Q202749); PD via life+70 rule (death year 1918 + 71 <= 2026), independent of publication year"
cyrano-de-bergerac__rostand-edmond__1821,Cyrano de Bergerac,"Rostand, Edmond",,false,1821,openlibrary,https://openlibrary.org/works/OL551668W,en,merged from 1 source rows (openlibrary); pd_basis=pub_year<=1930
daddy-long-legs__webster-jean__1912,Daddy-Long-Legs,"Webster, Jean",,false,1912,openlibrary,https://openlibrary.org/works/OL4322177W,en,merged from 1 source rows (openlibrary); pd_basis=pub_year<=1930
dainty-s-cruel-rivals-or-the-fatal-birthday__miller-alex-mcveigh-mrs__unk,"Dainty's Cruel Rivals; Or, The Fatal Birthday","Miller, Alex. McVeigh, Mrs.",1937,false,,gutenberg,https://www.gutenberg.org/ebooks/31257,en,merged from 1 source rows (gutenberg); publication year not found via Open Library; needs manual research
dante-gabriel-rossetti__dante-gabriel-rossetti__1895,Dante Gabriel Rossetti,Dante Gabriel Rossetti,1882,false,1895,openlibrary,https://openlibrary.org/works/OL50046W,en,"merged from 1 source rows (openlibrary); author death year from Wikidata (Q186748); PD via life+70 rule (death year 1882 + 71 <= 2026), independent of publication year"
dark-forces__will-rogers__1980,Dark Forces,Will Rogers,1935,false,1980,openlibrary,https://openlibrary.org/works/OL8136624W,en,"merged from 1 source rows (openlibrary); author death year from Wikidata (Q457840); PD via life+70 rule (death year 1935 + 71 <= 2026), independent of publication year"
darkwater-voices-from-within-the-veil__du-bois-w-e-b-william-edward-burghardt__1920,Darkwater: Voices from Within the Veil,"Du Bois, W. E. B. (William Edward Burghardt)",1963,false,1920,gutenberg,https://www.gutenberg.org/ebooks/15210,en,merged from 1 source rows (gutenberg); publication year via Open Library (earliest edition found; not independently verified)
darwinism__alfred-russel-wallace__1889,Darwinism,Alfred Russel Wallace,1913,false,1889,openlibrary,https://openlibrary.org/works/OL1463200W,en,"merged from 1 source rows (openlibrary); author death year from Wikidata (Q160627); PD via life+70 rule (death year 1913 + 71 <= 2026), independent of publication year"
darwinism-tested-by-the-science-of-language__august-schleicher__unk,Darwinism Tested By The Science Of Language,August Schleicher,1868,false,,openlibrary,https://openlibrary.org/works/OL24481428W,en,"merged from 1 source rows (openlibrary); author death year from Wikidata (Q76686); PD via life+70 rule (death year 1868 + 71 <= 2026), independent of publication year; publication year (2017) discarded as implausible (>50 years after author's death, likely a modern reprint/collected edition indexed by Open Library as 'first publish year'); needs manual research"
das-gemeindekind__marie-von-ebner-eschenbach__1893,Das Gemeindekind,Marie von Ebner-Eschenbach,1916,false,1893,openlibrary,https://openlibrary.org/works/OL2138924W,en,"merged from 1 source rows (openlibrary); author death year from Wikidata (Q93525); PD via life+70 rule (death year 1916 + 71 <= 2026), independent of publication year"
das-haus-in-der-sonne__carl-larsson__1909,Das Haus in der Sonne,Carl Larsson,1919,false,1909,openlibrary,https://openlibrary.org/works/OL2244951W,en,"merged from 1 source rows (openlibrary); author death year from Wikidata (Q187310); PD via life+70 rule (death year 1919 + 71 <= 2026), independent of publication year"
das-kapital__karl-marx__1867,Das Kapital,Karl Marx,1883,false,1867,openlibrary,https://openlibrary.org/works/OL628450W,en,"merged from 1 source rows (openlibrary); author death year from Wikidata (Q9061); PD via life+70 rule (death year 1883 + 71 <= 2026), independent of publication year"
das-leben-der-josefine-mutzenbacher__felix-salten__1970,Das Leben der Josefine Mutzenbacher,Felix Salten,1945,false,1970,openlibrary,https://openlibrary.org/works/OL4459223W,en,"merged from 1 source rows (openlibrary); author death year from Wikidata (Q163747); PD via life+70 rule (death year 1945 + 71 <= 2026), independent of publication year"
das-lied-von-bernadette__franz-werfel__1941,Das Lied von Bernadette,Franz Werfel,1945,false,1941,openlibrary,https://openlibrary.org/works/OL1219874W,en,"merged from 1 source rows (openlibrary); author death year from Wikidata (Q78514); PD via life+70 rule (death year 1945 + 71 <= 2026), independent of publication year"
das-schachspiel-systematisches-lehrbuch-fur-anfanger-und-geubte__siegbert-tarrasch__1931,Das Schachspiel. Systematisches Lehrbuch für Anfänger und Geübte.,Siegbert Tarrasch,1934,false,1931,openlibrary,https://openlibrary.org/works/OL27998867W,en,"merged from 1 source rows (openlibrary); author death year from Wikidata (Q76558); PD via life+70 rule (death year 1934 + 71 <= 2026), independent of publication year"
das-schlo__franz-kafka__1926,Das Schloß,Franz Kafka,1924,false,1926,openlibrary,https://openlibrary.org/works/OL498434W,en,"merged from 1 source rows (openlibrary); author death year from Wikidata (Q905); PD via life+70 rule (death year 1924 + 71 <= 2026), independent of publication year"
das-unwahre-prinzip-unserer-erziehung-oder__max-stirner__unk,"Das unwahre Prinzip unserer Erziehung, oder",Max Stirner,1856,false,,openlibrary,https://openlibrary.org/works/OL1445806W,en,"merged from 1 source rows (openlibrary); author death year from Wikidata (Q76725); PD via life+70 rule (death year 1856 + 71 <= 2026), independent of publication year; publication year (1911) discarded as implausible (>50 years after author's death, likely a modern reprint/collected edition indexed by Open Library as 'first publish year'); needs manual research"
daughters-of-nijo-a-romance-of-japan__watanna-onoto__1904,Daughters of Nijo: A Romance of Japan,"Watanna, Onoto",1954,false,1904,gutenberg,https://www.gutenberg.org/ebooks/57763,en,merged from 1 source rows (gutenberg); publication year via Open Library (earliest edition found; not independently verified)
david-balfour__stevenson-robert-louis__1883,David Balfour,"Stevenson, Robert Louis",,false,1883,openlibrary,https://openlibrary.org/works/OL24163W,en,merged from 1 source rows (openlibrary); pd_basis=pub_year<=1930
david-copperfield__dickens-charles__1800,David Copperfield,"Dickens, Charles",1870,false,1800,gutenberg+openlibrary,https://www.gutenberg.org/ebooks/766,en,"merged from 2 source rows (gutenberg+openlibrary); Open Library match discarded: returned 1800, which predates author's birth year (1812) -- likely a mismatched search result; needs manual research; pd_basis=pub_year<=1930"
de-la-democratie-en-amerique__alexis-de-tocqueville__1835,De la démocratie en Amérique,Alexis de Tocqueville,1859,false,1835,openlibrary,https://openlibrary.org/works/OL278001W,en,"merged from 1 source rows (openlibrary); author death year from Wikidata (Q140694); PD via life+70 rule (death year 1859 + 71 <= 2026), independent of publication year"
de-la-democratie-en-amerique__john-stuart-mill__1835,De la démocratie en Amérique,John Stuart Mill,1873,false,1835,openlibrary,https://openlibrary.org/works/OL278001W,en,"merged from 1 source rows (openlibrary); author death year from Wikidata (Q50020); PD via life+70 rule (death year 1873 + 71 <= 2026), independent of publication year"
de-la-democratie-en-amerique__tocqueville-alexis-de__1835,De la démocratie en Amérique,"Tocqueville, Alexis de",,false,1835,openlibrary,https://openlibrary.org/works/OL278001W,en,merged from 1 source rows (openlibrary); pd_basis=pub_year<=1930
de-profundis__wilde-oscar__1897,De Profundis,"Wilde, Oscar",1900,false,1897,gutenberg,https://www.gutenberg.org/ebooks/921,en,merged from 1 source rows (gutenberg); publication year via Open Library (earliest edition found; not independently verified)
dead-men-s-money__fletcher-joseph-smith__1920,Dead Men's Money,"Fletcher, Joseph Smith",,false,1920,openlibrary,https://openlibrary.org/works/OL1797749W,en,merged from 1 source rows (openlibrary); pd_basis=pub_year<=1930
dead-souls__nikolai-gogol__unk,Dead Souls,Nikolai Gogol,1852,false,,openlibrary,https://openlibrary.org/works/OL17396611W,en,"merged from 1 source rows (openlibrary); author death year from Wikidata (Q43718); PD via life+70 rule (death year 1852 + 71 <= 2026), independent of publication year; publication year (1942) discarded as implausible (>50 years after author's death, likely a modern reprint/collected edition indexed by Open Library as 'first publish year'); needs manual research"
dear-garment__charles-maurras__1965,Dear garment,Charles Maurras,1952,false,1965,openlibrary,https://openlibrary.org/works/OL10663625W,en,"merged from 1 source rows (openlibrary); author death year from Wikidata (Q3048); PD via life+70 rule (death year 1952 + 71 <= 2026), independent of publication year"
death-comes-for-the-archbishop__cather-willa__1732,Death Comes for the Archbishop,"Cather, Willa",,false,1732,openlibrary,https://openlibrary.org/works/OL12832W,en,merged from 1 source rows (openlibrary); pd_basis=pub_year<=1930
debs-his-life-writings-and-speeches__eugene-v-debs__1908,"Debs: his life, writings and speeches",Eugene V. Debs,1926,false,1908,openlibrary,https://openlibrary.org/works/OL3591918W,en,"merged from 1 source rows (openlibrary); author death year from Wikidata (Q334993); PD via life+70 rule (death year 1926 + 71 <= 2026), independent of publication year"
decamerone__boccaccio-giovanni__1516,Decamerone,"Boccaccio, Giovanni",,false,1516,openlibrary,https://openlibrary.org/works/OL7180368W,en,merged from 1 source rows (openlibrary); pd_basis=pub_year<=1930
decline-of-science-in-england__charles-babbage__1830,Decline of Science in England,Charles Babbage,1871,false,1830,openlibrary,https://openlibrary.org/works/OL3013389W,en,"merged from 1 source rows (openlibrary); author death year from Wikidata (Q46633); PD via life+70 rule (death year 1871 + 71 <= 2026), independent of publication year"
del-sentimiento-tragico-de-la-vida-en-los-hombres-y-en-los-pueblos__miguel-de-unamuno__1900,Del sentimiento trágico de la vida en los hombres y en los pueblos,Miguel de Unamuno,1936,false,1900,openlibrary,https://openlibrary.org/works/OL503529W,en,"merged from 1 source rows (openlibrary); author death year from Wikidata (Q185085); PD via life+70 rule (death year 1936 + 71 <= 2026), independent of publication year"
democracy-and-education__john-dewey__1916,Democracy and Education,John Dewey,1952,false,1916,openlibrary,https://openlibrary.org/works/OL111359W,en,"merged from 1 source rows (openlibrary); author death year from Wikidata (Q131805); PD via life+70 rule (death year 1952 + 71 <= 2026), independent of publication year"
democracy-and-social-ethics__jane-addams__1902,Democracy and Social Ethics,Jane Addams,1935,false,1902,openlibrary,https://openlibrary.org/works/OL21519431W,en,"merged from 1 source rows (openlibrary); author death year from Wikidata (Q180989); PD via life+70 rule (death year 1935 + 71 <= 2026), independent of publication year"
democracyfalse-or-true-b-a-prologue-and-a-dream__richmond-w-b-william-blake-sir__unk,Democracy—false or true? : $b A prologue and a dream,"Richmond, W. B. (William Blake), Sir",1921,false,,gutenberg,https://www.gutenberg.org/ebooks/78117,en,merged from 1 source rows (gutenberg); publication year not found via Open Library; needs manual research
denkwurdigkeiten-des-staatskanzlers-fursten-von-hardenberg__leopold-von-ranke__unk,Denkwürdigkeiten des Staatskanzlers Fürsten Von Hardenberg,Leopold von Ranke,1886,false,,openlibrary,https://openlibrary.org/works/OL37543394W,en,"merged from 1 source rows (openlibrary); author death year from Wikidata (Q77184); PD via life+70 rule (death year 1886 + 71 <= 2026), independent of publication year; publication year (2009) discarded as implausible (>50 years after author's death, likely a modern reprint/collected edition indexed by Open Library as 'first publish year'); needs manual research"
der-antichrist__friedrich-nietzsche__1895,Der Antichrist,Friedrich Nietzsche,1900,false,1895,openlibrary,https://openlibrary.org/works/OL15692719W,en,"merged from 1 source rows (openlibrary); author death year from Wikidata (Q9358); PD via life+70 rule (death year 1900 + 71 <= 2026), independent of publication year"
der-antichrist__nietzsche-friedrich__1895,Der Antichrist,"Nietzsche, Friedrich",,false,1895,openlibrary,https://openlibrary.org/works/OL15692719W,en,merged from 1 source rows (openlibrary); pd_basis=pub_year<=1930
der-blonde-eckbert__ludwig-tieck__unk,Der blonde Eckbert,Ludwig Tieck,1853,false,,openlibrary,https://openlibrary.org/works/OL1459362W,en,"merged from 1 source rows (openlibrary); author death year from Wikidata (Q57239); PD via life+70 rule (death year 1853 + 71 <= 2026), independent of publication year; publication year (1952) discarded as implausible (>50 years after author's death, likely a modern reprint/collected edition indexed by Open Library as 'first publish year'); needs manual research"
der-brief-einer-unbekannten__stefan-zweig__1922,Der Brief einer Unbekannten,Stefan Zweig,1942,false,1922,openlibrary,https://openlibrary.org/works/OL28403W,en,"merged from 1 source rows (openlibrary); author death year from Wikidata (Q78491); PD via life+70 rule (death year 1942 + 71 <= 2026), independent of publication year"
der-bose-geist-lumpazivagabundus__johann-nestroy__1835,Der böse Geist Lumpazivagabundus,Johann Nestroy,1862,false,1835,openlibrary,https://openlibrary.org/works/OL1457825W,en,"merged from 1 source rows (openlibrary); author death year from Wikidata (Q44862); PD via life+70 rule (death year 1862 + 71 <= 2026), independent of publication year"
der-einzige-und-sein-eigentum__max-stirner__1845,Der Einzige und sein Eigentum,Max Stirner,1856,false,1845,openlibrary,https://openlibrary.org/works/OL1445824W,en,"merged from 1 source rows (openlibrary); author death year from Wikidata (Q76725); PD via life+70 rule (death year 1856 + 71 <= 2026), independent of publication year"
der-fliegende-hollander__heinrich-heine__1856,Der Fliegende Holländer,Heinrich Heine,1856,false,1856,openlibrary,https://openlibrary.org/works/OL579128W,en,"merged from 1 source rows (openlibrary); author death year from Wikidata (Q44403); PD via life+70 rule (death year 1856 + 71 <= 2026), independent of publication year"
der-gestiefelte-kater__ludwig-tieck__1797,Der gestiefelte Kater,Ludwig Tieck,1853,false,1797,openlibrary,https://openlibrary.org/works/OL1459359W,en,"merged from 1 source rows (openlibrary); author death year from Wikidata (Q57239); PD via life+70 rule (death year 1853 + 71 <= 2026), independent of publication year"
der-grune-heinrich__gottfried-keller__1800,Der grüne Heinrich,Gottfried Keller,1890,false,1800,openlibrary,https://openlibrary.org/works/OL1446214W,en,"merged from 1 source rows (openlibrary); author death year from Wikidata (Q122370); PD via life+70 rule (death year 1890 + 71 <= 2026), independent of publication year"
der-judenstaat__theodor-herzl__1896,Der Judenstaat,Theodor Herzl,1904,false,1896,openlibrary,https://openlibrary.org/works/OL1573592W,en,"merged from 1 source rows (openlibrary); author death year from Wikidata (Q44003); PD via life+70 rule (death year 1904 + 71 <= 2026), independent of publication year"
der-mann-ohne-eigenschaften__robert-musil__1930,Der Mann ohne Eigenschaften,Robert Musil,1942,false,1930,openlibrary,https://openlibrary.org/works/OL1330246W,en,"merged from 1 source rows (openlibrary); author death year from Wikidata (Q78487); PD via life+70 rule (death year 1942 + 71 <= 2026), independent of publication year"
der-mensch-und-die-technik__oswald-spengler__1931,Der Mensch und die Technik,Oswald Spengler,1936,false,1931,openlibrary,https://openlibrary.org/works/OL3392000W,en,"merged from 1 source rows (openlibrary); author death year from Wikidata (Q57112); PD via life+70 rule (death year 1936 + 71 <= 2026), independent of publication year"
der-pilger-kamanita__karl-adolph-gjellerup__1906,Der Pilger Kamanita,Karl Adolph Gjellerup,1919,false,1906,openlibrary,https://openlibrary.org/works/OL6048869W,en,"merged from 1 source rows (openlibrary); author death year from Wikidata (Q131487); PD via life+70 rule (death year 1919 + 71 <= 2026), independent of publication year"
der-proce__franz-kafka__1825,Der Proceß,Franz Kafka,1924,false,1825,openlibrary,https://openlibrary.org/works/OL498463W,en,"merged from 1 source rows (openlibrary); author death year from Wikidata (Q905); PD via life+70 rule (death year 1924 + 71 <= 2026), independent of publication year"
der-proce__kafka-franz__1825,Der Proceß,"Kafka, Franz",,false,1825,openlibrary,https://openlibrary.org/works/OL498463W,en,merged from 1 source rows (openlibrary); pd_basis=pub_year<=1930
der-ritt-der-walkuren__richard-wagner__1800,Der Ritt der Walkuren,Richard Wagner,1883,false,1800,openlibrary,https://openlibrary.org/works/OL579130W,en,"merged from 1 source rows (openlibrary); author death year from Wikidata (Q1511); PD via life+70 rule (death year 1883 + 71 <= 2026), independent of publication year"
der-ritt-der-walkuren__wagner-richard__1800,Der Ritt der Walkuren,"Wagner, Richard",,false,1800,openlibrary,https://openlibrary.org/works/OL579130W,en,merged from 1 source rows (openlibrary); pd_basis=pub_year<=1930
der-schimmelreiter__theodor-storm__1908,Der Schimmelreiter,Theodor Storm,1888,false,1908,openlibrary,https://openlibrary.org/works/OL995265W,en,"merged from 1 source rows (openlibrary); author death year from Wikidata (Q26993); PD via life+70 rule (death year 1888 + 71 <= 2026), independent of publication year"
der-talisman__johann-nestroy__1843,Der Talisman,Johann Nestroy,1862,false,1843,openlibrary,https://openlibrary.org/works/OL1457868W,en,"merged from 1 source rows (openlibrary); author death year from Wikidata (Q44862); PD via life+70 rule (death year 1862 + 71 <= 2026), independent of publication year"
der-tor-und-der-tod__hugo-von-hofmannsthal__1900,Der Tor und der Tod,Hugo von Hofmannsthal,1929,false,1900,openlibrary,https://openlibrary.org/works/OL752798W,en,"merged from 1 source rows (openlibrary); author death year from Wikidata (Q51513); PD via life+70 rule (death year 1929 + 71 <= 2026), independent of publication year"
der-unbedeutende__johann-nestroy__1849,Der Unbedeutende,Johann Nestroy,1862,false,1849,openlibrary,https://openlibrary.org/works/OL1457865W,en,"merged from 1 source rows (openlibrary); author death year from Wikidata (Q44862); PD via life+70 rule (death year 1862 + 71 <= 2026), independent of publication year"
der-untergang-des-abendlandes__oswald-spengler__1918,Der Untergang des Abendlandes,Oswald Spengler,1936,false,1918,openlibrary,https://openlibrary.org/works/OL3392002W,en,"merged from 1 source rows (openlibrary); author death year from Wikidata (Q57112); PD via life+70 rule (death year 1936 + 71 <= 2026), independent of publication year"
der-untertan__heinrich-mann__1900,Der Untertan,Heinrich Mann,1950,false,1900,openlibrary,https://openlibrary.org/works/OL1245570W,en,"merged from 1 source rows (openlibrary); author death year from Wikidata (Q76480); PD via life+70 rule (death year 1950 + 71 <= 2026), independent of publication year"
der-zauberberg__thomas-mann__1924,Der Zauberberg,Thomas Mann,1955,false,1924,openlibrary,https://openlibrary.org/works/OL14866824W,en,"merged from 1 source rows (openlibrary); author death year from Wikidata (Q37030); PD via life+70 rule (death year 1955 + 71 <= 2026), independent of publication year"
derborence__charles-ferdinand-ramuz__unk,Derborence,Charles Ferdinand Ramuz,1947,false,,openlibrary,https://openlibrary.org/works/OL28676615W,en,"merged from 1 source rows (openlibrary); author death year from Wikidata (Q123635); PD via life+70 rule (death year 1947 + 71 <= 2026), independent of publication year; publication year (2019) discarded as implausible (>50 years after author's death, likely a modern reprint/collected edition indexed by Open Library as 'first publish year'); needs manual research"
derniers-poemes-en-vers-et-en-prose__max-jacob__1961,Derniers poèmes en vers et en prose,Max Jacob,1944,false,1961,openlibrary,https://openlibrary.org/works/OL523045W,en,"merged from 1 source rows (openlibrary); author death year from Wikidata (Q156214); PD via life+70 rule (death year 1944 + 71 <= 2026), independent of publication year"
des-idees-napoleoniennes__napoleon-iii__1839,Des idées napoléoniennes,Napoleon III,1873,false,1839,openlibrary,https://openlibrary.org/works/OL1548898W,en,"merged from 1 source rows (openlibrary); author death year from Wikidata (Q7721); PD via life+70 rule (death year 1873 + 71 <= 2026), independent of publication year"
description-of-greece__james-george-frazer__unk,Description of Greece,James George Frazer,1941,false,,openlibrary,https://openlibrary.org/works/OL3401088W,en,"merged from 1 source rows (openlibrary); author death year from Wikidata (Q151936); PD via life+70 rule (death year 1941 + 71 <= 2026), independent of publication year; publication year (1613) discarded post-merge as implausible (more than 100 years before death (1941), implausible for a single lifetime); needs manual research"
desert-gold__grey-zane__1913,Desert Gold,"Grey, Zane",,false,1913,openlibrary,https://openlibrary.org/works/OL485420W,en,merged from 1 source rows (openlibrary); pd_basis=pub_year<=1930
desperate-remedies__hardy-thomas__unk,Desperate Remedies,"Hardy, Thomas",1928,false,,gutenberg,https://www.gutenberg.org/ebooks/3044,en,"merged from 1 source rows (gutenberg); Open Library match discarded: returned 1800, which predates author's birth year (1840) -- likely a mismatched search result; needs manual research"
det-forjttede-land__henrik-pontoppidan__unk,Det Forjættede Land,Henrik Pontoppidan,1943,false,,openlibrary,https://openlibrary.org/works/OL34171068W,en,"merged from 1 source rows (openlibrary); author death year from Wikidata (Q225554); PD via life+70 rule (death year 1943 + 71 <= 2026), independent of publication year; publication year (2019) discarded as implausible (>50 years after author's death, likely a modern reprint/collected edition indexed by Open Library as 'first publish year'); needs manual research"
determination-of-heterogreneous-parameters-by-the-neutron-wave-technique__emile-bernard__1968,Determination of heterogreneous parameters by the neutron wave technique,Émile Bernard,1941,false,1968,openlibrary,https://openlibrary.org/works/OL15316264W,en,"merged from 1 source rows (openlibrary); author death year from Wikidata (Q264193); PD via life+70 rule (death year 1941 + 71 <= 2026), independent of publication year"
deutsche-geschichte-im-zeitalter-der-reformation__leopold-von-ranke__1844,Deutsche Geschichte im Zeitalter der Reformation,Leopold von Ranke,1886,false,1844,openlibrary,https://openlibrary.org/works/OL37496W,en,"merged from 1 source rows (openlibrary); author death year from Wikidata (Q77184); PD via life+70 rule (death year 1886 + 71 <= 2026), independent of publication year"
deutschland-ist-schoner-geworden__robert-ley__1936,Deutschland ist schöner geworden,Robert Ley,1945,false,1936,openlibrary,https://openlibrary.org/works/OL38593141W,en,"merged from 1 source rows (openlibrary); author death year from Wikidata (Q58645); PD via life+70 rule (death year 1945 + 71 <= 2026), independent of publication year"
deutschlands-jugend__walther-rathenau__unk,Deutschlands Jugend,Walther Rathenau,1922,false,,openlibrary,https://openlibrary.org/works/OL26852512W,en,"merged from 1 source rows (openlibrary); author death year from Wikidata (Q135645); PD via life+70 rule (death year 1922 + 71 <= 2026), independent of publication year; publication year (2012) discarded as implausible (>50 years after author's death, likely a modern reprint/collected edition indexed by Open Library as 'first publish year'); needs manual research"
devatero-pohadek__josef-capek__1932,Devatero pohádek,Josef Čapek,1945,false,1932,openlibrary,https://openlibrary.org/works/OL575546W,en,"merged from 1 source rows (openlibrary); author death year from Wikidata (Q454568); PD via life+70 rule (death year 1945 + 71 <= 2026), independent of publication year"
diagnosis-of-our-time__karl-mannheim__1943,Diagnosis of our time,Karl Mannheim,1947,false,1943,openlibrary,https://openlibrary.org/works/OL985815W,en,"merged from 1 source rows (openlibrary); author death year from Wikidata (Q76823); PD via life+70 rule (death year 1947 + 71 <= 2026), independent of publication year"
dialoghi-con-leuco__cesare-pavese__1947,Dialoghi con Leucò,Cesare Pavese,1950,false,1947,openlibrary,https://openlibrary.org/works/OL135288W,en,"merged from 1 source rows (openlibrary); author death year from Wikidata (Q2022); PD via life+70 rule (death year 1950 + 71 <= 2026), independent of publication year"
dialogues-concerning-natural-religion__hume-david__1779,Dialogues Concerning Natural Religion,"Hume, David",,false,1779,openlibrary,https://openlibrary.org/works/OL93568W,en,merged from 1 source rows (openlibrary); pd_basis=pub_year<=1930
diario-de-santa-maria-faustina-kowalska__santa-faustina-kowalska__unk,Diario de Santa Maria Faustina Kowalska,Santa Faustina Kowalska,1938,false,,openlibrary,https://openlibrary.org/works/OL8957019W,en,"merged from 1 source rows (openlibrary); author death year from Wikidata (Q18978); PD via life+70 rule (death year 1938 + 71 <= 2026), independent of publication year; publication year (2005) discarded as implausible (>50 years after author's death, likely a modern reprint/collected edition indexed by Open Library as 'first publish year'); needs manual research"
diary__santa-faustina-kowalska__unk,Diary,Santa Faustina Kowalska,1938,false,,openlibrary,https://openlibrary.org/works/OL8748238W,en,"merged from 1 source rows (openlibrary); author death year from Wikidata (Q18978); PD via life+70 rule (death year 1938 + 71 <= 2026), independent of publication year; publication year (2003) discarded as implausible (>50 years after author's death, likely a modern reprint/collected edition indexed by Open Library as 'first publish year'); needs manual research"
diary-of-saint-maria-faustina-kowalska__santa-faustina-kowalska__unk,Diary of Saint Maria Faustina Kowalska,Santa Faustina Kowalska,1938,false,,openlibrary,https://openlibrary.org/works/OL8748239W,en,"merged from 1 source rows (openlibrary); author death year from Wikidata (Q18978); PD via life+70 rule (death year 1938 + 71 <= 2026), independent of publication year; publication year (2005) discarded as implausible (>50 years after author's death, likely a modern reprint/collected edition indexed by Open Library as 'first publish year'); needs manual research"
dichterleben__ludwig-tieck__unk,Dichterleben,Ludwig Tieck,1853,false,,openlibrary,https://openlibrary.org/works/OL36066202W,en,"merged from 1 source rows (openlibrary); author death year from Wikidata (Q57239); PD via life+70 rule (death year 1853 + 71 <= 2026), independent of publication year; publication year (2012) discarded as implausible (>50 years after author's death, likely a modern reprint/collected edition indexed by Open Library as 'first publish year'); needs manual research"
die-albigenser__nikolaus-lenau__unk,Die Albigenser,Nikolaus Lenau,1850,false,,openlibrary,https://openlibrary.org/works/OL36052015W,en,"merged from 1 source rows (openlibrary); author death year from Wikidata (Q84280); PD via life+70 rule (death year 1850 + 71 <= 2026), independent of publication year; publication year (2012) discarded as implausible (>50 years after author's death, likely a modern reprint/collected edition indexed by Open Library as 'first publish year'); needs manual research"
die-blockade__aaron-nimzovich__1925,Die Blockade,Aaron Nimzovich,1935,false,1925,openlibrary,https://openlibrary.org/works/OL20105581W,en,"merged from 1 source rows (openlibrary); author death year from Wikidata (Q295114); PD via life+70 rule (death year 1935 + 71 <= 2026), independent of publication year"
die-bremer-stadtmusikanten__jacob-grimm__unk,Die Bremer Stadtmusikanten,Jacob Grimm,1863,false,,openlibrary,https://openlibrary.org/works/OL45423W,en,"merged from 1 source rows (openlibrary); author death year from Wikidata (Q6701); PD via life+70 rule (death year 1863 + 71 <= 2026), independent of publication year; publication year (1922) discarded as implausible (>50 years after author's death, likely a modern reprint/collected edition indexed by Open Library as 'first publish year'); needs manual research"
die-bremer-stadtmusikanten__wilhelm-grimm__unk,Die Bremer Stadtmusikanten,Wilhelm Grimm,1859,false,,openlibrary,https://openlibrary.org/works/OL45423W,en,"merged from 1 source rows (openlibrary); author death year from Wikidata (Q6714); PD via life+70 rule (death year 1859 + 71 <= 2026), independent of publication year; publication year (1922) discarded as implausible (>50 years after author's death, likely a modern reprint/collected edition indexed by Open Library as 'first publish year'); needs manual research"
die-dichtungen__georg-trakl__1938,Die Dichtungen,Georg Trakl,1914,false,1938,openlibrary,https://openlibrary.org/works/OL17966954W,en,"merged from 1 source rows (openlibrary); author death year from Wikidata (Q78476); PD via life+70 rule (death year 1914 + 71 <= 2026), independent of publication year"
die-dritte-walpurgisnacht__karl-kraus__1952,Die dritte Walpurgisnacht,Karl Kraus,1936,false,1952,openlibrary,https://openlibrary.org/works/OL1342639W,en,"merged from 1 source rows (openlibrary); author death year from Wikidata (Q44328); PD via life+70 rule (death year 1936 + 71 <= 2026), independent of publication year"
die-entwicklung-des-sozialismus-von-der-utopie-zur-wissenschaft__friedrich-engels__1880,Die Entwicklung des Sozialismus von der Utopie zur Wissenschaft,Friedrich Engels,1895,false,1880,openlibrary,https://openlibrary.org/works/OL303509W,en,"merged from 1 source rows (openlibrary); author death year from Wikidata (Q34787); PD via life+70 rule (death year 1895 + 71 <= 2026), independent of publication year"
die-frau-und-der-sozialismus__august-bebel__1879,Die Frau und der Sozialismus,August Bebel,1913,false,1879,openlibrary,https://openlibrary.org/works/OL819386W,en,"merged from 1 source rows (openlibrary); author death year from Wikidata (Q76520); PD via life+70 rule (death year 1913 + 71 <= 2026), independent of publication year"
die-geschwister-von-neapel__franz-werfel__1931,Die Geschwister von Neapel,Franz Werfel,1945,false,1931,openlibrary,https://openlibrary.org/works/OL1219869W,en,"merged from 1 source rows (openlibrary); author death year from Wikidata (Q78514); PD via life+70 rule (death year 1945 + 71 <= 2026), independent of publication year"
die-gottesfreundin__karl-adolph-gjellerup__unk,Die Gottesfreundin,Karl Adolph Gjellerup,1919,false,,openlibrary,https://openlibrary.org/works/OL36061070W,en,"merged from 1 source rows (openlibrary); author death year from Wikidata (Q131487); PD via life+70 rule (death year 1919 + 71 <= 2026), independent of publication year; publication year (2011) discarded as implausible (>50 years after author's death, likely a modern reprint/collected edition indexed by Open Library as 'first publish year'); needs manual research"
die-kapuzinergruft-roman__joseph-roth__1938,Die Kapuzinergruft. Roman,Joseph Roth,1939,false,1938,openlibrary,https://openlibrary.org/works/OL466920W,en,"merged from 1 source rows (openlibrary); author death year from Wikidata (Q78509); PD via life+70 rule (death year 1939 + 71 <= 2026), independent of publication year"
die-leiden-des-jungen-werthers__friedrich-hebbel__1779,Die Leiden des jungen Werthers,Friedrich Hebbel,1863,false,1779,openlibrary,https://openlibrary.org/works/OL52556W,en,"merged from 1 source rows (openlibrary); author death year from Wikidata (Q57182); PD via life+70 rule (death year 1863 + 71 <= 2026), independent of publication year"
die-leiden-des-jungen-werthers__friedrich-ruckert__1779,Die Leiden des jungen Werthers,Friedrich Rückert,1866,false,1779,openlibrary,https://openlibrary.org/works/OL52556W,en,"merged from 1 source rows (openlibrary); author death year from Wikidata (Q60644); PD via life+70 rule (death year 1866 + 71 <= 2026), independent of publication year"
die-leiden-des-jungen-werthers__georg-brandes__unk,Die Leiden des jungen Werthers,Georg Brandes,1927,false,,openlibrary,https://openlibrary.org/works/OL52556W,en,"merged from 1 source rows (openlibrary); author death year from Wikidata (Q316045); PD via life+70 rule (death year 1927 + 71 <= 2026), independent of publication year; publication year (1779) discarded post-merge as implausible (more than 100 years before death (1927), implausible for a single lifetime); needs manual research"
die-leiden-des-jungen-werthers__heinrich-mann__unk,Die Leiden des jungen Werthers,Heinrich Mann,1950,false,,openlibrary,https://openlibrary.org/works/OL52556W,en,"merged from 1 source rows (openlibrary); author death year from Wikidata (Q76480); PD via life+70 rule (death year 1950 + 71 <= 2026), independent of publication year; publication year (1779) discarded post-merge as implausible (more than 100 years before death (1950), implausible for a single lifetime); needs manual research"
die-leiden-des-jungen-werthers__thomas-carlyle__unk,Die Leiden des jungen Werthers,Thomas Carlyle,1881,false,,openlibrary,https://openlibrary.org/works/OL52556W,en,"merged from 1 source rows (openlibrary); author death year from Wikidata (Q151403); PD via life+70 rule (death year 1881 + 71 <= 2026), independent of publication year; publication year (1779) discarded post-merge as implausible (more than 100 years before death (1881), implausible for a single lifetime); needs manual research"
die-leiden-des-jungen-werthers__thomas-mann__unk,Die Leiden des jungen Werthers,Thomas Mann,1955,false,,openlibrary,https://openlibrary.org/works/OL52556W,en,"merged from 1 source rows (openlibrary); author death year from Wikidata (Q37030); PD via life+70 rule (death year 1955 + 71 <= 2026), independent of publication year; publication year (1779) discarded post-merge as implausible (more than 100 years before death (1955), implausible for a single lifetime); needs manual research"
die-nationalitatenfrage-und-die-sozialdemokratie__otto-bauer__1924,Die Nationalitätenfrage Und Die Sozialdemokratie,Otto Bauer,1938,false,1924,openlibrary,https://openlibrary.org/works/OL24789670W,en,"merged from 1 source rows (openlibrary); author death year from Wikidata (Q11730); PD via life+70 rule (death year 1938 + 71 <= 2026), independent of publication year"
die-pflanze-und-ihr-leben__matthias-jacob-schleiden__1850,Die Pflanze und ihr Leben,Matthias Jacob Schleiden,1881,false,1850,openlibrary,https://openlibrary.org/works/OL161650W,en,"merged from 1 source rows (openlibrary); author death year from Wikidata (Q76747); PD via life+70 rule (death year 1881 + 71 <= 2026), independent of publication year"
die-praxis-meines-systems-ein-lehrbuch-des-praktischen-schachs-illustriert-an-109-partien-aus-meinen-kampfen-mit-zahlreichen-erlauternden-artikeln-und-vorbesprechungen-und-513-diagrammen__aaron-nimzovich__1929,Die Praxis meines Systems. Ein Lehrbuch des praktischen Schachs illustriert an 109 Partien aus meinen Kämpfen mit zahlreichen erläuternden Artikeln und Vorbesprechungen und 513 Diagrammen.,Aaron Nimzovich,1935,false,1929,openlibrary,https://openlibrary.org/works/OL38057249W,en,"merged from 1 source rows (openlibrary); author death year from Wikidata (Q295114); PD via life+70 rule (death year 1935 + 71 <= 2026), independent of publication year"
die-verwirrungen-des-zoglings-torless__robert-musil__1906,Die Verwirrungen des Zöglings Törless,Robert Musil,1942,false,1906,openlibrary,https://openlibrary.org/works/OL16335026W,en,"merged from 1 source rows (openlibrary); author death year from Wikidata (Q78487); PD via life+70 rule (death year 1942 + 71 <= 2026), independent of publication year"
die-vierzig-tage-des-musa-dagh__franz-werfel__1933,Die vierzig Tage des Musa Dagh,Franz Werfel,1945,false,1933,openlibrary,https://openlibrary.org/works/OL1219873W,en,"merged from 1 source rows (openlibrary); author death year from Wikidata (Q78514); PD via life+70 rule (death year 1945 + 71 <= 2026), independent of publication year"
die-weber__gerhart-hauptmann__1892,Die Weber,Gerhart Hauptmann,1946,false,1892,openlibrary,https://openlibrary.org/works/OL1375598W,en,"merged from 1 source rows (openlibrary); author death year from Wikidata (Q43523); PD via life+70 rule (death year 1946 + 71 <= 2026), independent of publication year"
die-welt-als-wille-und-vorstellung__arthur-schopenhauer__1819,Die Welt als Wille und Vorstellung,Arthur Schopenhauer,1860,false,1819,openlibrary,https://openlibrary.org/works/OL1183657W,en,"merged from 1 source rows (openlibrary); author death year from Wikidata (Q38193); PD via life+70 rule (death year 1860 + 71 <= 2026), independent of publication year"
dieu-et-letat__mikhail-bakunin__1882,Dieu et l’État,Mikhail Bakunin,1876,false,1882,openlibrary,https://openlibrary.org/works/OL26823929W,en,"merged from 1 source rows (openlibrary); author death year from Wikidata (Q27645); PD via life+70 rule (death year 1876 + 71 <= 2026), independent of publication year"
discours-sur-l-ensemble-du-positivisme__auguste-comte__1848,Discours sur l'ensemble du positivisme,Auguste Comte,1857,false,1848,openlibrary,https://openlibrary.org/works/OL761012W,en,"merged from 1 source rows (openlibrary); author death year from Wikidata (Q12718); PD via life+70 rule (death year 1857 + 71 <= 2026), independent of publication year"
discourses-on-architecture__eugene-viollet-le-duc__1875,Discourses on architecture,Eugène Viollet-le-Duc,1879,false,1875,openlibrary,https://openlibrary.org/works/OL2586855W,en,"merged from 1 source rows (openlibrary); author death year from Wikidata (Q272912); PD via life+70 rule (death year 1879 + 71 <= 2026), independent of publication year"
disobedient-kids__bozena-nemcova__unk,Disobedient Kids,Božena Němcová,1862,false,,openlibrary,https://openlibrary.org/works/OL28039219W,en,"merged from 1 source rows (openlibrary); author death year from Wikidata (Q157970); PD via life+70 rule (death year 1862 + 71 <= 2026), independent of publication year; publication year (2014) discarded as implausible (>50 years after author's death, likely a modern reprint/collected edition indexed by Open Library as 'first publish year'); needs manual research"
disquisition-on-government__john-c-calhoun__1851,Disquisition on government,John C. Calhoun,1850,false,1851,openlibrary,https://openlibrary.org/works/OL108375W,en,"merged from 1 source rows (openlibrary); author death year from Wikidata (Q207191); PD via life+70 rule (death year 1850 + 71 <= 2026), independent of publication year"
divan-of-zafar__bahadur-shah-zafar__unk,Divan of Zafar,Bahadur Shah Zafar,1862,false,,openlibrary,https://openlibrary.org/works/OL29923165W,en,"merged from 1 source rows (openlibrary); author death year from Wikidata (Q127369); PD via life+70 rule (death year 1862 + 71 <= 2026), independent of publication year; publication year (2019) discarded as implausible (>50 years after author's death, likely a modern reprint/collected edition indexed by Open Library as 'first publish year'); needs manual research"
divine-comedy-longfellow-s-translation-hell__dante-alighieri__unk,"Divine Comedy, Longfellow's Translation, Hell",Dante Alighieri,1321,false,,gutenberg,https://www.gutenberg.org/ebooks/1001,en,"merged from 1 source rows (gutenberg); classical/ancient work (author died before 1400) -- original composition predates reliable publication-year records, not looked up automatically; needs manual research"
doctor-cupid-a-novel__broughton-rhoda__unk,Doctor Cupid: A Novel,"Broughton, Rhoda",1920,false,,gutenberg,https://www.gutenberg.org/ebooks/35548,en,merged from 1 source rows (gutenberg); publication year not found via Open Library; needs manual research
dom-casmurro__machado-de-assis__1900,Dom Casmurro,Machado de Assis,1908,false,1900,openlibrary,https://openlibrary.org/works/OL1003040W,en,"merged from 1 source rows (openlibrary); author death year from Wikidata (Q311145); PD via life+70 rule (death year 1908 + 71 <= 2026), independent of publication year"
dombey-and-son__dickens-charles__1800,Dombey and Son,"Dickens, Charles",,false,1800,openlibrary,https://openlibrary.org/works/OL14868861W,en,merged from 1 source rows (openlibrary); pd_basis=pub_year<=1930
don-juan__byron-george-gordon-byron-baron__1800,Don Juan,"Byron, George Gordon Byron, Baron",1824,false,1800,gutenberg,https://www.gutenberg.org/ebooks/21700,en,merged from 1 source rows (gutenberg); publication year via Open Library (earliest edition found; not independently verified)
don-juan__john-barrymore__1927,Don Juan,John Barrymore,1942,false,1927,openlibrary,https://openlibrary.org/works/OL22423194W,en,"merged from 1 source rows (openlibrary); author death year from Wikidata (Q95034); PD via life+70 rule (death year 1942 + 71 <= 2026), independent of publication year"
don-juan__nikolaus-lenau__unk,Don Juan,Nikolaus Lenau,1850,false,,openlibrary,https://openlibrary.org/works/OL36054836W,en,"merged from 1 source rows (openlibrary); author death year from Wikidata (Q84280); PD via life+70 rule (death year 1850 + 71 <= 2026), independent of publication year; publication year (2013) discarded as implausible (>50 years after author's death, likely a modern reprint/collected edition indexed by Open Library as 'first publish year'); needs manual research"
don-quijote-de-la-mancha__saavedra-miguel-de-cervantes__1600,Don Quijote de la Mancha,"Saavedra, Miguel de Cervantes",,false,1600,openlibrary,https://openlibrary.org/works/OL503666W,en,merged from 1 source rows (openlibrary); pd_basis=pub_year<=1930
donnegan__faust-frederick__1923,Donnegan,"Faust, Frederick",,false,1923,openlibrary,https://openlibrary.org/works/OL8074992W,en,merged from 1 source rows (openlibrary); pd_basis=pub_year<=1930
donnegan__robert-owen__unk,Donnegan,Robert Owen,1858,false,,openlibrary,https://openlibrary.org/works/OL8074992W,en,"merged from 1 source rows (openlibrary); author death year from Wikidata (Q179374); PD via life+70 rule (death year 1858 + 71 <= 2026), independent of publication year; publication year (1923) discarded as implausible (>50 years after author's death, likely a modern reprint/collected edition indexed by Open Library as 'first publish year'); needs manual research"
dopo-il-divorzio__grazia-deledda__1902,Dopo il divorzio,Grazia Deledda,1936,false,1902,openlibrary,https://openlibrary.org/works/OL1437985W,en,"merged from 1 source rows (openlibrary); author death year from Wikidata (Q7728); PD via life+70 rule (death year 1936 + 71 <= 2026), independent of publication year"
dorothy-and-the-wizard-in-oz__baum-l-frank__1908,Dorothy and the Wizard in Oz,"Baum, L. Frank",,false,1908,openlibrary,https://openlibrary.org/works/OL18412W,en,merged from 1 source rows (openlibrary); pd_basis=pub_year<=1930
dona-perfecta__benito-perez-galdos__1886,Doña Perfecta,Benito Pérez Galdós,1920,false,1886,openlibrary,https://openlibrary.org/works/OL815454W,en,"merged from 1 source rows (openlibrary); author death year from Wikidata (Q189869); PD via life+70 rule (death year 1920 + 71 <= 2026), independent of publication year"
dracula__bram-stoker__1897,Dracula,Bram Stoker,1912,false,1897,openlibrary,https://openlibrary.org/works/OL85892W,en,"merged from 1 source rows (openlibrary); author death year from Wikidata (Q36184); PD via life+70 rule (death year 1912 + 71 <= 2026), independent of publication year"
dracula__stoker-bram__1897,Dracula,"Stoker, Bram",1912,false,1897,gutenberg+openlibrary,https://www.gutenberg.org/ebooks/345,en,merged from 2 source rows (gutenberg+openlibrary); publication year via Open Library (earliest edition found; not independently verified); pd_basis=pub_year<=1930
dracula-sign-of-four__arthur-balfour__1897,Dracula / Sign of Four,Arthur Balfour,1930,false,1897,openlibrary,https://openlibrary.org/works/OL14930024W,en,"merged from 1 source rows (openlibrary); author death year from Wikidata (Q19008); PD via life+70 rule (death year 1930 + 71 <= 2026), independent of publication year"
dracula-sign-of-four__collins-anne__1897,Dracula / Sign of Four,"Collins, Anne",,false,1897,openlibrary,https://openlibrary.org/works/OL14930024W,en,merged from 1 source rows (openlibrary); pd_basis=pub_year<=1930
dracula-s-guest-and-other-weird-stories__arthur-balfour__1914,"Dracula's guest, and other weird stories",Arthur Balfour,1930,false,1914,openlibrary,https://openlibrary.org/works/OL85864W,en,"merged from 1 source rows (openlibrary); author death year from Wikidata (Q19008); PD via life+70 rule (death year 1930 + 71 <= 2026), independent of publication year"
dracula-s-guest-and-other-weird-stories__guy-de-maupassant__1914,"Dracula's guest, and other weird stories",Guy de Maupassant,1893,false,1914,openlibrary,https://openlibrary.org/works/OL85864W,en,"merged from 1 source rows (openlibrary); author death year from Wikidata (Q9327); PD via life+70 rule (death year 1893 + 71 <= 2026), independent of publication year"
dracula-s-guest-and-other-weird-stories__saki__1914,"Dracula's guest, and other weird stories",Saki,1916,false,1914,openlibrary,https://openlibrary.org/works/OL85864W,en,"merged from 1 source rows (openlibrary); author death year from Wikidata (Q311526); PD via life+70 rule (death year 1916 + 71 <= 2026), independent of publication year"
dracula-s-guest-and-other-weird-stories__stefan-george__1914,"Dracula's guest, and other weird stories",Stefan George,1933,false,1914,openlibrary,https://openlibrary.org/works/OL85864W,en,"merged from 1 source rows (openlibrary); author death year from Wikidata (Q57187); PD via life+70 rule (death year 1933 + 71 <= 2026), independent of publication year"
dracula-s-guest-and-other-weird-stories__t-e-lawrence__1914,"Dracula's guest, and other weird stories",T. E. Lawrence,1935,false,1914,openlibrary,https://openlibrary.org/works/OL85864W,en,"merged from 1 source rows (openlibrary); author death year from Wikidata (Q170596); PD via life+70 rule (death year 1935 + 71 <= 2026), independent of publication year"
dream-days__grahame-kenneth__1898,Dream days,"Grahame, Kenneth",,false,1898,openlibrary,https://openlibrary.org/works/OL69601W,en,merged from 1 source rows (openlibrary); pd_basis=pub_year<=1930
dream-days__kenneth-grahame__1898,Dream days,Kenneth Grahame,1932,false,1898,openlibrary,https://openlibrary.org/works/OL69601W,en,"merged from 1 source rows (openlibrary); author death year from Wikidata (Q314897); PD via life+70 rule (death year 1932 + 71 <= 2026), independent of publication year"
drei-frauen__robert-musil__1924,Drei Frauen,Robert Musil,1942,false,1924,openlibrary,https://openlibrary.org/works/OL1330244W,en,"merged from 1 source rows (openlibrary); author death year from Wikidata (Q78487); PD via life+70 rule (death year 1942 + 71 <= 2026), independent of publication year"
dreihundert-schachpartieen__siegbert-tarrasch__1895,Dreihundert Schachpartieen,Siegbert Tarrasch,1934,false,1895,openlibrary,https://openlibrary.org/works/OL25316136W,en,"merged from 1 source rows (openlibrary); author death year from Wikidata (Q76558); PD via life+70 rule (death year 1934 + 71 <= 2026), independent of publication year"
droit-a-la-paresse__paul-lafargue__1907,Droit à la paresse,Paul Lafargue,1911,false,1907,openlibrary,https://openlibrary.org/works/OL528228W,en,"merged from 1 source rows (openlibrary); author death year from Wikidata (Q317152); PD via life+70 rule (death year 1911 + 71 <= 2026), independent of publication year"
drum-taps__walt-whitman__1865,Drum-taps,Walt Whitman,1892,false,1865,openlibrary,https://openlibrary.org/works/OL16420W,en,"merged from 1 source rows (openlibrary); author death year from Wikidata (Q81438); PD via life+70 rule (death year 1892 + 71 <= 2026), independent of publication year"
du-cote-de-chez-swann__marcel-proust__1908,Du côté de chez Swann,Marcel Proust,1922,false,1908,openlibrary,https://openlibrary.org/works/OL30053009W,en,"merged from 1 source rows (openlibrary); author death year from Wikidata (Q7199); PD via life+70 rule (death year 1922 + 71 <= 2026), independent of publication year"
du-cote-de-chez-swann__proust-marcel__1908,Du côté de chez Swann,"Proust, Marcel",,false,1908,openlibrary,https://openlibrary.org/works/OL30053009W,en,merged from 1 source rows (openlibrary); pd_basis=pub_year<=1930
du-mariage__leon-blum__1937,Du mariage,Léon Blum,1950,false,1937,openlibrary,https://openlibrary.org/works/OL1193751W,en,"merged from 1 source rows (openlibrary); author death year from Wikidata (Q18434); PD via life+70 rule (death year 1950 + 71 <= 2026), independent of publication year"
dubliners__james-joyce__1914,Dubliners,James Joyce,1941,false,1914,openlibrary,https://openlibrary.org/works/OL86320W,en,"merged from 1 source rows (openlibrary); author death year from Wikidata (Q6882); PD via life+70 rule (death year 1941 + 71 <= 2026), independent of publication year"
dubliners__joyce-james__1914,Dubliners,"Joyce, James",,false,1914,openlibrary,https://openlibrary.org/works/OL86320W,en,merged from 1 source rows (openlibrary); pd_basis=pub_year<=1930
duineser-elegien__rainer-maria-rilke__1923,Duineser Elegien,Rainer Maria Rilke,1926,false,1923,openlibrary,https://openlibrary.org/works/OL3801010W,en,"merged from 1 source rows (openlibrary); author death year from Wikidata (Q76483); PD via life+70 rule (death year 1926 + 71 <= 2026), independent of publication year"
duizend-en-eenige-hoofdstukken-over-specialiteiten__multatuli__1871,Duizend-en-eenige hoofdstukken over specialiteiten,Multatuli,1887,false,1871,openlibrary,https://openlibrary.org/works/OL11014982W,en,"merged from 1 source rows (openlibrary); author death year from Wikidata (Q154211); PD via life+70 rule (death year 1887 + 71 <= 2026), independent of publication year"
dunwich-horror__h-p-lovecraft__unk,Dunwich Horror,H. P. Lovecraft,1937,false,,openlibrary,https://openlibrary.org/works/OL29994923W,en,"merged from 1 source rows (openlibrary); author death year from Wikidata (Q169566); PD via life+70 rule (death year 1937 + 71 <= 2026), independent of publication year; publication year (2019) discarded as implausible (>50 years after author's death, likely a modern reprint/collected edition indexed by Open Library as 'first publish year'); needs manual research"
durchs-wilde-kurdistan__karl-may__1949,Durchs wilde Kurdistan,Karl May,1912,false,1949,openlibrary,https://openlibrary.org/works/OL83009W,en,"merged from 1 source rows (openlibrary); author death year from Wikidata (Q22714); PD via life+70 rule (death year 1912 + 71 <= 2026), independent of publication year"
duties-of-man__giuseppe-mazzini__unk,Duties of Man,Giuseppe Mazzini,1872,false,,openlibrary,https://openlibrary.org/works/OL22241581W,en,"merged from 1 source rows (openlibrary); author death year from Wikidata (Q187336); PD via life+70 rule (death year 1872 + 71 <= 2026), independent of publication year; publication year (1961) discarded as implausible (>50 years after author's death, likely a modern reprint/collected edition indexed by Open Library as 'first publish year'); needs manual research"
dazac-do-konca-swoich-drog__edward-rydz-smigy__1989,Dążąc do końca swoich dróg,Edward Rydz-Śmigły,1941,false,1989,openlibrary,https://openlibrary.org/works/OL7651371W,en,"merged from 1 source rows (openlibrary); author death year from Wikidata (Q295688); PD via life+70 rule (death year 1941 + 71 <= 2026), independent of publication year"
dakaghara__rabindranath-tagore__1914,Ḍākaghara,Rabindranath Tagore,1941,false,1914,openlibrary,https://openlibrary.org/works/OL16312658W,en,"merged from 1 source rows (openlibrary); author death year from Wikidata (Q7241); PD via life+70 rule (death year 1941 + 71 <= 2026), independent of publication year"
ecce-homo-complete-works-volume-seventeen__nietzsche-friedrich-wilhelm__unk,"Ecce Homo: Complete Works, Volume Seventeen","Nietzsche, Friedrich Wilhelm",1900,false,,gutenberg,https://www.gutenberg.org/ebooks/52190,en,"merged from 1 source rows (gutenberg); Open Library match discarded: returned 2018, which is more than 5 years after author's death (1900) -- likely an indexed reprint rather than the original edition; needs manual research"
edith-cavell-s-short-story-from-heroes-among-us__edith-cavell__unk,"Edith Cavell's Short Story from ""Heroes among Us""",Edith Cavell,1915,false,,openlibrary,https://openlibrary.org/works/OL28828684W,en,"merged from 1 source rows (openlibrary); author death year from Wikidata (Q237564); PD via life+70 rule (death year 1915 + 71 <= 2026), independent of publication year; publication year (2012) discarded as implausible (>50 years after author's death, likely a modern reprint/collected edition indexed by Open Library as 'first publish year'); needs manual research"
eesti-rahva-ennemuistsed-jutud__friedrich-reinhold-kreutzwald__unk,Eesti rahva ennemuistsed jutud,Friedrich Reinhold Kreutzwald,1882,false,,openlibrary,https://openlibrary.org/works/OL22461759W,en,"merged from 1 source rows (openlibrary); author death year from Wikidata (Q333900); PD via life+70 rule (death year 1882 + 71 <= 2026), independent of publication year; publication year (1969) discarded as implausible (>50 years after author's death, likely a modern reprint/collected edition indexed by Open Library as 'first publish year'); needs manual research"
effi-briest__theodor-fontane__1894,Effi Briest,Theodor Fontane,1898,false,1894,openlibrary,https://openlibrary.org/works/OL857189W,en,"merged from 1 source rows (openlibrary); author death year from Wikidata (Q76632); PD via life+70 rule (death year 1898 + 71 <= 2026), independent of publication year"
egotism-in-german-philosophy__george-santayana__1916,Egotism in German philosophy,George Santayana,1952,false,1916,openlibrary,https://openlibrary.org/works/OL1862185W,en,"merged from 1 source rows (openlibrary); author death year from Wikidata (Q237833); PD via life+70 rule (death year 1952 + 71 <= 2026), independent of publication year"
eight-cousins__alcott-louisa-may__1874,Eight cousins,"Alcott, Louisa May",,false,1874,openlibrary,https://openlibrary.org/works/OL17846238W,en,merged from 1 source rows (openlibrary); pd_basis=pub_year<=1930
eight-cousins__edith-wharton__1874,Eight cousins,Edith Wharton,1937,false,1874,openlibrary,https://openlibrary.org/works/OL17846238W,en,"merged from 1 source rows (openlibrary); author death year from Wikidata (Q276032); PD via life+70 rule (death year 1937 + 71 <= 2026), independent of publication year"
eight-cousins__f-scott-fitzgerald__1874,Eight cousins,F. Scott Fitzgerald,1940,false,1874,openlibrary,https://openlibrary.org/works/OL17846238W,en,"merged from 1 source rows (openlibrary); author death year from Wikidata (Q93354); PD via life+70 rule (death year 1940 + 71 <= 2026), independent of publication year"
eight-cousins__frances-hodgson-burnett__1874,Eight cousins,Frances Hodgson Burnett,1924,false,1874,openlibrary,https://openlibrary.org/works/OL17846238W,en,"merged from 1 source rows (openlibrary); author death year from Wikidata (Q276028); PD via life+70 rule (death year 1924 + 71 <= 2026), independent of publication year"
eight-cousins__louisa-may-alcott__1874,Eight cousins,Louisa May Alcott,1888,false,1874,openlibrary,https://openlibrary.org/works/OL17846238W,en,"merged from 1 source rows (openlibrary); author death year from Wikidata (Q185696); PD via life+70 rule (death year 1888 + 71 <= 2026), independent of publication year"
eight-cousins__nathaniel-hawthorne__1874,Eight cousins,Nathaniel Hawthorne,1864,false,1874,openlibrary,https://openlibrary.org/works/OL17846238W,en,"merged from 1 source rows (openlibrary); author death year from Wikidata (Q69339); PD via life+70 rule (death year 1864 + 71 <= 2026), independent of publication year"
eight-cousins__stephen-crane__1874,Eight cousins,Stephen Crane,1900,false,1874,openlibrary,https://openlibrary.org/works/OL17846238W,en,"merged from 1 source rows (openlibrary); author death year from Wikidata (Q206534); PD via life+70 rule (death year 1900 + 71 <= 2026), independent of publication year"
eight-cousins__washington-irving__1874,Eight cousins,Washington Irving,1859,false,1874,openlibrary,https://openlibrary.org/works/OL17846238W,en,"merged from 1 source rows (openlibrary); author death year from Wikidata (Q181667); PD via life+70 rule (death year 1859 + 71 <= 2026), independent of publication year"
eight-selected-pieces-from-kaleidoskope-op-50__cesar-cui__unk,"Eight selected pieces from Kaleidoskope, op. 50",César Cui,1918,false,,openlibrary,https://openlibrary.org/works/OL12171500W,en,"merged from 1 source rows (openlibrary); author death year from Wikidata (Q208546); PD via life+70 rule (death year 1918 + 71 <= 2026), independent of publication year; publication year not available from Open Library"
eighty-years-and-more-reminiscences-1815-to-1897__elizabeth-cady-stanton__1897,Eighty Years And More Reminiscences 1815 To 1897,Elizabeth Cady Stanton,1902,false,1897,openlibrary,https://openlibrary.org/works/OL1496639W,en,"merged from 1 source rows (openlibrary); author death year from Wikidata (Q465335); PD via life+70 rule (death year 1902 + 71 <= 2026), independent of publication year"
eighty-years-and-more-reminiscences-1815-1897__stanton-elizabeth-cady__1897,Eighty Years and More; Reminiscences 1815-1897,"Stanton, Elizabeth Cady",1902,false,1897,gutenberg,https://www.gutenberg.org/ebooks/11982,en,merged from 1 source rows (gutenberg); publication year via Open Library (earliest edition found; not independently verified)
einleitung-in-die-geisteswissenschaften__wilhelm-dilthey__1922,Einleitung in die Geisteswissenschaften,Wilhelm Dilthey,1911,false,1922,openlibrary,https://openlibrary.org/works/OL1341362W,en,"merged from 1 source rows (openlibrary); author death year from Wikidata (Q60080); PD via life+70 rule (death year 1911 + 71 <= 2026), independent of publication year"
einsame-menschen__gerhart-hauptmann__1891,Einsame Menschen,Gerhart Hauptmann,1946,false,1891,openlibrary,https://openlibrary.org/works/OL1375597W,en,"merged from 1 source rows (openlibrary); author death year from Wikidata (Q43523); PD via life+70 rule (death year 1946 + 71 <= 2026), independent of publication year"
el-filibusterismo__jose-rizal__1900,El filibusterismo,José Rizal,1896,false,1900,openlibrary,https://openlibrary.org/works/OL1622748W,en,"merged from 1 source rows (openlibrary); author death year from Wikidata (Q1500); PD via life+70 rule (death year 1896 + 71 <= 2026), independent of publication year"
el-gran-galeoto__jose-echegaray__1880,El gran Galeoto,José Echegaray,1916,false,1880,openlibrary,https://openlibrary.org/works/OL3829420W,en,"merged from 1 source rows (openlibrary); author death year from Wikidata (Q127349); PD via life+70 rule (death year 1916 + 71 <= 2026), independent of publication year"
electre__jean-giraudoux__1937,Electre,Jean Giraudoux,1944,false,1937,openlibrary,https://openlibrary.org/works/OL1208128W,en,"merged from 1 source rows (openlibrary); author death year from Wikidata (Q309974); PD via life+70 rule (death year 1944 + 71 <= 2026), independent of publication year"
eleftherios-venizelos__eleftherios-venizelos__unk,Eleftherios Venizelos,Eleftherios Venizelos,1936,false,,openlibrary,https://openlibrary.org/works/OL32523479W,en,"merged from 1 source rows (openlibrary); author death year from Wikidata (Q205545); PD via life+70 rule (death year 1936 + 71 <= 2026), independent of publication year; publication year (2010) discarded as implausible (>50 years after author's death, likely a modern reprint/collected edition indexed by Open Library as 'first publish year'); needs manual research"
elements-of-natural-philosophy__william-thomson-1st-baron-kelvin__1871,Elements of natural philosophy,"William Thomson, 1st Baron Kelvin",1907,false,1871,openlibrary,https://openlibrary.org/works/OL5962005W,en,"merged from 1 source rows (openlibrary); author death year from Wikidata (Q122701); PD via life+70 rule (death year 1907 + 71 <= 2026), independent of publication year"
eloge-historique-de-james-watt__francois-arago__1839,Eloge historique de James Watt,François Arago,1853,false,1839,openlibrary,https://openlibrary.org/works/OL8084634W,en,"merged from 1 source rows (openlibrary); author death year from Wikidata (Q154353); PD via life+70 rule (death year 1853 + 71 <= 2026), independent of publication year"
eloisa-b-or-a-series-of-original-letters__rousseau-jean-jacques__unk,"Eloisa : $b or, A series of original letters","Rousseau, Jean-Jacques",1778,false,,gutenberg,https://www.gutenberg.org/ebooks/76639,en,merged from 1 source rows (gutenberg); publication year not found via Open Library; needs manual research
emanuel-or-children-of-the-soil__henrik-pontoppidan__unk,Emanuel or Children of the Soil,Henrik Pontoppidan,1943,false,,openlibrary,https://openlibrary.org/works/OL31382967W,en,"merged from 1 source rows (openlibrary); author death year from Wikidata (Q225554); PD via life+70 rule (death year 1943 + 71 <= 2026), independent of publication year; publication year (2013) discarded as implausible (>50 years after author's death, likely a modern reprint/collected edition indexed by Open Library as 'first publish year'); needs manual research"
emile-bernard__emile-bernard__1957,Emile Bernard,Émile Bernard,1941,false,1957,openlibrary,https://openlibrary.org/works/OL3051306W,en,"merged from 1 source rows (openlibrary); author death year from Wikidata (Q264193); PD via life+70 rule (death year 1941 + 71 <= 2026), independent of publication year"
emile-bernard-1868-1941__emile-bernard__1988,"Emile Bernard, 1868-1941",Émile Bernard,1941,false,1988,openlibrary,https://openlibrary.org/works/OL3051318W,en,"merged from 1 source rows (openlibrary); author death year from Wikidata (Q264193); PD via life+70 rule (death year 1941 + 71 <= 2026), independent of publication year"
emily-bronte__robinson-a-mary-f-agnes-mary-frances__1883,Emily Brontë,"Robinson, A. Mary F. (Agnes Mary Frances)",1944,false,1883,gutenberg,https://www.gutenberg.org/ebooks/25789,en,merged from 1 source rows (gutenberg); publication year via Open Library (earliest edition found; not independently verified)
emily-climbs__montgomery-lucy-maud__1920,Emily climbs,"Montgomery, Lucy Maud",,false,1920,openlibrary,https://openlibrary.org/works/OL77777W,en,merged from 1 source rows (openlibrary); pd_basis=pub_year<=1930
emily-of-new-moon__montgomery-lucy-maud__1923,Emily of New Moon,"Montgomery, Lucy Maud",,false,1923,openlibrary,https://openlibrary.org/works/OL77781W,en,merged from 1 source rows (openlibrary); pd_basis=pub_year<=1930
emily-s-quest__montgomery-lucy-maud__1756,Emily's quest,"Montgomery, Lucy Maud",,false,1756,openlibrary,https://openlibrary.org/works/OL77778W,en,merged from 1 source rows (openlibrary); pd_basis=pub_year<=1930
emma__austen-jane__1815,Emma,"Austen, Jane",,false,1815,openlibrary,https://openlibrary.org/works/OL66513W,en,merged from 1 source rows (openlibrary); pd_basis=pub_year<=1930
ensayo-politico-sobre-la-isla-de-cuba__alexander-von-humboldt__1826,Ensayo politico sobre la isla de Cuba,Alexander von Humboldt,1859,false,1826,openlibrary,https://openlibrary.org/works/OL1553951W,en,"merged from 1 source rows (openlibrary); author death year from Wikidata (Q6694); PD via life+70 rule (death year 1859 + 71 <= 2026), independent of publication year"
enten-eller__sren-kierkegaard__1843,Enten-eller,Søren Kierkegaard,1855,false,1843,openlibrary,https://openlibrary.org/works/OL112738W,en,"merged from 1 source rows (openlibrary); author death year from Wikidata (Q6512); PD via life+70 rule (death year 1855 + 71 <= 2026), independent of publication year"
enthusiasm__therese-of-lisieux__unk,Enthusiasm,Thérèse of Lisieux,1897,false,,openlibrary,https://openlibrary.org/works/OL1283206W,en,"merged from 1 source rows (openlibrary); author death year from Wikidata (Q181715); PD via life+70 rule (death year 1897 + 71 <= 2026), independent of publication year; publication year (1949) discarded as implausible (>50 years after author's death, likely a modern reprint/collected edition indexed by Open Library as 'first publish year'); needs manual research"
environmental-engineering-dictionary-of-technical-terms-and-phrases__abdulaziz__unk,Environmental Engineering Dictionary of Technical Terms and Phrases,Abdülaziz,1876,false,,openlibrary,https://openlibrary.org/works/OL28043496W,en,"merged from 1 source rows (openlibrary); author death year from Wikidata (Q151500); PD via life+70 rule (death year 1876 + 71 <= 2026), independent of publication year; publication year (2016) discarded as implausible (>50 years after author's death, likely a modern reprint/collected edition indexed by Open Library as 'first publish year'); needs manual research"
environmental-law-handbook__thomas-r-marshall__unk,Environmental law handbook,Thomas R. Marshall,1925,false,,openlibrary,https://openlibrary.org/works/OL18159530W,en,"merged from 1 source rows (openlibrary); author death year from Wikidata (Q299001); PD via life+70 rule (death year 1925 + 71 <= 2026), independent of publication year; publication year (1999) discarded as implausible (>50 years after author's death, likely a modern reprint/collected edition indexed by Open Library as 'first publish year'); needs manual research"
erasmus__johan-huizinga__1924,Erasmus,Johan Huizinga,1945,false,1924,openlibrary,https://openlibrary.org/works/OL1141873W,en,"merged from 1 source rows (openlibrary); author death year from Wikidata (Q276280); PD via life+70 rule (death year 1945 + 71 <= 2026), independent of publication year"
erewhon__butler-samuel__1700,Erewhon,"Butler, Samuel",,false,1700,openlibrary,https://openlibrary.org/works/OL22364W,en,merged from 1 source rows (openlibrary); pd_basis=pub_year<=1930
erewhon__samuel-butler__unk,Erewhon,Samuel Butler,1902,false,,openlibrary,https://openlibrary.org/works/OL22364W,en,"merged from 1 source rows (openlibrary); author death year from Wikidata (Q312829); PD via life+70 rule (death year 1902 + 71 <= 2026), independent of publication year; publication year (1700) discarded post-merge as implausible (more than 100 years before death (1902), implausible for a single lifetime); needs manual research"
erinnerungen-eines-soldaten__heinz-guderian__1951,Erinnerungen eines Soldaten,Heinz Guderian,1954,false,1951,openlibrary,https://openlibrary.org/works/OL1294779W,en,"merged from 1 source rows (openlibrary); author death year from Wikidata (Q70560); PD via life+70 rule (death year 1954 + 71 <= 2026), independent of publication year"
ernst-lubitsch-s-ninotchka-starring-greta-garbo-melvyn-douglas__ernst-lubitsch__1976,"Ernst Lubitsch's 'Ninotchka', starring Greta Garbo, Melvyn Douglas",Ernst Lubitsch,1947,false,1976,openlibrary,https://openlibrary.org/works/OL13453215W,en,"merged from 1 source rows (openlibrary); author death year from Wikidata (Q51562); PD via life+70 rule (death year 1947 + 71 <= 2026), independent of publication year"
ernst-lubitsch-s-ninotchka-starring-greta-garbo-melvyn-douglas__ernst-lubitsch__1975,"Ernst Lubitsch's Ninotchka, starring Greta Garbo, Melvyn Douglas",Ernst Lubitsch,1947,false,1975,openlibrary,https://openlibrary.org/works/OL16033035W,en,"merged from 1 source rows (openlibrary); author death year from Wikidata (Q51562); PD via life+70 rule (death year 1947 + 71 <= 2026), independent of publication year"
erotica-romana__goethe-johann-wolfgang-von__1832,Erotica Romana,"Goethe, Johann Wolfgang von",1832,false,1832,gutenberg,https://www.gutenberg.org/ebooks/7889,en,merged from 1 source rows (gutenberg); publication year via Open Library (earliest edition found; not independently verified)
erwartung__arnold-schoenberg__1922,Erwartung =,Arnold Schoenberg,1951,false,1922,openlibrary,https://openlibrary.org/works/OL1394576W,en,"merged from 1 source rows (openlibrary); author death year from Wikidata (Q154770); PD via life+70 rule (death year 1951 + 71 <= 2026), independent of publication year"
espana-invertebrada__jose-ortega-y-gasset__1921,España invertebrada,José Ortega y Gasset,1955,false,1921,openlibrary,https://openlibrary.org/works/OL504329W,en,"merged from 1 source rows (openlibrary); author death year from Wikidata (Q153020); PD via life+70 rule (death year 1955 + 71 <= 2026), independent of publication year"
essai-politique-sur-le-royaume-de-la-nouvelle-espagne__alexander-von-humboldt__1811,Essai politique sur le royaume de la Nouvelle-Espagne,Alexander von Humboldt,1859,false,1811,openlibrary,https://openlibrary.org/works/OL1554089W,en,"merged from 1 source rows (openlibrary); author death year from Wikidata (Q6694); PD via life+70 rule (death year 1859 + 71 <= 2026), independent of publication year"
essai-sur-l-inegalite-des-races-humaines__arthur-de-gobineau__1884,Essai sur l'inégalité des races humaines,Arthur de Gobineau,1882,false,1884,openlibrary,https://openlibrary.org/works/OL1296895W,en,"merged from 1 source rows (openlibrary); author death year from Wikidata (Q264918); PD via life+70 rule (death year 1882 + 71 <= 2026), independent of publication year"
essais__de-montaigne-michel__1600,Essais,"de, Montaigne, Michel",,false,1600,openlibrary,https://openlibrary.org/works/OL1086528W,en,merged from 1 source rows (openlibrary); pd_basis=pub_year<=1930
essays__ralph-waldo-emerson__1800,Essays,Ralph Waldo Emerson,1882,false,1800,openlibrary,https://openlibrary.org/works/OL62250W,en,"merged from 1 source rows (openlibrary); author death year from Wikidata (Q48226); PD via life+70 rule (death year 1882 + 71 <= 2026), independent of publication year"
essays-in-medical-sociology__elizabeth-blackwell__unk,Essays in Medical Sociology,Elizabeth Blackwell,1910,false,,openlibrary,https://openlibrary.org/works/OL28477283W,en,"merged from 1 source rows (openlibrary); author death year from Wikidata (Q234572); PD via life+70 rule (death year 1910 + 71 <= 2026), independent of publication year; publication year (2018) discarded as implausible (>50 years after author's death, likely a modern reprint/collected edition indexed by Open Library as 'first publish year'); needs manual research"
essays-on-freedom-and-power__john-dalberg-acton-1st-baron-acton__1948,Essays on freedom and power,"John Dalberg-Acton, 1st Baron Acton",1902,false,1948,openlibrary,https://openlibrary.org/works/OL41903W,en,"merged from 1 source rows (openlibrary); author death year from Wikidata (Q311778); PD via life+70 rule (death year 1902 + 71 <= 2026), independent of publication year"
essays-on-the-gita__aurobindo-ghosh__1926,Essays on the Gita,Aurobindo Ghosh,1950,false,1926,openlibrary,https://openlibrary.org/works/OL308341W,en,"merged from 1 source rows (openlibrary); author death year from Wikidata (Q192207); PD via life+70 rule (death year 1950 + 71 <= 2026), independent of publication year"
essence-of-christianity__ludwig-feuerbach__unk,Essence of Christianity,Ludwig Feuerbach,1872,false,,openlibrary,https://openlibrary.org/works/OL27999567W,en,"merged from 1 source rows (openlibrary); author death year from Wikidata (Q76422); PD via life+70 rule (death year 1872 + 71 <= 2026), independent of publication year; publication year (1957) discarded as implausible (>50 years after author's death, likely a modern reprint/collected edition indexed by Open Library as 'first publish year'); needs manual research"
estetica-come-scienza-dell-espressione-e-linguistica-generale__benedetto-croce__1902,Estetica come scienza dell' espressione e linguistica generale,Benedetto Croce,1952,false,1902,openlibrary,https://openlibrary.org/works/OL15312350W,en,"merged from 1 source rows (openlibrary); author death year from Wikidata (Q192348); PD via life+70 rule (death year 1952 + 71 <= 2026), independent of publication year"
esther-waters-a-novel__moore-george__1890,"Esther Waters, a novel","Moore, George",,false,1890,openlibrary,https://openlibrary.org/works/OL1381165W,en,merged from 1 source rows (openlibrary); pd_basis=pub_year<=1930
estudios-sobre-el-amor__jose-ortega-y-gasset__1939,Estudios sobre el amor,José Ortega y Gasset,1955,false,1939,openlibrary,https://openlibrary.org/works/OL504343W,en,"merged from 1 source rows (openlibrary); author death year from Wikidata (Q153020); PD via life+70 rule (death year 1955 + 71 <= 2026), independent of publication year"
estudis-de-linguistica-i-de-filologia-catalanes__pompeu-fabra__1963,Estudis de lingüística i de filologia catalanes,Pompeu Fabra,1948,false,1963,openlibrary,https://openlibrary.org/works/OL22507404W,en,"merged from 1 source rows (openlibrary); author death year from Wikidata (Q379785); PD via life+70 rule (death year 1948 + 71 <= 2026), independent of publication year"
ethan-frome__edith-wharton__1910,Ethan Frome,Edith Wharton,1937,false,1910,openlibrary,https://openlibrary.org/works/OL98501W,en,"merged from 1 source rows (openlibrary); author death year from Wikidata (Q276032); PD via life+70 rule (death year 1937 + 71 <= 2026), independent of publication year"
ethan-frome__wharton-edith__1910,Ethan Frome,"Wharton, Edith",,false,1910,openlibrary,https://openlibrary.org/works/OL98501W,en,merged from 1 source rows (openlibrary); pd_basis=pub_year<=1930
ethics__wilhelm-wundt__unk,Ethics,Wilhelm Wundt,1920,false,,openlibrary,https://openlibrary.org/works/OL21687161W,en,"merged from 1 source rows (openlibrary); author death year from Wikidata (Q75814); PD via life+70 rule (death year 1920 + 71 <= 2026), independent of publication year; publication year (2018) discarded as implausible (>50 years after author's death, likely a modern reprint/collected edition indexed by Open Library as 'first publish year'); needs manual research"
ethics-in-service__william-howard-taft__unk,Ethics in Service,William Howard Taft,1930,false,,openlibrary,https://openlibrary.org/works/OL28500393W,en,"merged from 1 source rows (openlibrary); author death year from Wikidata (Q35648); PD via life+70 rule (death year 1930 + 71 <= 2026), independent of publication year; publication year (2009) discarded as implausible (>50 years after author's death, likely a modern reprint/collected edition indexed by Open Library as 'first publish year'); needs manual research"
eugenics-and-other-evils__chesterton-gilbert-keith__1922,Eugenics and Other Evils,"Chesterton, Gilbert Keith",,false,1922,openlibrary,https://openlibrary.org/works/OL76446W,en,merged from 1 source rows (openlibrary); pd_basis=pub_year<=1930
eugenie-grandet__honore-de-balzac__1868,Eugénie Grandet,Honoré de Balzac,1850,false,1868,openlibrary,https://openlibrary.org/works/OL85243W,en,"merged from 1 source rows (openlibrary); author death year from Wikidata (Q9711); PD via life+70 rule (death year 1850 + 71 <= 2026), independent of publication year"
eva-kilhaus__aleksis-kivi__unk,Eva (Kilhaus),Aleksis Kivi,1872,false,,openlibrary,https://openlibrary.org/works/OL2441579W,en,"merged from 1 source rows (openlibrary); author death year from Wikidata (Q216904); PD via life+70 rule (death year 1872 + 71 <= 2026), independent of publication year; publication year (1980) discarded as implausible (>50 years after author's death, likely a modern reprint/collected edition indexed by Open Library as 'first publish year'); needs manual research"
evolution-of-france-under-the-third-republic__pierre-de-coubertin__unk,Evolution of France under the Third Republic,Pierre de Coubertin,1937,false,,openlibrary,https://openlibrary.org/works/OL28535137W,en,"merged from 1 source rows (openlibrary); author death year from Wikidata (Q82984); PD via life+70 rule (death year 1937 + 71 <= 2026), independent of publication year; publication year (2010) discarded as implausible (>50 years after author's death, likely a modern reprint/collected edition indexed by Open Library as 'first publish year'); needs manual research"
evolutionary-socialism__eduard-bernstein__1909,Evolutionary socialism,Eduard Bernstein,1932,false,1909,openlibrary,https://openlibrary.org/works/OL1454747W,en,"merged from 1 source rows (openlibrary); author death year from Wikidata (Q75786); PD via life+70 rule (death year 1932 + 71 <= 2026), independent of publication year"
experimental-researches-in-electricity__michael-faraday__1839,Experimental researches in electricity,Michael Faraday,1867,false,1839,openlibrary,https://openlibrary.org/works/OL2008499W,en,"merged from 1 source rows (openlibrary); author death year from Wikidata (Q8750); PD via life+70 rule (death year 1867 + 71 <= 2026), independent of publication year"
fabian-essays-in-socialism__annie-besant__1889,Fabian Essays in Socialism,Annie Besant,1933,false,1889,openlibrary,https://openlibrary.org/works/OL241829W,en,"merged from 1 source rows (openlibrary); author death year from Wikidata (Q464318); PD via life+70 rule (death year 1933 + 71 <= 2026), independent of publication year"
fables__fontaine-jean-de-la__1678,Fables,"Fontaine, Jean de La",,false,1678,openlibrary,https://openlibrary.org/works/OL50348W,en,merged from 1 source rows (openlibrary); pd_basis=pub_year<=1930
facsimile-atlas-to-the-early-history-of-cartography__adolf-erik-nordenskiold__1889,Facsimile-atlas to the early history of cartography,Adolf Erik Nordenskiöld,1901,false,1889,openlibrary,https://openlibrary.org/works/OL1184550W,en,"merged from 1 source rows (openlibrary); author death year from Wikidata (Q156749); PD via life+70 rule (death year 1901 + 71 <= 2026), independent of publication year"
facundo-or-civilization-and-barbarism__domingo-faustino-sarmiento__1868,"Facundo, or, civilization and barbarism",Domingo Faustino Sarmiento,1888,false,1868,openlibrary,https://openlibrary.org/works/OL1161881W,en,"merged from 1 source rows (openlibrary); author death year from Wikidata (Q254041); PD via life+70 rule (death year 1888 + 71 <= 2026), independent of publication year"
fairy-dreams-b-or-wanderings-in-elf-land__austin-jane-g-jane-goodwin__unk,"Fairy dreams : $b or, Wanderings in Elf-land","Austin, Jane G. (Jane Goodwin)",1894,false,,gutenberg,https://www.gutenberg.org/ebooks/76391,en,merged from 1 source rows (gutenberg); publication year not found via Open Library; needs manual research
fairy-tales-from-czechoslovakia__bozena-nemcova__unk,Fairy Tales from Czechoslovakia,Božena Němcová,1862,false,,openlibrary,https://openlibrary.org/works/OL8609757W,en,"merged from 1 source rows (openlibrary); author death year from Wikidata (Q157970); PD via life+70 rule (death year 1862 + 71 <= 2026), independent of publication year; publication year (1989) discarded as implausible (>50 years after author's death, likely a modern reprint/collected edition indexed by Open Library as 'first publish year'); needs manual research"
falkner__shelley-mary__1837,Falkner,"Shelley, Mary",,false,1837,openlibrary,https://openlibrary.org/works/OL449979W,en,merged from 1 source rows (openlibrary); pd_basis=pub_year<=1930
falstaff__giuseppe-verdi__1893,Falstaff,Giuseppe Verdi,1901,false,1893,openlibrary,https://openlibrary.org/works/OL1304351W,en,"merged from 1 source rows (openlibrary); author death year from Wikidata (Q7317); PD via life+70 rule (death year 1901 + 71 <= 2026), independent of publication year"
familiar-letters-on-chemistry-and-its-relation-to-commerce-physiology-and-agriculture__justus-von-liebig__1843,"Familiar letters on chemistry, and its relation to commerce, physiology, and agriculture",Justus von Liebig,1873,false,1843,openlibrary,https://openlibrary.org/works/OL1470658W,en,"merged from 1 source rows (openlibrary); author death year from Wikidata (Q16571); PD via life+70 rule (death year 1873 + 71 <= 2026), independent of publication year"
famous-affinities-of-history-the-romance-of-devotion-vol-1-4-complete__orr-lyndon__2012,"Famous Affinities of History: The Romance of Devotion. Vol 1-4, Complete","Orr, Lyndon",,false,2012,gutenberg,https://www.gutenberg.org/ebooks/4693,en,merged from 1 source rows (gutenberg); publication year via Open Library (earliest edition found; not independently verified); author death year unknown (Gutendex has no record)
famous-modern-ghost-stories__leonid-andreyev__1921,Famous Modern Ghost Stories,Leonid Andreyev,1919,false,1921,openlibrary,https://openlibrary.org/works/OL264243W,en,"merged from 1 source rows (openlibrary); author death year from Wikidata (Q310866); PD via life+70 rule (death year 1919 + 71 <= 2026), independent of publication year"
fantastic-fables__ambrose-bierce__1899,Fantastic Fables,Ambrose Bierce,1914,false,1899,openlibrary,https://openlibrary.org/works/OL7973284W,en,"merged from 1 source rows (openlibrary); author death year from Wikidata (Q191050); PD via life+70 rule (death year 1914 + 71 <= 2026), independent of publication year"
faraday-as-a-discoverer__john-tyndall__1868,Faraday As a Discoverer,John Tyndall,1893,false,1868,openlibrary,https://openlibrary.org/works/OL37723051W,en,"merged from 1 source rows (openlibrary); author death year from Wikidata (Q360808); PD via life+70 rule (death year 1893 + 71 <= 2026), independent of publication year"
faraon__bolesaw-prus__1901,Faraon,Bolesław Prus,1912,false,1901,openlibrary,https://openlibrary.org/works/OL10359683W,en,"merged from 1 source rows (openlibrary); author death year from Wikidata (Q144439); PD via life+70 rule (death year 1912 + 71 <= 2026), independent of publication year"
fashions-for-men-and-the-swan__ferenc-molnar__1922,"Fashions for Men, and the Swan",Ferenc Molnár,1952,false,1922,openlibrary,https://openlibrary.org/works/OL24401483W,en,"merged from 1 source rows (openlibrary); author death year from Wikidata (Q296809); PD via life+70 rule (death year 1952 + 71 <= 2026), independent of publication year"
father-and-son__algernon-charles-swinburne__1907,Father and son,Algernon Charles Swinburne,1909,false,1907,openlibrary,https://openlibrary.org/works/OL1127389W,en,"merged from 1 source rows (openlibrary); author death year from Wikidata (Q315511); PD via life+70 rule (death year 1909 + 71 <= 2026), independent of publication year"
faust__friedrich-hebbel__unk,Faust,Friedrich Hebbel,1863,false,,openlibrary,https://openlibrary.org/works/OL29507355W,en,"merged from 1 source rows (openlibrary); author death year from Wikidata (Q57182); PD via life+70 rule (death year 1863 + 71 <= 2026), independent of publication year; publication year (2017) discarded as implausible (>50 years after author's death, likely a modern reprint/collected edition indexed by Open Library as 'first publish year'); needs manual research"
faust__friedrich-ruckert__unk,Faust,Friedrich Rückert,1866,false,,openlibrary,https://openlibrary.org/works/OL29507355W,en,"merged from 1 source rows (openlibrary); author death year from Wikidata (Q60644); PD via life+70 rule (death year 1866 + 71 <= 2026), independent of publication year; publication year (2017) discarded as implausible (>50 years after author's death, likely a modern reprint/collected edition indexed by Open Library as 'first publish year'); needs manual research"
faust__georg-brandes__unk,Faust,Georg Brandes,1927,false,,openlibrary,https://openlibrary.org/works/OL29507355W,en,"merged from 1 source rows (openlibrary); author death year from Wikidata (Q316045); PD via life+70 rule (death year 1927 + 71 <= 2026), independent of publication year; publication year (2017) discarded as implausible (>50 years after author's death, likely a modern reprint/collected edition indexed by Open Library as 'first publish year'); needs manual research"
faust__goethe-johann-wolfgang-von__1800,Faust,"Goethe, Johann Wolfgang von",,false,1800,openlibrary,https://openlibrary.org/works/OL52456W,en,merged from 1 source rows (openlibrary); pd_basis=pub_year<=1930
faust__heinrich-mann__unk,Faust,Heinrich Mann,1950,false,,openlibrary,https://openlibrary.org/works/OL29507355W,en,"merged from 1 source rows (openlibrary); author death year from Wikidata (Q76480); PD via life+70 rule (death year 1950 + 71 <= 2026), independent of publication year; publication year (2017) discarded as implausible (>50 years after author's death, likely a modern reprint/collected edition indexed by Open Library as 'first publish year'); needs manual research"
fedor-ivanovich-shaliapin__feodor-chaliapin__1967,Fedor Ivanovich Shali︠a︡pin,Feodor Chaliapin,1938,false,1967,openlibrary,https://openlibrary.org/works/OL1278638W,en,"merged from 1 source rows (openlibrary); author death year from Wikidata (Q189164); PD via life+70 rule (death year 1938 + 71 <= 2026), independent of publication year"
ferdinand-lassalle-as-a-social-reformer__eduard-bernstein__unk,Ferdinand Lassalle as a Social Reformer,Eduard Bernstein,1932,false,,openlibrary,https://openlibrary.org/works/OL24387518W,en,"merged from 1 source rows (openlibrary); author death year from Wikidata (Q75786); PD via life+70 rule (death year 1932 + 71 <= 2026), independent of publication year; publication year (1985) discarded as implausible (>50 years after author's death, likely a modern reprint/collected edition indexed by Open Library as 'first publish year'); needs manual research"
field-artillery-training-1914__great-britain-war-office__1914,Field Artillery Training. 1914,Great Britain. War Office,,false,1914,gutenberg,https://www.gutenberg.org/ebooks/78053,en,merged from 1 source rows (gutenberg); publication year via Open Library (earliest edition found; not independently verified); author death year unknown (Gutendex has no record)
fifteen-thousand-useful-phrases__kleiser-grenville__1917,Fifteen Thousand Useful Phrases,"Kleiser, Grenville",1953,false,1917,gutenberg,https://www.gutenberg.org/ebooks/26225,en,merged from 1 source rows (gutenberg); publication year via Open Library (earliest edition found; not independently verified)
fifty-years-in-wall-street__clews-henry__1908,Fifty years in Wall Street,"Clews, Henry",1923,false,1908,gutenberg,https://www.gutenberg.org/ebooks/70377,en,merged from 1 source rows (gutenberg); publication year via Open Library (earliest edition found; not independently verified)
first-love__ivan-turgenev__unk,First Love,Ivan Turgenev,1883,false,,openlibrary,https://openlibrary.org/works/OL28645904W,en,"merged from 1 source rows (openlibrary); author death year from Wikidata (Q42831); PD via life+70 rule (death year 1883 + 71 <= 2026), independent of publication year; publication year (1984) discarded as implausible (>50 years after author's death, likely a modern reprint/collected edition indexed by Open Library as 'first publish year'); needs manual research"
five-children-and-it__nesbit-edith__1905,Five Children and It,"Nesbit, Edith",,false,1905,openlibrary,https://openlibrary.org/works/OL99499W,en,merged from 1 source rows (openlibrary); pd_basis=pub_year<=1930
five-great-encyclicals__leo-xiii__1939,Five great encyclicals,Leo XIII,1903,false,1939,openlibrary,https://openlibrary.org/works/OL819088W,en,"merged from 1 source rows (openlibrary); author death year from Wikidata (Q43922); PD via life+70 rule (death year 1903 + 71 <= 2026), independent of publication year"
five-poems__else-lasker-schuler__1986,Five poems,Else Lasker-Schüler,1945,false,1986,openlibrary,https://openlibrary.org/works/OL19663468W,en,"merged from 1 source rows (openlibrary); author death year from Wikidata (Q58033); PD via life+70 rule (death year 1945 + 71 <= 2026), independent of publication year"
five-weeks-in-a-balloon-or-journeys-and-discoveries-in-africa-by-three-englishmen__verne-jules__1874,"Five Weeks in a Balloon: Or, Journeys and Discoveries in Africa by Three Englishmen","Verne, Jules",1905,false,1874,gutenberg,https://www.gutenberg.org/ebooks/3526,en,merged from 1 source rows (gutenberg); publication year via Open Library (earliest edition found; not independently verified)
flame-in-chalice__nicholas-roerich__1942,Flame in Chalice,Nicholas Roerich,1947,false,1942,openlibrary,https://openlibrary.org/works/OL8516482W,en,"merged from 1 source rows (openlibrary); author death year from Wikidata (Q208993); PD via life+70 rule (death year 1947 + 71 <= 2026), independent of publication year"
flatland__abbott-edwin-abbott__unk,Flatland,"Abbott, Edwin Abbott",,false,,openlibrary,https://openlibrary.org/works/OL118388W,en,"merged from 1 source rows (openlibrary); pd_basis=pub_year<=1930; publication year conflict across duplicate Open Library records (1884, 1886), blanked pending manual research"
flora-och-pomona__erik-axel-karlfeldt__unk,Flora Och Pomona,Erik Axel Karlfeldt,1931,false,,openlibrary,https://openlibrary.org/works/OL34141095W,en,"merged from 1 source rows (openlibrary); author death year from Wikidata (Q134641); PD via life+70 rule (death year 1931 + 71 <= 2026), independent of publication year; publication year (2022) discarded as implausible (>50 years after author's death, likely a modern reprint/collected edition indexed by Open Library as 'first publish year'); needs manual research"
flower-fables__alcott-louisa-may__1854,Flower Fables,"Alcott, Louisa May",,false,1854,openlibrary,https://openlibrary.org/works/OL30056W,en,merged from 1 source rows (openlibrary); pd_basis=pub_year<=1930
flower-fables__frances-hodgson-burnett__1854,Flower Fables,Frances Hodgson Burnett,1924,false,1854,openlibrary,https://openlibrary.org/works/OL30056W,en,"merged from 1 source rows (openlibrary); author death year from Wikidata (Q276028); PD via life+70 rule (death year 1924 + 71 <= 2026), independent of publication year"
flower-fables__stephen-crane__1854,Flower Fables,Stephen Crane,1900,false,1854,openlibrary,https://openlibrary.org/works/OL30056W,en,"merged from 1 source rows (openlibrary); author death year from Wikidata (Q206534); PD via life+70 rule (death year 1900 + 71 <= 2026), independent of publication year"
fokine__michel-fokine__1961,Fokine,Michel Fokine,1942,false,1961,openlibrary,https://openlibrary.org/works/OL5514449W,en,"merged from 1 source rows (openlibrary); author death year from Wikidata (Q314312); PD via life+70 rule (death year 1942 + 71 <= 2026), independent of publication year"
fokine-memoirs-of-a-ballet-master__michel-fokine__1961,"Fokine, memoirs of a ballet master",Michel Fokine,1942,false,1961,openlibrary,https://openlibrary.org/works/OL5514451W,en,"merged from 1 source rows (openlibrary); author death year from Wikidata (Q314312); PD via life+70 rule (death year 1942 + 71 <= 2026), independent of publication year"
folk-lore-in-the-old-testament__james-george-frazer__1907,Folk-lore in the Old Testament,James George Frazer,1941,false,1907,openlibrary,https://openlibrary.org/works/OL1159647W,en,"merged from 1 source rows (openlibrary); author death year from Wikidata (Q151936); PD via life+70 rule (death year 1941 + 71 <= 2026), independent of publication year"
following-in-the-buddha-s-footsteps__thubten-gyatso__unk,Following in the Buddha's Footsteps,Thubten Gyatso,1933,false,,openlibrary,https://openlibrary.org/works/OL21355666W,en,"merged from 1 source rows (openlibrary); author death year from Wikidata (Q25238); PD via life+70 rule (death year 1933 + 71 <= 2026), independent of publication year; publication year (2019) discarded as implausible (>50 years after author's death, likely a modern reprint/collected edition indexed by Open Library as 'first publish year'); needs manual research"
for-la-batalilojn__bertha-von-suttner__1892,For la batalilojn!,Bertha von Suttner,1914,false,1892,openlibrary,https://openlibrary.org/works/OL5232182W,en,"merged from 1 source rows (openlibrary); author death year from Wikidata (Q18456); PD via life+70 rule (death year 1914 + 71 <= 2026), independent of publication year"
foreign-conspiracy-against-the-liberties-of-the-united-states__samuel-finley-breese-morse__1835,Foreign conspiracy against the liberties of the United States,Samuel Finley Breese Morse,1872,false,1835,openlibrary,https://openlibrary.org/works/OL5905344W,en,"merged from 1 source rows (openlibrary); author death year from Wikidata (Q75698); PD via life+70 rule (death year 1872 + 71 <= 2026), independent of publication year"
forest-days-a-romance-of-old-times__james-g-p-r-george-payne-rainsford__unk,Forest Days: A Romance of Old Times,"James, G. P. R. (George Payne Rainsford)",1860,false,,gutenberg,https://www.gutenberg.org/ebooks/49987,en,merged from 1 source rows (gutenberg); publication year not found via Open Library; needs manual research
forest-song__lesya-ukrainka__unk,Forest Song,Lesya Ukrainka,1913,false,,openlibrary,https://openlibrary.org/works/OL34335735W,en,"merged from 1 source rows (openlibrary); author death year from Wikidata (Q298033); PD via life+70 rule (death year 1913 + 71 <= 2026), independent of publication year; publication year (2023) discarded as implausible (>50 years after author's death, likely a modern reprint/collected edition indexed by Open Library as 'first publish year'); needs manual research"
four-arthurian-romances__chretien-de-troyes-active-12th-century__2016,Four Arthurian Romances,"Chrétien, de Troyes, active 12th century",,false,2016,gutenberg,https://www.gutenberg.org/ebooks/831,en,merged from 1 source rows (gutenberg); publication year via Open Library (earliest edition found; not independently verified); author death year unknown (Gutendex has no record)
fra-contadini__errico-malatesta__1890,Fra contadini,Errico Malatesta,1932,false,1890,openlibrary,https://openlibrary.org/works/OL997225W,en,"merged from 1 source rows (openlibrary); author death year from Wikidata (Q215673); PD via life+70 rule (death year 1932 + 71 <= 2026), independent of publication year"
fragments-of-science__john-tyndall__1879,Fragments of science,John Tyndall,1893,false,1879,openlibrary,https://openlibrary.org/works/OL1523356W,en,"merged from 1 source rows (openlibrary); author death year from Wikidata (Q360808); PD via life+70 rule (death year 1893 + 71 <= 2026), independent of publication year"
fram-over-polhavet__fridtjof-nansen__1897,Fram over Polhavet,Fridtjof Nansen,1930,false,1897,openlibrary,https://openlibrary.org/works/OL1362539W,en,"merged from 1 source rows (openlibrary); author death year from Wikidata (Q72292); PD via life+70 rule (death year 1930 + 71 <= 2026), independent of publication year"
framley-parsonage__anthony-trollope__1861,Framley Parsonage,Anthony Trollope,1882,false,1861,openlibrary,https://openlibrary.org/works/OL109880W,en,"merged from 1 source rows (openlibrary); author death year from Wikidata (Q318399); PD via life+70 rule (death year 1882 + 71 <= 2026), independent of publication year"
framley-parsonage__trollope-anthony__1861,Framley Parsonage,"Trollope, Anthony",,false,1861,openlibrary,https://openlibrary.org/works/OL109880W,en,merged from 1 source rows (openlibrary); pd_basis=pub_year<=1930
france-since-1814__pierre-de-coubertin__1900,France since 1814,Pierre de Coubertin,1937,false,1900,openlibrary,https://openlibrary.org/works/OL1532192W,en,"merged from 1 source rows (openlibrary); author death year from Wikidata (Q82984); PD via life+70 rule (death year 1937 + 71 <= 2026), independent of publication year"
franco-german-war-of-1870-to-1871__helmuth-von-moltke-the-elder__unk,Franco German War of 1870 To 1871,Helmuth von Moltke the Elder,1891,false,,openlibrary,https://openlibrary.org/works/OL41589316W,en,"merged from 1 source rows (openlibrary); author death year from Wikidata (Q44205); PD via life+70 rule (death year 1891 + 71 <= 2026), independent of publication year; publication year (2015) discarded as implausible (>50 years after author's death, likely a modern reprint/collected edition indexed by Open Library as 'first publish year'); needs manual research"
frankenstein-or-the-modern-prometheus__mary-shelley__1818,"Frankenstein; or, The Modern Prometheus",Mary Shelley,1851,false,1818,openlibrary,https://openlibrary.org/works/OL450063W,en,"merged from 1 source rows (openlibrary); author death year from Wikidata (Q47152); PD via life+70 rule (death year 1851 + 71 <= 2026), independent of publication year"
frankenstein-or-the-modern-prometheus__shelley-mary__1818,"Frankenstein; or, The Modern Prometheus","Shelley, Mary",,false,1818,openlibrary,https://openlibrary.org/works/OL450063W,en,merged from 1 source rows (openlibrary); pd_basis=pub_year<=1930
frankenstein-or-the-modern-prometheus__shelley-mary-wollstonecraft__1818,"Frankenstein; or, the modern prometheus","Shelley, Mary Wollstonecraft",1851,false,1818,gutenberg,https://www.gutenberg.org/ebooks/84,en,merged from 1 source rows (gutenberg); publication year via Open Library (earliest edition found; not independently verified)
franz-von-sickingen__ferdinand-lassalle__1880,Franz von Sickingen,Ferdinand Lassalle,1864,false,1880,openlibrary,https://openlibrary.org/works/OL11111002W,en,"merged from 1 source rows (openlibrary); author death year from Wikidata (Q75784); PD via life+70 rule (death year 1864 + 71 <= 2026), independent of publication year"
frasheri-s-song-of-albania__naim-frasheri__unk,Frasheri's Song of Albania,Naim Frashëri,1900,false,,openlibrary,https://openlibrary.org/works/OL2117670W,en,"merged from 1 source rows (openlibrary); author death year from Wikidata (Q47007); PD via life+70 rule (death year 1900 + 71 <= 2026), independent of publication year; publication year (1981) discarded as implausible (>50 years after author's death, likely a modern reprint/collected edition indexed by Open Library as 'first publish year'); needs manual research"
frederic-remington__buffalo-bill__unk,Frederic Remington,Buffalo Bill,1917,false,,openlibrary,https://openlibrary.org/works/OL1978641W,en,"merged from 1 source rows (openlibrary); author death year from Wikidata (Q202285); PD via life+70 rule (death year 1917 + 71 <= 2026), independent of publication year; publication year (1973) discarded as implausible (>50 years after author's death, likely a modern reprint/collected edition indexed by Open Library as 'first publish year'); needs manual research"
frederick-douglass__booker-t-washington__1906,Frederick Douglass,Booker T. Washington,1915,false,1906,openlibrary,https://openlibrary.org/works/OL357522W,en,"merged from 1 source rows (openlibrary); author death year from Wikidata (Q319871); PD via life+70 rule (death year 1915 + 71 <= 2026), independent of publication year"
free-air__sinclair-lewis__1919,Free air,Sinclair Lewis,1951,false,1919,openlibrary,https://openlibrary.org/works/OL51142W,en,"merged from 1 source rows (openlibrary); author death year from Wikidata (Q123469); PD via life+70 rule (death year 1951 + 71 <= 2026), independent of publication year"
freedom-faith-and-dogma__vladimir-solovyov__unk,"Freedom, faith, and dogma",Vladimir Solovyov,1900,false,,openlibrary,https://openlibrary.org/works/OL939817W,en,"merged from 1 source rows (openlibrary); author death year from Wikidata (Q282280); PD via life+70 rule (death year 1900 + 71 <= 2026), independent of publication year; publication year (2008) discarded as implausible (>50 years after author's death, likely a modern reprint/collected edition indexed by Open Library as 'first publish year'); needs manual research"
fremont-s-hundred-days-in-missouri__schuyler-colfax__1862,Fremont's hundred days in Missouri,Schuyler Colfax,1885,false,1862,openlibrary,https://openlibrary.org/works/OL1488866W,en,"merged from 1 source rows (openlibrary); author death year from Wikidata (Q310852); PD via life+70 rule (death year 1885 + 71 <= 2026), independent of publication year"
friday-the-thirteenth-a-novel__lawson-thomas-william__unk,"Friday, the Thirteenth: A Novel","Lawson, Thomas William",1925,false,,gutenberg,https://www.gutenberg.org/ebooks/12345,en,merged from 1 source rows (gutenberg); publication year not found via Open Library; needs manual research
fridtjof-nansen-s-farthest-north__fridtjof-nansen__1897,"Fridtjof Nansen's ""Farthest north""",Fridtjof Nansen,1930,false,1897,openlibrary,https://openlibrary.org/works/OL1362537W,en,"merged from 1 source rows (openlibrary); author death year from Wikidata (Q72292); PD via life+70 rule (death year 1930 + 71 <= 2026), independent of publication year"
from-chaucer-to-tennyson-with-twenty-nine-portraits-and-selections-from-thirty-authors__beers-henry-a-henry-augustin__1894,From Chaucer to Tennyson: With Twenty-Nine Portraits and Selections from Thirty Authors,"Beers, Henry A. (Henry Augustin)",1926,false,1894,gutenberg,https://www.gutenberg.org/ebooks/11618,en,merged from 1 source rows (gutenberg); publication year via Open Library (earliest edition found; not independently verified)
from-georges-sorel__georges-sorel__unk,From Georges Sorel,Georges Sorel,1922,false,,openlibrary,https://openlibrary.org/works/OL1586023W,en,"merged from 1 source rows (openlibrary); author death year from Wikidata (Q313666); PD via life+70 rule (death year 1922 + 71 <= 2026), independent of publication year; publication year (1976) discarded as implausible (>50 years after author's death, likely a modern reprint/collected edition indexed by Open Library as 'first publish year'); needs manual research"
from-the-caves-and-jungles-of-the-hindostan__helena-blavatsky__unk,From the Caves and Jungles of the Hindostan,Helena Blavatsky,1891,false,,openlibrary,https://openlibrary.org/works/OL29637681W,en,"merged from 1 source rows (openlibrary); author death year from Wikidata (Q189454); PD via life+70 rule (death year 1891 + 71 <= 2026), independent of publication year; publication year (2015) discarded as implausible (>50 years after author's death, likely a modern reprint/collected edition indexed by Open Library as 'first publish year'); needs manual research"
from-the-earth-to-the-moon-and-round-the-moon__verne-jules__1874,"From the Earth to the moon; and, round the moon","Verne, Jules",1905,false,1874,gutenberg,https://www.gutenberg.org/ebooks/83,en,merged from 1 source rows (gutenberg); publication year via Open Library (earliest edition found; not independently verified)
frommer-s-chicago__elizabeth-blackwell__unk,Frommer's Chicago,Elizabeth Blackwell,1910,false,,openlibrary,https://openlibrary.org/works/OL8204662W,en,"merged from 1 source rows (openlibrary); author death year from Wikidata (Q234572); PD via life+70 rule (death year 1910 + 71 <= 2026), independent of publication year; publication year (2001) discarded as implausible (>50 years after author's death, likely a modern reprint/collected edition indexed by Open Library as 'first publish year'); needs manual research"
fruits-of-philosophy__annie-besant__unk,Fruits of philosophy,Annie Besant,1933,false,,openlibrary,https://openlibrary.org/works/OL5504754W,en,"merged from 1 source rows (openlibrary); author death year from Wikidata (Q464318); PD via life+70 rule (death year 1933 + 71 <= 2026), independent of publication year; publication year (1800) discarded post-merge as implausible (more than 100 years before death (1933), implausible for a single lifetime); needs manual research"
fruhlings-erwachen__frank-wedekind__unk,Frühlings Erwachen,Frank Wedekind,1918,false,,openlibrary,https://openlibrary.org/works/OL1327807W,en,"merged from 1 source rows (openlibrary); author death year from Wikidata (Q57619); PD via life+70 rule (death year 1918 + 71 <= 2026), independent of publication year; publication year (1800) discarded post-merge as implausible (more than 100 years before death (1918), implausible for a single lifetime); needs manual research"
frygt-og-bven__sren-kierkegaard__1843,Frygt og Bæven,Søren Kierkegaard,1855,false,1843,openlibrary,https://openlibrary.org/works/OL112736W,en,"merged from 1 source rows (openlibrary); author death year from Wikidata (Q6512); PD via life+70 rule (death year 1855 + 71 <= 2026), independent of publication year"
fundamentals-of-sustainable-drilling-engineering__abdulaziz__unk,Fundamentals of Sustainable Drilling Engineering,Abdülaziz,1876,false,,openlibrary,https://openlibrary.org/works/OL21572193W,en,"merged from 1 source rows (openlibrary); author death year from Wikidata (Q151500); PD via life+70 rule (death year 1876 + 71 <= 2026), independent of publication year; publication year (2015) discarded as implausible (>50 years after author's death, likely a modern reprint/collected edition indexed by Open Library as 'first publish year'); needs manual research"
fysiologie-lidske-mluvy-a-mensi-fysiologicke-prace__jan-evangelista-purkyne__unk,Fysiologie lidské mluvy a menší fysiologické práce,Jan Evangelista Purkyně,1869,false,,openlibrary,https://openlibrary.org/works/OL4705894W,en,"merged from 1 source rows (openlibrary); author death year from Wikidata (Q159542); PD via life+70 rule (death year 1869 + 71 <= 2026), independent of publication year; publication year (1973) discarded as implausible (>50 years after author's death, likely a modern reprint/collected edition indexed by Open Library as 'first publish year'); needs manual research"
fanrik-stals-sagner__johan-ludvig-runeberg__1861,Fänrik Ståls sägner,Johan Ludvig Runeberg,1877,false,1861,openlibrary,https://openlibrary.org/works/OL91774W,en,"merged from 1 source rows (openlibrary); author death year from Wikidata (Q215339); PD via life+70 rule (death year 1877 + 71 <= 2026), independent of publication year"
galgenlieder__christian-morgenstern__1911,Galgenlieder,Christian Morgenstern,1914,false,1911,openlibrary,https://openlibrary.org/works/OL1238934W,en,"merged from 1 source rows (openlibrary); author death year from Wikidata (Q44652); PD via life+70 rule (death year 1914 + 71 <= 2026), independent of publication year"
gambetta__paul-deschanel__1919,Gambetta,Paul Deschanel,1922,false,1919,openlibrary,https://openlibrary.org/works/OL10700404W,en,"merged from 1 source rows (openlibrary); author death year from Wikidata (Q309995); PD via life+70 rule (death year 1922 + 71 <= 2026), independent of publication year"
gamiani-or-two-nights-of-excess__alfred-de-musset__1800,"Gamiani, or Two Nights of Excess",Alfred de Musset,1857,false,1800,openlibrary,https://openlibrary.org/works/OL278367W,en,"merged from 1 source rows (openlibrary); author death year from Wikidata (Q179680); PD via life+70 rule (death year 1857 + 71 <= 2026), independent of publication year"
gants-tevye-der-milkhiger__sholem-aleichem__1921,Gants Ṭevye der milkhiger,Sholem Aleichem,1916,false,1921,openlibrary,https://openlibrary.org/works/OL1401583W,en,"merged from 1 source rows (openlibrary); author death year from Wikidata (Q238090); PD via life+70 rule (death year 1916 + 71 <= 2026), independent of publication year"
gargantua-and-pantagruel__rabelais-francois__1694,Gargantua and Pantagruel,"Rabelais, François",,false,1694,gutenberg,https://www.gutenberg.org/ebooks/1200,en,merged from 1 source rows (gutenberg); publication year via Open Library (earliest edition found; not independently verified); author death year unknown (Gutendex has no record)
garman-and-worse__alexander-kielland__1890,Garman and Worse,Alexander Kielland,1906,false,1890,openlibrary,https://openlibrary.org/works/OL1307514W,en,"merged from 1 source rows (openlibrary); author death year from Wikidata (Q318358); PD via life+70 rule (death year 1906 + 71 <= 2026), independent of publication year"
gedanken-und-erinnerungen__otto-von-bismarck__1898,Gedanken und Erinnerungen,Otto von Bismarck,1898,false,1898,openlibrary,https://openlibrary.org/works/OL1099236W,en,"merged from 1 source rows (openlibrary); author death year from Wikidata (Q8442); PD via life+70 rule (death year 1898 + 71 <= 2026), independent of publication year"
gedichte__eduard-morike__1867,Gedichte,Eduard Mörike,1875,false,1867,openlibrary,https://openlibrary.org/works/OL26509912W,en,"merged from 1 source rows (openlibrary); author death year from Wikidata (Q63699); PD via life+70 rule (death year 1875 + 71 <= 2026), independent of publication year"
gedichte__georg-trakl__unk,Gedichte,Georg Trakl,1914,false,,openlibrary,https://openlibrary.org/works/OL36054708W,en,"merged from 1 source rows (openlibrary); author death year from Wikidata (Q78476); PD via life+70 rule (death year 1914 + 71 <= 2026), independent of publication year; publication year (2013) discarded as implausible (>50 years after author's death, likely a modern reprint/collected edition indexed by Open Library as 'first publish year'); needs manual research"
gedichte__nikolaus-lenau__unk,Gedichte,Nikolaus Lenau,1850,false,,openlibrary,https://openlibrary.org/works/OL36072675W,en,"merged from 1 source rows (openlibrary); author death year from Wikidata (Q84280); PD via life+70 rule (death year 1850 + 71 <= 2026), independent of publication year; publication year (2012) discarded as implausible (>50 years after author's death, likely a modern reprint/collected edition indexed by Open Library as 'first publish year'); needs manual research"
gemeindekind__marie-von-ebner-eschenbach__unk,Gemeindekind,Marie von Ebner-Eschenbach,1916,false,,openlibrary,https://openlibrary.org/works/OL28432235W,en,"merged from 1 source rows (openlibrary); author death year from Wikidata (Q93525); PD via life+70 rule (death year 1916 + 71 <= 2026), independent of publication year; publication year (2012) discarded as implausible (>50 years after author's death, likely a modern reprint/collected edition indexed by Open Library as 'first publish year'); needs manual research"
gemeinschaft-und-gesellschaft__ferdinand-tonnies__1912,Gemeinschaft und Gesellschaft,Ferdinand Tönnies,1936,false,1912,openlibrary,https://openlibrary.org/works/OL1354834W,en,"merged from 1 source rows (openlibrary); author death year from Wikidata (Q21163); PD via life+70 rule (death year 1936 + 71 <= 2026), independent of publication year"
germinal__emile-zola__1885,Germinal,Émile Zola,1902,false,1885,openlibrary,https://openlibrary.org/works/OL118986W,en,"merged from 1 source rows (openlibrary); author death year from Wikidata (Q504); PD via life+70 rule (death year 1902 + 71 <= 2026), independent of publication year"
germinie-lacerteux__edmond-de-goncourt__1800,Germinie Lacerteux,Edmond de Goncourt,1896,false,1800,openlibrary,https://openlibrary.org/works/OL74886W,en,"merged from 1 source rows (openlibrary); author death year from Wikidata (Q1249210); PD via life+70 rule (death year 1896 + 71 <= 2026), independent of publication year"
gesammelte-schriften-uber-musik-und-musiker__robert-schumann__1876,Gesammelte Schriften über Musik und Musiker,Robert Schumann,1856,false,1876,openlibrary,https://openlibrary.org/works/OL1250991W,en,"merged from 1 source rows (openlibrary); author death year from Wikidata (Q7351); PD via life+70 rule (death year 1856 + 71 <= 2026), independent of publication year"
gesammelte-werke__paul-heyse__unk,Gesammelte Werke,Paul Heyse,1914,false,,openlibrary,https://openlibrary.org/works/OL11843936W,en,"merged from 1 source rows (openlibrary); author death year from Wikidata (Q76487); PD via life+70 rule (death year 1914 + 71 <= 2026), independent of publication year; publication year (1984) discarded as implausible (>50 years after author's death, likely a modern reprint/collected edition indexed by Open Library as 'first publish year'); needs manual research"
gesamtausgabe__kurt-tucholsky__unk,Gesamtausgabe,Kurt Tucholsky,1935,false,,openlibrary,https://openlibrary.org/works/OL1412677W,en,"merged from 1 source rows (openlibrary); author death year from Wikidata (Q57386); PD via life+70 rule (death year 1935 + 71 <= 2026), independent of publication year; publication year (1996) discarded as implausible (>50 years after author's death, likely a modern reprint/collected edition indexed by Open Library as 'first publish year'); needs manual research"
geschichte-der-deutschen-dichtkunst-im-funfzehnten-und-sechzehnten-jahrhundert__ludwig-uhland__unk,Geschichte der Deutschen Dichtkunst Im Fünfzehnten und Sechzehnten Jahrhundert,Ludwig Uhland,1862,false,,openlibrary,https://openlibrary.org/works/OL36053120W,en,"merged from 1 source rows (openlibrary); author death year from Wikidata (Q61058); PD via life+70 rule (death year 1862 + 71 <= 2026), independent of publication year; publication year (2012) discarded as implausible (>50 years after author's death, likely a modern reprint/collected edition indexed by Open Library as 'first publish year'); needs manual research"
geschichte-der-deutschen-poesie-im-mittelalter__ludwig-uhland__unk,Geschichte der Deutschen Poesie Im Mittelalter,Ludwig Uhland,1862,false,,openlibrary,https://openlibrary.org/works/OL36062235W,en,"merged from 1 source rows (openlibrary); author death year from Wikidata (Q61058); PD via life+70 rule (death year 1862 + 71 <= 2026), independent of publication year; publication year (2012) discarded as implausible (>50 years after author's death, likely a modern reprint/collected edition indexed by Open Library as 'first publish year'); needs manual research"
geschlecht-und-charakter__otto-weininger__1903,Geschlecht und Charakter,Otto Weininger,1903,false,1903,openlibrary,https://openlibrary.org/works/OL4196164W,en,"merged from 1 source rows (openlibrary); author death year from Wikidata (Q78513); PD via life+70 rule (death year 1903 + 71 <= 2026), independent of publication year"
gesprache-mit-masaryk__tomas-garrigue-masaryk__1935,Gespräche mit Masaryk,Tomáš Garrigue Masaryk,1937,false,1935,openlibrary,https://openlibrary.org/works/OL656293W,en,"merged from 1 source rows (openlibrary); author death year from Wikidata (Q78492); PD via life+70 rule (death year 1937 + 71 <= 2026), independent of publication year"
ghalib-1797-1869__mirza-ghalib__unk,"Ghalib, 1797-1869",Mirza Ghalib,1869,false,,openlibrary,https://openlibrary.org/works/OL294759W,en,"merged from 1 source rows (openlibrary); author death year from Wikidata (Q107000); PD via life+70 rule (death year 1869 + 71 <= 2026), independent of publication year; publication year (1969) discarded as implausible (>50 years after author's death, likely a modern reprint/collected edition indexed by Open Library as 'first publish year'); needs manual research"
ghost-stories-of-an-antiquary__james-m-r-montague-rhodes__1904,Ghost Stories of an Antiquary,"James, M. R. (Montague Rhodes)",1936,false,1904,gutenberg,https://www.gutenberg.org/ebooks/8486,en,merged from 1 source rows (gutenberg); publication year via Open Library (earliest edition found; not independently verified)
gigolo__george-meredith__1922,Gigolo,George Meredith,1909,false,1922,openlibrary,https://openlibrary.org/works/OL2646764W,en,"merged from 1 source rows (openlibrary); author death year from Wikidata (Q90238); PD via life+70 rule (death year 1909 + 71 <= 2026), independent of publication year"
gitanjali-song-offerings__rabindranath-tagore__1910,Gitanjali (song offerings),Rabindranath Tagore,1941,false,1910,openlibrary,https://openlibrary.org/works/OL308575W,en,"merged from 1 source rows (openlibrary); author death year from Wikidata (Q7241); PD via life+70 rule (death year 1941 + 71 <= 2026), independent of publication year"
gitanjali-song-offerings__william-butler-yeats__1910,Gitanjali (song offerings),William Butler Yeats,1939,false,1910,openlibrary,https://openlibrary.org/works/OL308575W,en,"merged from 1 source rows (openlibrary); author death year from Wikidata (Q40213); PD via life+70 rule (death year 1939 + 71 <= 2026), independent of publication year"
glimpses-of-unfamiliar-japan-vol-2__lafcadio-hearn__unk,Glimpses of Unfamiliar Japan - Vol. 2,Lafcadio Hearn,1904,false,,openlibrary,https://openlibrary.org/works/OL29539819W,en,"merged from 1 source rows (openlibrary); author death year from Wikidata (Q313638); PD via life+70 rule (death year 1904 + 71 <= 2026), independent of publication year; publication year (2017) discarded as implausible (>50 years after author's death, likely a modern reprint/collected edition indexed by Open Library as 'first publish year'); needs manual research"
glinda-of-oz__baum-l-frank__1920,Glinda of Oz,"Baum, L. Frank",,false,1920,openlibrary,https://openlibrary.org/works/OL262391W,en,merged from 1 source rows (openlibrary); pd_basis=pub_year<=1930
goblin-market__christina-rossetti__1865,Goblin market,Christina Rossetti,1894,false,1865,openlibrary,https://openlibrary.org/works/OL524623W,en,"merged from 1 source rows (openlibrary); author death year from Wikidata (Q236596); PD via life+70 rule (death year 1894 + 71 <= 2026), independent of publication year"
god-speaks__charles-peguy__1945,God speaks,Charles Péguy,1914,false,1945,openlibrary,https://openlibrary.org/works/OL1180308W,en,"merged from 1 source rows (openlibrary); author death year from Wikidata (Q334965); PD via life+70 rule (death year 1914 + 71 <= 2026), independent of publication year"
godfrey-of-bulloigne__tasso-torquato__1581,Godfrey of Bulloigne,"Tasso, Torquato",,false,1581,openlibrary,https://openlibrary.org/works/OL502943W,en,merged from 1 source rows (openlibrary); pd_basis=pub_year<=1930
godana__premchand__1939,Godāna,Premchand,1936,false,1939,openlibrary,https://openlibrary.org/works/OL332076W,en,"merged from 1 source rows (openlibrary); author death year from Wikidata (Q174152); PD via life+70 rule (death year 1936 + 71 <= 2026), independent of publication year"
goethe-s-briefwechsel-mit-einem-kinde__bettina-von-arnim__1835,Goethe's Briefwechsel mit einem Kinde,Bettina von Arnim,1859,false,1835,openlibrary,https://openlibrary.org/works/OL1989819W,en,"merged from 1 source rows (openlibrary); author death year from Wikidata (Q57236); PD via life+70 rule (death year 1859 + 71 <= 2026), independent of publication year"
golden-days-for-boys-and-girls-vol-xii-jan-3-1891__various__unk,"Golden Days for Boys and Girls, Vol. XII, Jan. 3, 1891",Various,,false,,gutenberg,https://www.gutenberg.org/ebooks/17199,en,merged from 1 source rows (gutenberg); publication year not found via Open Library; needs manual research; author death year unknown (Gutendex has no record)
golem__gustav-meyrink__1972,Golem,Gustav Meyrink,1932,false,1972,openlibrary,https://openlibrary.org/works/OL35700794W,en,"merged from 1 source rows (openlibrary); author death year from Wikidata (Q78511); PD via life+70 rule (death year 1932 + 71 <= 2026), independent of publication year"
gondla__nikolay-gumilev__unk,Gondla,Nikolay Gumilev,1921,false,,openlibrary,https://openlibrary.org/works/OL21595425W,en,"merged from 1 source rows (openlibrary); author death year from Wikidata (Q311033); PD via life+70 rule (death year 1921 + 71 <= 2026), independent of publication year; publication year (2016) discarded as implausible (>50 years after author's death, likely a modern reprint/collected edition indexed by Open Library as 'first publish year'); needs manual research"
gone-with-the-wind__margaret-mitchell__1936,Gone With the Wind,Margaret Mitchell,1949,false,1936,openlibrary,https://openlibrary.org/works/OL267933W,en,"merged from 1 source rows (openlibrary); author death year from Wikidata (Q173540); PD via life+70 rule (death year 1949 + 71 <= 2026), independent of publication year"
gospoda-golovlevy__mikhail-saltykov-shchedrin__1922,Gospoda Golovlevy,Mikhail Saltykov-Shchedrin,1889,false,1922,openlibrary,https://openlibrary.org/works/OL710764W,en,"merged from 1 source rows (openlibrary); author death year from Wikidata (Q211785); PD via life+70 rule (death year 1889 + 71 <= 2026), independent of publication year"
gospodin-iz-san-frantsisko__ivan-bunin__1920,Gospodin iz San Frant︠s︡isko,Ivan Bunin,1953,false,1920,openlibrary,https://openlibrary.org/works/OL603369W,en,"merged from 1 source rows (openlibrary); author death year from Wikidata (Q46602); PD via life+70 rule (death year 1953 + 71 <= 2026), independent of publication year"
gosudarstvennost-i-anarkhiia__mikhail-bakunin__unk,Gosudarstvennost’ i anarkhiia,Mikhail Bakunin,1876,false,,openlibrary,https://openlibrary.org/works/OL8321818W,en,"merged from 1 source rows (openlibrary); author death year from Wikidata (Q27645); PD via life+70 rule (death year 1876 + 71 <= 2026), independent of publication year; publication year (1929) discarded as implausible (>50 years after author's death, likely a modern reprint/collected edition indexed by Open Library as 'first publish year'); needs manual research"
graded-french-reader__otto-bauer__1978,Graded French reader,Otto Bauer,1938,false,1978,openlibrary,https://openlibrary.org/works/OL5285689W,en,"merged from 1 source rows (openlibrary); author death year from Wikidata (Q11730); PD via life+70 rule (death year 1938 + 71 <= 2026), independent of publication year"
grammar-of-volapuk__johann-martin-schleyer__unk,Grammar of Volapük,Johann Martin Schleyer,1912,false,,openlibrary,https://openlibrary.org/works/OL24401617W,en,"merged from 1 source rows (openlibrary); author death year from Wikidata (Q12712); PD via life+70 rule (death year 1912 + 71 <= 2026), independent of publication year; publication year (2018) discarded as implausible (>50 years after author's death, likely a modern reprint/collected edition indexed by Open Library as 'first publish year'); needs manual research"
grammar-with-vocabularies-of-volapuk__johann-martin-schleyer__1887-2,Grammar with vocabularies of Volapük,Johann Martin Schleyer,1912,false,1887,openlibrary,https://openlibrary.org/works/OL11658249W,en,"merged from 1 source rows (openlibrary); author death year from Wikidata (Q12712); PD via life+70 rule (death year 1912 + 71 <= 2026), independent of publication year"
grammar-with-vocabularies-of-volapuk__johann-martin-schleyer__1887,Grammar with vocabularies of Volapük,Johann Martin Schleyer,1912,false,1887,openlibrary,https://openlibrary.org/works/OL32074664W,en,"merged from 1 source rows (openlibrary); author death year from Wikidata (Q12712); PD via life+70 rule (death year 1912 + 71 <= 2026), independent of publication year"
grand-meaulnes__alain-fournier__unk,Grand Meaulnes,Alain-Fournier,1914,false,,openlibrary,https://openlibrary.org/works/OL27570447W,en,"merged from 1 source rows (openlibrary); author death year from Wikidata (Q298394); PD via life+70 rule (death year 1914 + 71 <= 2026), independent of publication year; publication year (2012) discarded as implausible (>50 years after author's death, likely a modern reprint/collected edition indexed by Open Library as 'first publish year'); needs manual research"
granny__bozena-nemcova__unk,Granny,Božena Němcová,1862,false,,openlibrary,https://openlibrary.org/works/OL8609759W,en,"merged from 1 source rows (openlibrary); author death year from Wikidata (Q157970); PD via life+70 rule (death year 1862 + 71 <= 2026), independent of publication year; publication year (1962) discarded as implausible (>50 years after author's death, likely a modern reprint/collected edition indexed by Open Library as 'first publish year'); needs manual research"
gravitation__george-biddell-airy__1834,Gravitation,George Biddell Airy,1892,false,1834,openlibrary,https://openlibrary.org/works/OL6321797W,en,"merged from 1 source rows (openlibrary); author death year from Wikidata (Q20018); PD via life+70 rule (death year 1892 + 71 <= 2026), independent of publication year"
graziella__alphonse-de-lamartine__1852,Graziella,Alphonse de Lamartine,1869,false,1852,openlibrary,https://openlibrary.org/works/OL75073W,en,"merged from 1 source rows (openlibrary); author death year from Wikidata (Q188697); PD via life+70 rule (death year 1869 + 71 <= 2026), independent of publication year"
great-american-short-stories__mary-harris-jones__1957,Great American Short Stories,Mary Harris Jones,1930,false,1957,openlibrary,https://openlibrary.org/works/OL478168W,en,"merged from 1 source rows (openlibrary); author death year from Wikidata (Q107082); PD via life+70 rule (death year 1930 + 71 <= 2026), independent of publication year"
great-american-short-stories__wallace-stevens__1957,Great American Short Stories,Wallace Stevens,1955,false,1957,openlibrary,https://openlibrary.org/works/OL478168W,en,"merged from 1 source rows (openlibrary); author death year from Wikidata (Q166835); PD via life+70 rule (death year 1955 + 71 <= 2026), independent of publication year"
great-expectations__dickens-charles__1861,Great Expectations,"Dickens, Charles",,false,1861,openlibrary,https://openlibrary.org/works/OL8721462W,en,merged from 1 source rows (openlibrary); pd_basis=pub_year<=1930
great-short-stories-of-the-world-a-collection-of-complete-short-stories-chosen-from-the-literatures-of-all-periods-and-countries__stefan-george__1922,Great Short Stories of the World -- a collection of complete short stories chosen from the literatures of all periods and countries,Stefan George,1933,false,1922,openlibrary,https://openlibrary.org/works/OL1191826W,en,"merged from 1 source rows (openlibrary); author death year from Wikidata (Q57187); PD via life+70 rule (death year 1933 + 71 <= 2026), independent of publication year"
great-stories-of-the-american-west__james-a-garfield__unk,Great Stories of the American West,James A. Garfield,1881,false,,openlibrary,https://openlibrary.org/works/OL14932497W,en,"merged from 1 source rows (openlibrary); author death year from Wikidata (Q34597); PD via life+70 rule (death year 1881 + 71 <= 2026), independent of publication year; publication year (1994) discarded as implausible (>50 years after author's death, likely a modern reprint/collected edition indexed by Open Library as 'first publish year'); needs manual research"
greco-ou-le-secret-de-tolede__maurice-barres__unk,Greco Ou le Secret de Tolède,Maurice Barrès,1923,false,,openlibrary,https://openlibrary.org/works/OL40165085W,en,"merged from 1 source rows (openlibrary); author death year from Wikidata (Q314957); PD via life+70 rule (death year 1923 + 71 <= 2026), independent of publication year; publication year (2016) discarded as implausible (>50 years after author's death, likely a modern reprint/collected edition indexed by Open Library as 'first publish year'); needs manual research"
greenmantle__buchan-john__1915,Greenmantle,"Buchan, John",,false,1915,openlibrary,https://openlibrary.org/works/OL76501W,en,merged from 1 source rows (openlibrary); pd_basis=pub_year<=1930
greenmantle__john-buchan__1915,Greenmantle,John Buchan,1940,false,1915,openlibrary,https://openlibrary.org/works/OL76501W,en,"merged from 1 source rows (openlibrary); author death year from Wikidata (Q333004); PD via life+70 rule (death year 1940 + 71 <= 2026), independent of publication year"
grimms-fairy-tales__grimm-jacob__1800,Grimms' Fairy Tales,"Grimm, Jacob",1863,false,1800,gutenberg,https://www.gutenberg.org/ebooks/2591,en,"merged from 1 source rows (gutenberg); publication year via Open Library (earliest edition found; not independently verified); 1 additional co-author(s) not recorded, primary author only"
gringoire__theodore-de-banville__1850,Gringoire,Théodore de Banville,1891,false,1850,openlibrary,https://openlibrary.org/works/OL3100696W,en,"merged from 1 source rows (openlibrary); author death year from Wikidata (Q312630); PD via life+70 rule (death year 1891 + 71 <= 2026), independent of publication year"
groza__alexander-ostrovsky__1900,Groza,Alexander Ostrovsky,1886,false,1900,openlibrary,https://openlibrary.org/works/OL1747173W,en,"merged from 1 source rows (openlibrary); author death year from Wikidata (Q171976); PD via life+70 rule (death year 1886 + 71 <= 2026), independent of publication year"
grundbegriffe-der-neuen-gestaltenden-kunst__theo-van-doesburg__1924,Grundbegriffe der neuen gestaltenden Kunst,Theo van Doesburg,1931,false,1924,openlibrary,https://openlibrary.org/works/OL4801367W,en,"merged from 1 source rows (openlibrary); author death year from Wikidata (Q160422); PD via life+70 rule (death year 1931 + 71 <= 2026), independent of publication year"
grundriss-der-allgemeinen-chemie__wilhelm-ostwald__1889,Grundriss der allgemeinen Chemie,Wilhelm Ostwald,1932,false,1889,openlibrary,https://openlibrary.org/works/OL1136379W,en,"merged from 1 source rows (openlibrary); author death year from Wikidata (Q12658); PD via life+70 rule (death year 1932 + 71 <= 2026), independent of publication year"
gulliver-s-travels__swift-jonathan__1726,Gulliver's Travels,"Swift, Jonathan",,false,1726,openlibrary,https://openlibrary.org/works/OL20600W,en,merged from 1 source rows (openlibrary); pd_basis=pub_year<=1930
gulliver-s-travels-into-several-remote-nations-of-the-world__swift-jonathan__unk,Gulliver's Travels into Several Remote Nations of the World,"Swift, Jonathan",1745,false,,gutenberg,https://www.gutenberg.org/ebooks/829,en,"merged from 1 source rows (gutenberg); Open Library match discarded: returned 1759, which is more than 5 years after author's death (1745) -- likely an indexed reprint rather than the original edition; needs manual research"
gulliver-s-travels-into-several-remote-regions-of-the-world__swift-jonathan__unk,Gulliver's Travels into Several Remote Regions of the World,"Swift, Jonathan",1745,false,,gutenberg,https://www.gutenberg.org/ebooks/17157,en,"merged from 1 source rows (gutenberg); Open Library match discarded: returned 1875, which is more than 5 years after author's death (1745) -- likely an indexed reprint rather than the original edition; needs manual research"
gosta-berling-s-saga__selma-lagerlof__1891,Gösta Berling's saga,Selma Lagerlöf,1940,false,1891,openlibrary,https://openlibrary.org/works/OL15230752W,en,"merged from 1 source rows (openlibrary); author death year from Wikidata (Q44519); PD via life+70 rule (death year 1940 + 71 <= 2026), independent of publication year"
halil-the-pedlar__mor-jokai__1901,Halil the Pedlar,Mór Jókai,1904,false,1901,openlibrary,https://openlibrary.org/works/OL8608208W,en,"merged from 1 source rows (openlibrary); author death year from Wikidata (Q379621); PD via life+70 rule (death year 1904 + 71 <= 2026), independent of publication year"
hamilton__george-arliss__unk,Hamilton,George Arliss,1946,false,,openlibrary,https://openlibrary.org/works/OL31807096W,en,"merged from 1 source rows (openlibrary); author death year from Wikidata (Q182229); PD via life+70 rule (death year 1946 + 71 <= 2026), independent of publication year; publication year (2021) discarded as implausible (>50 years after author's death, likely a modern reprint/collected edition indexed by Open Library as 'first publish year'); needs manual research"
hamlet__shakespeare-william__1603,Hamlet,"Shakespeare, William",,false,1603,openlibrary,https://openlibrary.org/works/OL9170454W,en,merged from 1 source rows (openlibrary); pd_basis=pub_year<=1930
handbook-of-soil-terminology-correlation-and-classification__jose-marti__unk,"Handbook of Soil Terminology, Correlation and Classification",José Martí,1895,false,,openlibrary,https://openlibrary.org/works/OL21281797W,en,"merged from 1 source rows (openlibrary); author death year from Wikidata (Q103285); PD via life+70 rule (death year 1895 + 71 <= 2026), independent of publication year; publication year (2009) discarded as implausible (>50 years after author's death, likely a modern reprint/collected edition indexed by Open Library as 'first publish year'); needs manual research"
hans-andersen-s-fairy-tales__andersen-hans-christian__1846,Hans Andersen's Fairy Tales,"Andersen, Hans Christian",,false,1846,openlibrary,https://openlibrary.org/works/OL16249171W,en,merged from 1 source rows (openlibrary); pd_basis=pub_year<=1930
hard-times__dickens-charles__1854,Hard Times,"Dickens, Charles",,false,1854,openlibrary,https://openlibrary.org/works/OL8193387W,en,merged from 1 source rows (openlibrary); pd_basis=pub_year<=1930
harmonielehre__arnold-schoenberg__1911,Harmonielehre,Arnold Schoenberg,1951,false,1911,openlibrary,https://openlibrary.org/works/OL1394579W,en,"merged from 1 source rows (openlibrary); author death year from Wikidata (Q154770); PD via life+70 rule (death year 1951 + 71 <= 2026), independent of publication year"
harriet-martineau__miller-florence-fenwick__1884,Harriet Martineau,"Miller, Florence Fenwick",1936,false,1884,gutenberg,https://www.gutenberg.org/ebooks/36965,en,merged from 1 source rows (gutenberg); publication year via Open Library (earliest edition found; not independently verified)
hawaii-s-story-by-hawaii-s-queen__liliuokalani__unk,Hawaii's Story by Hawaii's Queen,Liliʻuokalani,1917,false,,openlibrary,https://openlibrary.org/works/OL41381124W,en,"merged from 1 source rows (openlibrary); author death year from Wikidata (Q107288); PD via life+70 rule (death year 1917 + 71 <= 2026), independent of publication year; publication year (2016) discarded as implausible (>50 years after author's death, likely a modern reprint/collected edition indexed by Open Library as 'first publish year'); needs manual research"
hawaii-s-story-by-hawaii-s-queen-liliuokalani__liliuokalani__1898,"Hawaii's story by Hawaii's queen, Liliuokalani",Liliʻuokalani,1917,false,1898,openlibrary,https://openlibrary.org/works/OL233382W,en,"merged from 1 source rows (openlibrary); author death year from Wikidata (Q107288); PD via life+70 rule (death year 1917 + 71 <= 2026), independent of publication year"
he-the-one-who-gets-slapped__leonid-andreyev__1912,"He, the one who gets slapped",Leonid Andreyev,1919,false,1912,openlibrary,https://openlibrary.org/works/OL721925W,en,"merged from 1 source rows (openlibrary); author death year from Wikidata (Q310866); PD via life+70 rule (death year 1919 + 71 <= 2026), independent of publication year"
heart-of-darkness__conrad-joseph__1899,Heart of Darkness,"Conrad, Joseph",,false,1899,openlibrary,https://openlibrary.org/works/OL38663W,en,merged from 1 source rows (openlibrary); pd_basis=pub_year<=1930
heart-of-darkness__joseph-conrad__1899,Heart of Darkness,Joseph Conrad,1924,false,1899,openlibrary,https://openlibrary.org/works/OL38663W,en,"merged from 1 source rows (openlibrary); author death year from Wikidata (Q82925); PD via life+70 rule (death year 1924 + 71 <= 2026), independent of publication year"
heart-throbs-in-prose-and-verse__james-a-garfield__1905,Heart Throbs: In Prose and Verse,James A. Garfield,1881,false,1905,openlibrary,https://openlibrary.org/works/OL7547359W,en,"merged from 1 source rows (openlibrary); author death year from Wikidata (Q34597); PD via life+70 rule (death year 1881 + 71 <= 2026), independent of publication year"
heaven-can-wait__ernst-lubitsch__unk,Heaven can wait,Ernst Lubitsch,1947,false,,openlibrary,https://openlibrary.org/works/OL19750806W,en,"merged from 1 source rows (openlibrary); author death year from Wikidata (Q51562); PD via life+70 rule (death year 1947 + 71 <= 2026), independent of publication year; publication year (2018) discarded as implausible (>50 years after author's death, likely a modern reprint/collected edition indexed by Open Library as 'first publish year'); needs manual research"
hedda-gabler__henrik-ibsen__1890,Hedda Gabler,Henrik Ibsen,1906,false,1890,openlibrary,https://openlibrary.org/works/OL25129727W,en,"merged from 1 source rows (openlibrary); author death year from Wikidata (Q36661); PD via life+70 rule (death year 1906 + 71 <= 2026), independent of publication year"
hedda-gabler__ibsen-henrik__1890,Hedda Gabler,"Ibsen, Henrik",,false,1890,openlibrary,https://openlibrary.org/works/OL25129727W,en,merged from 1 source rows (openlibrary); pd_basis=pub_year<=1930
heidi__johanna-spyri__1880,Heidi,"Johanna, Spyri,",,false,1880,openlibrary,https://openlibrary.org/works/OL28815175W,en,merged from 1 source rows (openlibrary); pd_basis=pub_year<=1930
helen-of-troy__lang-andrew__1882,Helen of Troy,"Lang, Andrew",,false,1882,openlibrary,https://openlibrary.org/works/OL415234W,en,merged from 1 source rows (openlibrary); pd_basis=pub_year<=1930
helen-vardon-s-confession__freeman-r-austin-richard-austin__unk,Helen Vardon's confession,"Freeman, R. Austin (Richard Austin)",1943,false,,gutenberg,https://www.gutenberg.org/ebooks/76728,en,"merged from 1 source rows (gutenberg); Open Library match discarded: returned 2001, which is more than 5 years after author's death (1943) -- likely an indexed reprint rather than the original edition; needs manual research"
henrietta-temple-a-love-story__disraeli-benjamin-earl-of-beaconsfield__1837,Henrietta Temple: A Love Story,"Disraeli, Benjamin, Earl of Beaconsfield",1881,false,1837,gutenberg,https://www.gutenberg.org/ebooks/19771,en,merged from 1 source rows (gutenberg); publication year via Open Library (earliest edition found; not independently verified)
henry-iv-part-1__shakespeare-william__1598,"Henry IV, Part 1","Shakespeare, William",,false,1598,openlibrary,https://openlibrary.org/works/OL1348798W,en,merged from 1 source rows (openlibrary); pd_basis=pub_year<=1930
henry-iv-part-2__shakespeare-william__1600,"Henry IV, Part 2","Shakespeare, William",,false,1600,openlibrary,https://openlibrary.org/works/OL362697W,en,merged from 1 source rows (openlibrary); pd_basis=pub_year<=1930
henry-v__shakespeare-william__1600,Henry V,"Shakespeare, William",,false,1600,openlibrary,https://openlibrary.org/works/OL361466W,en,merged from 1 source rows (openlibrary); pd_basis=pub_year<=1930
henry-vi-part-1__shakespeare-william__1735,"Henry VI, Part 1","Shakespeare, William",,false,1735,openlibrary,https://openlibrary.org/works/OL25532590W,en,merged from 1 source rows (openlibrary); pd_basis=pub_year<=1930
henry-vi-part-3__shakespeare-william__1600,"Henry VI, Part 3","Shakespeare, William",,false,1600,openlibrary,https://openlibrary.org/works/OL258713W,en,merged from 1 source rows (openlibrary); pd_basis=pub_year<=1930
heraldos-negros__cesar-vallejo__1959,Heraldos negros,César Vallejo,1938,false,1959,openlibrary,https://openlibrary.org/works/OL990923W,en,"merged from 1 source rows (openlibrary); author death year from Wikidata (Q222744); PD via life+70 rule (death year 1938 + 71 <= 2026), independent of publication year"
hereditary-genius__francis-galton__1869,Hereditary genius,Francis Galton,1911,false,1869,openlibrary,https://openlibrary.org/works/OL3370379W,en,"merged from 1 source rows (openlibrary); author death year from Wikidata (Q191026); PD via life+70 rule (death year 1911 + 71 <= 2026), independent of publication year"
heretics__chesterton-gilbert-keith__1905,Heretics,"Chesterton, Gilbert Keith",,false,1905,openlibrary,https://openlibrary.org/works/OL76482W,en,merged from 1 source rows (openlibrary); pd_basis=pub_year<=1930
herfsttij-der-middeleeuwen__johan-huizinga__1919,Herfsttij der Middeleeuwen,Johan Huizinga,1945,false,1919,openlibrary,https://openlibrary.org/works/OL1141875W,en,"merged from 1 source rows (openlibrary); author death year from Wikidata (Q276280); PD via life+70 rule (death year 1945 + 71 <= 2026), independent of publication year"
herland__gilman-charlotte-perkins__1915,Herland,"Gilman, Charlotte Perkins",,false,1915,openlibrary,https://openlibrary.org/works/OL2771987W,en,merged from 1 source rows (openlibrary); pd_basis=pub_year<=1930
herman-melville__mumford-lewis__1920,Herman Melville,"Mumford, Lewis",1990,false,1920,gutenberg,https://www.gutenberg.org/ebooks/78016,en,merged from 1 source rows (gutenberg); publication year via Open Library (earliest edition found; not independently verified)
hesiod-the-homeric-hymns-and-homerica__hesiod__1914,"Hesiod, the Homeric Hymns, and Homerica",Hesiod,,false,1914,gutenberg,https://www.gutenberg.org/ebooks/348,en,merged from 1 source rows (gutenberg); publication year via Open Library (earliest edition found; not independently verified); author death year unknown (Gutendex has no record)
himalayan-journals__joseph-dalton-hooker__1854,Himalayan journals,Joseph Dalton Hooker,1911,false,1854,openlibrary,https://openlibrary.org/works/OL1469180W,en,"merged from 1 source rows (openlibrary); author death year from Wikidata (Q157501); PD via life+70 rule (death year 1911 + 71 <= 2026), independent of publication year"
himalayan-journals-or-notes-of-a-naturalist__joseph-dalton-hooker__unk,Himalayan Journals or Notes of a Naturalist,Joseph Dalton Hooker,1911,false,,openlibrary,https://openlibrary.org/works/OL1512595W,en,"merged from 1 source rows (openlibrary); author death year from Wikidata (Q157501); PD via life+70 rule (death year 1911 + 71 <= 2026), independent of publication year; publication year (2004) discarded as implausible (>50 years after author's death, likely a modern reprint/collected edition indexed by Open Library as 'first publish year'); needs manual research"
hiob__joseph-roth__1930,Hiob,Joseph Roth,1939,false,1930,openlibrary,https://openlibrary.org/works/OL466936W,en,"merged from 1 source rows (openlibrary); author death year from Wikidata (Q78509); PD via life+70 rule (death year 1939 + 71 <= 2026), independent of publication year"
his-last-bow-b-some-later-reminiscences-of-sherlock-holmes__doyle-arthur-conan__unk,His last bow : $b Some later reminiscences of Sherlock Holmes,"Doyle, Arthur Conan",1930,false,,gutenberg,https://www.gutenberg.org/ebooks/2350,en,merged from 1 source rows (gutenberg); publication year not found via Open Library; needs manual research
his-last-bow-8-stories__doyle-arthur-conan__1917,His Last Bow [8 stories],"Doyle, Arthur Conan",,false,1917,openlibrary,https://openlibrary.org/works/OL262452W,en,merged from 1 source rows (openlibrary); pd_basis=pub_year<=1930
his-letters-and-journals__samuel-finley-breese-morse__1914,His letters and journals,Samuel Finley Breese Morse,1872,false,1914,openlibrary,https://openlibrary.org/works/OL5905332W,en,"merged from 1 source rows (openlibrary); author death year from Wikidata (Q75698); PD via life+70 rule (death year 1872 + 71 <= 2026), independent of publication year"
histoire-d-un-ruisseau__elisee-reclus__1882,Histoire d'un ruisseau,Élisée Reclus,1905,false,1882,openlibrary,https://openlibrary.org/works/OL6126532W,en,"merged from 1 source rows (openlibrary); author death year from Wikidata (Q20951); PD via life+70 rule (death year 1905 + 71 <= 2026), independent of publication year"
histoire-d-une-forteresse__eugene-viollet-le-duc__1874,Histoire d'une forteresse,Eugène Viollet-le-Duc,1879,false,1874,openlibrary,https://openlibrary.org/works/OL2586858W,en,"merged from 1 source rows (openlibrary); author death year from Wikidata (Q272912); PD via life+70 rule (death year 1879 + 71 <= 2026), independent of publication year"
histoire-d-une-ame__therese-of-lisieux__1911,Histoire d'une âme,Thérèse of Lisieux,1897,false,1911,openlibrary,https://openlibrary.org/works/OL702433W,en,"merged from 1 source rows (openlibrary); author death year from Wikidata (Q181715); PD via life+70 rule (death year 1897 + 71 <= 2026), independent of publication year"
histoire-de-france__jules-michelet__1837,Histoire de France,Jules Michelet,1874,false,1837,openlibrary,https://openlibrary.org/works/OL1262833W,en,"merged from 1 source rows (openlibrary); author death year from Wikidata (Q310791); PD via life+70 rule (death year 1874 + 71 <= 2026), independent of publication year"
histoire-de-la-doctrine-pacifique-et-de-son-influence-sur-le-developpement-du-droit-international__christian-lous-lange__1927,Histoire de la doctrine pacifique et de son influence sur le développement du droit international,Christian Lous Lange,1938,false,1927,openlibrary,https://openlibrary.org/works/OL1118259W,en,"merged from 1 source rows (openlibrary); author death year from Wikidata (Q206446); PD via life+70 rule (death year 1938 + 71 <= 2026), independent of publication year"
histoire-de-la-revolution-de-1848__alphonse-de-lamartine__1848,Histoire de la révolution de 1848,Alphonse de Lamartine,1869,false,1848,openlibrary,https://openlibrary.org/works/OL75045W,en,"merged from 1 source rows (openlibrary); author death year from Wikidata (Q188697); PD via life+70 rule (death year 1869 + 71 <= 2026), independent of publication year"
histoire-de-la-revolution-francaise__adolphe-thiers__1828,Histoire de la révolution française,Adolphe Thiers,1877,false,1828,openlibrary,https://openlibrary.org/works/OL1537563W,en,"merged from 1 source rows (openlibrary); author death year from Wikidata (Q5738); PD via life+70 rule (death year 1877 + 71 <= 2026), independent of publication year"
histoire-de-la-revolution-francaise__jules-michelet__1879,Histoire de la Révolution Française,Jules Michelet,1874,false,1879,openlibrary,https://openlibrary.org/works/OL1262832W,en,"merged from 1 source rows (openlibrary); author death year from Wikidata (Q310791); PD via life+70 rule (death year 1874 + 71 <= 2026), independent of publication year"
histoire-de-ma-vie__louise-michel__1906,Histoire de ma vie,Louise Michel,1905,false,1906,openlibrary,https://openlibrary.org/works/OL930953W,en,"merged from 1 source rows (openlibrary); author death year from Wikidata (Q216092); PD via life+70 rule (death year 1905 + 71 <= 2026), independent of publication year"
histoire-dune-montagne__elisee-reclus__1881,Histoire d’une montagne,Élisée Reclus,1905,false,1881,openlibrary,https://openlibrary.org/works/OL3589523W,en,"merged from 1 source rows (openlibrary); author death year from Wikidata (Q20951); PD via life+70 rule (death year 1905 + 71 <= 2026), independent of publication year"
histoires-naturelles__jules-renard__1904,Histoires naturelles,Jules Renard,1910,false,1904,openlibrary,https://openlibrary.org/works/OL1498222W,en,"merged from 1 source rows (openlibrary); author death year from Wikidata (Q314987); PD via life+70 rule (death year 1910 + 71 <= 2026), independent of publication year"
historical-essays-studies__john-dalberg-acton-1st-baron-acton__1907,Historical essays & studies,"John Dalberg-Acton, 1st Baron Acton",1902,false,1907,openlibrary,https://openlibrary.org/works/OL41904W,en,"merged from 1 source rows (openlibrary); author death year from Wikidata (Q311778); PD via life+70 rule (death year 1902 + 71 <= 2026), independent of publication year"
historical-materialism__nikolai-bukharin__1928,Historical Materialism,Nikolai Bukharin,1938,false,1928,openlibrary,https://openlibrary.org/works/OL8357151W,en,"merged from 1 source rows (openlibrary); author death year from Wikidata (Q186709); PD via life+70 rule (death year 1938 + 71 <= 2026), independent of publication year"
history-of-creation__ernst-haeckel__unk,History of Creation,Ernst Haeckel,1919,false,,openlibrary,https://openlibrary.org/works/OL21025764W,en,"merged from 1 source rows (openlibrary); author death year from Wikidata (Q48246); PD via life+70 rule (death year 1919 + 71 <= 2026), independent of publication year; publication year (2010) discarded as implausible (>50 years after author's death, likely a modern reprint/collected edition indexed by Open Library as 'first publish year'); needs manual research"
history-of-english-literature__hippolyte-taine__1871,History of English Literature,Hippolyte Taine,1893,false,1871,openlibrary,https://openlibrary.org/works/OL15310652W,en,"merged from 1 source rows (openlibrary); author death year from Wikidata (Q297726); PD via life+70 rule (death year 1893 + 71 <= 2026), independent of publication year"
history-of-friedrich-ii-of-prussia__thomas-carlyle__1858,History of Friedrich II of Prussia,Thomas Carlyle,1881,false,1858,openlibrary,https://openlibrary.org/works/OL1064771W,en,"merged from 1 source rows (openlibrary); author death year from Wikidata (Q151403); PD via life+70 rule (death year 1881 + 71 <= 2026), independent of publication year"
history-of-julius-caesar__napoleon-iii__1865,History of Julius Caesar,Napoleon III,1873,false,1865,openlibrary,https://openlibrary.org/works/OL1548896W,en,"merged from 1 source rows (openlibrary); author death year from Wikidata (Q7721); PD via life+70 rule (death year 1873 + 71 <= 2026), independent of publication year"
history-of-the-consulate-and-the-empire-of-france-under-napoleon__adolphe-thiers__1845,History of the consulate and the empire of France under Napoleon,Adolphe Thiers,1877,false,1845,openlibrary,https://openlibrary.org/works/OL1537561W,en,"merged from 1 source rows (openlibrary); author death year from Wikidata (Q5738); PD via life+70 rule (death year 1877 + 71 <= 2026), independent of publication year"
history-of-the-popes__leopold-von-ranke__1844,History of the Popes,Leopold von Ranke,1886,false,1844,openlibrary,https://openlibrary.org/works/OL37500W,en,"merged from 1 source rows (openlibrary); author death year from Wikidata (Q77184); PD via life+70 rule (death year 1886 + 71 <= 2026), independent of publication year"
history-of-tom-jones-a-foundling__fielding-henry__1749,"History of Tom Jones, a Foundling","Fielding, Henry",1754,false,1749,gutenberg,https://www.gutenberg.org/ebooks/6593,en,merged from 1 source rows (gutenberg); publication year via Open Library (earliest edition found; not independently verified)
history-of-ukraine-rus__mykhailo-hrushevskyi__unk,History of Ukraine-Rus',Mykhailo Hrushevskyi,1934,false,,openlibrary,https://openlibrary.org/works/OL15970133W,en,"merged from 1 source rows (openlibrary); author death year from Wikidata (Q371322); PD via life+70 rule (death year 1934 + 71 <= 2026), independent of publication year; publication year (1997) discarded as implausible (>50 years after author's death, likely a modern reprint/collected edition indexed by Open Library as 'first publish year'); needs manual research"
history-of-women-suffrage__elizabeth-cady-stanton__1881,History of Women Suffrage,Elizabeth Cady Stanton,1902,false,1881,openlibrary,https://openlibrary.org/works/OL1496663W,en,"merged from 1 source rows (openlibrary); author death year from Wikidata (Q465335); PD via life+70 rule (death year 1902 + 71 <= 2026), independent of publication year"
history-of-women-suffrage__susan-b-anthony__1881,History of Women Suffrage,Susan B. Anthony,1906,false,1881,openlibrary,https://openlibrary.org/works/OL1496663W,en,"merged from 1 source rows (openlibrary); author death year from Wikidata (Q192245); PD via life+70 rule (death year 1906 + 71 <= 2026), independent of publication year"
hlapec-jernej-in-njegova-pravica__ivan-cankar__1907,Hlapec Jernej in njegova pravica,Ivan Cankar,1918,false,1907,openlibrary,https://openlibrary.org/works/OL2363276W,en,"merged from 1 source rows (openlibrary); author death year from Wikidata (Q15809); PD via life+70 rule (death year 1918 + 71 <= 2026), independent of publication year"
hokousai__edmond-de-goncourt__1895,Hokousaï,Edmond de Goncourt,1896,false,1895,openlibrary,https://openlibrary.org/works/OL74848W,en,"merged from 1 source rows (openlibrary); author death year from Wikidata (Q1249210); PD via life+70 rule (death year 1896 + 71 <= 2026), independent of publication year"
holism-and-evolution__jan-christiaan-smuts__1926,Holism and evolution,Jan Christiaan Smuts,1950,false,1926,openlibrary,https://openlibrary.org/works/OL1179672W,en,"merged from 1 source rows (openlibrary); author death year from Wikidata (Q214321); PD via life+70 rule (death year 1950 + 71 <= 2026), independent of publication year"
homo-ludens__johan-huizinga__1938,Homo Ludens,Johan Huizinga,1945,false,1938,openlibrary,https://openlibrary.org/works/OL1141874W,en,"merged from 1 source rows (openlibrary); author death year from Wikidata (Q276280); PD via life+70 rule (death year 1945 + 71 <= 2026), independent of publication year"
hound-of-the-baskervilles__doyle-arthur-conan__1902,Hound of the Baskervilles,"Doyle, Arthur Conan",,false,1902,openlibrary,https://openlibrary.org/works/OL37844349W,en,merged from 1 source rows (openlibrary); pd_basis=pub_year<=1930
how-i-found-livingstone__henry-morton-stanley__unk,How I found Livingstone,Henry Morton Stanley,1904,false,,openlibrary,https://openlibrary.org/works/OL1104860W,en,"merged from 1 source rows (openlibrary); author death year from Wikidata (Q171421); PD via life+70 rule (death year 1904 + 71 <= 2026), independent of publication year; publication year (1800) discarded post-merge as implausible (more than 100 years before death (1904), implausible for a single lifetime); needs manual research"
how-to-teach-a-foreign-language__otto-jespersen__1904,How to teach a foreign language,Otto Jespersen,1943,false,1904,openlibrary,https://openlibrary.org/works/OL1239685W,en,"merged from 1 source rows (openlibrary); author death year from Wikidata (Q23870); PD via life+70 rule (death year 1943 + 71 <= 2026), independent of publication year"
how-to-understand-music__bab__1881,How to Understand Music,Báb,1850,false,1881,openlibrary,https://openlibrary.org/works/OL221146W,en,"merged from 1 source rows (openlibrary); author death year from Wikidata (Q104273); PD via life+70 rule (death year 1850 + 71 <= 2026), independent of publication year"
how-to-win-friends-and-influence-people__dale-carnegie__1936,How to Win Friends and Influence People,Dale Carnegie,1955,false,1936,openlibrary,https://openlibrary.org/works/OL1063267W,en,"merged from 1 source rows (openlibrary); author death year from Wikidata (Q230762); PD via life+70 rule (death year 1955 + 71 <= 2026), independent of publication year"
how-we-think__john-dewey__1909,How we think,John Dewey,1952,false,1909,openlibrary,https://openlibrary.org/works/OL111357W,en,"merged from 1 source rows (openlibrary); author death year from Wikidata (Q131805); PD via life+70 rule (death year 1952 + 71 <= 2026), independent of publication year"
howards-end__forster-e-m__1910,Howards End,"Forster, E. M.",,false,1910,openlibrary,https://openlibrary.org/works/OL88881W,en,merged from 1 source rows (openlibrary); pd_basis=pub_year<=1930
hrabe-monte-cristo-dil-1-a-2-trisvazkove-vydani__alexandre-dumas__1830,Hrabě Monte Cristo. Díl 1 a 2 (třísvazkové vydání),Alexandre Dumas,1870,false,1830,openlibrary,https://openlibrary.org/works/OL36287W,en,"merged from 1 source rows (openlibrary); author death year from Wikidata (Q38337); PD via life+70 rule (death year 1870 + 71 <= 2026), independent of publication year"
hrabe-monte-cristo-dil-1-a-2-trisvazkove-vydani__dumas-alexandre__1830,Hrabě Monte Cristo. Díl 1 a 2 (třísvazkové vydání),"Dumas, Alexandre",,false,1830,openlibrary,https://openlibrary.org/works/OL36287W,en,merged from 1 source rows (openlibrary); pd_basis=pub_year<=1930
hudibras__butler-samuel__1662,Hudibras,"Butler, Samuel",,false,1662,openlibrary,https://openlibrary.org/works/OL3159983W,en,merged from 1 source rows (openlibrary); pd_basis=pub_year<=1930
hudibras__samuel-butler__unk,Hudibras,Samuel Butler,1902,false,,openlibrary,https://openlibrary.org/works/OL3159983W,en,"merged from 1 source rows (openlibrary); author death year from Wikidata (Q312829); PD via life+70 rule (death year 1902 + 71 <= 2026), independent of publication year; publication year (1662) discarded post-merge as implausible (more than 100 years before death (1902), implausible for a single lifetime); needs manual research"
human-nature-and-conduct-an-introduction-to-social-psychology__john-dewey__1922,Human Nature and Conduct An Introduction to Social Psychology,John Dewey,1952,false,1922,openlibrary,https://openlibrary.org/works/OL111293W,en,"merged from 1 source rows (openlibrary); author death year from Wikidata (Q131805); PD via life+70 rule (death year 1952 + 71 <= 2026), independent of publication year"
humoristicka-proza-autobiografija-listici-pripovetke__branislav-nusic__1951,"HUMORISTICKA PROZA (AUTOBIOGRAFIJA, LISTICI, PRIPOVETKE)",Branislav Nušić,1938,false,1951,openlibrary,https://openlibrary.org/works/OL35394879W,en,"merged from 1 source rows (openlibrary); author death year from Wikidata (Q315136); PD via life+70 rule (death year 1938 + 71 <= 2026), independent of publication year"
hunger-pastor__wilhelm-raabe__unk,Hunger Pastor,Wilhelm Raabe,1910,false,,openlibrary,https://openlibrary.org/works/OL25651923W,en,"merged from 1 source rows (openlibrary); author death year from Wikidata (Q60647); PD via life+70 rule (death year 1910 + 71 <= 2026), independent of publication year; publication year (2005) discarded as implausible (>50 years after author's death, likely a modern reprint/collected edition indexed by Open Library as 'first publish year'); needs manual research"
huntingtower__buchan-john__1910,Huntingtower,"Buchan, John",,false,1910,openlibrary,https://openlibrary.org/works/OL76597W,en,merged from 1 source rows (openlibrary); pd_basis=pub_year<=1930
hymne-de-l-univers__pierre-teilhard-de-chardin__1961,Hymne de l'univers,Pierre Teilhard de Chardin,1955,false,1961,openlibrary,https://openlibrary.org/works/OL459279W,en,"merged from 1 source rows (openlibrary); author death year from Wikidata (Q189564); PD via life+70 rule (death year 1955 + 71 <= 2026), independent of publication year"
hypnerotomachia-the-strife-of-loue-in-a-dreame__colonna-francesco__unk,Hypnerotomachia: The Strife of Loue in a Dreame,"Colonna, Francesco",1527,false,,gutenberg,https://www.gutenberg.org/ebooks/18459,en,"merged from 1 source rows (gutenberg); Open Library match discarded: returned 1592, which is more than 5 years after author's death (1527) -- likely an indexed reprint rather than the original edition; needs manual research"
hansel-und-gretel__jacob-grimm__1900,Hänsel und Gretel,Jacob Grimm,1863,false,1900,openlibrary,https://openlibrary.org/works/OL15227626W,en,"merged from 1 source rows (openlibrary); author death year from Wikidata (Q6701); PD via life+70 rule (death year 1863 + 71 <= 2026), independent of publication year"
hansel-und-gretel__wilhelm-grimm__1900,Hänsel und Gretel,Wilhelm Grimm,1859,false,1900,openlibrary,https://openlibrary.org/works/OL15227626W,en,"merged from 1 source rows (openlibrary); author death year from Wikidata (Q6714); PD via life+70 rule (death year 1859 + 71 <= 2026), independent of publication year"
i-am-a-woman__bannon-ann__1959,I am a woman,"Bannon, Ann",,false,1959,gutenberg,https://www.gutenberg.org/ebooks/76178,en,merged from 1 source rows (gutenberg); publication year via Open Library (earliest edition found; not independently verified); author death year unknown (Gutendex has no record)
i-believed__douglas-hyde__1950,I believed,Douglas Hyde,1949,false,1950,openlibrary,https://openlibrary.org/works/OL348399W,en,"merged from 1 source rows (openlibrary); author death year from Wikidata (Q237951); PD via life+70 rule (death year 1949 + 71 <= 2026), independent of publication year"
i-malavoglia-di-giovanni-verga__d-h-lawrence__1873,I Malavoglia di Giovanni Verga,D. H. Lawrence,1930,false,1873,openlibrary,https://openlibrary.org/works/OL141870W,en,"merged from 1 source rows (openlibrary); author death year from Wikidata (Q34970); PD via life+70 rule (death year 1930 + 71 <= 2026), independent of publication year"
i-malavoglia-di-giovanni-verga__gabriele-d-annunzio__1873,I Malavoglia di Giovanni Verga,Gabriele D'Annunzio,1938,false,1873,openlibrary,https://openlibrary.org/works/OL141870W,en,"merged from 1 source rows (openlibrary); author death year from Wikidata (Q193236); PD via life+70 rule (death year 1938 + 71 <= 2026), independent of publication year"
i-malavoglia-di-giovanni-verga__giovanni-verga__1873,I Malavoglia di Giovanni Verga,Giovanni Verga,1922,false,1873,openlibrary,https://openlibrary.org/works/OL141870W,en,"merged from 1 source rows (openlibrary); author death year from Wikidata (Q271814); PD via life+70 rule (death year 1922 + 71 <= 2026), independent of publication year"
i-malavoglia-di-giovanni-verga__italo-svevo__1873,I Malavoglia di Giovanni Verga,Italo Svevo,1928,false,1873,openlibrary,https://openlibrary.org/works/OL141870W,en,"merged from 1 source rows (openlibrary); author death year from Wikidata (Q216478); PD via life+70 rule (death year 1928 + 71 <= 2026), independent of publication year"
i-malavoglia-di-giovanni-verga__luigi-pirandello__1873,I Malavoglia di Giovanni Verga,Luigi Pirandello,1936,false,1873,openlibrary,https://openlibrary.org/works/OL141870W,en,"merged from 1 source rows (openlibrary); author death year from Wikidata (Q1403); PD via life+70 rule (death year 1936 + 71 <= 2026), independent of publication year"
i-malavoglia-di-giovanni-verga__principato-mario__1873,I Malavoglia di Giovanni Verga,"Principato, Mario",,false,1873,openlibrary,https://openlibrary.org/works/OL141870W,en,merged from 1 source rows (openlibrary); pd_basis=pub_year<=1930
i-minatori-dell-alaska__emilio-salgari__unk,I Minatori Dell'Alaska,Emilio Salgari,1911,false,,openlibrary,https://openlibrary.org/works/OL41445726W,en,"merged from 1 source rows (openlibrary); author death year from Wikidata (Q309786); PD via life+70 rule (death year 1911 + 71 <= 2026), independent of publication year; publication year (2016) discarded as implausible (>50 years after author's death, likely a modern reprint/collected edition indexed by Open Library as 'first publish year'); needs manual research"
i-promessi-sposi__alessandro-manzoni__1800,I promessi sposi,Alessandro Manzoni,1873,false,1800,openlibrary,https://openlibrary.org/works/OL644386W,en,"merged from 1 source rows (openlibrary); author death year from Wikidata (Q1064); PD via life+70 rule (death year 1873 + 71 <= 2026), independent of publication year"
ideen-zu-einer-philosophie-der-natur__friedrich-wilhelm-joseph-schelling__1797,Ideen zu einer Philosophie der Natur,Friedrich Wilhelm Joseph Schelling,1854,false,1797,openlibrary,https://openlibrary.org/works/OL510110W,en,"merged from 1 source rows (openlibrary); author death year from Wikidata (Q60070); PD via life+70 rule (death year 1854 + 71 <= 2026), independent of publication year"
ideologie-und-utopie__karl-mannheim__1929,Ideologie und Utopie,Karl Mannheim,1947,false,1929,openlibrary,https://openlibrary.org/works/OL985816W,en,"merged from 1 source rows (openlibrary); author death year from Wikidata (Q76823); PD via life+70 rule (death year 1947 + 71 <= 2026), independent of publication year"
idle-thoughts-of-an-idle-fellow__jerome-k-jerome__1880,Idle Thoughts of an Idle Fellow,Jerome K. Jerome,1927,false,1880,openlibrary,https://openlibrary.org/works/OL1793135W,en,"merged from 1 source rows (openlibrary); author death year from Wikidata (Q218698); PD via life+70 rule (death year 1927 + 71 <= 2026), independent of publication year"
idle-thoughts-of-an-idle-fellow__jerome-jerome-klapka__1880,Idle Thoughts of an Idle Fellow,"Jérôme, Jerome Klapka",,false,1880,openlibrary,https://openlibrary.org/works/OL1793135W,en,merged from 1 source rows (openlibrary); pd_basis=pub_year<=1930
idylls-of-the-king__alfred-tennyson__1859,Idylls of the King,Alfred Tennyson,1892,false,1859,openlibrary,https://openlibrary.org/works/OL490919W,en,"merged from 1 source rows (openlibrary); author death year from Wikidata (Q173869); PD via life+70 rule (death year 1892 + 71 <= 2026), independent of publication year"
idee-generale-de-la-revolution-au-xixe-siecle__pierre-joseph-proudhon__1851,Idée générale de la révolution au XIXe siècle,Pierre-Joseph Proudhon,1865,false,1851,openlibrary,https://openlibrary.org/works/OL960279W,en,"merged from 1 source rows (openlibrary); author death year from Wikidata (Q5749); PD via life+70 rule (death year 1865 + 71 <= 2026), independent of publication year"
il-paradiso__alighieri-dante__1595,Il Paradiso,"Alighieri, Dante",,false,1595,openlibrary,https://openlibrary.org/works/OL93230W,en,merged from 1 source rows (openlibrary); pd_basis=pub_year<=1930
ile-des-pingouins__anatole-france__1908,Ile des pingouins,Anatole France,1924,false,1908,openlibrary,https://openlibrary.org/works/OL989147W,en,"merged from 1 source rows (openlibrary); author death year from Wikidata (Q42443); PD via life+70 rule (death year 1924 + 71 <= 2026), independent of publication year"
illuminationen__walter-benjamin__1961,Illuminationen,Walter Benjamin,1940,false,1961,openlibrary,https://openlibrary.org/works/OL156213W,en,"merged from 1 source rows (openlibrary); author death year from Wikidata (Q61078); PD via life+70 rule (death year 1940 + 71 <= 2026), independent of publication year"
illuminations__arthur-rimbaud__unk,Illuminations,Arthur Rimbaud,1891,false,,openlibrary,https://openlibrary.org/works/OL156818W,en,"merged from 1 source rows (openlibrary); author death year from Wikidata (Q493); PD via life+70 rule (death year 1891 + 71 <= 2026), independent of publication year; publication year (1949) discarded as implausible (>50 years after author's death, likely a modern reprint/collected edition indexed by Open Library as 'first publish year'); needs manual research"
images-of-war__robert-capa__1964,Images of war,Robert Capa,1954,false,1964,openlibrary,https://openlibrary.org/works/OL103031W,en,"merged from 1 source rows (openlibrary); author death year from Wikidata (Q152524); PD via life+70 rule (death year 1954 + 71 <= 2026), independent of publication year"
imago__carl-spitteler__unk,Imago,Carl Spitteler,1924,false,,openlibrary,https://openlibrary.org/works/OL29069019W,en,"merged from 1 source rows (openlibrary); author death year from Wikidata (Q226525); PD via life+70 rule (death year 1924 + 71 <= 2026), independent of publication year; publication year (2012) discarded as implausible (>50 years after author's death, likely a modern reprint/collected edition indexed by Open Library as 'first publish year'); needs manual research"
imitation-of-christ__kempis-thomas-a__1568,Imitation of Christ,"Kempis, Thomas à",,false,1568,openlibrary,https://openlibrary.org/works/OL260847W,en,merged from 1 source rows (openlibrary); pd_basis=pub_year<=1930
imitation-of-christ__therese-of-lisieux__unk,Imitation of Christ,Thérèse of Lisieux,1897,false,,openlibrary,https://openlibrary.org/works/OL260847W,en,"merged from 1 source rows (openlibrary); author death year from Wikidata (Q181715); PD via life+70 rule (death year 1897 + 71 <= 2026), independent of publication year; publication year (1568) discarded post-merge as implausible (more than 100 years before death (1897), implausible for a single lifetime); needs manual research"
immensee__theodor-storm__1891,Immensee,Theodor Storm,1888,false,1891,openlibrary,https://openlibrary.org/works/OL995266W,en,"merged from 1 source rows (openlibrary); author death year from Wikidata (Q26993); PD via life+70 rule (death year 1888 + 71 <= 2026), independent of publication year"
imperial-germany-and-the-industrial-revolution__thorstein-veblen__1915,Imperial Germany and the industrial revolution,Thorstein Veblen,1929,false,1915,openlibrary,https://openlibrary.org/works/OL1868472W,en,"merged from 1 source rows (openlibrary); author death year from Wikidata (Q73646); PD via life+70 rule (death year 1929 + 71 <= 2026), independent of publication year"
imperialism-and-peace__christian-lous-lange__1938,Imperialism and peace,Christian Lous Lange,1938,false,1938,openlibrary,https://openlibrary.org/works/OL10692157W,en,"merged from 1 source rows (openlibrary); author death year from Wikidata (Q206446); PD via life+70 rule (death year 1938 + 71 <= 2026), independent of publication year"
imperialism-and-world-economy__nikolai-bukharin__1917,Imperialism and world economy,Nikolai Bukharin,1938,false,1917,openlibrary,https://openlibrary.org/works/OL2448418W,en,"merged from 1 source rows (openlibrary); author death year from Wikidata (Q186709); PD via life+70 rule (death year 1938 + 71 <= 2026), independent of publication year"
in-a-german-pension__katherine-mansfield__1911,In a German Pension,Katherine Mansfield,1923,false,1911,openlibrary,https://openlibrary.org/works/OL788067W,en,"merged from 1 source rows (openlibrary); author death year from Wikidata (Q270632); PD via life+70 rule (death year 1923 + 71 <= 2026), independent of publication year"
in-celebration-of-mihai-eminescu__mihai-eminescu__unk,In celebration of Mihai Eminescu,Mihai Eminescu,1889,false,,openlibrary,https://openlibrary.org/works/OL144843W,en,"merged from 1 source rows (openlibrary); author death year from Wikidata (Q184935); PD via life+70 rule (death year 1889 + 71 <= 2026), independent of publication year; publication year (1989) discarded as implausible (>50 years after author's death, likely a modern reprint/collected edition indexed by Open Library as 'first publish year'); needs manual research"
in-darkest-africa__henry-morton-stanley__1890,In darkest Africa,Henry Morton Stanley,1904,false,1890,openlibrary,https://openlibrary.org/works/OL1104857W,en,"merged from 1 source rows (openlibrary); author death year from Wikidata (Q171421); PD via life+70 rule (death year 1904 + 71 <= 2026), independent of publication year"
in-the-catacombs__lesya-ukrainka__unk,In the catacombs,Lesya Ukrainka,1913,false,,openlibrary,https://openlibrary.org/works/OL10760111W,en,"merged from 1 source rows (openlibrary); author death year from Wikidata (Q298033); PD via life+70 rule (death year 1913 + 71 <= 2026), independent of publication year; publication year (1971) discarded as implausible (>50 years after author's death, likely a modern reprint/collected edition indexed by Open Library as 'first publish year'); needs manual research"
incidents-in-the-life-of-a-slave-girl__jacobs-harriet-a__1861,Incidents in the Life of a Slave Girl,"Jacobs, Harriet A.",,false,1861,openlibrary,https://openlibrary.org/works/OL28623W,en,merged from 1 source rows (openlibrary); pd_basis=pub_year<=1930
incidents-in-the-life-of-a-slave-girl-written-by-herself__jacobs-harriet-a-harriet-ann__unk,"Incidents in the Life of a Slave Girl, Written by Herself","Jacobs, Harriet A. (Harriet Ann)",1897,false,,gutenberg,https://www.gutenberg.org/ebooks/11030,en,"merged from 1 source rows (gutenberg); Open Library match discarded: returned 2006, which is more than 5 years after author's death (1897) -- likely an indexed reprint rather than the original edition; needs manual research"
india-s-love-lyrics__hope-laurence__1902,India's Love Lyrics,"Hope, Laurence",1904,false,1902,gutenberg,https://www.gutenberg.org/ebooks/8197,en,merged from 1 source rows (gutenberg); publication year via Open Library (earliest edition found; not independently verified)
indian-home-rule__mahatma-gandhi__1919,Indian home rule,Mahatma Gandhi,1948,false,1919,openlibrary,https://openlibrary.org/works/OL298453W,en,"merged from 1 source rows (openlibrary); author death year from Wikidata (Q1001); PD via life+70 rule (death year 1948 + 71 <= 2026), independent of publication year"
industry-and-humanity__william-lyon-mackenzie-king__1918,Industry and humanity,William Lyon Mackenzie King,1950,false,1918,openlibrary,https://openlibrary.org/works/OL1177416W,en,"merged from 1 source rows (openlibrary); author death year from Wikidata (Q128633); PD via life+70 rule (death year 1950 + 71 <= 2026), independent of publication year"
inequality-of-the-human-races__arthur-de-gobineau__unk,Inequality of the Human Races,Arthur de Gobineau,1882,false,,openlibrary,https://openlibrary.org/works/OL27107538W,en,"merged from 1 source rows (openlibrary); author death year from Wikidata (Q264918); PD via life+70 rule (death year 1882 + 71 <= 2026), independent of publication year; publication year (2016) discarded as implausible (>50 years after author's death, likely a modern reprint/collected edition indexed by Open Library as 'first publish year'); needs manual research"
inferno__alighieri-dante__1767,Inferno,"Alighieri, Dante",,false,1767,openlibrary,https://openlibrary.org/works/OL93227W,en,merged from 1 source rows (openlibrary); pd_basis=pub_year<=1930
inquiries-into-human-faculty-and-its-development__francis-galton__1883,Inquiries into human faculty and its development,Francis Galton,1911,false,1883,openlibrary,https://openlibrary.org/works/OL3370378W,en,"merged from 1 source rows (openlibrary); author death year from Wikidata (Q191026); PD via life+70 rule (death year 1911 + 71 <= 2026), independent of publication year"
inquiry-into-the-origin-and-course-of-political-parties-in-the-united-states__martin-van-buren__1867,Inquiry into the Origin and Course of Political Parties in the United States,Martin Van Buren,1862,false,1867,openlibrary,https://openlibrary.org/works/OL8299343W,en,"merged from 1 source rows (openlibrary); author death year from Wikidata (Q11820); PD via life+70 rule (death year 1862 + 71 <= 2026), independent of publication year"
insurgent-mexico__john-reed__1914,Insurgent Mexico,John Reed,1920,false,1914,openlibrary,https://openlibrary.org/works/OL2136257W,en,"merged from 1 source rows (openlibrary); author death year from Wikidata (Q310800); PD via life+70 rule (death year 1920 + 71 <= 2026), independent of publication year"
intensity__richard-owen__unk,Intensity,Richard Owen,1892,false,,openlibrary,https://openlibrary.org/works/OL263301W,en,"merged from 1 source rows (openlibrary); author death year from Wikidata (Q151556); PD via life+70 rule (death year 1892 + 71 <= 2026), independent of publication year; publication year (1985) discarded as implausible (>50 years after author's death, likely a modern reprint/collected edition indexed by Open Library as 'first publish year'); needs manual research"
inter-ethnic-relations-in-the-making-of-mainland-southeast-asia__chulalongkorn__unk,Inter-ethnic relations in the making of mainland Southeast Asia,Chulalongkorn,1910,false,,openlibrary,https://openlibrary.org/works/OL2330032W,en,"merged from 1 source rows (openlibrary); author death year from Wikidata (Q158861); PD via life+70 rule (death year 1910 + 71 <= 2026), independent of publication year; publication year (1998) discarded as implausible (>50 years after author's death, likely a modern reprint/collected edition indexed by Open Library as 'first publish year'); needs manual research"
internal-security-in-the-visegrad-group__josef-stefan__unk,Internal Security in the Visegrad Group,Josef Stefan,1893,false,,openlibrary,https://openlibrary.org/works/OL44548049W,en,"merged from 1 source rows (openlibrary); author death year from Wikidata (Q16581); PD via life+70 rule (death year 1893 + 71 <= 2026), independent of publication year; publication year (2025) discarded as implausible (>50 years after author's death, likely a modern reprint/collected edition indexed by Open Library as 'first publish year'); needs manual research"
intikhab-i-kalam-i-ghalib__mirza-ghalib__unk,Intik̲h̲āb-i kalām-i G̲h̲ālib,Mirza Ghalib,1869,false,,openlibrary,https://openlibrary.org/works/OL294664W,en,"merged from 1 source rows (openlibrary); author death year from Wikidata (Q107000); PD via life+70 rule (death year 1869 + 71 <= 2026), independent of publication year; publication year (1942) discarded as implausible (>50 years after author's death, likely a modern reprint/collected edition indexed by Open Library as 'first publish year'); needs manual research"
introduction-to-the-study-of-the-hindu-doctrines__rene-guenon__1945,Introduction to the study of the Hindu doctrines,René Guénon,1951,false,1945,openlibrary,https://openlibrary.org/works/OL1230279W,en,"merged from 1 source rows (openlibrary); author death year from Wikidata (Q496850); PD via life+70 rule (death year 1951 + 71 <= 2026), independent of publication year"
irrungen-wirrungen__theodor-fontane__1896,"Irrungen, Wirrungen",Theodor Fontane,1898,false,1896,openlibrary,https://openlibrary.org/works/OL857311W,en,"merged from 1 source rows (openlibrary); author death year from Wikidata (Q76632); PD via life+70 rule (death year 1898 + 71 <= 2026), independent of publication year"
isadora-speaks__isadora-duncan__unk,Isadora speaks,Isadora Duncan,1927,false,,openlibrary,https://openlibrary.org/works/OL2229376W,en,"merged from 1 source rows (openlibrary); author death year from Wikidata (Q483512); PD via life+70 rule (death year 1927 + 71 <= 2026), independent of publication year; publication year (1981) discarded as implausible (>50 years after author's death, likely a modern reprint/collected edition indexed by Open Library as 'first publish year'); needs manual research"
isis-unveiled__helena-blavatsky__1877,Isis unveiled,Helena Blavatsky,1891,false,1877,openlibrary,https://openlibrary.org/works/OL2604016W,en,"merged from 1 source rows (openlibrary); author death year from Wikidata (Q189454); PD via life+70 rule (death year 1891 + 71 <= 2026), independent of publication year"
istoriia-odnogo-goroda__mikhail-saltykov-shchedrin__unk,Istorii͡a︡ odnogo goroda,Mikhail Saltykov-Shchedrin,1889,false,,openlibrary,https://openlibrary.org/works/OL710763W,en,"merged from 1 source rows (openlibrary); author death year from Wikidata (Q211785); PD via life+70 rule (death year 1889 + 71 <= 2026), independent of publication year; publication year (1953) discarded as implausible (>50 years after author's death, likely a modern reprint/collected edition indexed by Open Library as 'first publish year'); needs manual research"
istoriia-moego-sovremennika__vladimir-korolenko__1922,Istorii︠a︡ moego sovremennika,Vladimir Korolenko,1921,false,1922,openlibrary,https://openlibrary.org/works/OL2288550W,en,"merged from 1 source rows (openlibrary); author death year from Wikidata (Q335064); PD via life+70 rule (death year 1921 + 71 <= 2026), independent of publication year"
istoriia-ukrainy-rusy__mykhailo-hrushevskyi__1954,Istorii︠a︡ Ukraïny-Rusy,Mykhailo Hrushevskyi,1934,false,1954,openlibrary,https://openlibrary.org/works/OL2169715W,en,"merged from 1 source rows (openlibrary); author death year from Wikidata (Q371322); PD via life+70 rule (death year 1934 + 71 <= 2026), independent of publication year"
ivanhoe__scott-sir-walter__1800,Ivanhoe,"Scott, Sir Walter",,false,1800,openlibrary,https://openlibrary.org/works/OL863808W,en,merged from 1 source rows (openlibrary); pd_basis=pub_year<=1930
izbrannoe__daniil-kharms__1974,Izbrannoe,Daniil Kharms,1942,false,1974,openlibrary,https://openlibrary.org/works/OL865265W,en,"merged from 1 source rows (openlibrary); author death year from Wikidata (Q266127); PD via life+70 rule (death year 1942 + 71 <= 2026), independent of publication year"
izbrannye-stikhotvoreniia-i-poemy__konstantin-balmont__1975-2,Izbrannye stikhotvorenii︠a︡ i poemy,Konstantin Balmont,1942,false,1975,openlibrary,https://openlibrary.org/works/OL44445334W,en,"merged from 1 source rows (openlibrary); author death year from Wikidata (Q314498); PD via life+70 rule (death year 1942 + 71 <= 2026), independent of publication year"
izbrannye-stikhotvoreniia-i-poemy__konstantin-balmont__1975,Izbrannye stikhotvorenii︠a︡ i poėmy,Konstantin Balmont,1942,false,1975,openlibrary,https://openlibrary.org/works/OL38427596W,en,"merged from 1 source rows (openlibrary); author death year from Wikidata (Q314498); PD via life+70 rule (death year 1942 + 71 <= 2026), independent of publication year"
j-e-purkyne-and-psychology__jan-evangelista-purkyne__unk,J. E. Purkyně and psychology,Jan Evangelista Purkyně,1869,false,,openlibrary,https://openlibrary.org/works/OL37457680W,en,"merged from 1 source rows (openlibrary); author death year from Wikidata (Q159542); PD via life+70 rule (death year 1869 + 71 <= 2026), independent of publication year; publication year (1987) discarded as implausible (>50 years after author's death, likely a modern reprint/collected edition indexed by Open Library as 'first publish year'); needs manual research"
jack__alphonse-daudet__unk,Jack,Alphonse Daudet,1897,false,,openlibrary,https://openlibrary.org/works/OL32368477W,en,"merged from 1 source rows (openlibrary); author death year from Wikidata (Q228546); PD via life+70 rule (death year 1897 + 71 <= 2026), independent of publication year; publication year (2008) discarded as implausible (>50 years after author's death, likely a modern reprint/collected edition indexed by Open Library as 'first publish year'); needs manual research"
jacob-s-room__woolf-virginia__1922,Jacob's Room,"Woolf, Virginia",,false,1922,openlibrary,https://openlibrary.org/works/OL39329W,en,merged from 1 source rows (openlibrary); pd_basis=pub_year<=1930
jahre-der-entscheidung__oswald-spengler__1933,Jahre der Entscheidung,Oswald Spengler,1936,false,1933,openlibrary,https://openlibrary.org/works/OL3392001W,en,"merged from 1 source rows (openlibrary); author death year from Wikidata (Q57112); PD via life+70 rule (death year 1936 + 71 <= 2026), independent of publication year"
james-ensor__emile-verhaeren__1908,James Ensor,Emile Verhaeren,1916,false,1908,openlibrary,https://openlibrary.org/works/OL76736W,en,"merged from 1 source rows (openlibrary); author death year from Wikidata (Q193680); PD via life+70 rule (death year 1916 + 71 <= 2026), independent of publication year"
james-mcneill-whistler__james-mcneill-whistler__1924,James McNeill Whistler,James McNeill Whistler,1903,false,1924,openlibrary,https://openlibrary.org/works/OL653117W,en,"merged from 1 source rows (openlibrary); author death year from Wikidata (Q203643); PD via life+70 rule (death year 1903 + 71 <= 2026), independent of publication year"
james-naismith-reader__james-naismith__unk,James Naismith Reader,James Naismith,1939,false,,openlibrary,https://openlibrary.org/works/OL21691240W,en,"merged from 1 source rows (openlibrary); author death year from Wikidata (Q188962); PD via life+70 rule (death year 1939 + 71 <= 2026), independent of publication year; publication year (2021) discarded as implausible (>50 years after author's death, likely a modern reprint/collected edition indexed by Open Library as 'first publish year'); needs manual research"
jan-evangelista-purkyne-1787-1869__jan-evangelista-purkyne__unk,"Jan Evangelista Purkyně, 1787-1869",Jan Evangelista Purkyně,1869,false,,openlibrary,https://openlibrary.org/works/OL11812461W,en,"merged from 1 source rows (openlibrary); author death year from Wikidata (Q159542); PD via life+70 rule (death year 1869 + 71 <= 2026), independent of publication year; publication year (1971) discarded as implausible (>50 years after author's death, likely a modern reprint/collected edition indexed by Open Library as 'first publish year'); needs manual research"
jane-austen-ada-lovelace-mary-shelley-handwriting-notebook-set__ada-lovelace__unk,"Jane Austen, Ada Lovelace, Mary Shelley Handwriting Notebook Set",Ada Lovelace,1852,false,,openlibrary,https://openlibrary.org/works/OL25314796W,en,"merged from 1 source rows (openlibrary); author death year from Wikidata (Q7259); PD via life+70 rule (death year 1852 + 71 <= 2026), independent of publication year; publication year (2021) discarded as implausible (>50 years after author's death, likely a modern reprint/collected edition indexed by Open Library as 'first publish year'); needs manual research"
jane-eyre__bronte-charlotte__1847,Jane Eyre,"Brontë, Charlotte",,false,1847,openlibrary,https://openlibrary.org/works/OL1095427W,en,merged from 1 source rows (openlibrary); pd_basis=pub_year<=1930
jane-eyre__charlotte-bronte__1847,Jane Eyre,Charlotte Brontë,1855,false,1847,openlibrary,https://openlibrary.org/works/OL1095427W,en,"merged from 1 source rows (openlibrary); author death year from Wikidata (Q127332); PD via life+70 rule (death year 1855 + 71 <= 2026), independent of publication year"
jane-eyre-an-autobiography__bronte-charlotte__1848,Jane Eyre: An Autobiography,"Brontë, Charlotte",1855,false,1848,gutenberg,https://www.gutenberg.org/ebooks/1260,en,merged from 1 source rows (gutenberg); publication year via Open Library (earliest edition found; not independently verified)
jane-seton-or-the-king-s-advocate-a-scottish-historical-romance__grant-james__1853,"Jane Seton; or, The King's Advocate: A Scottish Historical Romance","Grant, James",1887,false,1853,gutenberg,https://www.gutenberg.org/ebooks/64836,en,merged from 1 source rows (gutenberg); publication year via Open Library (earliest edition found; not independently verified)
jean-christophe__romain-rolland__1900,Jean-Christophe,Romain Rolland,1944,false,1900,openlibrary,https://openlibrary.org/works/OL68141W,en,"merged from 1 source rows (openlibrary); author death year from Wikidata (Q47162); PD via life+70 rule (death year 1944 + 71 <= 2026), independent of publication year"
jeder-stirbt-fur-sich-allein__hans-fallada__1948,Jeder stirbt für sich allein,Hans Fallada,1947,false,1948,openlibrary,https://openlibrary.org/works/OL830052W,en,"merged from 1 source rows (openlibrary); author death year from Wikidata (Q76539); PD via life+70 rule (death year 1947 + 71 <= 2026), independent of publication year"
jedermann__hugo-von-hofmannsthal__1912,Jedermann,Hugo von Hofmannsthal,1929,false,1912,openlibrary,https://openlibrary.org/works/OL752796W,en,"merged from 1 source rows (openlibrary); author death year from Wikidata (Q51513); PD via life+70 rule (death year 1929 + 71 <= 2026), independent of publication year"
jennie-gerhardt__dreiser-theodore__1911,Jennie Gerhardt,"Dreiser, Theodore",,false,1911,openlibrary,https://openlibrary.org/works/OL100236W,en,merged from 1 source rows (openlibrary); pd_basis=pub_year<=1930
jenseits-von-gut-und-bose__friedrich-nietzsche__1885,Jenseits von Gut und Böse,Friedrich Nietzsche,1900,false,1885,openlibrary,https://openlibrary.org/works/OL98174W,en,"merged from 1 source rows (openlibrary); author death year from Wikidata (Q9358); PD via life+70 rule (death year 1900 + 71 <= 2026), independent of publication year"
jenseits-von-gut-und-bose__nietzsche-friedrich__1885,Jenseits von Gut und Böse,"Nietzsche, Friedrich",,false,1885,openlibrary,https://openlibrary.org/works/OL98174W,en,merged from 1 source rows (openlibrary); pd_basis=pub_year<=1930
jerusalem__selma-lagerlof__unk,Jerusalem,Selma Lagerlöf,1940,false,,openlibrary,https://openlibrary.org/works/OL24409927W,en,"merged from 1 source rows (openlibrary); author death year from Wikidata (Q44519); PD via life+70 rule (death year 1940 + 71 <= 2026), independent of publication year; publication year (2008) discarded as implausible (>50 years after author's death, likely a modern reprint/collected edition indexed by Open Library as 'first publish year'); needs manual research"
jo-s-boys__alcott-louisa-may__1886,Jo's Boys,"Alcott, Louisa May",,false,1886,openlibrary,https://openlibrary.org/works/OL26668762W,en,merged from 1 source rows (openlibrary); pd_basis=pub_year<=1930
jo-s-boys__louisa-may-alcott__1886,Jo's Boys,Louisa May Alcott,1888,false,1886,openlibrary,https://openlibrary.org/works/OL26668762W,en,"merged from 1 source rows (openlibrary); author death year from Wikidata (Q185696); PD via life+70 rule (death year 1888 + 71 <= 2026), independent of publication year"
joan-and-co__bartlett-frederick-orin__unk,Joan and Co.,"Bartlett, Frederick Orin",1945,false,,gutenberg,https://www.gutenberg.org/ebooks/78046,en,"merged from 1 source rows (gutenberg); Open Library match discarded: returned 2008, which is more than 5 years after author's death (1945) -- likely an indexed reprint rather than the original edition; needs manual research"
jocelyn__alphonse-de-lamartine__1836,Jocelyn,Alphonse de Lamartine,1869,false,1836,openlibrary,https://openlibrary.org/works/OL75072W,en,"merged from 1 source rows (openlibrary); author death year from Wikidata (Q188697); PD via life+70 rule (death year 1869 + 71 <= 2026), independent of publication year"
jose-marti__jose-marti__unk,José Martí,José Martí,1895,false,,openlibrary,https://openlibrary.org/works/OL858786W,en,"merged from 1 source rows (openlibrary); author death year from Wikidata (Q103285); PD via life+70 rule (death year 1895 + 71 <= 2026), independent of publication year; publication year (1951) discarded as implausible (>50 years after author's death, likely a modern reprint/collected edition indexed by Open Library as 'first publish year'); needs manual research"
journal-harriet-tubman__harriet-tubman__unk,Journal : Harriet Tubman,Harriet Tubman,1913,false,,openlibrary,https://openlibrary.org/works/OL40730194W,en,"merged from 1 source rows (openlibrary); author death year from Wikidata (Q102870); PD via life+70 rule (death year 1913 + 71 <= 2026), independent of publication year; publication year (2017) discarded as implausible (>50 years after author's death, likely a modern reprint/collected edition indexed by Open Library as 'first publish year'); needs manual research"
journal-as-ambassador-to-great-britain__charles-g-dawes__unk,Journal As Ambassador To Great Britain,Charles G. Dawes,1951,false,,openlibrary,https://openlibrary.org/works/OL9195250W,en,"merged from 1 source rows (openlibrary); author death year from Wikidata (Q184565); PD via life+70 rule (death year 1951 + 71 <= 2026), independent of publication year; publication year (2006) discarded as implausible (>50 years after author's death, likely a modern reprint/collected edition indexed by Open Library as 'first publish year'); needs manual research"
journal-d-un-cure-de-campagne__georges-bernanos__1936,Journal d'un curé de campagne,Georges Bernanos,1948,false,1936,openlibrary,https://openlibrary.org/works/OL80356W,en,"merged from 1 source rows (openlibrary); author death year from Wikidata (Q315072); PD via life+70 rule (death year 1948 + 71 <= 2026), independent of publication year"
journal-intime__henri-frederic-amiel__1885,Journal intime,Henri-Frédéric Amiel,1881,false,1885,openlibrary,https://openlibrary.org/works/OL4714178W,en,"merged from 1 source rows (openlibrary); author death year from Wikidata (Q123916); PD via life+70 rule (death year 1881 + 71 <= 2026), independent of publication year"
journal-1896-1942__charles-ferdinand-ramuz__1943,"Journal, 1896-1942",Charles Ferdinand Ramuz,1947,false,1943,openlibrary,https://openlibrary.org/works/OL1246227W,en,"merged from 1 source rows (openlibrary); author death year from Wikidata (Q123635); PD via life+70 rule (death year 1947 + 71 <= 2026), independent of publication year"
juan-de-mairena__antonio-machado__1936,Juan de Mairena,Antonio Machado,1939,false,1936,openlibrary,https://openlibrary.org/works/OL1344036W,en,"merged from 1 source rows (openlibrary); author death year from Wikidata (Q243771); PD via life+70 rule (death year 1939 + 71 <= 2026), independent of publication year"
jude-the-obscure__david-brewster__1895,Jude the Obscure,David Brewster,1868,false,1895,openlibrary,https://openlibrary.org/works/OL44986W,en,"merged from 1 source rows (openlibrary); author death year from Wikidata (Q168468); PD via life+70 rule (death year 1868 + 71 <= 2026), independent of publication year"
jude-the-obscure__hardy-thomas__1895,Jude the Obscure,"Hardy, Thomas",,false,1895,openlibrary,https://openlibrary.org/works/OL44986W,en,merged from 1 source rows (openlibrary); pd_basis=pub_year<=1930
jude-the-obscure__thomas-hardy__1895,Jude the Obscure,Thomas Hardy,1928,false,1895,openlibrary,https://openlibrary.org/works/OL44986W,en,"merged from 1 source rows (openlibrary); author death year from Wikidata (Q132805); PD via life+70 rule (death year 1928 + 71 <= 2026), independent of publication year"
jugend-ohne-gott__odon-von-horvath__1938,Jugend ohne Gott,Ödön von Horváth,1938,false,1938,openlibrary,https://openlibrary.org/works/OL4540213W,en,"merged from 1 source rows (openlibrary); author death year from Wikidata (Q84455); PD via life+70 rule (death year 1938 + 71 <= 2026), independent of publication year"
juif-errant__eugene-sue__1844,Juif errant,Eugène Sue,1857,false,1844,openlibrary,https://openlibrary.org/works/OL15204091W,en,"merged from 1 source rows (openlibrary); author death year from Wikidata (Q315220); PD via life+70 rule (death year 1857 + 71 <= 2026), independent of publication year"
julius-caesar__shakespeare-william__1656,Julius Caesar,"Shakespeare, William",,false,1656,openlibrary,https://openlibrary.org/works/OL362702W,en,merged from 1 source rows (openlibrary); pd_basis=pub_year<=1930
just-around-the-corner-romance-en-casserole__hurst-fannie__unk,Just Around the Corner: Romance en casserole,"Hurst, Fannie",1968,false,,gutenberg,https://www.gutenberg.org/ebooks/33118,en,merged from 1 source rows (gutenberg); publication year not found via Open Library; needs manual research
javidnamah__muhammad-iqbal__1930,Jāvīdnāmah,Muhammad Iqbal,1938,false,1930,openlibrary,https://openlibrary.org/works/OL295740W,en,"merged from 1 source rows (openlibrary); author death year from Wikidata (Q484141); PD via life+70 rule (death year 1938 + 71 <= 2026), independent of publication year"
kalevala__elias-lonnrot__unk,Kalevala,Elias Lönnrot,1884,false,,openlibrary,https://openlibrary.org/works/OL9056278W,en,"merged from 1 source rows (openlibrary); author death year from Wikidata (Q153159); PD via life+70 rule (death year 1884 + 71 <= 2026), independent of publication year; publication year (1985) discarded as implausible (>50 years after author's death, likely a modern reprint/collected edition indexed by Open Library as 'first publish year'); needs manual research"
kalevipoeg__friedrich-reinhold-kreutzwald__unk,Kalevipoeg,Friedrich Reinhold Kreutzwald,1882,false,,openlibrary,https://openlibrary.org/works/OL2053424W,en,"merged from 1 source rows (openlibrary); author death year from Wikidata (Q333900); PD via life+70 rule (death year 1882 + 71 <= 2026), independent of publication year; publication year (1935) discarded as implausible (>50 years after author's death, likely a modern reprint/collected edition indexed by Open Library as 'first publish year'); needs manual research"
kallocain__karin-boye__1952,Kallocain,Karin Boye,1941,false,1952,openlibrary,https://openlibrary.org/works/OL1265023W,en,"merged from 1 source rows (openlibrary); author death year from Wikidata (Q237413); PD via life+70 rule (death year 1941 + 71 <= 2026), independent of publication year"
kandinsky__wassily-kandinsky__1947,Kandinsky,Wassily Kandinsky,1944,false,1947,openlibrary,https://openlibrary.org/works/OL30153W,en,"merged from 1 source rows (openlibrary); author death year from Wikidata (Q61064); PD via life+70 rule (death year 1944 + 71 <= 2026), independent of publication year"
kapalkundala__bankim-chandra-chatterjee__unk,Kapalkundala,Bankim Chandra Chatterjee,1894,false,,openlibrary,https://openlibrary.org/works/OL25333110W,en,"merged from 1 source rows (openlibrary); author death year from Wikidata (Q377881); PD via life+70 rule (death year 1894 + 71 <= 2026), independent of publication year; publication year (2021) discarded as implausible (>50 years after author's death, likely a modern reprint/collected edition indexed by Open Library as 'first publish year'); needs manual research"
kappa__ryunosuke-akutagawa__1933,Kappa,Ryūnosuke Akutagawa,1927,false,1933,openlibrary,https://openlibrary.org/works/OL4188237W,en,"merged from 1 source rows (openlibrary); author death year from Wikidata (Q186326); PD via life+70 rule (death year 1927 + 71 <= 2026), independent of publication year"
karl-marx-biographical-memoirs__paul-lafargue__1901,Karl Marx; biographical memoirs,Paul Lafargue,1911,false,1901,openlibrary,https://openlibrary.org/works/OL2805305W,en,"merged from 1 source rows (openlibrary); author death year from Wikidata (Q317152); PD via life+70 rule (death year 1911 + 71 <= 2026), independent of publication year"
karl-marx-biographical-memoirs__wilhelm-liebknecht__1901,Karl Marx; biographical memoirs,Wilhelm Liebknecht,1900,false,1901,openlibrary,https://openlibrary.org/works/OL2805305W,en,"merged from 1 source rows (openlibrary); author death year from Wikidata (Q20127); PD via life+70 rule (death year 1900 + 71 <= 2026), independent of publication year"
karolinerna__verner-von-heidenstam__1897,Karolinerna,Verner von Heidenstam,1940,false,1897,openlibrary,https://openlibrary.org/works/OL4028515W,en,"merged from 1 source rows (openlibrary); author death year from Wikidata (Q129173); PD via life+70 rule (death year 1940 + 71 <= 2026), independent of publication year"
kate-mulhall-b-a-romance-of-the-oregon-trail__meeker-ezra__unk,Kate Mulhall : $b A romance of the Oregon Trail,"Meeker, Ezra",1928,false,,gutenberg,https://www.gutenberg.org/ebooks/78040,en,merged from 1 source rows (gutenberg); publication year not found via Open Library; needs manual research
khartoum-and-the-blue-and-white-niles-vol-1-of-2__melly-george__unk,"Khartoum, and the Blue and White Niles, Vol. 1 (of 2)","Melly, George",1894,false,,gutenberg,https://www.gutenberg.org/ebooks/78014,en,merged from 1 source rows (gutenberg); publication year not found via Open Library; needs manual research
khartoum-and-the-blue-and-white-niles-vol-2-of-2__melly-george__unk,"Khartoum, and the Blue and White Niles, Vol. 2 (of 2)","Melly, George",1894,false,,gutenberg,https://www.gutenberg.org/ebooks/78015,en,merged from 1 source rows (gutenberg); publication year not found via Open Library; needs manual research
kidnapped__stevenson-robert-louis__1886,Kidnapped,"Stevenson, Robert Louis",1894,false,1886,gutenberg+openlibrary,https://www.gutenberg.org/ebooks/421,en,"merged from 2 source rows (gutenberg+openlibrary); Open Library match discarded: returned 1659, which predates author's birth year (1850) -- likely a mismatched search result; needs manual research; pd_basis=pub_year<=1930"
kilmeny-of-the-orchard__montgomery-lucy-maud__1910,Kilmeny of the orchard,"Montgomery, Lucy Maud",,false,1910,openlibrary,https://openlibrary.org/works/OL77785W,en,merged from 1 source rows (openlibrary); pd_basis=pub_year<=1930
kim__kipling-rudyard__1901,Kim,"Kipling, Rudyard",,false,1901,openlibrary,https://openlibrary.org/works/OL19908W,en,merged from 1 source rows (openlibrary); pd_basis=pub_year<=1930
kim__rudyard-kipling__1901,Kim,Rudyard Kipling,1936,false,1901,openlibrary,https://openlibrary.org/works/OL19908W,en,"merged from 1 source rows (openlibrary); author death year from Wikidata (Q34743); PD via life+70 rule (death year 1936 + 71 <= 2026), independent of publication year"
kind-unserer-zeit__odon-von-horvath__unk,Kind Unserer Zeit,Ödön von Horváth,1938,false,,openlibrary,https://openlibrary.org/works/OL36061092W,en,"merged from 1 source rows (openlibrary); author death year from Wikidata (Q84455); PD via life+70 rule (death year 1938 + 71 <= 2026), independent of publication year; publication year (2011) discarded as implausible (>50 years after author's death, likely a modern reprint/collected edition indexed by Open Library as 'first publish year'); needs manual research"
kinder-und-hausmarchen__jacob-grimm__1812,Kinder- und Hausmärchen,Jacob Grimm,1863,false,1812,openlibrary,https://openlibrary.org/works/OL45361W,en,"merged from 1 source rows (openlibrary); author death year from Wikidata (Q6701); PD via life+70 rule (death year 1863 + 71 <= 2026), independent of publication year"
kinder-und-hausmarchen__wilhelm-grimm__1812,Kinder- und Hausmärchen,Wilhelm Grimm,1859,false,1812,openlibrary,https://openlibrary.org/works/OL45361W,en,"merged from 1 source rows (openlibrary); author death year from Wikidata (Q6714); PD via life+70 rule (death year 1859 + 71 <= 2026), independent of publication year"
king-arthur-and-the-knights-of-the-round-table__malory-thomas-sir__unk,King Arthur and the Knights of the Round Table,"Malory, Thomas, Sir",1471,false,,gutenberg,https://www.gutenberg.org/ebooks/36462,en,"merged from 1 source rows (gutenberg); Open Library match discarded: returned 1858, which is more than 5 years after author's death (1471) -- likely an indexed reprint rather than the original edition; needs manual research"
king-henry-vi-part-2__shakespeare-william__1600,King Henry VI. Part 2,"Shakespeare, William",,false,1600,openlibrary,https://openlibrary.org/works/OL258709W,en,merged from 1 source rows (openlibrary); pd_basis=pub_year<=1930
king-henry-viii__shakespeare-william__1670,King Henry VIII,"Shakespeare, William",,false,1670,openlibrary,https://openlibrary.org/works/OL361246W,en,merged from 1 source rows (openlibrary); pd_basis=pub_year<=1930
king-john__janos-arany__unk,King John,János Arany,1882,false,,openlibrary,https://openlibrary.org/works/OL29246562W,en,"merged from 1 source rows (openlibrary); author death year from Wikidata (Q316556); PD via life+70 rule (death year 1882 + 71 <= 2026), independent of publication year; publication year (1967) discarded as implausible (>50 years after author's death, likely a modern reprint/collected edition indexed by Open Library as 'first publish year'); needs manual research"
king-john__shakespeare-william__1700,King John,"Shakespeare, William",,false,1700,openlibrary,https://openlibrary.org/works/OL362680W,en,merged from 1 source rows (openlibrary); pd_basis=pub_year<=1930
king-lear__shakespeare-william__1608,King Lear,"Shakespeare, William",,false,1608,openlibrary,https://openlibrary.org/works/OL259026W,en,merged from 1 source rows (openlibrary); pd_basis=pub_year<=1930
king-midas-a-romance__sinclair-upton__unk,King Midas: a Romance,"Sinclair, Upton",1968,false,,gutenberg,https://www.gutenberg.org/ebooks/4923,en,merged from 1 source rows (gutenberg); publication year not found via Open Library; needs manual research
king-richard-ii__shakespeare-william__1597,King Richard II,"Shakespeare, William",,false,1597,openlibrary,https://openlibrary.org/works/OL362665W,en,merged from 1 source rows (openlibrary); pd_basis=pub_year<=1930
king-solomon-s-mines__h-rider-haggard__1876,King Solomon's Mines,H. Rider Haggard,1925,false,1876,openlibrary,https://openlibrary.org/works/OL17448W,en,"merged from 1 source rows (openlibrary); author death year from Wikidata (Q237196); PD via life+70 rule (death year 1925 + 71 <= 2026), independent of publication year"
king-solomon-s-mines__haggard-h-rider__1876,King Solomon's Mines,"Haggard, H. Rider",,false,1876,openlibrary,https://openlibrary.org/works/OL17448W,en,merged from 1 source rows (openlibrary); pd_basis=pub_year<=1930
kleider-machen-leute__gottfried-keller__1895,Kleider machen Leute,Gottfried Keller,1890,false,1895,openlibrary,https://openlibrary.org/works/OL1446212W,en,"merged from 1 source rows (openlibrary); author death year from Wikidata (Q122370); PD via life+70 rule (death year 1890 + 71 <= 2026), independent of publication year"
kleiner-mann-was-nun__hans-fallada__1932,"Kleiner Mann, was nun?",Hans Fallada,1947,false,1932,openlibrary,https://openlibrary.org/works/OL15250717W,en,"merged from 1 source rows (openlibrary); author death year from Wikidata (Q76539); PD via life+70 rule (death year 1947 + 71 <= 2026), independent of publication year"
kniaz-serebrianyi__aleksey-konstantinovich-tolstoy__1890,Kni︠a︡zʹ Serebri︠a︡nyĭ,Aleksey Konstantinovich Tolstoy,1875,false,1890,openlibrary,https://openlibrary.org/works/OL1580506W,en,"merged from 1 source rows (openlibrary); author death year from Wikidata (Q212575); PD via life+70 rule (death year 1875 + 71 <= 2026), independent of publication year"
kobzar__taras-shevchenko__1908,Kobzar,Taras Shevchenko,1861,false,1908,openlibrary,https://openlibrary.org/works/OL42835591W,en,"merged from 1 source rows (openlibrary); author death year from Wikidata (Q134958); PD via life+70 rule (death year 1861 + 71 <= 2026), independent of publication year"
kokoro__lafcadio-hearn__1896,Kokoro,Lafcadio Hearn,1904,false,1896,openlibrary,https://openlibrary.org/works/OL859612W,en,"merged from 1 source rows (openlibrary); author death year from Wikidata (Q313638); PD via life+70 rule (death year 1904 + 71 <= 2026), independent of publication year"
kokoro__natsume-soseki__1914,Kokoro,Natsume Sōseki,1916,false,1914,openlibrary,https://openlibrary.org/works/OL1174972W,en,"merged from 1 source rows (openlibrary); author death year from Wikidata (Q180903); PD via life+70 rule (death year 1916 + 71 <= 2026), independent of publication year"
kolokola-op-35__konstantin-balmont__unk,"Kolokola, Op. 35",Konstantin Balmont,1942,false,,openlibrary,https://openlibrary.org/works/OL28291432W,en,"merged from 1 source rows (openlibrary); author death year from Wikidata (Q314498); PD via life+70 rule (death year 1942 + 71 <= 2026), independent of publication year; publication year (2014) discarded as implausible (>50 years after author's death, likely a modern reprint/collected edition indexed by Open Library as 'first publish year'); needs manual research"
konarmiia__isaak-babel__1927,Konarmii͡a︡,Isaak Babel,1940,false,1927,openlibrary,https://openlibrary.org/works/OL620716W,en,"merged from 1 source rows (openlibrary); author death year from Wikidata (Q49080); PD via life+70 rule (death year 1940 + 71 <= 2026), independent of publication year"
kongens-fald__johannes-v-jensen__1933,Kongens fald,Johannes V. Jensen,1950,false,1933,openlibrary,https://openlibrary.org/works/OL1132509W,en,"merged from 1 source rows (openlibrary); author death year from Wikidata (Q159552); PD via life+70 rule (death year 1950 + 71 <= 2026), independent of publication year"
kotlovan__andrei-platonov__1968,Kotlovan,Andrei Platonov,1951,false,1968,openlibrary,https://openlibrary.org/works/OL489842W,en,"merged from 1 source rows (openlibrary); author death year from Wikidata (Q315147); PD via life+70 rule (death year 1951 + 71 <= 2026), independent of publication year"
kristin-lavransdatter-iii__sigrid-undset__1922,Kristin Lavransdatter III,Sigrid Undset,1949,false,1922,openlibrary,https://openlibrary.org/works/OL69220W,en,"merged from 1 source rows (openlibrary); author death year from Wikidata (Q80889); PD via life+70 rule (death year 1949 + 71 <= 2026), independent of publication year"
kristin-lavransdatter-trilogy__sigrid-undset__1920,Kristin Lavransdatter Trilogy,Sigrid Undset,1949,false,1920,openlibrary,https://openlibrary.org/works/OL69210W,en,"merged from 1 source rows (openlibrary); author death year from Wikidata (Q80889); PD via life+70 rule (death year 1949 + 71 <= 2026), independent of publication year"
krysar__viktor-dyk__1915,Krysař,Viktor Dyk,1931,false,1915,openlibrary,https://openlibrary.org/works/OL1731869W,en,"merged from 1 source rows (openlibrary); author death year from Wikidata (Q109067); PD via life+70 rule (death year 1931 + 71 <= 2026), independent of publication year"
krysolov__marina-tsvetaeva__1978,Krysolov,Marina Tsvetaeva,1941,false,1978,openlibrary,https://openlibrary.org/works/OL10346268W,en,"merged from 1 source rows (openlibrary); author death year from Wikidata (Q188526); PD via life+70 rule (death year 1941 + 71 <= 2026), independent of publication year"
kumulipo__liliuokalani__unk,Kumulipo,Liliʻuokalani,1917,false,,openlibrary,https://openlibrary.org/works/OL22186598W,en,"merged from 1 source rows (openlibrary); author death year from Wikidata (Q107288); PD via life+70 rule (death year 1917 + 71 <= 2026), independent of publication year; publication year (2019) discarded as implausible (>50 years after author's death, likely a modern reprint/collected edition indexed by Open Library as 'first publish year'); needs manual research"
kwaidan__lafcadio-hearn__1904,Kwaidan,Lafcadio Hearn,1904,false,1904,openlibrary,https://openlibrary.org/works/OL859613W,en,"merged from 1 source rows (openlibrary); author death year from Wikidata (Q313638); PD via life+70 rule (death year 1904 + 71 <= 2026), independent of publication year"
kt-wang-parut__chulalongkorn__1950,Kœ̄t Wang Pārut,Chulalongkorn,1910,false,1950,openlibrary,https://openlibrary.org/works/OL2327425W,en,"merged from 1 source rows (openlibrary); author death year from Wikidata (Q158861); PD via life+70 rule (death year 1910 + 71 <= 2026), independent of publication year"
l-ensorcelee__jules-amedee-barbey-d-aurevilly__1854,L' Ensorcelée,Jules Amédée Barbey d'Aurevilly,1889,false,1854,openlibrary,https://openlibrary.org/works/OL3051793W,en,"merged from 1 source rows (openlibrary); author death year from Wikidata (Q314963); PD via life+70 rule (death year 1889 + 71 <= 2026), independent of publication year"
l-emigre__paul-bourget__1902,L' émigré,Paul Bourget,1935,false,1902,openlibrary,https://openlibrary.org/works/OL1545296W,en,"merged from 1 source rows (openlibrary); author death year from Wikidata (Q198644); PD via life+70 rule (death year 1935 + 71 <= 2026), independent of publication year"
l-ancien-regime-et-la-revolution__alexis-de-tocqueville__1856,L'ancien régime et la Révolution,Alexis de Tocqueville,1859,false,1856,openlibrary,https://openlibrary.org/works/OL487147W,en,"merged from 1 source rows (openlibrary); author death year from Wikidata (Q140694); PD via life+70 rule (death year 1859 + 71 <= 2026), independent of publication year"
l-enracinement__simone-weil__1949,L'enracinement,Simone Weil,1943,false,1949,openlibrary,https://openlibrary.org/works/OL587642W,en,"merged from 1 source rows (openlibrary); author death year from Wikidata (Q157309); PD via life+70 rule (death year 1943 + 71 <= 2026), independent of publication year"
l-education-sentimentale__gustave-flaubert__1898,L'Éducation sentimentale,Gustave Flaubert,1880,false,1898,openlibrary,https://openlibrary.org/works/OL893802W,en,"merged from 1 source rows (openlibrary); author death year from Wikidata (Q43444); PD via life+70 rule (death year 1880 + 71 <= 2026), independent of publication year"
l-evolution-creatrice__henri-bergson__1907,L'Évolution créatrice,Henri Bergson,1941,false,1907,openlibrary,https://openlibrary.org/works/OL76664W,en,"merged from 1 source rows (openlibrary); author death year from Wikidata (Q42156); PD via life+70 rule (death year 1941 + 71 <= 2026), independent of publication year"
la-barraca__vicente-blasco-ibanez__1898,La barraca,Vicente Blasco Ibáñez,1928,false,1898,openlibrary,https://openlibrary.org/works/OL739861W,en,"merged from 1 source rows (openlibrary); author death year from Wikidata (Q219646); PD via life+70 rule (death year 1928 + 71 <= 2026), independent of publication year"
la-cathedrale__joris-karl-huysmans__1895,La cathédrale,Joris-Karl Huysmans,1907,false,1895,openlibrary,https://openlibrary.org/works/OL2239465W,en,"merged from 1 source rows (openlibrary); author death year from Wikidata (Q210798); PD via life+70 rule (death year 1907 + 71 <= 2026), independent of publication year"
la-charca-del-diablo__george-sand__1846,La charca del diablo,George Sand,1876,false,1846,openlibrary,https://openlibrary.org/works/OL982018W,en,"merged from 1 source rows (openlibrary); author death year from Wikidata (Q3816); PD via life+70 rule (death year 1876 + 71 <= 2026), independent of publication year"
la-chartreuse-de-parme__stendhal__1800,La chartreuse de Parme,Stendhal,,false,1800,openlibrary,https://openlibrary.org/works/OL733285W,en,merged from 1 source rows (openlibrary); pd_basis=pub_year<=1930
la-conquete-du-pain__peter-kropotkin__1892,La conquête du pain,Peter Kropotkin,1921,false,1892,openlibrary,https://openlibrary.org/works/OL1105382W,en,"merged from 1 source rows (openlibrary); author death year from Wikidata (Q5752); PD via life+70 rule (death year 1921 + 71 <= 2026), independent of publication year"
la-dame-aux-camelias-novel__alexandre-dumas__1848,La dame aux camélias [novel],Alexandre Dumas,1870,false,1848,openlibrary,https://openlibrary.org/works/OL259509W,en,"merged from 1 source rows (openlibrary); author death year from Wikidata (Q38337); PD via life+70 rule (death year 1870 + 71 <= 2026), independent of publication year"
la-dame-aux-camelias-novel__alexandre-dumas-fils__1848,La dame aux camélias [novel],Alexandre Dumas fils,1895,false,1848,openlibrary,https://openlibrary.org/works/OL259509W,en,"merged from 1 source rows (openlibrary); author death year from Wikidata (Q169150); PD via life+70 rule (death year 1895 + 71 <= 2026), independent of publication year"
la-dame-aux-camelias-novel__fils-alexandre-dumas__1848,La dame aux camélias [novel],"fils, Alexandre Dumas",,false,1848,openlibrary,https://openlibrary.org/works/OL259509W,en,merged from 1 source rows (openlibrary); pd_basis=pub_year<=1930
la-dame-aux-camelias-play__alexandre-dumas-fils__1855,La dame aux camélias [play],Alexandre Dumas fils,1895,false,1855,openlibrary,https://openlibrary.org/works/OL1545339W,en,"merged from 1 source rows (openlibrary); author death year from Wikidata (Q169150); PD via life+70 rule (death year 1895 + 71 <= 2026), independent of publication year"
la-damnation-de-faust-h-111__hector-berlioz__1854,"La damnation de Faust, H 111",Hector Berlioz,1869,false,1854,openlibrary,https://openlibrary.org/works/OL1097990W,en,"merged from 1 source rows (openlibrary); author death year from Wikidata (Q1151); PD via life+70 rule (death year 1869 + 71 <= 2026), independent of publication year"
la-demi-monde__alexandre-dumas-fils__1855,La demi-monde,Alexandre Dumas fils,1895,false,1855,openlibrary,https://openlibrary.org/works/OL1545347W,en,"merged from 1 source rows (openlibrary); author death year from Wikidata (Q169150); PD via life+70 rule (death year 1895 + 71 <= 2026), independent of publication year"
la-femme-au-dix-huitieme-siecle__edmond-de-goncourt__1862,La femme au dix-huitieme siecle,Edmond de Goncourt,1896,false,1862,openlibrary,https://openlibrary.org/works/OL74835W,en,"merged from 1 source rows (openlibrary); author death year from Wikidata (Q1249210); PD via life+70 rule (death year 1896 + 71 <= 2026), independent of publication year"
la-folle-de-chaillot__jean-giraudoux__1946,La folle de Chaillot,Jean Giraudoux,1944,false,1946,openlibrary,https://openlibrary.org/works/OL1208129W,en,"merged from 1 source rows (openlibrary); author death year from Wikidata (Q309974); PD via life+70 rule (death year 1944 + 71 <= 2026), independent of publication year"
la-fontaine-et-ses-fables__hippolyte-taine__1861,La Fontaine et ses fables,Hippolyte Taine,1893,false,1861,openlibrary,https://openlibrary.org/works/OL1205744W,en,"merged from 1 source rows (openlibrary); author death year from Wikidata (Q297726); PD via life+70 rule (death year 1893 + 71 <= 2026), independent of publication year"
la-guerre-de-troie-n-aura-pas-lieu__jean-giraudoux__1935,La guerre de Troie n'aura pas lieu,Jean Giraudoux,1944,false,1935,openlibrary,https://openlibrary.org/works/OL1208130W,en,"merged from 1 source rows (openlibrary); author death year from Wikidata (Q309974); PD via life+70 rule (death year 1944 + 71 <= 2026), independent of publication year"
la-loi__frederic-bastiat__1850,La loi,Frédéric Bastiat,1850,false,1850,openlibrary,https://openlibrary.org/works/OL2028239W,en,"merged from 1 source rows (openlibrary); author death year from Wikidata (Q13515); PD via life+70 rule (death year 1850 + 71 <= 2026), independent of publication year"
la-luna-e-i-falo__cesare-pavese__1950,La luna e i falò,Cesare Pavese,1950,false,1950,openlibrary,https://openlibrary.org/works/OL10422862W,en,"merged from 1 source rows (openlibrary); author death year from Wikidata (Q2022); PD via life+70 rule (death year 1950 + 71 <= 2026), independent of publication year"
la-lutte-contre-l-etat-et-autres-ecrits-1925-1932__nestor-makhno__1984,"La lutte contre l'Etat et autres écrits, 1925-1932",Nestor Makhno,1934,false,1984,openlibrary,https://openlibrary.org/works/OL2413945W,en,"merged from 1 source rows (openlibrary); author death year from Wikidata (Q47900); PD via life+70 rule (death year 1934 + 71 <= 2026), independent of publication year"
la-pecheresse__henri-de-regnier__1920,La Pecheresse,Henri de Régnier,1936,false,1920,openlibrary,https://openlibrary.org/works/OL43252424W,en,"merged from 1 source rows (openlibrary); author death year from Wikidata (Q561510); PD via life+70 rule (death year 1936 + 71 <= 2026), independent of publication year"
la-pesanteur-et-la-grace__simone-weil__1948,La pesanteur et la grace,Simone Weil,1943,false,1948,openlibrary,https://openlibrary.org/works/OL587614W,en,"merged from 1 source rows (openlibrary); author death year from Wikidata (Q157309); PD via life+70 rule (death year 1943 + 71 <= 2026), independent of publication year"
la-petite-fadette-classiques-francais__george-sand__1851,La Petite Fadette (Classiques Francais),George Sand,1876,false,1851,openlibrary,https://openlibrary.org/works/OL981748W,en,"merged from 1 source rows (openlibrary); author death year from Wikidata (Q3816); PD via life+70 rule (death year 1876 + 71 <= 2026), independent of publication year"
la-pere-goriot__balzac-honore-de__1800,La père Goriot,"Balzac, Honoré de",,false,1800,openlibrary,https://openlibrary.org/works/OL85047W,en,merged from 1 source rows (openlibrary); pd_basis=pub_year<=1930
la-pere-goriot__honore-de-balzac__1800,La père Goriot,Honoré de Balzac,1850,false,1800,openlibrary,https://openlibrary.org/works/OL85047W,en,"merged from 1 source rows (openlibrary); author death year from Wikidata (Q9711); PD via life+70 rule (death year 1850 + 71 <= 2026), independent of publication year"
la-rebelion-de-las-masas__jose-ortega-y-gasset__1929,La rebelión de las masas,José Ortega y Gasset,1955,false,1929,openlibrary,https://openlibrary.org/works/OL504349W,en,"merged from 1 source rows (openlibrary); author death year from Wikidata (Q153020); PD via life+70 rule (death year 1955 + 71 <= 2026), independent of publication year"
la-science-et-l-hypothese__henri-poincare__1900,La science et l'hypothèse,Henri Poincaré,1912,false,1900,openlibrary,https://openlibrary.org/works/OL708894W,en,"merged from 1 source rows (openlibrary); author death year from Wikidata (Q81082); PD via life+70 rule (death year 1912 + 71 <= 2026), independent of publication year"
la-terre__emile-zola__1887,La terre,Émile Zola,1902,false,1887,openlibrary,https://openlibrary.org/works/OL118933W,en,"merged from 1 source rows (openlibrary); author death year from Wikidata (Q504); PD via life+70 rule (death year 1902 + 71 <= 2026), independent of publication year"
la-traviata__giuseppe-verdi__unk,La traviata,Giuseppe Verdi,1901,false,,openlibrary,https://openlibrary.org/works/OL1304354W,en,"merged from 1 source rows (openlibrary); author death year from Wikidata (Q7317); PD via life+70 rule (death year 1901 + 71 <= 2026), independent of publication year; publication year (1800) discarded post-merge as implausible (more than 100 years before death (1901), implausible for a single lifetime); needs manual research"
la-tulipe-noire__dumas-alexandre__1800,La tulipe noire,"Dumas, Alexandre",,false,1800,openlibrary,https://openlibrary.org/works/OL36854W,en,merged from 1 source rows (openlibrary); pd_basis=pub_year<=1930
la-vagabonde__colette__1910,La vagabonde,Colette,1954,false,1910,openlibrary,https://openlibrary.org/works/OL1184870W,en,"merged from 1 source rows (openlibrary); author death year from Wikidata (Q218679); PD via life+70 rule (death year 1954 + 71 <= 2026), independent of publication year"
la-valeur-de-la-science__henri-poincare__1905,La valeur de la science,Henri Poincaré,1912,false,1905,openlibrary,https://openlibrary.org/works/OL708887W,en,"merged from 1 source rows (openlibrary); author death year from Wikidata (Q81082); PD via life+70 rule (death year 1912 + 71 <= 2026), independent of publication year"
la-velada-en-benicarlo__manuel-azana__1939,La velada en Benicarló,Manuel Azaña,1940,false,1939,openlibrary,https://openlibrary.org/works/OL1430242W,en,"merged from 1 source rows (openlibrary); author death year from Wikidata (Q203708); PD via life+70 rule (death year 1940 + 71 <= 2026), independent of publication year"
la-vie-des-abeilles__maurice-maeterlinck__1900,La vie des abeilles,Maurice Maeterlinck,1949,false,1900,openlibrary,https://openlibrary.org/works/OL734341W,en,"merged from 1 source rows (openlibrary); author death year from Wikidata (Q49747); PD via life+70 rule (death year 1949 + 71 <= 2026), independent of publication year"
la-vita-di-cola-di-rienzo__gabriele-d-annunzio__unk,La vita di Cola di Rienzo,Gabriele D'Annunzio,1938,false,,openlibrary,https://openlibrary.org/works/OL576131W,en,"merged from 1 source rows (openlibrary); author death year from Wikidata (Q193236); PD via life+70 rule (death year 1938 + 71 <= 2026), independent of publication year; publication year (1828) discarded post-merge as implausible (more than 100 years before death (1938), implausible for a single lifetime); needs manual research"
labor-and-freedom__eugene-v-debs__1916,Labor and freedom,Eugene V. Debs,1926,false,1916,openlibrary,https://openlibrary.org/works/OL3591922W,en,"merged from 1 source rows (openlibrary); author death year from Wikidata (Q334993); PD via life+70 rule (death year 1926 + 71 <= 2026), independent of publication year"
lachende-wahrheiten__carl-spitteler__unk,Lachende Wahrheiten,Carl Spitteler,1924,false,,openlibrary,https://openlibrary.org/works/OL36053304W,en,"merged from 1 source rows (openlibrary); author death year from Wikidata (Q226525); PD via life+70 rule (death year 1924 + 71 <= 2026), independent of publication year; publication year (2012) discarded as implausible (>50 years after author's death, likely a modern reprint/collected edition indexed by Open Library as 'first publish year'); needs manual research"
lady-audley-s-secret__braddon-m-e-mary-elizabeth__1862,Lady Audley's Secret,"Braddon, M. E. (Mary Elizabeth)",1915,false,1862,gutenberg,https://www.gutenberg.org/ebooks/8954,en,merged from 1 source rows (gutenberg); publication year via Open Library (earliest edition found; not independently verified)
lady-chatterley-s-lover__d-h-lawrence__1900,Lady Chatterley's Lover,D. H. Lawrence,1930,false,1900,openlibrary,https://openlibrary.org/works/OL81180W,en,"merged from 1 source rows (openlibrary); author death year from Wikidata (Q34970); PD via life+70 rule (death year 1930 + 71 <= 2026), independent of publication year"
lady-chatterley-s-lover__lawrence-d-h__1900,Lady Chatterley's Lover,"Lawrence, D. H.",,false,1900,openlibrary,https://openlibrary.org/works/OL81180W,en,merged from 1 source rows (openlibrary); pd_basis=pub_year<=1930
lady-susan__austen-jane__1925,Lady Susan,"Austen, Jane",,false,1925,openlibrary,https://openlibrary.org/works/OL66614W,en,merged from 1 source rows (openlibrary); pd_basis=pub_year<=1930
lalka__bolesaw-prus__1890,Lalka,Bolesław Prus,1912,false,1890,openlibrary,https://openlibrary.org/works/OL2852373W,en,"merged from 1 source rows (openlibrary); author death year from Wikidata (Q144439); PD via life+70 rule (death year 1912 + 71 <= 2026), independent of publication year"
lange-rejse__johannes-v-jensen__1922,Lange rejse,Johannes V. Jensen,1950,false,1922,openlibrary,https://openlibrary.org/works/OL1132510W,en,"merged from 1 source rows (openlibrary); author death year from Wikidata (Q159552); PD via life+70 rule (death year 1950 + 71 <= 2026), independent of publication year"
last-and-first-men__olaf-stapledon__1930,Last and First Men,Olaf Stapledon,1950,false,1930,openlibrary,https://openlibrary.org/works/OL3290731W,en,"merged from 1 source rows (openlibrary); author death year from Wikidata (Q337373); PD via life+70 rule (death year 1950 + 71 <= 2026), independent of publication year"
laugh-and-live__douglas-fairbanks__1917,Laugh and Live,Douglas Fairbanks,1939,false,1917,openlibrary,https://openlibrary.org/works/OL24438898W,en,"merged from 1 source rows (openlibrary); author death year from Wikidata (Q104127); PD via life+70 rule (death year 1939 + 71 <= 2026), independent of publication year"
law__frederic-bastiat__1849,Law,Frédéric Bastiat,1850,false,1849,openlibrary,https://openlibrary.org/works/OL39680643W,en,"merged from 1 source rows (openlibrary); author death year from Wikidata (Q13515); PD via life+70 rule (death year 1850 + 71 <= 2026), independent of publication year"
lays-of-ancient-rome__thomas-babington-macaulay-1st-baron-macaulay__1800,Lays of ancient Rome,"Thomas Babington Macaulay, 1st Baron Macaulay",1859,false,1800,openlibrary,https://openlibrary.org/works/OL1237959W,en,"merged from 1 source rows (openlibrary); author death year from Wikidata (Q315989); PD via life+70 rule (death year 1859 + 71 <= 2026), independent of publication year"
le-avventure-di-pinocchio__carlo-collodi__1883,Le avventure di Pinocchio,Carlo Collodi,1890,false,1883,openlibrary,https://openlibrary.org/works/OL1527356W,en,"merged from 1 source rows (openlibrary); author death year from Wikidata (Q199588); PD via life+70 rule (death year 1890 + 71 <= 2026), independent of publication year"
le-avventure-di-pinocchio__collodi-carlo__1883,Le avventure di Pinocchio,"Collodi, Carlo",,false,1883,openlibrary,https://openlibrary.org/works/OL1527356W,en,merged from 1 source rows (openlibrary); pd_basis=pub_year<=1930
le-ble-en-herbe__colette__1923,Le blé en herbe,Colette,1954,false,1923,openlibrary,https://openlibrary.org/works/OL1184869W,en,"merged from 1 source rows (openlibrary); author death year from Wikidata (Q218679); PD via life+70 rule (death year 1954 + 71 <= 2026), independent of publication year"
le-calvaire__octave-mirbeau__1887,Le calvaire,Octave Mirbeau,1917,false,1887,openlibrary,https://openlibrary.org/works/OL2441349W,en,"merged from 1 source rows (openlibrary); author death year from Wikidata (Q23441); PD via life+70 rule (death year 1917 + 71 <= 2026), independent of publication year"
le-chevalier-des-touches__jules-amedee-barbey-d-aurevilly__1860,Le chevalier Des Touches,Jules Amédée Barbey d'Aurevilly,1889,false,1860,openlibrary,https://openlibrary.org/works/OL3051795W,en,"merged from 1 source rows (openlibrary); author death year from Wikidata (Q314963); PD via life+70 rule (death year 1889 + 71 <= 2026), independent of publication year"
le-crime-de-sylvestre-bonnard-membre-de-l-institut__anatole-france__1882,"Le crime de Sylvestre Bonnard, membre de l'Institut",Anatole France,1924,false,1882,openlibrary,https://openlibrary.org/works/OL989046W,en,"merged from 1 source rows (openlibrary); author death year from Wikidata (Q42443); PD via life+70 rule (death year 1924 + 71 <= 2026), independent of publication year"
le-cote-de-guermantes__marcel-proust__1920,Le Côté de Guermantes,Marcel Proust,1922,false,1920,openlibrary,https://openlibrary.org/works/OL27213717W,en,"merged from 1 source rows (openlibrary); author death year from Wikidata (Q7199); PD via life+70 rule (death year 1922 + 71 <= 2026), independent of publication year"
le-cote-de-guermantes__proust-marcel__1920,Le Côté de Guermantes,"Proust, Marcel",,false,1920,openlibrary,https://openlibrary.org/works/OL27213717W,en,merged from 1 source rows (openlibrary); pd_basis=pub_year<=1930
le-droit-a-la-paresse__paul-lafargue__1893,Le droit à la paresse,Paul Lafargue,1911,false,1893,openlibrary,https://openlibrary.org/works/OL528199W,en,"merged from 1 source rows (openlibrary); author death year from Wikidata (Q317152); PD via life+70 rule (death year 1911 + 71 <= 2026), independent of publication year"
le-fantome-de-l-opera__gaston-leroux__1911,Le fantôme de l'opéra,Gaston Leroux,1927,false,1911,openlibrary,https://openlibrary.org/works/OL1833989W,en,"merged from 1 source rows (openlibrary); author death year from Wikidata (Q298827); PD via life+70 rule (death year 1927 + 71 <= 2026), independent of publication year"
le-grand-meaulnes__alain-fournier__1913,Le grand Meaulnes,Alain-Fournier,1914,false,1913,openlibrary,https://openlibrary.org/works/OL2227893W,en,"merged from 1 source rows (openlibrary); author death year from Wikidata (Q298394); PD via life+70 rule (death year 1914 + 71 <= 2026), independent of publication year"
le-jardin-des-supplices__octave-mirbeau__1899,Le jardin des supplices,Octave Mirbeau,1917,false,1899,openlibrary,https://openlibrary.org/works/OL2441305W,en,"merged from 1 source rows (openlibrary); author death year from Wikidata (Q23441); PD via life+70 rule (death year 1917 + 71 <= 2026), independent of publication year"
le-journal-d-une-femme-de-chambre__octave-mirbeau__1900,Le journal d'une femme de chambre,Octave Mirbeau,1917,false,1900,openlibrary,https://openlibrary.org/works/OL848885W,en,"merged from 1 source rows (openlibrary); author death year from Wikidata (Q23441); PD via life+70 rule (death year 1917 + 71 <= 2026), independent of publication year"
le-livre-des-mediums__allan-kardec__1861,Le livre des médiums,Allan Kardec,1869,false,1861,openlibrary,https://openlibrary.org/works/OL4238658W,en,"merged from 1 source rows (openlibrary); author death year from Wikidata (Q240643); PD via life+70 rule (death year 1869 + 71 <= 2026), independent of publication year"
le-milieu-divin__pierre-teilhard-de-chardin__1957,Le milieu divin,Pierre Teilhard de Chardin,1955,false,1957,openlibrary,https://openlibrary.org/works/OL459281W,en,"merged from 1 source rows (openlibrary); author death year from Wikidata (Q189564); PD via life+70 rule (death year 1955 + 71 <= 2026), independent of publication year"
le-morte-d-arthur__malory-thomas__1557,Le Morte d'Arthur,"Malory, Thomas",,false,1557,openlibrary,https://openlibrary.org/works/OL15450151W,en,merged from 1 source rows (openlibrary); pd_basis=pub_year<=1930
le-morte-d-arthur-volume-1__malory-thomas-sir__unk,Le Morte d'Arthur: Volume 1,"Malory, Thomas, Sir",1471,false,,gutenberg,https://www.gutenberg.org/ebooks/1251,en,"merged from 1 source rows (gutenberg); Open Library match discarded: returned 1916, which is more than 5 years after author's death (1471) -- likely an indexed reprint rather than the original edition; needs manual research"
le-mystere-de-la-chambre-jaune__gaston-leroux__1908,Le Mystère de la Chambre Jaune,Gaston Leroux,1927,false,1908,openlibrary,https://openlibrary.org/works/OL1833873W,en,"merged from 1 source rows (openlibrary); author death year from Wikidata (Q298827); PD via life+70 rule (death year 1927 + 71 <= 2026), independent of publication year"
le-parfum-de-la-dame-en-noir__gaston-leroux__1908,Le parfum de la dame en noir,Gaston Leroux,1927,false,1908,openlibrary,https://openlibrary.org/works/OL1833900W,en,"merged from 1 source rows (openlibrary); author death year from Wikidata (Q298827); PD via life+70 rule (death year 1927 + 71 <= 2026), independent of publication year"
le-petit-prince__antoine-de-saint-exupery__1943,Le petit prince,Antoine de Saint-Exupéry,1944,false,1943,openlibrary,https://openlibrary.org/works/OL10263W,en,"merged from 1 source rows (openlibrary); author death year from Wikidata (Q2908); PD via life+70 rule (death year 1944 + 71 <= 2026), independent of publication year"
le-rire-essai-sur-la-signification-du-comique__george-meredith__1901,Le rire; essai sur la signification du comique,George Meredith,1909,false,1901,openlibrary,https://openlibrary.org/works/OL76650W,en,"merged from 1 source rows (openlibrary); author death year from Wikidata (Q90238); PD via life+70 rule (death year 1909 + 71 <= 2026), independent of publication year"
le-rire-essai-sur-la-signification-du-comique__henri-bergson__1901,Le rire; essai sur la signification du comique,Henri Bergson,1941,false,1901,openlibrary,https://openlibrary.org/works/OL76650W,en,"merged from 1 source rows (openlibrary); author death year from Wikidata (Q42156); PD via life+70 rule (death year 1941 + 71 <= 2026), independent of publication year"
le-roi-de-beotie__max-jacob__1921,Le roi de Béotie,Max Jacob,1944,false,1921,openlibrary,https://openlibrary.org/works/OL523058W,en,"merged from 1 source rows (openlibrary); author death year from Wikidata (Q156214); PD via life+70 rule (death year 1944 + 71 <= 2026), independent of publication year"
le-roman-de-la-momie__theophile-gautier__1859,Le roman de la momie,Théophile Gautier,1872,false,1859,openlibrary,https://openlibrary.org/works/OL10070W,en,"merged from 1 source rows (openlibrary); author death year from Wikidata (Q183713); PD via life+70 rule (death year 1872 + 71 <= 2026), independent of publication year"
le-roman-du-masque-de-fer__dumas-alexandre__1600,Le roman du masque de fer,"Dumas, Alexandre",,false,1600,openlibrary,https://openlibrary.org/works/OL36371W,en,merged from 1 source rows (openlibrary); pd_basis=pub_year<=1930
le-rouge-et-le-noir__stendhal__1830,Le rouge et le noir,Stendhal,,false,1830,openlibrary,https://openlibrary.org/works/OL733640W,en,merged from 1 source rows (openlibrary); pd_basis=pub_year<=1930
le-soulier-de-satin__paul-claudel__1900,Le soulier de satin,Paul Claudel,1955,false,1900,openlibrary,https://openlibrary.org/works/OL1099166W,en,"merged from 1 source rows (openlibrary); author death year from Wikidata (Q295830); PD via life+70 rule (death year 1955 + 71 <= 2026), independent of publication year"
le-tour-du-monde-en-quatre-vingts-jours__jules-verne__1872,Le Tour du Monde en Quatre-Vingts Jours,Jules Verne,1905,false,1872,openlibrary,https://openlibrary.org/works/OL1100007W,en,"merged from 1 source rows (openlibrary); author death year from Wikidata (Q33977); PD via life+70 rule (death year 1905 + 71 <= 2026), independent of publication year"
le-tour-du-monde-en-quatre-vingts-jours__verne-jules__1872,Le Tour du Monde en Quatre-Vingts Jours,"Verne, Jules",,false,1872,openlibrary,https://openlibrary.org/works/OL1100007W,en,merged from 1 source rows (openlibrary); pd_basis=pub_year<=1930
le-vicomte-de-bragelonne-ou-dix-ans-plus-tard__dumas-alexandre__1848,"Le vicomte de Bragelonne, ou, dix ans plus tard","Dumas, Alexandre",,false,1848,openlibrary,https://openlibrary.org/works/OL36738W,en,merged from 1 source rows (openlibrary); pd_basis=pub_year<=1930
leaves-of-grass__alfred-tennyson__1855,Leaves of Grass,Alfred Tennyson,1892,false,1855,openlibrary,https://openlibrary.org/works/OL16333W,en,"merged from 1 source rows (openlibrary); author death year from Wikidata (Q173869); PD via life+70 rule (death year 1892 + 71 <= 2026), independent of publication year"
leaves-of-grass__walt-whitman__1855,Leaves of Grass,Walt Whitman,1892,false,1855,openlibrary,https://openlibrary.org/works/OL16333W,en,"merged from 1 source rows (openlibrary); author death year from Wikidata (Q81438); PD via life+70 rule (death year 1892 + 71 <= 2026), independent of publication year"
leaves-of-grass__whitman-walt__1855,Leaves of Grass,"Whitman, Walt",,false,1855,openlibrary,https://openlibrary.org/works/OL16333W,en,merged from 1 source rows (openlibrary); pd_basis=pub_year<=1930
lectures-on-human-and-animal-psychology__wilhelm-wundt__1894,Lectures on human and animal psychology,Wilhelm Wundt,1920,false,1894,openlibrary,https://openlibrary.org/works/OL1536315W,en,"merged from 1 source rows (openlibrary); author death year from Wikidata (Q75814); PD via life+70 rule (death year 1920 + 71 <= 2026), independent of publication year"
lectures-on-the-french-revolution__john-dalberg-acton-1st-baron-acton__1910,Lectures on the French revolution,"John Dalberg-Acton, 1st Baron Acton",1902,false,1910,openlibrary,https://openlibrary.org/works/OL41902W,en,"merged from 1 source rows (openlibrary); author death year from Wikidata (Q311778); PD via life+70 rule (death year 1902 + 71 <= 2026), independent of publication year"
lectures-to-my-students__charles-spurgeon__1875,Lectures to my students,Charles Spurgeon,1892,false,1875,openlibrary,https://openlibrary.org/works/OL90229W,en,"merged from 1 source rows (openlibrary); author death year from Wikidata (Q278825); PD via life+70 rule (death year 1892 + 71 <= 2026), independent of publication year"
legends-tales-and-poems__gustavo-adolfo-becquer__unk,"Legends, Tales And Poems",Gustavo Adolfo Bécquer,1870,false,,openlibrary,https://openlibrary.org/works/OL227561W,en,"merged from 1 source rows (openlibrary); author death year from Wikidata (Q203715); PD via life+70 rule (death year 1870 + 71 <= 2026), independent of publication year; publication year (2004) discarded as implausible (>50 years after author's death, likely a modern reprint/collected edition indexed by Open Library as 'first publish year'); needs manual research"
lenin-on-the-woman-question__clara-zetkin__1920,Lenin on the Woman Question,Clara Zetkin,1933,false,1920,openlibrary,https://openlibrary.org/works/OL29144792W,en,"merged from 1 source rows (openlibrary); author death year from Wikidata (Q75823); PD via life+70 rule (death year 1933 + 71 <= 2026), independent of publication year"
lenin-through-the-eyes-of-lunacharsky__anatoly-lunacharsky__1980,Lenin through the eyes of Lunacharsky,Anatoly Lunacharsky,1933,false,1980,openlibrary,https://openlibrary.org/works/OL772297W,en,"merged from 1 source rows (openlibrary); author death year from Wikidata (Q18809); PD via life+70 rule (death year 1933 + 71 <= 2026), independent of publication year"
les-contes-drolatiques__honore-de-balzac__1855,Les contes drôlatiques,Honoré de Balzac,1850,false,1855,openlibrary,https://openlibrary.org/works/OL85056W,en,"merged from 1 source rows (openlibrary); author death year from Wikidata (Q9711); PD via life+70 rule (death year 1850 + 71 <= 2026), independent of publication year"
les-deracines__maurice-barres__1919,Les déracinés,Maurice Barrès,1923,false,1919,openlibrary,https://openlibrary.org/works/OL1138630W,en,"merged from 1 source rows (openlibrary); author death year from Wikidata (Q314957); PD via life+70 rule (death year 1923 + 71 <= 2026), independent of publication year"
les-diaboliques__jules-amedee-barbey-d-aurevilly__1874,Les diaboliques,Jules Amédée Barbey d'Aurevilly,1889,false,1874,openlibrary,https://openlibrary.org/works/OL3051796W,en,"merged from 1 source rows (openlibrary); author death year from Wikidata (Q314963); PD via life+70 rule (death year 1889 + 71 <= 2026), independent of publication year"
les-dieux-ont-soif__anatole-france__1900,Les Dieux Ont Soif,Anatole France,1924,false,1900,openlibrary,https://openlibrary.org/works/OL989065W,en,"merged from 1 source rows (openlibrary); author death year from Wikidata (Q42443); PD via life+70 rule (death year 1924 + 71 <= 2026), independent of publication year"
les-fleurs-du-mal__baudelaire-charles__1855,Les fleurs du mal,"Baudelaire, Charles",,false,1855,openlibrary,https://openlibrary.org/works/OL1158921W,en,merged from 1 source rows (openlibrary); pd_basis=pub_year<=1930
les-fleurs-du-mal__charles-baudelaire__1855,Les fleurs du mal,Charles Baudelaire,1867,false,1855,openlibrary,https://openlibrary.org/works/OL1158921W,en,"merged from 1 source rows (openlibrary); author death year from Wikidata (Q501); PD via life+70 rule (death year 1867 + 71 <= 2026), independent of publication year"
les-homosexuels-de-berlin__magnus-hirschfeld__1904,Les homosexuels de Berlin,Magnus Hirschfeld,1935,false,1904,openlibrary,https://openlibrary.org/works/OL3769820W,en,"merged from 1 source rows (openlibrary); author death year from Wikidata (Q57592); PD via life+70 rule (death year 1935 + 71 <= 2026), independent of publication year"
les-lettres-de-mon-moulin__alphonse-daudet__1869,Les lettres de mon moulin,Alphonse Daudet,1897,false,1869,openlibrary,https://openlibrary.org/works/OL942495W,en,"merged from 1 source rows (openlibrary); author death year from Wikidata (Q228546); PD via life+70 rule (death year 1897 + 71 <= 2026), independent of publication year"
les-lettres-de-mon-moulin__daudet-alphonse__1869,Les lettres de mon moulin,"Daudet, Alphonse",,false,1869,openlibrary,https://openlibrary.org/works/OL942495W,en,merged from 1 source rows (openlibrary); pd_basis=pub_year<=1930
les-miserables__hugo-victor__1862,Les Misérables,"Hugo, Victor",,false,1862,openlibrary,https://openlibrary.org/works/OL1063588W,en,merged from 1 source rows (openlibrary); pd_basis=pub_year<=1930
les-origines-de-la-france-contemporaine__hippolyte-taine__1885,Les origines de la France contemporaine,Hippolyte Taine,1893,false,1885,openlibrary,https://openlibrary.org/works/OL1205745W,en,"merged from 1 source rows (openlibrary); author death year from Wikidata (Q297726); PD via life+70 rule (death year 1893 + 71 <= 2026), independent of publication year"
les-sylphides__michel-fokine__1950,Les sylphides,Michel Fokine,1942,false,1950,openlibrary,https://openlibrary.org/works/OL22421084W,en,"merged from 1 source rows (openlibrary); author death year from Wikidata (Q314312); PD via life+70 rule (death year 1942 + 71 <= 2026), independent of publication year"
les-trois-mousquetaires__alexandre-dumas__1844,Les Trois Mousquetaires,Alexandre Dumas,1870,false,1844,openlibrary,https://openlibrary.org/works/OL36861W,en,"merged from 1 source rows (openlibrary); author death year from Wikidata (Q38337); PD via life+70 rule (death year 1870 + 71 <= 2026), independent of publication year"
les-trois-mousquetaires__dumas-alexandre__1844,Les Trois Mousquetaires,"Dumas, Alexandre",,false,1844,openlibrary,https://openlibrary.org/works/OL36861W,en,merged from 1 source rows (openlibrary); pd_basis=pub_year<=1930
let-yourself-be-led-by-the-immaculate__maximilian-kolbe__unk,Let Yourself Be Led by the Immaculate,Maximilian Kolbe,1941,false,,openlibrary,https://openlibrary.org/works/OL37925507W,en,"merged from 1 source rows (openlibrary); author death year from Wikidata (Q153850); PD via life+70 rule (death year 1941 + 71 <= 2026), independent of publication year; publication year (2013) discarded as implausible (>50 years after author's death, likely a modern reprint/collected edition indexed by Open Library as 'first publish year'); needs manual research"
lettere-dal-carcere__antonio-gramsci__1947,Lettere dal carcere,Antonio Gramsci,1937,false,1947,openlibrary,https://openlibrary.org/works/OL77382W,en,"merged from 1 source rows (openlibrary); author death year from Wikidata (Q83003); PD via life+70 rule (death year 1937 + 71 <= 2026), independent of publication year"
letters-of-a-self-made-diplomat-to-his-president__will-rogers__1926,Letters of a self-made diplomat to his President,Will Rogers,1935,false,1926,openlibrary,https://openlibrary.org/works/OL1928853W,en,"merged from 1 source rows (openlibrary); author death year from Wikidata (Q457840); PD via life+70 rule (death year 1935 + 71 <= 2026), independent of publication year"
letters-of-emily-dickinson__emily-dickinson__1894,Letters of Emily Dickinson,Emily Dickinson,1886,false,1894,openlibrary,https://openlibrary.org/works/OL51380W,en,"merged from 1 source rows (openlibrary); author death year from Wikidata (Q4441); PD via life+70 rule (death year 1886 + 71 <= 2026), independent of publication year"
letters-of-franz-liszt__franz-liszt__1803,Letters of Franz Liszt,Franz Liszt,1886,false,1803,openlibrary,https://openlibrary.org/works/OL2752052W,en,"merged from 1 source rows (openlibrary); author death year from Wikidata (Q41309); PD via life+70 rule (death year 1886 + 71 <= 2026), independent of publication year"
letters-to-a-young-poet__rainer-maria-rilke__unk,Letters to a young poet,Rainer Maria Rilke,1926,false,,openlibrary,https://openlibrary.org/works/OL3800761W,en,"merged from 1 source rows (openlibrary); author death year from Wikidata (Q76483); PD via life+70 rule (death year 1926 + 71 <= 2026), independent of publication year; publication year (1656) discarded post-merge as implausible (more than 100 years before death (1926), implausible for a single lifetime); needs manual research"
lettres-a-s-a-r-le-duc-regnant-de-saxe-coburg-et-gotha-sur-la-theorie-des-probabilites__adolphe-quetelet__1849,"Lettres à S.A.R. le duc régnant de Saxe-Coburg et Gotha, sur la théorie des probabilités",Adolphe Quetelet,1874,false,1849,openlibrary,https://openlibrary.org/works/OL1547155W,en,"merged from 1 source rows (openlibrary); author death year from Wikidata (Q20012); PD via life+70 rule (death year 1874 + 71 <= 2026), independent of publication year"
levsha__nikolai-leskov__1921,Levsha,Nikolai Leskov,1895,false,1921,openlibrary,https://openlibrary.org/works/OL824779W,en,"merged from 1 source rows (openlibrary); author death year from Wikidata (Q209004); PD via life+70 rule (death year 1895 + 71 <= 2026), independent of publication year"
life-and-letters-of-charles-darwin-volume-1__darwin-charles__unk,Life and Letters of Charles Darwin — Volume 1,"Darwin, Charles",1882,false,,gutenberg,https://www.gutenberg.org/ebooks/2087,en,"merged from 1 source rows (gutenberg); Open Library match discarded: returned 2007, which is more than 5 years after author's death (1882) -- likely an indexed reprint rather than the original edition; needs manual research"
life-and-times-of-frederick-douglass__frederick-douglass__1881,Life and times of Frederick Douglass,Frederick Douglass,1895,false,1881,openlibrary,https://openlibrary.org/works/OL69176W,en,"merged from 1 source rows (openlibrary); author death year from Wikidata (Q215562); PD via life+70 rule (death year 1895 + 71 <= 2026), independent of publication year"
life-in-the-argentine-republic-in-the-days-of-the-tyrants__domingo-faustino-sarmiento__unk,Life in the Argentine Republic in the Days of the Tyrants,Domingo Faustino Sarmiento,1888,false,,openlibrary,https://openlibrary.org/works/OL28524099W,en,"merged from 1 source rows (openlibrary); author death year from Wikidata (Q254041); PD via life+70 rule (death year 1888 + 71 <= 2026), independent of publication year; publication year (2016) discarded as implausible (>50 years after author's death, likely a modern reprint/collected edition indexed by Open Library as 'first publish year'); needs manual research"
life-of-chopin__franz-liszt__1800,Life of Chopin,Franz Liszt,1886,false,1800,openlibrary,https://openlibrary.org/works/OL15255484W,en,"merged from 1 source rows (openlibrary); author death year from Wikidata (Q41309); PD via life+70 rule (death year 1886 + 71 <= 2026), independent of publication year"
life-of-st-francis-of-assisi__sabatier-paul__1894,Life of St. Francis of Assisi,"Sabatier, Paul",1928,false,1894,gutenberg,https://www.gutenberg.org/ebooks/18787,en,merged from 1 source rows (gutenberg); publication year via Open Library (earliest edition found; not independently verified)
life-on-the-mississippi__twain-mark__1875,Life on the Mississippi,"Twain, Mark",1910,false,1875,gutenberg,https://www.gutenberg.org/ebooks/245,en,merged from 1 source rows (gutenberg); publication year via Open Library (earliest edition found; not independently verified)
life-time-in-poetry-and-photography__harriet-tubman__unk,life time in poetry and Photography,Harriet Tubman,1913,false,,openlibrary,https://openlibrary.org/works/OL38130596W,en,"merged from 1 source rows (openlibrary); author death year from Wikidata (Q102870); PD via life+70 rule (death year 1913 + 71 <= 2026), independent of publication year; publication year (2012) discarded as implausible (>50 years after author's death, likely a modern reprint/collected edition indexed by Open Library as 'first publish year'); needs manual research"
light__henri-barbusse__1919,Light,Henri Barbusse,1935,false,1919,openlibrary,https://openlibrary.org/works/OL29845061W,en,"merged from 1 source rows (openlibrary); author death year from Wikidata (Q18404); PD via life+70 rule (death year 1935 + 71 <= 2026), independent of publication year"
like-lions-like-lions__julian-tuwim__unk,Like Lions! Like Lions!,Julian Tuwim,1953,false,,openlibrary,https://openlibrary.org/works/OL38363681W,en,"merged from 1 source rows (openlibrary); author death year from Wikidata (Q376278); PD via life+70 rule (death year 1953 + 71 <= 2026), independent of publication year; publication year (2023) discarded as implausible (>50 years after author's death, likely a modern reprint/collected edition indexed by Open Library as 'first publish year'); needs manual research"
liliom-egy-csirkefogo-elete-es-halala__ferenc-molnar__1909,"Liliom, egy csirkefogó élete és halála",Ferenc Molnár,1952,false,1909,openlibrary,https://openlibrary.org/works/OL15476025W,en,"merged from 1 source rows (openlibrary); author death year from Wikidata (Q296809); PD via life+70 rule (death year 1952 + 71 <= 2026), independent of publication year"
lilith__macdonald-george__1895,Lilith,"MacDonald, George",,false,1895,openlibrary,https://openlibrary.org/works/OL15437W,en,merged from 1 source rows (openlibrary); pd_basis=pub_year<=1930
lineage-life-and-labors-of-jose-rizal-philippine-patriot__craig-austin__1913,"Lineage, Life and Labors of José Rizal, Philippine Patriot","Craig, Austin",1949,false,1913,gutenberg,https://www.gutenberg.org/ebooks/6867,en,merged from 1 source rows (gutenberg); publication year via Open Library (earliest edition found; not independently verified)
linnet-a-romance__allen-grant__unk,Linnet: A Romance,"Allen, Grant",1899,false,,gutenberg,https://www.gutenberg.org/ebooks/48296,en,"merged from 1 source rows (gutenberg); Open Library match discarded: returned 2015, which is more than 5 years after author's death (1899) -- likely an indexed reprint rather than the original edition; needs manual research"
little-dorrit__dickens-charles__1800,Little Dorrit,"Dickens, Charles",,false,1800,openlibrary,https://openlibrary.org/works/OL14869215W,en,merged from 1 source rows (openlibrary); pd_basis=pub_year<=1930
little-lord-fauntleroy__burnett-frances-hodgson__1886,Little Lord Fauntleroy,"Burnett, Frances Hodgson",,false,1886,openlibrary,https://openlibrary.org/works/OL69625W,en,merged from 1 source rows (openlibrary); pd_basis=pub_year<=1930
little-men__alcott-louisa-may__1885,Little men,"Alcott, Louisa May",,false,1885,openlibrary,https://openlibrary.org/works/OL17761452W,en,merged from 1 source rows (openlibrary); pd_basis=pub_year<=1930
little-women__alcott-louisa-may__1848,Little Women,"Alcott, Louisa May",,false,1848,openlibrary,https://openlibrary.org/works/OL29983W,en,merged from 1 source rows (openlibrary); pd_basis=pub_year<=1930
little-women__louisa-may-alcott__1848,Little Women,Louisa May Alcott,1888,false,1848,openlibrary,https://openlibrary.org/works/OL29983W,en,"merged from 1 source rows (openlibrary); author death year from Wikidata (Q185696); PD via life+70 rule (death year 1888 + 71 <= 2026), independent of publication year"
little-women-or-meg-jo-beth-and-amy__alcott-louisa-may__1869,"Little Women; Or, Meg, Jo, Beth, and Amy","Alcott, Louisa May",1888,false,1869,gutenberg,https://www.gutenberg.org/ebooks/37106,en,merged from 1 source rows (gutenberg); publication year via Open Library (earliest edition found; not independently verified)
lives__plutarch__1564,Lives,Plutarch,,false,1564,openlibrary,https://openlibrary.org/works/OL2521179W,en,merged from 1 source rows (openlibrary); pd_basis=pub_year<=1930
lives-of-fair-and-gallant-ladies-vol-1__brantome-pierre-de-bourdeille__unk,Lives of Fair and Gallant Ladies. Vol 1,"Brantôme, Pierre de Bourdeille",1614,false,,gutenberg,https://www.gutenberg.org/ebooks/67025,en,merged from 1 source rows (gutenberg); publication year not found via Open Library; needs manual research
lives-of-the-engineers__samuel-smiles__1861,Lives of the engineers,Samuel Smiles,1904,false,1861,openlibrary,https://openlibrary.org/works/OL2321833W,en,"merged from 1 source rows (openlibrary); author death year from Wikidata (Q1195422); PD via life+70 rule (death year 1904 + 71 <= 2026), independent of publication year"
lives-of-the-most-eminent-painters-sculptors-and-architects-vol-01-of-10-cimabue-to-agnolo-gaddi__vasari-giorgio__unk,"Lives of the Most Eminent Painters Sculptors and Architects, Vol. 01 (of 10): Cimabue to Agnolo Gaddi","Vasari, Giorgio",1574,false,,gutenberg,https://www.gutenberg.org/ebooks/25326,en,merged from 1 source rows (gutenberg); publication year not found via Open Library; needs manual research
living-my-life__emma-goldman__1931,Living my Life,Emma Goldman,1940,false,1931,openlibrary,https://openlibrary.org/works/OL2983647W,en,"merged from 1 source rows (openlibrary); author death year from Wikidata (Q79969); PD via life+70 rule (death year 1940 + 71 <= 2026), independent of publication year"
livro-de-notas__fernando-pessoa__unk,Livro de Notas,Fernando Pessoa,1935,false,,openlibrary,https://openlibrary.org/works/OL40140637W,en,"merged from 1 source rows (openlibrary); author death year from Wikidata (Q173481); PD via life+70 rule (death year 1935 + 71 <= 2026), independent of publication year; publication year (2015) discarded as implausible (>50 years after author's death, likely a modern reprint/collected edition indexed by Open Library as 'first publish year'); needs manual research"
livro-do-desassossego__fernando-pessoa__1982,Livro do Desassossego,Fernando Pessoa,1935,false,1982,openlibrary,https://openlibrary.org/works/OL847061W,en,"merged from 1 source rows (openlibrary); author death year from Wikidata (Q173481); PD via life+70 rule (death year 1935 + 71 <= 2026), independent of publication year"
locomotive-the-turnip-the-birds-broadcast__julian-tuwim__1939,"Locomotive, The turnip, The birds' broadcast",Julian Tuwim,1953,false,1939,openlibrary,https://openlibrary.org/works/OL3390465W,en,"merged from 1 source rows (openlibrary); author death year from Wikidata (Q376278); PD via life+70 rule (death year 1953 + 71 <= 2026), independent of publication year"
lone-star-planet__piper-h-beam__1961,Lone Star Planet,"Piper, H. Beam",1964,false,1961,gutenberg,https://www.gutenberg.org/ebooks/20121,en,"merged from 1 source rows (gutenberg); publication year via Open Library (earliest edition found; not independently verified); 1 additional co-author(s) not recorded, primary author only"
look-homeward-angel__thomas-wolfe__1929,"Look Homeward, Angel",Thomas Wolfe,1938,false,1929,openlibrary,https://openlibrary.org/works/OL276141W,en,"merged from 1 source rows (openlibrary); author death year from Wikidata (Q314256); PD via life+70 rule (death year 1938 + 71 <= 2026), independent of publication year"
lord-jim__conrad-joseph__1900,Lord Jim,"Conrad, Joseph",,false,1900,openlibrary,https://openlibrary.org/works/OL38684W,en,merged from 1 source rows (openlibrary); pd_basis=pub_year<=1930
lord-jim__joseph-conrad__1900,Lord Jim,Joseph Conrad,1924,false,1900,openlibrary,https://openlibrary.org/works/OL38684W,en,"merged from 1 source rows (openlibrary); author death year from Wikidata (Q82925); PD via life+70 rule (death year 1924 + 71 <= 2026), independent of publication year"
lord-randolph-churchill__archibald-primrose-5th-earl-of-rosebery__1905,Lord Randolph Churchill,"Archibald Primrose, 5th Earl of Rosebery",1929,false,1905,openlibrary,https://openlibrary.org/works/OL117446W,en,"merged from 1 source rows (openlibrary); author death year from Wikidata (Q244620); PD via life+70 rule (death year 1929 + 71 <= 2026), independent of publication year"
lorenzaccio__alfred-de-musset__unk,Lorenzaccio,Alfred de Musset,1857,false,,openlibrary,https://openlibrary.org/works/OL1340965W,en,"merged from 1 source rows (openlibrary); author death year from Wikidata (Q179680); PD via life+70 rule (death year 1857 + 71 <= 2026), independent of publication year; publication year (1926) discarded as implausible (>50 years after author's death, likely a modern reprint/collected edition indexed by Open Library as 'first publish year'); needs manual research"
lorna-doone__blackmore-r-d__1656,Lorna Doone,"Blackmore, R. D.",,false,1656,openlibrary,https://openlibrary.org/works/OL3686133W,en,merged from 1 source rows (openlibrary); pd_basis=pub_year<=1930
lorna-doone-a-romance-of-exmoor__blackmore-r-d-richard-doddridge__1855,Lorna Doone: A Romance of Exmoor,"Blackmore, R. D. (Richard Doddridge)",1900,false,1855,gutenberg,https://www.gutenberg.org/ebooks/17460,en,merged from 1 source rows (gutenberg); publication year via Open Library (earliest edition found; not independently verified)
los-intereses-creados__jacinto-benavente__1916,Los intereses creados,Jacinto Benavente,1954,false,1916,openlibrary,https://openlibrary.org/works/OL1523977W,en,"merged from 1 source rows (openlibrary); author death year from Wikidata (Q83184); PD via life+70 rule (death year 1954 + 71 <= 2026), independent of publication year"
los-malhechores-del-bien__jacinto-benavente__1912,Los malhechores del bien,Jacinto Benavente,1954,false,1912,openlibrary,https://openlibrary.org/works/OL1523975W,en,"merged from 1 source rows (openlibrary); author death year from Wikidata (Q83184); PD via life+70 rule (death year 1954 + 71 <= 2026), independent of publication year"
los-raros__ruben-dario__1896,Los raros,Rubén Darío,1916,false,1896,openlibrary,https://openlibrary.org/works/OL15239284W,en,"merged from 1 source rows (openlibrary); author death year from Wikidata (Q173767); PD via life+70 rule (death year 1916 + 71 <= 2026), independent of publication year"
love-and-freindship-sic__austen-jane__unk,Love and Freindship [sic],"Austen, Jane",1817,false,,gutenberg,https://www.gutenberg.org/ebooks/1212,en,"merged from 1 source rows (gutenberg); Open Library match discarded: returned 1978, which is more than 5 years after author's death (1817) -- likely an indexed reprint rather than the original edition; needs manual research"
love-and-life-an-old-story-in-eighteenth-century-costume__yonge-charlotte-m-charlotte-mary__unk,Love and Life: An Old Story in Eighteenth Century Costume,"Yonge, Charlotte M. (Charlotte Mary)",1901,false,,gutenberg,https://www.gutenberg.org/ebooks/5700,en,"merged from 1 source rows (gutenberg); Open Library match discarded: returned 2007, which is more than 5 years after author's death (1901) -- likely an indexed reprint rather than the original edition; needs manual research"
love-eternal__haggard-h-rider__1918,Love Eternal,"Haggard, H. Rider",,false,1918,openlibrary,https://openlibrary.org/works/OL17493W,en,merged from 1 source rows (openlibrary); pd_basis=pub_year<=1930
love-insurance__biggers-earl-derr__1914,Love Insurance,"Biggers, Earl Derr",,false,1914,openlibrary,https://openlibrary.org/works/OL6438822W,en,merged from 1 source rows (openlibrary); pd_basis=pub_year<=1930
love-s-labour-s-lost__shakespeare-william__1598,Love's Labour's Lost,"Shakespeare, William",1616,false,1598,gutenberg+openlibrary,https://www.gutenberg.org/ebooks/1510,en,"merged from 2 source rows (gutenberg+openlibrary); publication year via Open Library (earliest edition found; not independently verified); pd_basis=pub_year<=1930; publication year conflict across duplicate Open Library records (1598, 1891), blanked pending manual research"
love-at-arms-b-being-a-narrative-excerpted-from-the-chronicles-of-urbino-during-the-dominion-of-the-high-and-mighty-messer-guidobaldo-da-montefeltro__sabatini-rafael__unk,"Love-at-arms : $b being a narrative excerpted from the chronicles of Urbino, during the dominion of the high and mighty Messer Guidobaldo da Montefeltro","Sabatini, Rafael",1950,false,,gutenberg,https://www.gutenberg.org/ebooks/3530,en,merged from 1 source rows (gutenberg); publication year not found via Open Library; needs manual research
lucky-per__henrik-pontoppidan__unk,Lucky Per,Henrik Pontoppidan,1943,false,,openlibrary,https://openlibrary.org/works/OL20149153W,en,"merged from 1 source rows (openlibrary); author death year from Wikidata (Q225554); PD via life+70 rule (death year 1943 + 71 <= 2026), independent of publication year; publication year (2010) discarded as implausible (>50 years after author's death, likely a modern reprint/collected edition indexed by Open Library as 'first publish year'); needs manual research"
ludendorff-s-own-story-august-1914-november-1918__erich-ludendorff__1972,"Ludendorff's Own Story, August 1914-November 1918",Erich Ludendorff,1937,false,1972,openlibrary,https://openlibrary.org/works/OL8608603W,en,"merged from 1 source rows (openlibrary); author death year from Wikidata (Q58579); PD via life+70 rule (death year 1937 + 71 <= 2026), independent of publication year"
lyrical-songs-idylls-and-epigrams__johan-ludvig-runeberg__unk,"Lyrical Songs, Idylls and Epigrams",Johan Ludvig Runeberg,1877,false,,openlibrary,https://openlibrary.org/works/OL37687365W,en,"merged from 1 source rows (openlibrary); author death year from Wikidata (Q215339); PD via life+70 rule (death year 1877 + 71 <= 2026), independent of publication year; publication year (2023) discarded as implausible (>50 years after author's death, likely a modern reprint/collected edition indexed by Open Library as 'first publish year'); needs manual research"
lysistrata__aristophanes__unk,Lysistrata,Aristophanes,-388,false,,gutenberg,https://www.gutenberg.org/ebooks/7700,en,"merged from 1 source rows (gutenberg); classical/ancient work (author died before 1400) -- original composition predates reliable publication-year records, not looked up automatically; needs manual research"
la-bas__joris-karl-huysmans__1890,Là-bas,Joris-Karl Huysmans,1907,false,1890,openlibrary,https://openlibrary.org/works/OL2239400W,en,"merged from 1 source rows (openlibrary); author death year from Wikidata (Q210798); PD via life+70 rule (death year 1907 + 71 <= 2026), independent of publication year"
ma-double-vie__sarah-bernhardt__1907,Ma double vie,Sarah Bernhardt,1923,false,1907,openlibrary,https://openlibrary.org/works/OL1504560W,en,"merged from 1 source rows (openlibrary); author death year from Wikidata (Q4605); PD via life+70 rule (death year 1923 + 71 <= 2026), independent of publication year"
macbeth__shakespeare-william__1508,Macbeth,"Shakespeare, William",,false,1508,openlibrary,https://openlibrary.org/works/OL258902W,en,merged from 1 source rows (openlibrary); pd_basis=pub_year<=1930
madame-bovary__flaubert-gustave__1856,Madame Bovary,"Flaubert, Gustave",,false,1856,openlibrary,https://openlibrary.org/works/OL893707W,en,merged from 1 source rows (openlibrary); pd_basis=pub_year<=1930
madame-bovary__gustave-flaubert__1856,Madame Bovary,Gustave Flaubert,1880,false,1856,openlibrary,https://openlibrary.org/works/OL893707W,en,"merged from 1 source rows (openlibrary); author death year from Wikidata (Q43444); PD via life+70 rule (death year 1880 + 71 <= 2026), independent of publication year"
madame-chrysantheme__pierre-loti__1888,Madame Chrysanthème,Pierre Loti,1923,false,1888,openlibrary,https://openlibrary.org/works/OL136611W,en,"merged from 1 source rows (openlibrary); author death year from Wikidata (Q311854); PD via life+70 rule (death year 1923 + 71 <= 2026), independent of publication year"
madame-flirt-a-romance-of-the-beggar-s-opera__pearce-charles-edward__unk,Madame Flirt: A Romance of 'The Beggar's Opera',"Pearce, Charles Edward",1924,false,,gutenberg,https://www.gutenberg.org/ebooks/18547,en,"merged from 1 source rows (gutenberg); Open Library match discarded: returned 2011, which is more than 5 years after author's death (1924) -- likely an indexed reprint rather than the original edition; needs manual research"
mademoiselle-de-maupin__theophile-gautier__1834,Mademoiselle de Maupin,Théophile Gautier,1872,false,1834,openlibrary,https://openlibrary.org/works/OL10071W,en,"merged from 1 source rows (openlibrary); author death year from Wikidata (Q183713); PD via life+70 rule (death year 1872 + 71 <= 2026), independent of publication year"
mademoiselle-de-maupin-volume-1-of-2__gautier-theophile__unk,"Mademoiselle de Maupin, Volume 1 (of 2)","Gautier, Théophile",1872,false,,gutenberg,https://www.gutenberg.org/ebooks/48893,en,merged from 1 source rows (gutenberg); publication year not found via Open Library; needs manual research
mademoiselle-fifi__guy-de-maupassant__1882,Mademoiselle Fifi,Guy de Maupassant,1893,false,1882,openlibrary,https://openlibrary.org/works/OL93833W,en,"merged from 1 source rows (openlibrary); author death year from Wikidata (Q9327); PD via life+70 rule (death year 1893 + 71 <= 2026), independent of publication year"
main-currents-in-american-thought-b-an-interpretation-of-american-literature-from-the-beginnings-to-1920__parrington-vernon-louis__unk,Main currents in American thought : $b An interpretation of American literature from the beginnings to 1920,"Parrington, Vernon Louis",1929,false,,gutenberg,https://www.gutenberg.org/ebooks/78025,en,merged from 1 source rows (gutenberg); publication year not found via Open Library; needs manual research
main-street__lewis-sinclair__1634,MAIN STREET,"Lewis, Sinclair",,false,1634,openlibrary,https://openlibrary.org/works/OL51117W,en,merged from 1 source rows (openlibrary); pd_basis=pub_year<=1930
main-street__sinclair-lewis__unk,MAIN STREET,Sinclair Lewis,1951,false,,openlibrary,https://openlibrary.org/works/OL51117W,en,"merged from 1 source rows (openlibrary); author death year from Wikidata (Q123469); PD via life+70 rule (death year 1951 + 71 <= 2026), independent of publication year; publication year (1634) discarded post-merge as implausible (more than 100 years before death (1951), implausible for a single lifetime); needs manual research"
making-life-worth-while__douglas-fairbanks__unk,Making Life Worth While,Douglas Fairbanks,1939,false,,openlibrary,https://openlibrary.org/works/OL25307347W,en,"merged from 1 source rows (openlibrary); author death year from Wikidata (Q104127); PD via life+70 rule (death year 1939 + 71 <= 2026), independent of publication year; publication year (2008) discarded as implausible (>50 years after author's death, likely a modern reprint/collected edition indexed by Open Library as 'first publish year'); needs manual research"
malerbriefe__wilhelm-ostwald__unk,Malerbriefe,Wilhelm Ostwald,1932,false,,openlibrary,https://openlibrary.org/works/OL28474746W,en,"merged from 1 source rows (openlibrary); author death year from Wikidata (Q12658); PD via life+70 rule (death year 1932 + 71 <= 2026), independent of publication year; publication year (2011) discarded as implausible (>50 years after author's death, likely a modern reprint/collected edition indexed by Open Library as 'first publish year'); needs manual research"
man-and-society-in-an-age-of-reconstruction__karl-mannheim__1940,Man and society in an age of reconstruction,Karl Mannheim,1947,false,1940,openlibrary,https://openlibrary.org/works/OL985814W,en,"merged from 1 source rows (openlibrary); author death year from Wikidata (Q76823); PD via life+70 rule (death year 1947 + 71 <= 2026), independent of publication year"
man-s-eternal-quest-and-other-talks__paramahansa-yogananda__1975,Man's eternal quest and other talks,Paramahansa Yogananda,1952,false,1975,openlibrary,https://openlibrary.org/works/OL528085W,en,"merged from 1 source rows (openlibrary); author death year from Wikidata (Q312549); PD via life+70 rule (death year 1952 + 71 <= 2026), independent of publication year"
manifest-der-kommunistischen-partei__friedrich-engels__1848,Manifest der Kommunistischen Partei,Friedrich Engels,1895,false,1848,openlibrary,https://openlibrary.org/works/OL629052W,en,"merged from 1 source rows (openlibrary); author death year from Wikidata (Q34787); PD via life+70 rule (death year 1895 + 71 <= 2026), independent of publication year"
manifest-der-kommunistischen-partei__karl-marx__1848,Manifest der Kommunistischen Partei,Karl Marx,1883,false,1848,openlibrary,https://openlibrary.org/works/OL629052W,en,"merged from 1 source rows (openlibrary); author death year from Wikidata (Q9061); PD via life+70 rule (death year 1883 + 71 <= 2026), independent of publication year"
manifest-der-kommunistischen-partei__marx-karl__1848,Manifest der Kommunistischen Partei,"Marx, Karl",,false,1848,openlibrary,https://openlibrary.org/works/OL629052W,en,merged from 1 source rows (openlibrary); pd_basis=pub_year<=1930
manon-lescaut__prevost-abbe__1734,Manon Lescaut,"Prévost, abbé",1763,false,1734,gutenberg+openlibrary,https://www.gutenberg.org/ebooks/468,en,merged from 2 source rows (gutenberg+openlibrary); publication year via Open Library (earliest edition found; not independently verified); pd_basis=pub_year<=1930
mansfield-park__austen-jane__1814,Mansfield Park,"Austen, Jane",,false,1814,openlibrary,https://openlibrary.org/works/OL66530W,en,merged from 1 source rows (openlibrary); pd_basis=pub_year<=1930
marble-faun__bret-harte__unk,Marble Faun,Bret Harte,1902,false,,openlibrary,https://openlibrary.org/works/OL26710556W,en,"merged from 1 source rows (openlibrary); author death year from Wikidata (Q301983); PD via life+70 rule (death year 1902 + 71 <= 2026), independent of publication year; publication year (2006) discarded as implausible (>50 years after author's death, likely a modern reprint/collected edition indexed by Open Library as 'first publish year'); needs manual research"
marble-faun__sherwood-anderson__unk,Marble Faun,Sherwood Anderson,1941,false,,openlibrary,https://openlibrary.org/works/OL26710556W,en,"merged from 1 source rows (openlibrary); author death year from Wikidata (Q233898); PD via life+70 rule (death year 1941 + 71 <= 2026), independent of publication year; publication year (2006) discarded as implausible (>50 years after author's death, likely a modern reprint/collected edition indexed by Open Library as 'first publish year'); needs manual research"
marble-faun-annotated__bret-harte__1892,Marble Faun Annotated,Bret Harte,1902,false,1892,openlibrary,https://openlibrary.org/works/OL25479797W,en,"merged from 1 source rows (openlibrary); author death year from Wikidata (Q301983); PD via life+70 rule (death year 1902 + 71 <= 2026), independent of publication year"
marble-faun-annotated__henry-wilson__1892,Marble Faun Annotated,Henry Wilson,1875,false,1892,openlibrary,https://openlibrary.org/works/OL25479797W,en,"merged from 1 source rows (openlibrary); author death year from Wikidata (Q313302); PD via life+70 rule (death year 1875 + 71 <= 2026), independent of publication year"
marble-faun-annotated__herman-melville__1892,Marble Faun Annotated,Herman Melville,1891,false,1892,openlibrary,https://openlibrary.org/works/OL25479797W,en,"merged from 1 source rows (openlibrary); author death year from Wikidata (Q4985); PD via life+70 rule (death year 1891 + 71 <= 2026), independent of publication year"
marble-faun-annotated__john-stuart-mill__1892,Marble Faun Annotated,John Stuart Mill,1873,false,1892,openlibrary,https://openlibrary.org/works/OL25479797W,en,"merged from 1 source rows (openlibrary); author death year from Wikidata (Q50020); PD via life+70 rule (death year 1873 + 71 <= 2026), independent of publication year"
marble-faun-annotated__sherwood-anderson__1892,Marble Faun Annotated,Sherwood Anderson,1941,false,1892,openlibrary,https://openlibrary.org/works/OL25479797W,en,"merged from 1 source rows (openlibrary); author death year from Wikidata (Q233898); PD via life+70 rule (death year 1941 + 71 <= 2026), independent of publication year"
margaret-ogilvy-and-others__j-m-barrie__1896,"Margaret Ogilvy, and others",J. M. Barrie,1937,false,1896,openlibrary,https://openlibrary.org/works/OL461995W,en,"merged from 1 source rows (openlibrary); author death year from Wikidata (Q81796); PD via life+70 rule (death year 1937 + 71 <= 2026), independent of publication year"
maria-mitchell__maria-mitchell__1896,Maria Mitchell,Maria Mitchell,1889,false,1896,openlibrary,https://openlibrary.org/works/OL2520677W,en,"merged from 1 source rows (openlibrary); author death year from Wikidata (Q239229); PD via life+70 rule (death year 1889 + 71 <= 2026), independent of publication year"
mariana__jose-echegaray__1890,Mariana,José Echegaray,1916,false,1890,openlibrary,https://openlibrary.org/works/OL10342656W,en,"merged from 1 source rows (openlibrary); author death year from Wikidata (Q127349); PD via life+70 rule (death year 1916 + 71 <= 2026), independent of publication year"
marianela__benito-perez-galdos__1883,Marianela,Benito Pérez Galdós,1920,false,1883,openlibrary,https://openlibrary.org/works/OL815453W,en,"merged from 1 source rows (openlibrary); author death year from Wikidata (Q189869); PD via life+70 rule (death year 1920 + 71 <= 2026), independent of publication year"
marina-tsvetaeva__marina-tsvetaeva__1980,Marina Tsvetaeva,Marina Tsvetaeva,1941,false,1980,openlibrary,https://openlibrary.org/works/OL7997306W,en,"merged from 1 source rows (openlibrary); author death year from Wikidata (Q188526); PD via life+70 rule (death year 1941 + 71 <= 2026), independent of publication year"
mark-twain-s-library-of-humor__mary-harris-jones__1888,Mark Twain's Library of Humor,Mary Harris Jones,1930,false,1888,openlibrary,https://openlibrary.org/works/OL54099W,en,"merged from 1 source rows (openlibrary); author death year from Wikidata (Q107082); PD via life+70 rule (death year 1930 + 71 <= 2026), independent of publication year"
markens-grde__knut-hamsun__1917,Markens grøde,Knut Hamsun,1952,false,1917,openlibrary,https://openlibrary.org/works/OL573191W,en,"merged from 1 source rows (openlibrary); author death year from Wikidata (Q40826); PD via life+70 rule (death year 1952 + 71 <= 2026), independent of publication year"
mars__percival-lowell__1895,Mars,Percival Lowell,1916,false,1895,openlibrary,https://openlibrary.org/works/OL4442244W,en,"merged from 1 source rows (openlibrary); author death year from Wikidata (Q218575); PD via life+70 rule (death year 1916 + 71 <= 2026), independent of publication year"
martin-chuzzlewit__dickens-charles__1800,Martin Chuzzlewit,"Dickens, Charles",,false,1800,openlibrary,https://openlibrary.org/works/OL14869242W,en,merged from 1 source rows (openlibrary); pd_basis=pub_year<=1930
martin-kacur__ivan-cankar__1906,Martin Kačur,Ivan Cankar,1918,false,1906,openlibrary,https://openlibrary.org/works/OL2363277W,en,"merged from 1 source rows (openlibrary); author death year from Wikidata (Q15809); PD via life+70 rule (death year 1918 + 71 <= 2026), independent of publication year"
maska-i-dusha__feodor-chaliapin__1932,Maska i dusha,Feodor Chaliapin,1938,false,1932,openlibrary,https://openlibrary.org/works/OL1278640W,en,"merged from 1 source rows (openlibrary); author death year from Wikidata (Q189164); PD via life+70 rule (death year 1938 + 71 <= 2026), independent of publication year"
matarka-the-futurist__filippo-tommaso-marinetti__1909,Matarka the Futurist,Filippo Tommaso Marinetti,1944,false,1909,openlibrary,https://openlibrary.org/works/OL691458W,en,"merged from 1 source rows (openlibrary); author death year from Wikidata (Q216582); PD via life+70 rule (death year 1944 + 71 <= 2026), independent of publication year"
materialismo-storico-ed-economia-marxistica__benedetto-croce__1914,Materialismo storico ed economia marxistica,Benedetto Croce,1952,false,1914,openlibrary,https://openlibrary.org/works/OL1107918W,en,"merged from 1 source rows (openlibrary); author death year from Wikidata (Q192348); PD via life+70 rule (death year 1952 + 71 <= 2026), independent of publication year"
mati-ere-et-me-moire__henri-bergson__1896,Mati ere et me moire,Henri Bergson,1941,false,1896,openlibrary,https://openlibrary.org/works/OL76658W,en,"merged from 1 source rows (openlibrary); author death year from Wikidata (Q42156); PD via life+70 rule (death year 1941 + 71 <= 2026), independent of publication year"
maurice-denis__maurice-denis__1981,Maurice Denis,Maurice Denis,1943,false,1981,openlibrary,https://openlibrary.org/works/OL18576688W,en,"merged from 1 source rows (openlibrary); author death year from Wikidata (Q440369); PD via life+70 rule (death year 1943 + 71 <= 2026), independent of publication year"
maurice-denis-1870-1943__maurice-denis__1964,Maurice Denis 1870-1943,Maurice Denis,1943,false,1964,openlibrary,https://openlibrary.org/works/OL1732878W,en,"merged from 1 source rows (openlibrary); author death year from Wikidata (Q440369); PD via life+70 rule (death year 1943 + 71 <= 2026), independent of publication year"
max-beckmann__max-beckmann__1931,Max Beckmann,Max Beckmann,1950,false,1931,openlibrary,https://openlibrary.org/works/OL612113W,en,"merged from 1 source rows (openlibrary); author death year from Wikidata (Q164683); PD via life+70 rule (death year 1950 + 71 <= 2026), independent of publication year"
max-havelaar__multatuli__1875,Max Havelaar,Multatuli,1887,false,1875,openlibrary,https://openlibrary.org/works/OL38786499W,en,"merged from 1 source rows (openlibrary); author death year from Wikidata (Q154211); PD via life+70 rule (death year 1887 + 71 <= 2026), independent of publication year"
max-havelaar-of-de-koffijveilingen-der-nederlansche-handelmaatschappij__multatuli__1868,Max Havelaar of de koffijveilingen der Nederlansche handelmaatschappij,Multatuli,1887,false,1868,openlibrary,https://openlibrary.org/works/OL658280W,en,"merged from 1 source rows (openlibrary); author death year from Wikidata (Q154211); PD via life+70 rule (death year 1887 + 71 <= 2026), independent of publication year"
max-jacob__max-jacob__1951,Max Jacob,Max Jacob,1944,false,1951,openlibrary,https://openlibrary.org/works/OL38627500W,en,"merged from 1 source rows (openlibrary); author death year from Wikidata (Q156214); PD via life+70 rule (death year 1944 + 71 <= 2026), independent of publication year"
max-und-moritz__wilhelm-busch__1865,Max und Moritz,Wilhelm Busch,1908,false,1865,openlibrary,https://openlibrary.org/works/OL805278W,en,"merged from 1 source rows (openlibrary); author death year from Wikidata (Q109540); PD via life+70 rule (death year 1908 + 71 <= 2026), independent of publication year"
mcteague__norris-frank__1899,McTeague,"Norris, Frank",,false,1899,openlibrary,https://openlibrary.org/works/OL1794911W,en,merged from 1 source rows (openlibrary); pd_basis=pub_year<=1930
measure-for-measure__shakespeare-william__1700,Measure for Measure,"Shakespeare, William",,false,1700,openlibrary,https://openlibrary.org/works/OL17534698W,en,merged from 1 source rows (openlibrary); pd_basis=pub_year<=1930
meditations__aurelius-marcus__1626,Meditations,"Aurelius, Marcus",,false,1626,openlibrary,https://openlibrary.org/works/OL1317211W,en,merged from 1 source rows (openlibrary); pd_basis=pub_year<=1930
meditations__marcus-aurelius-emperor-of-rome__unk,Meditations,"Marcus Aurelius, Emperor of Rome",180,false,,gutenberg,https://www.gutenberg.org/ebooks/2680,en,"merged from 1 source rows (gutenberg); classical/ancient work (author died before 1400) -- original composition predates reliable publication-year records, not looked up automatically; needs manual research"
meetings-with-remarkable-men__george-gurdjieff__1960,Meetings with remarkable men,George Gurdjieff,1949,false,1960,openlibrary,https://openlibrary.org/works/OL4096103W,en,"merged from 1 source rows (openlibrary); author death year from Wikidata (Q217771); PD via life+70 rule (death year 1949 + 71 <= 2026), independent of publication year"
mein-system__aaron-nimzovich__1925,Mein System,Aaron Nimzovich,1935,false,1925,openlibrary,https://openlibrary.org/works/OL4918566W,en,"merged from 1 source rows (openlibrary); author death year from Wikidata (Q295114); PD via life+70 rule (death year 1935 + 71 <= 2026), independent of publication year"
mein-weltbild__albert-einstein__1934,Mein Weltbild,Albert Einstein,1955,false,1934,openlibrary,https://openlibrary.org/works/OL1214254W,en,"merged from 1 source rows (openlibrary); author death year from Wikidata (Q937); PD via life+70 rule (death year 1955 + 71 <= 2026), independent of publication year"
meir-ezofovitch__eliza-orzeszkowa__unk,Meir Ezofovitch,Eliza Orzeszkowa,1910,false,,openlibrary,https://openlibrary.org/works/OL24376652W,en,"merged from 1 source rows (openlibrary); author death year from Wikidata (Q240174); PD via life+70 rule (death year 1910 + 71 <= 2026), independent of publication year; publication year (2015) discarded as implausible (>50 years after author's death, likely a modern reprint/collected edition indexed by Open Library as 'first publish year'); needs manual research"
meissonier__henri-barbusse__unk,Meissonier,Henri Barbusse,1935,false,,openlibrary,https://openlibrary.org/works/OL25938184W,en,"merged from 1 source rows (openlibrary); author death year from Wikidata (Q18404); PD via life+70 rule (death year 1935 + 71 <= 2026), independent of publication year; publication year (2018) discarded as implausible (>50 years after author's death, likely a modern reprint/collected edition indexed by Open Library as 'first publish year'); needs manual research"
memoirs-of-a-revolutionist__peter-kropotkin__1899,Memoirs of a Revolutionist,Peter Kropotkin,1921,false,1899,openlibrary,https://openlibrary.org/works/OL1105384W,en,"merged from 1 source rows (openlibrary); author death year from Wikidata (Q5752); PD via life+70 rule (death year 1921 + 71 <= 2026), independent of publication year"
memoirs-of-bertha-von-suttner__bertha-von-suttner__1910,Memoirs of Bertha Von Suttner,Bertha von Suttner,1914,false,1910,openlibrary,https://openlibrary.org/works/OL22245486W,en,"merged from 1 source rows (openlibrary); author death year from Wikidata (Q18456); PD via life+70 rule (death year 1914 + 71 <= 2026), independent of publication year"
memoirs-of-beranger__pierre-jean-de-beranger__1858,Memoirs of Béranger,Pierre-Jean de Béranger,1857,false,1858,openlibrary,https://openlibrary.org/works/OL2350041W,en,"merged from 1 source rows (openlibrary); author death year from Wikidata (Q324998); PD via life+70 rule (death year 1857 + 71 <= 2026), independent of publication year"
memoirs-of-fanny-hill__cleland-john__1749,Memoirs of Fanny Hill,"Cleland, John",,false,1749,openlibrary,https://openlibrary.org/works/OL848436W,en,merged from 1 source rows (openlibrary); pd_basis=pub_year<=1930
memoirs-of-gen-william-t-sherman__william-tecumseh-sherman__1875,Memoirs of Gen. William T. Sherman,William Tecumseh Sherman,1891,false,1875,openlibrary,https://openlibrary.org/works/OL78574W,en,"merged from 1 source rows (openlibrary); author death year from Wikidata (Q188936); PD via life+70 rule (death year 1891 + 71 <= 2026), independent of publication year"
memoirs-of-general-william-t-sherman-volume-1__william-tecumseh-sherman__1875,"Memoirs of General William T. Sherman, Volume 1",William Tecumseh Sherman,1891,false,1875,openlibrary,https://openlibrary.org/works/OL8659761W,en,"merged from 1 source rows (openlibrary); author death year from Wikidata (Q188936); PD via life+70 rule (death year 1891 + 71 <= 2026), independent of publication year"
memoirs-of-louis-xiv-and-his-court-and-of-the-regency-complete__saint-simon-louis-de-rouvroy-duc-de__unk,Memoirs of Louis XIV and His Court and of the Regency — Complete,"Saint-Simon, Louis de Rouvroy, duc de",1755,false,,gutenberg,https://www.gutenberg.org/ebooks/3875,en,"merged from 1 source rows (gutenberg); Open Library match discarded: returned 2016, which is more than 5 years after author's death (1755) -- likely an indexed reprint rather than the original edition; needs manual research"
memoirs-of-margaret-fuller-ossoli__margaret-fuller__1852,Memoirs of Margaret Fuller Ossoli,Margaret Fuller,1850,false,1852,openlibrary,https://openlibrary.org/works/OL76890W,en,"merged from 1 source rows (openlibrary); author death year from Wikidata (Q257953); PD via life+70 rule (death year 1850 + 71 <= 2026), independent of publication year"
memoirs-of-napoleon-bonaparte-complete__bourrienne-louis-antoine-fauvelet-de__unk,Memoirs of Napoleon Bonaparte — Complete,"Bourrienne, Louis Antoine Fauvelet de",1834,false,,gutenberg,https://www.gutenberg.org/ebooks/3567,en,"merged from 1 source rows (gutenberg); Open Library match discarded: returned 2012, which is more than 5 years after author's death (1834) -- likely an indexed reprint rather than the original edition; needs manual research"
memoirs-of-prince-metternich__klemens-von-metternich__1880,Memoirs of Prince Metternich,Klemens von Metternich,1859,false,1880,openlibrary,https://openlibrary.org/works/OL17700421W,en,"merged from 1 source rows (openlibrary); author death year from Wikidata (Q45662); PD via life+70 rule (death year 1859 + 71 <= 2026), independent of publication year"
memoirs-of-prince-metternich-volume-1__klemens-von-metternich__unk,"Memoirs of Prince Metternich, Volume 1",Klemens von Metternich,1859,false,,openlibrary,https://openlibrary.org/works/OL24396205W,en,"merged from 1 source rows (openlibrary); author death year from Wikidata (Q45662); PD via life+70 rule (death year 1859 + 71 <= 2026), independent of publication year; publication year (2015) discarded as implausible (>50 years after author's death, likely a modern reprint/collected edition indexed by Open Library as 'first publish year'); needs manual research"
memoirs-of-sherlock-holmes-11-stories__doyle-arthur-conan__1893,Memoirs of Sherlock Holmes [11 stories],"Doyle, Arthur Conan",,false,1893,openlibrary,https://openlibrary.org/works/OL262463W,en,merged from 1 source rows (openlibrary); pd_basis=pub_year<=1930
memoirs-of-the-author-of-a-vindication-of-the-rights-of-woman__godwin-william__1798,Memoirs of the Author of a Vindication of the Rights of Woman,"Godwin, William",1836,false,1798,gutenberg,https://www.gutenberg.org/ebooks/16199,en,merged from 1 source rows (gutenberg); publication year via Open Library (earliest edition found; not independently verified)
memoirs-of-the-court-of-marie-antoinette-queen-of-france-complete-being-the-historic-memoirs-of-madam-campan-first-lady-in-waiting-to-the-queen__campan-mme-jeanne-louise-henriette__unk,"Memoirs of the Court of Marie Antoinette, Queen of France, Complete: Being the Historic Memoirs of Madam Campan, First Lady in Waiting to the Queen","Campan, Mme. (Jeanne-Louise-Henriette)",1822,false,,gutenberg,https://www.gutenberg.org/ebooks/3891,en,merged from 1 source rows (gutenberg); publication year not found via Open Library; needs manual research
memorials-of-sir-c-j-f-bunbury-bart__charles-lyell__unk,"Memorials of Sir C. J. F. Bunbury, Bart",Charles Lyell,1875,false,,openlibrary,https://openlibrary.org/works/OL21471637W,en,"merged from 1 source rows (openlibrary); author death year from Wikidata (Q5333); PD via life+70 rule (death year 1875 + 71 <= 2026), independent of publication year; publication year (2011) discarded as implausible (>50 years after author's death, likely a modern reprint/collected edition indexed by Open Library as 'first publish year'); needs manual research"
memories-and-vagaries__axel-munthe__1930,Memories and Vagaries,Axel Munthe,1949,false,1930,openlibrary,https://openlibrary.org/works/OL20105177W,en,"merged from 1 source rows (openlibrary); author death year from Wikidata (Q41580); PD via life+70 rule (death year 1949 + 71 <= 2026), independent of publication year"
memories-of-lenin__nadezhda-krupskaya__unk,Memories of Lenin,Nadezhda Krupskaya,1939,false,,openlibrary,https://openlibrary.org/works/OL12503971W,en,"merged from 1 source rows (openlibrary); author death year from Wikidata (Q215637); PD via life+70 rule (death year 1939 + 71 <= 2026), independent of publication year; publication year not available from Open Library"
memorias-postumas-de-bras-cubas__machado-de-assis__1881,Memórias póstumas de Brás Cubas,Machado de Assis,1908,false,1881,openlibrary,https://openlibrary.org/works/OL1003017W,en,"merged from 1 source rows (openlibrary); author death year from Wikidata (Q311145); PD via life+70 rule (death year 1908 + 71 <= 2026), independent of publication year"
men-against-the-stars__robert-ley__1950,Men against the stars,Robert Ley,1945,false,1950,openlibrary,https://openlibrary.org/works/OL5101945W,en,"merged from 1 source rows (openlibrary); author death year from Wikidata (Q58645); PD via life+70 rule (death year 1945 + 71 <= 2026), independent of publication year"
men-of-invention-and-industry__samuel-smiles__1884,Men of Invention and Industry,Samuel Smiles,1904,false,1884,openlibrary,https://openlibrary.org/works/OL2321828W,en,"merged from 1 source rows (openlibrary); author death year from Wikidata (Q1195422); PD via life+70 rule (death year 1904 + 71 <= 2026), independent of publication year"
menschenerziehung__friedrich-frobel__1885,Menschenerziehung,Friedrich Fröbel,1852,false,1885,openlibrary,https://openlibrary.org/works/OL1771115W,en,"merged from 1 source rows (openlibrary); author death year from Wikidata (Q76679); PD via life+70 rule (death year 1852 + 71 <= 2026), independent of publication year"
mephisto__klaus-mann__1936,Mephisto,Klaus Mann,1949,false,1936,openlibrary,https://openlibrary.org/works/OL1316663W,en,"merged from 1 source rows (openlibrary); author death year from Wikidata (Q77087); PD via life+70 rule (death year 1949 + 71 <= 2026), independent of publication year"
message-of-the-teachings__hassan-al-banna__unk,Message of the teachings,Hassan al-Banna,1949,false,,openlibrary,https://openlibrary.org/works/OL10640497W,en,"merged from 1 source rows (openlibrary); author death year from Wikidata (Q230291); PD via life+70 rule (death year 1949 + 71 <= 2026), independent of publication year; publication year not available from Open Library"
metamorfosi__henry-wilson__unk,Metamorfosi,Henry Wilson,1875,false,,openlibrary,https://openlibrary.org/works/OL97727W,en,"merged from 1 source rows (openlibrary); author death year from Wikidata (Q313302); PD via life+70 rule (death year 1875 + 71 <= 2026), independent of publication year; publication year (1474) discarded post-merge as implausible (more than 100 years before death (1875), implausible for a single lifetime); needs manual research"
metamorfosi__robert-e-howard__unk,Metamorfosi,Robert E. Howard,1936,false,,openlibrary,https://openlibrary.org/works/OL97727W,en,"merged from 1 source rows (openlibrary); author death year from Wikidata (Q207640); PD via life+70 rule (death year 1936 + 71 <= 2026), independent of publication year; publication year (1474) discarded post-merge as implausible (more than 100 years before death (1936), implausible for a single lifetime); needs manual research"
metamorfosi__stefan-george__unk,Metamorfosi,Stefan George,1933,false,,openlibrary,https://openlibrary.org/works/OL97727W,en,"merged from 1 source rows (openlibrary); author death year from Wikidata (Q57187); PD via life+70 rule (death year 1933 + 71 <= 2026), independent of publication year; publication year (1474) discarded post-merge as implausible (more than 100 years before death (1933), implausible for a single lifetime); needs manual research"
metamorphoses__apuleius-lucius__1500,Metamorphoses,"Apuleius, Lucius",,false,1500,openlibrary,https://openlibrary.org/works/OL658250W,en,merged from 1 source rows (openlibrary); pd_basis=pub_year<=1930
metamorphosis__franz-kafka__1915,Metamorphosis,Franz Kafka,1924,false,1915,openlibrary,https://openlibrary.org/works/OL498556W,en,"merged from 1 source rows (openlibrary); author death year from Wikidata (Q905); PD via life+70 rule (death year 1924 + 71 <= 2026), independent of publication year"
metamorphosis__kafka-franz__1915,Metamorphosis,"Kafka, Franz",,false,1915,openlibrary,https://openlibrary.org/works/OL498556W,en,merged from 1 source rows (openlibrary); pd_basis=pub_year<=1930
metaphysical-phenomena__charles-richet__unk,Metaphysical Phenomena,Charles Richet,1935,false,,openlibrary,https://openlibrary.org/works/OL24657916W,en,"merged from 1 source rows (openlibrary); author death year from Wikidata (Q214851); PD via life+70 rule (death year 1935 + 71 <= 2026), independent of publication year; publication year (2018) discarded as implausible (>50 years after author's death, likely a modern reprint/collected edition indexed by Open Library as 'first publish year'); needs manual research"
midaregami__akiko-yosano__1935,Midaregami,Akiko Yosano,1942,false,1935,openlibrary,https://openlibrary.org/works/OL3280000W,en,"merged from 1 source rows (openlibrary); author death year from Wikidata (Q464104); PD via life+70 rule (death year 1942 + 71 <= 2026), independent of publication year"
middlemarch__eliot-george__1800,Middlemarch,"Eliot, George",1880,false,1800,gutenberg+openlibrary,https://www.gutenberg.org/ebooks/145,en,"merged from 2 source rows (gutenberg+openlibrary); Open Library match discarded: returned 1800, which predates author's birth year (1819) -- likely a mismatched search result; needs manual research; pd_basis=pub_year<=1930"
midsummer-night-s-dream__janos-arany__unk,Midsummer Night's Dream,János Arany,1882,false,,openlibrary,https://openlibrary.org/works/OL29441927W,en,"merged from 1 source rows (openlibrary); author death year from Wikidata (Q316556); PD via life+70 rule (death year 1882 + 71 <= 2026), independent of publication year; publication year (2017) discarded as implausible (>50 years after author's death, likely a modern reprint/collected edition indexed by Open Library as 'first publish year'); needs manual research"
millennial-dawn__charles-taze-russell__unk,Millennial Dawn,Charles Taze Russell,1916,false,,openlibrary,https://openlibrary.org/works/OL34078279W,en,"merged from 1 source rows (openlibrary); author death year from Wikidata (Q313456); PD via life+70 rule (death year 1916 + 71 <= 2026), independent of publication year; publication year (2015) discarded as implausible (>50 years after author's death, likely a modern reprint/collected edition indexed by Open Library as 'first publish year'); needs manual research"
milton__thomas-babington-macaulay-1st-baron-macaulay__1885,Milton,"Thomas Babington Macaulay, 1st Baron Macaulay",1859,false,1885,openlibrary,https://openlibrary.org/works/OL1237749W,en,"merged from 1 source rows (openlibrary); author death year from Wikidata (Q315989); PD via life+70 rule (death year 1859 + 71 <= 2026), independent of publication year"
milton-s-poems__milton-john__1605,Milton's Poems,"Milton, John",,false,1605,openlibrary,https://openlibrary.org/works/OL810990W,en,merged from 1 source rows (openlibrary); pd_basis=pub_year<=1930
milton-s-poems__richard-francis-burton__unk,Milton's Poems,Richard Francis Burton,1890,false,,openlibrary,https://openlibrary.org/works/OL810990W,en,"merged from 1 source rows (openlibrary); author death year from Wikidata (Q125057); PD via life+70 rule (death year 1890 + 71 <= 2026), independent of publication year; publication year (1605) discarded post-merge as implausible (more than 100 years before death (1890), implausible for a single lifetime); needs manual research"
milton-s-poems__robert-browning__unk,Milton's Poems,Robert Browning,1889,false,,openlibrary,https://openlibrary.org/works/OL810990W,en,"merged from 1 source rows (openlibrary); author death year from Wikidata (Q233265); PD via life+70 rule (death year 1889 + 71 <= 2026), independent of publication year; publication year (1605) discarded post-merge as implausible (more than 100 years before death (1889), implausible for a single lifetime); needs manual research"
milton-s-poems__william-wordsworth__unk,Milton's Poems,William Wordsworth,1850,false,,openlibrary,https://openlibrary.org/works/OL810990W,en,"merged from 1 source rows (openlibrary); author death year from Wikidata (Q45546); PD via life+70 rule (death year 1850 + 71 <= 2026), independent of publication year; publication year (1605) discarded post-merge as implausible (more than 100 years before death (1850), implausible for a single lifetime); needs manual research"
minute-mysteries-detectograms__ripley-h-a-harold-austin__1932,Minute Mysteries [Detectograms],"Ripley, H. A. (Harold Austin)",,false,1932,gutenberg,https://www.gutenberg.org/ebooks/50603,en,merged from 1 source rows (gutenberg); publication year via Open Library (earliest edition found; not independently verified); author death year unknown (Gutendex has no record)
mireille__frederic-mistral__1874,Mireille,Frédéric Mistral,1914,false,1874,openlibrary,https://openlibrary.org/works/OL24498860W,en,"merged from 1 source rows (openlibrary); author death year from Wikidata (Q42596); PD via life+70 rule (death year 1914 + 71 <= 2026), independent of publication year"
mireio__frederic-mistral__1868,Mirèio,Frédéric Mistral,1914,false,1868,openlibrary,https://openlibrary.org/works/OL3186004W,en,"merged from 1 source rows (openlibrary); author death year from Wikidata (Q42596); PD via life+70 rule (death year 1914 + 71 <= 2026), independent of publication year"
mireio__frederic-mistral__1859,Mirèio,Frédéric Mistral,1914,false,1859,openlibrary,https://openlibrary.org/works/OL43204087W,en,"merged from 1 source rows (openlibrary); author death year from Wikidata (Q42596); PD via life+70 rule (death year 1914 + 71 <= 2026), independent of publication year"
missionary-travels-and-researches-in-south-africa__david-livingstone__1833,Missionary travels and researches in South Africa,David Livingstone,1873,false,1833,openlibrary,https://openlibrary.org/works/OL3554533W,en,"merged from 1 source rows (openlibrary); author death year from Wikidata (Q48373); PD via life+70 rule (death year 1873 + 71 <= 2026), independent of publication year"
miosierdzie-gminy__maria-konopnicka__unk,Miłosierdzie gminy =,Maria Konopnicka,1910,false,,openlibrary,https://openlibrary.org/works/OL818752W,en,"merged from 1 source rows (openlibrary); author death year from Wikidata (Q257852); PD via life+70 rule (death year 1910 + 71 <= 2026), independent of publication year; publication year (1982) discarded as implausible (>50 years after author's death, likely a modern reprint/collected edition indexed by Open Library as 'first publish year'); needs manual research"
moby-dick__herman-melville__1851,Moby Dick,Herman Melville,1891,false,1851,openlibrary,https://openlibrary.org/works/OL102749W,en,"merged from 1 source rows (openlibrary); author death year from Wikidata (Q4985); PD via life+70 rule (death year 1891 + 71 <= 2026), independent of publication year"
moby-dick__melville-herman__1851,Moby Dick,"Melville, Herman",,false,1851,openlibrary,https://openlibrary.org/works/OL102749W,en,merged from 1 source rows (openlibrary); pd_basis=pub_year<=1930
moby-dick-or-the-whale__melville-herman__1851,"Moby Dick; Or, The Whale","Melville, Herman",1891,false,1851,gutenberg,https://www.gutenberg.org/ebooks/2701,en,merged from 1 source rows (gutenberg); publication year via Open Library (earliest edition found; not independently verified)
modern-english-biography-volume-1-of-4-a-h__boase-frederic__unk,"Modern English biography, volume 1 (of 4), A-H","Boase, Frederic",1916,false,,gutenberg,https://www.gutenberg.org/ebooks/55059,en,merged from 1 source rows (gutenberg); publication year not found via Open Library; needs manual research
modern-english-biography-volume-2-of-4-i-q__boase-frederic__unk,"Modern English biography, volume 2 (of 4), I-Q","Boase, Frederic",1916,false,,gutenberg,https://www.gutenberg.org/ebooks/71046,en,merged from 1 source rows (gutenberg); publication year not found via Open Library; needs manual research
modern-english-grammar-on-historical-principles__otto-jespersen__unk,Modern English Grammar on Historical Principles,Otto Jespersen,1943,false,,openlibrary,https://openlibrary.org/works/OL21245404W,en,"merged from 1 source rows (openlibrary); author death year from Wikidata (Q23870); PD via life+70 rule (death year 1943 + 71 <= 2026), independent of publication year; publication year (2013) discarded as implausible (>50 years after author's death, likely a modern reprint/collected edition indexed by Open Library as 'first publish year'); needs manual research"
moll-flanders__defoe-daniel__1722,Moll Flanders,"Defoe, Daniel",,false,1722,openlibrary,https://openlibrary.org/works/OL45139W,en,merged from 1 source rows (openlibrary); pd_basis=pub_year<=1930
mondrian__piet-mondrian__1943,Mondrian,Piet Mondrian,1944,false,1943,openlibrary,https://openlibrary.org/works/OL3103605W,en,"merged from 1 source rows (openlibrary); author death year from Wikidata (Q151803); PD via life+70 rule (death year 1944 + 71 <= 2026), independent of publication year"
monoplanes-and-biplanes-their-design-construction-and-operation__grover-cleveland__unk,"Monoplanes and Biplanes, Their Design, Construction and Operation",Grover Cleveland,1908,false,,openlibrary,https://openlibrary.org/works/OL24475125W,en,"merged from 1 source rows (openlibrary); author death year from Wikidata (Q35171); PD via life+70 rule (death year 1908 + 71 <= 2026), independent of publication year; publication year (2008) discarded as implausible (>50 years after author's death, likely a modern reprint/collected edition indexed by Open Library as 'first publish year'); needs manual research"
monsieur-teste__paul-valery__1927,Monsieur Teste,Paul Valéry,1945,false,1927,openlibrary,https://openlibrary.org/works/OL10340273W,en,"merged from 1 source rows (openlibrary); author death year from Wikidata (Q200639); PD via life+70 rule (death year 1945 + 71 <= 2026), independent of publication year"
monte-cristo-s-daughter__flagg-edmund__1886,Monte-Cristo's Daughter,"Flagg, Edmund",1890,false,1886,gutenberg,https://www.gutenberg.org/ebooks/23184,en,merged from 1 source rows (gutenberg); publication year via Open Library (earliest edition found; not independently verified)
moods__alcott-louisa-may__1864,Moods,"Alcott, Louisa May",1888,false,1864,gutenberg,https://www.gutenberg.org/ebooks/28203,en,merged from 1 source rows (gutenberg); publication year via Open Library (earliest edition found; not independently verified)
moonchild__aleister-crowley__unk,Moonchild,Aleister Crowley,1947,false,,openlibrary,https://openlibrary.org/works/OL29521768W,en,"merged from 1 source rows (openlibrary); author death year from Wikidata (Q172684); PD via life+70 rule (death year 1947 + 71 <= 2026), independent of publication year; publication year (2017) discarded as implausible (>50 years after author's death, likely a modern reprint/collected edition indexed by Open Library as 'first publish year'); needs manual research"
moonchild-illustrated__aleister-crowley__unk,Moonchild Illustrated,Aleister Crowley,1947,false,,openlibrary,https://openlibrary.org/works/OL27900379W,en,"merged from 1 source rows (openlibrary); author death year from Wikidata (Q172684); PD via life+70 rule (death year 1947 + 71 <= 2026), independent of publication year; publication year (2020) discarded as implausible (>50 years after author's death, likely a modern reprint/collected edition indexed by Open Library as 'first publish year'); needs manual research"
moonfleet__falkner-john-meade__1898,Moonfleet,"Falkner, John Meade",,false,1898,openlibrary,https://openlibrary.org/works/OL1352097W,en,merged from 1 source rows (openlibrary); pd_basis=pub_year<=1930
more-letters-of-charles-darwin-volume-1-a-record-of-his-work-in-a-series-of-hitherto-unpublished-letters__darwin-charles__unk,More Letters of Charles Darwin — Volume 1: A Record of His Work in a Series of Hitherto Unpublished Letters,"Darwin, Charles",1882,false,,gutenberg,https://www.gutenberg.org/ebooks/2739,en,merged from 1 source rows (gutenberg); publication year not found via Open Library; needs manual research
mormon-question__schuyler-colfax__unk,Mormon Question,Schuyler Colfax,1885,false,,openlibrary,https://openlibrary.org/works/OL26529650W,en,"merged from 1 source rows (openlibrary); author death year from Wikidata (Q310852); PD via life+70 rule (death year 1885 + 71 <= 2026), independent of publication year; publication year (2009) discarded as implausible (>50 years after author's death, likely a modern reprint/collected edition indexed by Open Library as 'first publish year'); needs manual research"
mosses-from-an-old-manse__hawthorne-nathaniel__1846,Mosses from an Old Manse,"Hawthorne, Nathaniel",,false,1846,openlibrary,https://openlibrary.org/works/OL455350W,en,merged from 1 source rows (openlibrary); pd_basis=pub_year<=1930
mother__maxim-gorky__1907,Mother,Maxim Gorky,1936,false,1907,openlibrary,https://openlibrary.org/works/OL288846W,en,"merged from 1 source rows (openlibrary); author death year from Wikidata (Q12706); PD via life+70 rule (death year 1936 + 71 <= 2026), independent of publication year"
mother-annotated__maxim-gorky__unk,Mother Annotated,Maxim Gorky,1936,false,,openlibrary,https://openlibrary.org/works/OL25527111W,en,"merged from 1 source rows (openlibrary); author death year from Wikidata (Q12706); PD via life+70 rule (death year 1936 + 71 <= 2026), independent of publication year; publication year (2017) discarded as implausible (>50 years after author's death, likely a modern reprint/collected edition indexed by Open Library as 'first publish year'); needs manual research"
mozart-auf-der-reise-nach-prag__eduard-morike__1904,Mozart auf der Reise nach Prag,Eduard Mörike,1875,false,1904,openlibrary,https://openlibrary.org/works/OL1140825W,en,"merged from 1 source rows (openlibrary); author death year from Wikidata (Q63699); PD via life+70 rule (death year 1875 + 71 <= 2026), independent of publication year"
mr-price-or-tropical-madness-and-metaphysics-of-a-two-headed-calf__stanisaw-ignacy-witkiewicz__unk,"Mr Price, or Tropical Madness and Metaphysics of a Two- Headed Calf",Stanisław Ignacy Witkiewicz,1939,false,,openlibrary,https://openlibrary.org/works/OL21293202W,en,"merged from 1 source rows (openlibrary); author death year from Wikidata (Q381238); PD via life+70 rule (death year 1939 + 71 <= 2026), independent of publication year; publication year (2003) discarded as implausible (>50 years after author's death, likely a modern reprint/collected edition indexed by Open Library as 'first publish year'); needs manual research"
mr-justice-maxell__edgar-wallace__1920,Mr. Justice Maxell,Edgar Wallace,1932,false,1920,openlibrary,https://openlibrary.org/works/OL1517964W,en,"merged from 1 source rows (openlibrary); author death year from Wikidata (Q271824); PD via life+70 rule (death year 1932 + 71 <= 2026), independent of publication year"
mr-standfast__buchan-john__1918,Mr. Standfast,"Buchan, John",1940,false,1918,gutenberg+openlibrary,https://www.gutenberg.org/ebooks/560,en,merged from 2 source rows (gutenberg+openlibrary); publication year via Open Library (earliest edition found; not independently verified); pd_basis=pub_year<=1930
mr-standfast__john-buchan__1918,Mr. Standfast,John Buchan,1940,false,1918,openlibrary,https://openlibrary.org/works/OL76598W,en,"merged from 1 source rows (openlibrary); author death year from Wikidata (Q333004); PD via life+70 rule (death year 1940 + 71 <= 2026), independent of publication year"
mrs-dalloway__virginia-woolf__1925,Mrs. Dalloway,Virginia Woolf,1941,false,1925,openlibrary,https://openlibrary.org/works/OL39349W,en,"merged from 1 source rows (openlibrary); author death year from Wikidata (Q40909); PD via life+70 rule (death year 1941 + 71 <= 2026), independent of publication year"
mrs-dalloway__woolf-virginia__1925,Mrs. Dalloway,"Woolf, Virginia",1941,false,1925,gutenberg+openlibrary,https://www.gutenberg.org/ebooks/71865,en,merged from 2 source rows (gutenberg+openlibrary); publication year via Open Library (earliest edition found; not independently verified); pd_basis=pub_year<=1930
much-ado-about-nothing__shakespeare-william__1600,Much Ado About Nothing,"Shakespeare, William",,false,1600,openlibrary,https://openlibrary.org/works/OL362691W,en,merged from 1 source rows (openlibrary); pd_basis=pub_year<=1930
musiciens-d-aujourd-hui__romain-rolland__unk,Musiciens d'aujourd'hui,Romain Rolland,1944,false,,openlibrary,https://openlibrary.org/works/OL68138W,en,"merged from 1 source rows (openlibrary); author death year from Wikidata (Q47162); PD via life+70 rule (death year 1944 + 71 <= 2026), independent of publication year; publication year (1800) discarded post-merge as implausible (more than 100 years before death (1944), implausible for a single lifetime); needs manual research"
mutter-und-kose-lieder__friedrich-frobel__1844,Mutter- und Kose-Lieder,Friedrich Fröbel,1852,false,1844,openlibrary,https://openlibrary.org/works/OL246219W,en,"merged from 1 source rows (openlibrary); author death year from Wikidata (Q76679); PD via life+70 rule (death year 1852 + 71 <= 2026), independent of publication year"
mutual-aid__peter-kropotkin__1891,Mutual Aid,Peter Kropotkin,1921,false,1891,openlibrary,https://openlibrary.org/works/OL1105375W,en,"merged from 1 source rows (openlibrary); author death year from Wikidata (Q5752); PD via life+70 rule (death year 1921 + 71 <= 2026), independent of publication year"
my-best-games-of-chess-1924-1937__alexander-alekhine__1939,My best games of chess 1924-1937,Alexander Alekhine,1946,false,1939,openlibrary,https://openlibrary.org/works/OL2635581W,en,"merged from 1 source rows (openlibrary); author death year from Wikidata (Q131374); PD via life+70 rule (death year 1946 + 71 <= 2026), independent of publication year"
my-bondage-and-my-freedom__douglass-frederick__1815,My Bondage and My Freedom,"Douglass, Frederick",1895,false,1815,gutenberg+openlibrary,https://www.gutenberg.org/ebooks/202,en,"merged from 2 source rows (gutenberg+openlibrary); Open Library match discarded: returned 1815, which predates author's birth year (1818) -- likely a mismatched search result; needs manual research; pd_basis=pub_year<=1930"
my-bondage-and-my-freedom__frederick-douglass__1815,My bondage and my freedom,Frederick Douglass,1895,false,1815,openlibrary,https://openlibrary.org/works/OL69179W,en,"merged from 1 source rows (openlibrary); author death year from Wikidata (Q215562); PD via life+70 rule (death year 1895 + 71 <= 2026), independent of publication year"
my-double-life__sarah-bernhardt__1907,My double life,Sarah Bernhardt,1923,false,1907,openlibrary,https://openlibrary.org/works/OL12114394W,en,"merged from 1 source rows (openlibrary); author death year from Wikidata (Q4605); PD via life+70 rule (death year 1923 + 71 <= 2026), independent of publication year"
my-friend-the-chauffeur__williamson-c-n-charles-norris__unk,My Friend the Chauffeur,"Williamson, C. N. (Charles Norris)",1920,false,,gutenberg,https://www.gutenberg.org/ebooks/19441,en,"merged from 1 source rows (gutenberg); Open Library match discarded: returned 2012, which is more than 5 years after author's death (1920) -- likely an indexed reprint rather than the original edition; needs manual research; 1 additional co-author(s) not recorded, primary author only"
my-larger-education__booker-t-washington__1900,My larger education,Booker T. Washington,1915,false,1900,openlibrary,https://openlibrary.org/works/OL357523W,en,"merged from 1 source rows (openlibrary); author death year from Wikidata (Q319871); PD via life+70 rule (death year 1915 + 71 <= 2026), independent of publication year"
my-life__isadora-duncan__1927,My Life,Isadora Duncan,1927,false,1927,openlibrary,https://openlibrary.org/works/OL2229378W,en,"merged from 1 source rows (openlibrary); author death year from Wikidata (Q483512); PD via life+70 rule (death year 1927 + 71 <= 2026), independent of publication year"
my-life-and-loves-vol-1-of-4__harris-frank__unk,"My Life and Loves, Vol. 1 (of 4)","Harris, Frank",1931,false,,gutenberg,https://www.gutenberg.org/ebooks/59827,en,merged from 1 source rows (gutenberg); publication year not found via Open Library; needs manual research
my-life-and-other-sketches__ivan-cankar__unk,My life and other sketches,Ivan Cankar,1918,false,,openlibrary,https://openlibrary.org/works/OL2363246W,en,"merged from 1 source rows (openlibrary); author death year from Wikidata (Q15809); PD via life+70 rule (death year 1918 + 71 <= 2026), independent of publication year; publication year (1971) discarded as implausible (>50 years after author's death, likely a modern reprint/collected edition indexed by Open Library as 'first publish year'); needs manual research"
my-life-and-work__henry-ford__1922,My life and work,Henry Ford,1947,false,1922,openlibrary,https://openlibrary.org/works/OL4418043W,en,"merged from 1 source rows (openlibrary); author death year from Wikidata (Q8768); PD via life+70 rule (death year 1947 + 71 <= 2026), independent of publication year"
my-life-volume-1__wagner-richard__unk,My Life — Volume 1,"Wagner, Richard",1883,false,,gutenberg,https://www.gutenberg.org/ebooks/5197,en,"merged from 1 source rows (gutenberg); Open Library match discarded: returned 2006, which is more than 5 years after author's death (1883) -- likely an indexed reprint rather than the original edition; needs manual research"
my-own-story__emmeline-pankhurst__1914,My Own Story,Emmeline Pankhurst,1928,false,1914,openlibrary,https://openlibrary.org/works/OL3698983W,en,"merged from 1 source rows (openlibrary); author death year from Wikidata (Q211519); PD via life+70 rule (death year 1928 + 71 <= 2026), independent of publication year"
my-own-story__marie-dressler__1934,My own story,Marie Dressler,1934,false,1934,openlibrary,https://openlibrary.org/works/OL7570953W,en,"merged from 1 source rows (openlibrary); author death year from Wikidata (Q253282); PD via life+70 rule (death year 1934 + 71 <= 2026), independent of publication year"
my-past-and-thoughts__alexander-herzen__unk,My Past and Thoughts,Alexander Herzen,1870,false,,openlibrary,https://openlibrary.org/works/OL236964W,en,"merged from 1 source rows (openlibrary); author death year from Wikidata (Q201221); PD via life+70 rule (death year 1870 + 71 <= 2026), independent of publication year; publication year (1968) discarded as implausible (>50 years after author's death, likely a modern reprint/collected edition indexed by Open Library as 'first publish year'); needs manual research"
my-visit-to-the-kremlin__nestor-makhno__1979,My Visit To The Kremlin,Nestor Makhno,1934,false,1979,openlibrary,https://openlibrary.org/works/OL8879213W,en,"merged from 1 source rows (openlibrary); author death year from Wikidata (Q47900); PD via life+70 rule (death year 1934 + 71 <= 2026), independent of publication year"
my-antonia__cather-willa__1818,My Ántonia,"Cather, Willa",,false,1818,openlibrary,https://openlibrary.org/works/OL12791W,en,merged from 1 source rows (openlibrary); pd_basis=pub_year<=1930
mysteres-de-paris__eugene-sue__1844,Mystères de Paris,Eugène Sue,1857,false,1844,openlibrary,https://openlibrary.org/works/OL1492627W,en,"merged from 1 source rows (openlibrary); author death year from Wikidata (Q315220); PD via life+70 rule (death year 1857 + 71 <= 2026), independent of publication year"
madchen-von-treppi__paul-heyse__unk,Mädchen Von Treppi,Paul Heyse,1914,false,,openlibrary,https://openlibrary.org/works/OL28566613W,en,"merged from 1 source rows (openlibrary); author death year from Wikidata (Q76487); PD via life+70 rule (death year 1914 + 71 <= 2026), independent of publication year; publication year (2018) discarded as implausible (>50 years after author's death, likely a modern reprint/collected edition indexed by Open Library as 'first publish year'); needs manual research"
nada-the-lily__haggard-h-rider__1890,Nada the Lily,"Haggard, H. Rider",,false,1890,openlibrary,https://openlibrary.org/works/OL17525W,en,merged from 1 source rows (openlibrary); pd_basis=pub_year<=1930
nadar__nadar__unk,Nadar,Nadar,1910,false,,openlibrary,https://openlibrary.org/works/OL11473058W,en,"merged from 1 source rows (openlibrary); author death year from Wikidata (Q40116); PD via life+70 rule (death year 1910 + 71 <= 2026), independent of publication year; publication year (1965) discarded as implausible (>50 years after author's death, likely a modern reprint/collected edition indexed by Open Library as 'first publish year'); needs manual research"
nana__emile-zola__1880,Nana,Émile Zola,1902,false,1880,openlibrary,https://openlibrary.org/works/OL118984W,en,"merged from 1 source rows (openlibrary); author death year from Wikidata (Q504); PD via life+70 rule (death year 1902 + 71 <= 2026), independent of publication year"
napoleon-s-letters-to-josephine-1796-1812-for-the-first-time-collected-and-translated-with-notes-social-historical-and-chronological-from-contemporary-sources__napoleon-i-emperor-of-the-french__unk,"Napoleon's Letters to Josephine, 1796-1812: For the First Time Collected and Translated, with Notes Social, Historical, and Chronological, from Contemporary Sources","Napoleon I, Emperor of the French",1821,false,,gutenberg,https://www.gutenberg.org/ebooks/37499,en,merged from 1 source rows (gutenberg); publication year not found via Open Library; needs manual research
napoleonic-ideas__napoleon-iii__1859,Napoleonic ideas,Napoleon III,1873,false,1859,openlibrary,https://openlibrary.org/works/OL1548897W,en,"merged from 1 source rows (openlibrary); author death year from Wikidata (Q7721); PD via life+70 rule (death year 1873 + 71 <= 2026), independent of publication year"
narrative-of-the-captivity-and-restoration-of-mrs-mary-rowlandson__rowlandson-mary-white__unk,Narrative of the Captivity and Restoration of Mrs. Mary Rowlandson,"Rowlandson, Mary White",1711,false,,gutenberg,https://www.gutenberg.org/ebooks/851,en,merged from 1 source rows (gutenberg); publication year not found via Open Library; needs manual research
narrative-of-the-life-of-frederick-douglass__douglass-frederick__1845,Narrative of the life of Frederick Douglass,"Douglass, Frederick",,false,1845,openlibrary,https://openlibrary.org/works/OL69178W,en,merged from 1 source rows (openlibrary); pd_basis=pub_year<=1930
narrative-of-the-life-of-frederick-douglass__frederick-douglass__1845,Narrative of the life of Frederick Douglass,Frederick Douglass,1895,false,1845,openlibrary,https://openlibrary.org/works/OL69178W,en,"merged from 1 source rows (openlibrary); author death year from Wikidata (Q215562); PD via life+70 rule (death year 1895 + 71 <= 2026), independent of publication year"
narrative-of-the-life-of-frederick-douglass-an-american-slave__douglass-frederick__1845,"Narrative of the Life of Frederick Douglass, an American Slave","Douglass, Frederick",1895,false,1845,gutenberg,https://www.gutenberg.org/ebooks/23,en,merged from 1 source rows (gutenberg); publication year via Open Library (earliest edition found; not independently verified)
nazarin__benito-perez-galdos__1895,Nazaŕin,Benito Pérez Galdós,1920,false,1895,openlibrary,https://openlibrary.org/works/OL815311W,en,"merged from 1 source rows (openlibrary); author death year from Wikidata (Q189869); PD via life+70 rule (death year 1920 + 71 <= 2026), independent of publication year"
neighbours-of-the-night__endre-ady__unk,Neighbours of the night,Endre Ady,1919,false,,openlibrary,https://openlibrary.org/works/OL649358W,en,"merged from 1 source rows (openlibrary); author death year from Wikidata (Q211392); PD via life+70 rule (death year 1919 + 71 <= 2026), independent of publication year; publication year (1994) discarded as implausible (>50 years after author's death, likely a modern reprint/collected edition indexed by Open Library as 'first publish year'); needs manual research"
new-ways-in-psychoanalysis__karen-horney__1939,New ways in psychoanalysis,Karen Horney,1952,false,1939,openlibrary,https://openlibrary.org/works/OL98947W,en,"merged from 1 source rows (openlibrary); author death year from Wikidata (Q71020); PD via life+70 rule (death year 1952 + 71 <= 2026), independent of publication year"
news-from-nowhere-or-an-epoch-of-rest-being-some-chapters-from-a-utopian-romance__morris-william__1890,"News from nowhere, or, An epoch of rest, being some chapters from a utopian romance","Morris, William",,false,1890,openlibrary,https://openlibrary.org/works/OL47721W,en,merged from 1 source rows (openlibrary); pd_basis=pub_year<=1930
news-from-nowhere-or-an-epoch-of-rest-being-some-chapters-from-a-utopian-romance__william-morris__1890,"News from nowhere, or, An epoch of rest, being some chapters from a utopian romance",William Morris,1896,false,1890,openlibrary,https://openlibrary.org/works/OL47721W,en,"merged from 1 source rows (openlibrary); author death year from Wikidata (Q182589); PD via life+70 rule (death year 1896 + 71 <= 2026), independent of publication year"
nevtelen-var__mor-jokai__1895,Névtelen vár,Mór Jókai,1904,false,1895,openlibrary,https://openlibrary.org/works/OL861157W,en,"merged from 1 source rows (openlibrary); author death year from Wikidata (Q379621); PD via life+70 rule (death year 1904 + 71 <= 2026), independent of publication year"
nicholas-nickleby__dickens-charles__unk,Nicholas Nickleby,"Dickens, Charles",1870,false,,gutenberg,https://www.gutenberg.org/ebooks/967,en,"merged from 1 source rows (gutenberg); Open Library match discarded: returned 1800, which predates author's birth year (1812) -- likely a mismatched search result; needs manual research"
nicholas-roerich__nicholas-roerich__1974,Nicholas Roerich,Nicholas Roerich,1947,false,1974,openlibrary,https://openlibrary.org/works/OL620412W,en,"merged from 1 source rows (openlibrary); author death year from Wikidata (Q208993); PD via life+70 rule (death year 1947 + 71 <= 2026), independent of publication year"
nicomachean-ethics__aristotle__1558,Nicomachean Ethics,Aristotle,,false,1558,openlibrary,https://openlibrary.org/works/OL8273964W,en,merged from 1 source rows (openlibrary); pd_basis=pub_year<=1930
niebla__miguel-de-unamuno__1914,Niebla,Miguel de Unamuno,1936,false,1914,openlibrary,https://openlibrary.org/works/OL503589W,en,"merged from 1 source rows (openlibrary); author death year from Wikidata (Q185085); PD via life+70 rule (death year 1936 + 71 <= 2026), independent of publication year"
nienasycenie__stanisaw-ignacy-witkiewicz__1957,Nienasycenie,Stanisław Ignacy Witkiewicz,1939,false,1957,openlibrary,https://openlibrary.org/works/OL983266W,en,"merged from 1 source rows (openlibrary); author death year from Wikidata (Q381238); PD via life+70 rule (death year 1939 + 71 <= 2026), independent of publication year"
nils-holgerssons-underbara-resa-genom-sverige__selma-lagerlof__1907,Nils Holgerssons underbara resa genom Sverige,Selma Lagerlöf,1940,false,1907,openlibrary,https://openlibrary.org/works/OL644990W,en,"merged from 1 source rows (openlibrary); author death year from Wikidata (Q44519); PD via life+70 rule (death year 1940 + 71 <= 2026), independent of publication year"
nirmala__premchand__1936,Nirmalā,Premchand,1936,false,1936,openlibrary,https://openlibrary.org/works/OL332064W,en,"merged from 1 source rows (openlibrary); author death year from Wikidata (Q174152); PD via life+70 rule (death year 1936 + 71 <= 2026), independent of publication year"
nithan-thahan-rua__vajiravudh__1920,Nithān thahān rư̄a,Vajiravudh,1925,false,1920,openlibrary,https://openlibrary.org/works/OL45269669W,en,"merged from 1 source rows (openlibrary); author death year from Wikidata (Q161389); PD via life+70 rule (death year 1925 + 71 <= 2026), independent of publication year"
no-compromise-no-political-trading__wilhelm-liebknecht__1918,"No Compromise, No Political Trading",Wilhelm Liebknecht,1900,false,1918,openlibrary,https://openlibrary.org/works/OL29165921W,en,"merged from 1 source rows (openlibrary); author death year from Wikidata (Q20127); PD via life+70 rule (death year 1900 + 71 <= 2026), independent of publication year"
nobel-prize-library__sully-prudhomme__unk,Nobel Prize Library,Sully Prudhomme,1907,false,,openlibrary,https://openlibrary.org/works/OL43289411W,en,"merged from 1 source rows (openlibrary); author death year from Wikidata (Q42247); PD via life+70 rule (death year 1907 + 71 <= 2026), independent of publication year; publication year (1971) discarded as implausible (>50 years after author's death, likely a modern reprint/collected edition indexed by Open Library as 'first publish year'); needs manual research"
noli-me-tangere__jose-rizal__1902,Noli Me Tangere,José Rizal,1896,false,1902,openlibrary,https://openlibrary.org/works/OL1622789W,en,"merged from 1 source rows (openlibrary); author death year from Wikidata (Q1500); PD via life+70 rule (death year 1896 + 71 <= 2026), independent of publication year"
norske-folke-eventyr__peter-christen-asbjrnsen__1852,Norske folke-eventyr,Peter Christen Asbjørnsen,1885,false,1852,openlibrary,https://openlibrary.org/works/OL2384812W,en,"merged from 1 source rows (openlibrary); author death year from Wikidata (Q355485); PD via life+70 rule (death year 1885 + 71 <= 2026), independent of publication year"
northanger-abbey__austen-jane__1817,Northanger Abbey,"Austen, Jane",1817,false,1817,gutenberg+openlibrary,https://www.gutenberg.org/ebooks/121,en,"merged from 2 source rows (gutenberg+openlibrary); publication year via Open Library (earliest edition found; not independently verified); pd_basis=pub_year<=1930; sources disagree on publication_year: ['1817', '1818'], kept '1817'"
nosotras-y-la-piel__alfonsina-storni__unk,Nosotras... y la piel,Alfonsina Storni,1938,false,,openlibrary,https://openlibrary.org/works/OL974852W,en,"merged from 1 source rows (openlibrary); author death year from Wikidata (Q238557); PD via life+70 rule (death year 1938 + 71 <= 2026), independent of publication year; publication year (1998) discarded as implausible (>50 years after author's death, likely a modern reprint/collected edition indexed by Open Library as 'first publish year'); needs manual research"
notes-as-vice-president-1928-1929__charles-g-dawes__1935,Notes As Vice President 1928 1929,Charles G. Dawes,1951,false,1935,openlibrary,https://openlibrary.org/works/OL34222008W,en,"merged from 1 source rows (openlibrary); author death year from Wikidata (Q184565); PD via life+70 rule (death year 1951 + 71 <= 2026), independent of publication year"
notes-et-souvenirs-de-m-thiers-1870-1873__adolphe-thiers__1903,"Notes et souvenirs de M. Thiers, 1870-1873",Adolphe Thiers,1877,false,1903,openlibrary,https://openlibrary.org/works/OL1537562W,en,"merged from 1 source rows (openlibrary); author death year from Wikidata (Q5738); PD via life+70 rule (death year 1877 + 71 <= 2026), independent of publication year"
notes-on-nursing__florence-nightingale__1859,Notes on nursing,Florence Nightingale,1910,false,1859,openlibrary,https://openlibrary.org/works/OL65713W,en,"merged from 1 source rows (openlibrary); author death year from Wikidata (Q37103); PD via life+70 rule (death year 1910 + 71 <= 2026), independent of publication year"
notes-on-the-collection-of-transfers__william-james-sidis__1926,Notes on the collection of transfers,William James Sidis,1944,false,1926,openlibrary,https://openlibrary.org/works/OL43992096W,en,"merged from 1 source rows (openlibrary); author death year from Wikidata (Q313603); PD via life+70 rule (death year 1944 + 71 <= 2026), independent of publication year"
notre-dame-de-paris__hugo-victor__1831,Notre-Dame de Paris,"Hugo, Victor",1885,false,1831,gutenberg,https://www.gutenberg.org/ebooks/2610,en,merged from 1 source rows (gutenberg); publication year via Open Library (earliest edition found; not independently verified)
nouvelle-geographie-universelle__elisee-reclus__1876,Nouvelle géographie universelle,Élisée Reclus,1905,false,1876,openlibrary,https://openlibrary.org/works/OL3589552W,en,"merged from 1 source rows (openlibrary); author death year from Wikidata (Q20951); PD via life+70 rule (death year 1905 + 71 <= 2026), independent of publication year"
nouvelle-histoire-de-mouchette__georges-bernanos__1937,Nouvelle histoire de Mouchette,Georges Bernanos,1948,false,1937,openlibrary,https://openlibrary.org/works/OL80354W,en,"merged from 1 source rows (openlibrary); author death year from Wikidata (Q315072); PD via life+70 rule (death year 1948 + 71 <= 2026), independent of publication year"
novelle-rusticane__giovanni-verga__1885,Novelle rusticane,Giovanni Verga,1922,false,1885,openlibrary,https://openlibrary.org/works/OL479242W,en,"merged from 1 source rows (openlibrary); author death year from Wikidata (Q271814); PD via life+70 rule (death year 1922 + 71 <= 2026), independent of publication year"
now-and-after__alexander-berkman__1929,Now and After,Alexander Berkman,1936,false,1929,openlibrary,https://openlibrary.org/works/OL12088449W,en,"merged from 1 source rows (openlibrary); author death year from Wikidata (Q195390); PD via life+70 rule (death year 1936 + 71 <= 2026), independent of publication year"
o-crime-do-padre-amaro__jose-maria-de-eca-de-queiros__1875,O crime do Padre Amaro,José Maria de Eça de Queirós,1900,false,1875,openlibrary,https://openlibrary.org/works/OL846495W,en,"merged from 1 source rows (openlibrary); author death year from Wikidata (Q316327); PD via life+70 rule (death year 1900 + 71 <= 2026), independent of publication year"
o-pioneers__cather-willa__1913,O Pioneers!,"Cather, Willa",,false,1913,openlibrary,https://openlibrary.org/works/OL12795W,en,merged from 1 source rows (openlibrary); pd_basis=pub_year<=1930
o-primo-basilio__jose-maria-de-eca-de-queiros__1878,O primo Basílio,José Maria de Eça de Queirós,1900,false,1878,openlibrary,https://openlibrary.org/works/OL846504W,en,"merged from 1 source rows (openlibrary); author death year from Wikidata (Q316327); PD via life+70 rule (death year 1900 + 71 <= 2026), independent of publication year"
oblomov__ivan-goncharov__unk,Oblomov,Ivan Goncharov,1891,false,,openlibrary,https://openlibrary.org/works/OL21520975W,en,"merged from 1 source rows (openlibrary); author death year from Wikidata (Q189665); PD via life+70 rule (death year 1891 + 71 <= 2026), independent of publication year; publication year (2002) discarded as implausible (>50 years after author's death, likely a modern reprint/collected edition indexed by Open Library as 'first publish year'); needs manual research"
obscure-apostle__eliza-orzeszkowa__unk,Obscure Apostle,Eliza Orzeszkowa,1910,false,,openlibrary,https://openlibrary.org/works/OL36313203W,en,"merged from 1 source rows (openlibrary); author death year from Wikidata (Q240174); PD via life+70 rule (death year 1910 + 71 <= 2026), independent of publication year; publication year (2012) discarded as implausible (>50 years after author's death, likely a modern reprint/collected edition indexed by Open Library as 'first publish year'); needs manual research"
occasion-for-disaster__garrett-randall__unk,Occasion ... for Disaster,"Garrett, Randall",1987,false,,gutenberg,https://www.gutenberg.org/ebooks/30434,en,"merged from 1 source rows (gutenberg); Open Library match discarded: returned 2014, which is more than 5 years after author's death (1987) -- likely an indexed reprint rather than the original edition; needs manual research; 1 additional co-author(s) not recorded, primary author only"
occult-chemistry__annie-besant__1919,Occult chemistry,Annie Besant,1933,false,1919,openlibrary,https://openlibrary.org/works/OL68634W,en,"merged from 1 source rows (openlibrary); author death year from Wikidata (Q464318); PD via life+70 rule (death year 1933 + 71 <= 2026), independent of publication year"
occult-japan__percival-lowell__1894,Occult Japan,Percival Lowell,1916,false,1894,openlibrary,https://openlibrary.org/works/OL4442245W,en,"merged from 1 source rows (openlibrary); author death year from Wikidata (Q218575); PD via life+70 rule (death year 1916 + 71 <= 2026), independent of publication year"
odi-barbare__giosue-carducci__1877,Odi barbare,Giosuè Carducci,1907,false,1877,openlibrary,https://openlibrary.org/works/OL10341937W,en,"merged from 1 source rows (openlibrary); author death year from Wikidata (Q43440); PD via life+70 rule (death year 1907 + 71 <= 2026), independent of publication year"
oedipus-king-of-thebes-translated-into-english-rhyming-verse-with-explanatory-notes__sophocles__unk,Oedipus King of Thebes: Translated into English Rhyming Verse with Explanatory Notes,Sophocles,-406,false,,gutenberg,https://www.gutenberg.org/ebooks/27673,en,"merged from 1 source rows (gutenberg); classical/ancient work (author died before 1400) -- original composition predates reliable publication-year records, not looked up automatically; needs manual research"
oeuvres-completes__comte-de-lautreamont__unk,Oeuvres complètes,Comte de Lautréamont,1870,false,,openlibrary,https://openlibrary.org/works/OL28206734W,en,"merged from 1 source rows (openlibrary); author death year from Wikidata (Q294181); PD via life+70 rule (death year 1870 + 71 <= 2026), independent of publication year; publication year (1946) discarded as implausible (>50 years after author's death, likely a modern reprint/collected edition indexed by Open Library as 'first publish year'); needs manual research"
of-human-bondage__maugham-william-somerset__1915,Of Human Bondage,"Maugham, William Somerset",,false,1915,openlibrary,https://openlibrary.org/works/OL505781W,en,merged from 1 source rows (openlibrary); pd_basis=pub_year<=1930
of-the-vocation-of-our-age-for-legislation-and-jurisprudence__friedrich-carl-von-savigny__1831,Of the vocation of our age for legislation and jurisprudence,Friedrich Carl von Savigny,1861,false,1831,openlibrary,https://openlibrary.org/works/OL1278414W,en,"merged from 1 source rows (openlibrary); author death year from Wikidata (Q76892); PD via life+70 rule (death year 1861 + 71 <= 2026), independent of publication year"
off-on-a-comet-a-journey-through-planetary-space__verne-jules__unk,Off on a Comet! a Journey through Planetary Space,"Verne, Jules",1905,false,,gutenberg,https://www.gutenberg.org/ebooks/1353,en,"merged from 1 source rows (gutenberg); Open Library match discarded: returned 2006, which is more than 5 years after author's death (1905) -- likely an indexed reprint rather than the original edition; needs manual research"
ognennyi-angel__valery-bryusov__1908,Ognennyĭ angel,Valery Bryusov,1924,false,1908,openlibrary,https://openlibrary.org/works/OL144695W,en,"merged from 1 source rows (openlibrary); author death year from Wikidata (Q316374); PD via life+70 rule (death year 1924 + 71 <= 2026), independent of publication year"
olanda__edmondo-de-amicis__1876,Olanda,Edmondo de Amicis,1908,false,1876,openlibrary,https://openlibrary.org/works/OL863011W,en,"merged from 1 source rows (openlibrary); author death year from Wikidata (Q240576); PD via life+70 rule (death year 1908 + 71 <= 2026), independent of publication year"
old-new-land-altneuland__theodor-herzl__1900,Old New Land (Altneuland),Theodor Herzl,1904,false,1900,openlibrary,https://openlibrary.org/works/OL1573588W,en,"merged from 1 source rows (openlibrary); author death year from Wikidata (Q44003); PD via life+70 rule (death year 1904 + 71 <= 2026), independent of publication year"
old-testament-readings-devotionals__charles-spurgeon__unk,Old Testament Readings & Devotionals,Charles Spurgeon,1892,false,,openlibrary,https://openlibrary.org/works/OL26004163W,en,"merged from 1 source rows (openlibrary); author death year from Wikidata (Q278825); PD via life+70 rule (death year 1892 + 71 <= 2026), independent of publication year; publication year (2021) discarded as implausible (>50 years after author's death, likely a modern reprint/collected edition indexed by Open Library as 'first publish year'); needs manual research"
oliver-twist__charles-dickens__1822,Oliver Twist,Charles Dickens,1870,false,1822,openlibrary,https://openlibrary.org/works/OL8193478W,en,"merged from 1 source rows (openlibrary); author death year from Wikidata (Q5686); PD via life+70 rule (death year 1870 + 71 <= 2026), independent of publication year"
oliver-twist__dickens-charles__1822,Oliver Twist,"Dickens, Charles",,false,1822,openlibrary,https://openlibrary.org/works/OL8193478W,en,merged from 1 source rows (openlibrary); pd_basis=pub_year<=1930
oliver-twist__wilkie-collins__1822,Oliver Twist,Wilkie Collins,1889,false,1822,openlibrary,https://openlibrary.org/works/OL8193478W,en,"merged from 1 source rows (openlibrary); author death year from Wikidata (Q210740); PD via life+70 rule (death year 1889 + 71 <= 2026), independent of publication year"
oliver-twist-vol-2-of-3__dickens-charles__unk,"Oliver Twist, Vol. 2 (of 3)","Dickens, Charles",1870,false,,gutenberg,https://www.gutenberg.org/ebooks/47530,en,"merged from 1 source rows (gutenberg); Open Library match discarded: returned 2016, which is more than 5 years after author's death (1870) -- likely an indexed reprint rather than the original edition; needs manual research"
olympism__pierre-de-coubertin__unk,Olympism,Pierre de Coubertin,1937,false,,openlibrary,https://openlibrary.org/works/OL1532195W,en,"merged from 1 source rows (openlibrary); author death year from Wikidata (Q82984); PD via life+70 rule (death year 1937 + 71 <= 2026), independent of publication year; publication year (2000) discarded as implausible (>50 years after author's death, likely a modern reprint/collected edition indexed by Open Library as 'first publish year'); needs manual research"
on-labour-oriented-education-and-instruction__nadezhda-krupskaya__1985,On labour-oriented education and instruction,Nadezhda Krupskaya,1939,false,1985,openlibrary,https://openlibrary.org/works/OL2090148W,en,"merged from 1 source rows (openlibrary); author death year from Wikidata (Q215637); PD via life+70 rule (death year 1939 + 71 <= 2026), independent of publication year"
on-liberty__john-stuart-mill__1859,On Liberty,John Stuart Mill,1873,false,1859,openlibrary,https://openlibrary.org/works/OL1068091W,en,"merged from 1 source rows (openlibrary); author death year from Wikidata (Q50020); PD via life+70 rule (death year 1873 + 71 <= 2026), independent of publication year"
on-liberty__mill-john-stuart__1859,On Liberty,"Mill, John Stuart",,false,1859,openlibrary,https://openlibrary.org/works/OL1068091W,en,merged from 1 source rows (openlibrary); pd_basis=pub_year<=1930
on-literature-and-art__anatoly-lunacharsky__1973,On literature and art,Anatoly Lunacharsky,1933,false,1973,openlibrary,https://openlibrary.org/works/OL12028054W,en,"merged from 1 source rows (openlibrary); author death year from Wikidata (Q18809); PD via life+70 rule (death year 1933 + 71 <= 2026), independent of publication year"
on-the-connexion-of-the-physical-sciences__mary-somerville__1834,On the connexion of the physical sciences,Mary Somerville,1872,false,1834,openlibrary,https://openlibrary.org/works/OL7013870W,en,"merged from 1 source rows (openlibrary); author death year from Wikidata (Q268702); PD via life+70 rule (death year 1872 + 71 <= 2026), independent of publication year"
on-the-cross-a-romance-of-the-passion-play-at-oberammergau__hillern-wilhelmine-von__unk,On the Cross: A Romance of the Passion Play at Oberammergau,"Hillern, Wilhelmine von",1916,false,,gutenberg,https://www.gutenberg.org/ebooks/36725,en,merged from 1 source rows (gutenberg); publication year not found via Open Library; needs manual research
on-the-duties-of-the-clergy__ambrose-saint-bishop-of-milan__unk,On the Duties of the Clergy,"Ambrose, Saint, Bishop of Milan",397,false,,gutenberg,https://www.gutenberg.org/ebooks/22789,en,"merged from 1 source rows (gutenberg); classical/ancient work (author died before 1400) -- original composition predates reliable publication-year records, not looked up automatically; needs manual research"
on-the-nature-of-things__lucretius-carus-titus__unk,On the Nature of Things,"Lucretius Carus, Titus",-55,false,,gutenberg,https://www.gutenberg.org/ebooks/785,en,"merged from 1 source rows (gutenberg); classical/ancient work (author died before 1400) -- original composition predates reliable publication-year records, not looked up automatically; needs manual research"
on-the-problem-of-empathy__edith-stein__1970,On the Problem of Empathy,Edith Stein,1942,false,1970,openlibrary,https://openlibrary.org/works/OL20714274W,en,"merged from 1 source rows (openlibrary); author death year from Wikidata (Q76749); PD via life+70 rule (death year 1942 + 71 <= 2026), independent of publication year"
on-the-sect-of-the-freemasons-encyclical-letter-authorised-transl__leo-xiii__unk,On the Sect of the Freemasons. Encyclical Letter. Authorised Transl,Leo XIII,1903,false,,openlibrary,https://openlibrary.org/works/OL24393623W,en,"merged from 1 source rows (openlibrary); author death year from Wikidata (Q43922); PD via life+70 rule (death year 1903 + 71 <= 2026), independent of publication year; publication year (2018) discarded as implausible (>50 years after author's death, likely a modern reprint/collected edition indexed by Open Library as 'first publish year'); needs manual research"
one-of-ours__cather-willa__1922,One of Ours,"Cather, Willa",,false,1922,openlibrary,https://openlibrary.org/works/OL12830W,en,merged from 1 source rows (openlibrary); pd_basis=pub_year<=1930
one-of-the-six-hundred-a-novel__grant-james__unk,One of the Six Hundred: A Novel,"Grant, James",1887,false,,gutenberg,https://www.gutenberg.org/ebooks/55179,en,"merged from 1 source rows (gutenberg); Open Library match discarded: returned 2011, which is more than 5 years after author's death (1887) -- likely an indexed reprint rather than the original edition; needs manual research"
one-woman-being-the-second-part-of-a-romance-of-sussex__ollivant-alfred__unk,One Woman: Being the Second Part of a Romance of Sussex,"Ollivant, Alfred",1927,false,,gutenberg,https://www.gutenberg.org/ebooks/57641,en,merged from 1 source rows (gutenberg); publication year not found via Open Library; needs manual research
one-wonderful-night-a-romance-of-new-york__tracy-louis__1912,One Wonderful Night: A Romance of New York,"Tracy, Louis",1928,false,1912,gutenberg,https://www.gutenberg.org/ebooks/19707,en,merged from 1 source rows (gutenberg); publication year via Open Library (earliest edition found; not independently verified)
only-a-clod__braddon-m-e-mary-elizabeth__unk,Only a clod,"Braddon, M. E. (Mary Elizabeth)",1915,false,,gutenberg,https://www.gutenberg.org/ebooks/76927,en,"merged from 1 source rows (gutenberg); Open Library match discarded: returned 1800, which predates author's birth year (1835) -- likely a mismatched search result; needs manual research"
only-a-girl-s-love__garvice-charles__unk,Only a girl's love,"Garvice, Charles",1920,false,,gutenberg,https://www.gutenberg.org/ebooks/53416,en,"merged from 1 source rows (gutenberg); Open Library match discarded: returned 1980, which is more than 5 years after author's death (1920) -- likely an indexed reprint rather than the original edition; needs manual research"
only-by-song__yanka-kupala__1982,Only by song,Yanka Kupala,1942,false,1982,openlibrary,https://openlibrary.org/works/OL31785830W,en,"merged from 1 source rows (openlibrary); author death year from Wikidata (Q377); PD via life+70 rule (death year 1942 + 71 <= 2026), independent of publication year"
opus-posthumous__wallace-stevens__1957,Opus posthumous,Wallace Stevens,1955,false,1957,openlibrary,https://openlibrary.org/works/OL464017W,en,"merged from 1 source rows (openlibrary); author death year from Wikidata (Q166835); PD via life+70 rule (death year 1955 + 71 <= 2026), independent of publication year"
organic-chemistry-in-its-applications-to-agriculture-and-physiology__justus-von-liebig__1840,Organic chemistry in its applications to agriculture and physiology,Justus von Liebig,1873,false,1840,openlibrary,https://openlibrary.org/works/OL1470677W,en,"merged from 1 source rows (openlibrary); author death year from Wikidata (Q16571); PD via life+70 rule (death year 1873 + 71 <= 2026), independent of publication year"
organizations-and-the-media__josef-stefan__unk,Organizations and the media,Josef Stefan,1893,false,,openlibrary,https://openlibrary.org/works/OL23335540W,en,"merged from 1 source rows (openlibrary); author death year from Wikidata (Q16581); PD via life+70 rule (death year 1893 + 71 <= 2026), independent of publication year; publication year (2014) discarded as implausible (>50 years after author's death, likely a modern reprint/collected edition indexed by Open Library as 'first publish year'); needs manual research"
orient-et-occident__rene-guenon__1924,Orient et Occident,René Guénon,1951,false,1924,openlibrary,https://openlibrary.org/works/OL1230281W,en,"merged from 1 source rows (openlibrary); author death year from Wikidata (Q496850); PD via life+70 rule (death year 1951 + 71 <= 2026), independent of publication year"
orion-or-the-antiquity-of-the-vedas__bal-gangadhar-tilak__1893,Orion or the Antiquity of the Vedas.,Bal Gangadhar Tilak,1920,false,1893,openlibrary,https://openlibrary.org/works/OL24386704W,en,"merged from 1 source rows (openlibrary); author death year from Wikidata (Q312555); PD via life+70 rule (death year 1920 + 71 <= 2026), independent of publication year"
orlando__woolf-virginia__1928,Orlando,"Woolf, Virginia",,false,1928,openlibrary,https://openlibrary.org/works/OL39360W,en,merged from 1 source rows (openlibrary); pd_basis=pub_year<=1930
ornament-and-crime__adolf-loos__unk,Ornament and Crime,Adolf Loos,1933,false,,openlibrary,https://openlibrary.org/works/OL21197590W,en,"merged from 1 source rows (openlibrary); author death year from Wikidata (Q44323); PD via life+70 rule (death year 1933 + 71 <= 2026), independent of publication year; publication year (2019) discarded as implausible (>50 years after author's death, likely a modern reprint/collected edition indexed by Open Library as 'first publish year'); needs manual research"
orthodoxy__chesterton-gilbert-keith__1874,Orthodoxy,"Chesterton, Gilbert Keith",,false,1874,openlibrary,https://openlibrary.org/works/OL76350W,en,merged from 1 source rows (openlibrary); pd_basis=pub_year<=1930
os-lusiadas__camoes-luis-de__1572,Os Lusíadas,"Camões, Luís de",,false,1572,openlibrary,https://openlibrary.org/works/OL848771W,en,merged from 1 source rows (openlibrary); pd_basis=pub_year<=1930
os-maias__jose-maria-de-eca-de-queiros__1900,Os Maias,José Maria de Eça de Queirós,1900,false,1900,openlibrary,https://openlibrary.org/works/OL846513W,en,"merged from 1 source rows (openlibrary); author death year from Wikidata (Q316327); PD via life+70 rule (death year 1900 + 71 <= 2026), independent of publication year"
osnovnye-voprosy-marksizma__georgi-plekhanov__1908,Osnovnye voprosy marksizma,Georgi Plekhanov,1918,false,1908,openlibrary,https://openlibrary.org/works/OL35758W,en,"merged from 1 source rows (openlibrary); author death year from Wikidata (Q182905); PD via life+70 rule (death year 1918 + 71 <= 2026), independent of publication year"
osudy-dobreho-vojaka-svejka-za-svetove-valky__jaroslav-hasek__1926,Osudy dobrého vojáka Švejka za světové války,Jaroslav Hašek,1923,false,1926,openlibrary,https://openlibrary.org/works/OL835204W,en,"merged from 1 source rows (openlibrary); author death year from Wikidata (Q2754); PD via life+70 rule (death year 1923 + 71 <= 2026), independent of publication year"
othello__shakespeare-william__1622,Othello,"Shakespeare, William",,false,1622,openlibrary,https://openlibrary.org/works/OL258850W,en,merged from 1 source rows (openlibrary); pd_basis=pub_year<=1930
our-androcentric-culture-or-the-man-made-world__gilman-charlotte-perkins__1911,"Our Androcentric Culture, or the Man-Made World","Gilman, Charlotte Perkins",,false,1911,openlibrary,https://openlibrary.org/works/OL2772023W,en,merged from 1 source rows (openlibrary); pd_basis=pub_year<=1930
our-mutual-friend__dickens-charles__1800,Our Mutual Friend,"Dickens, Charles",,false,1800,openlibrary,https://openlibrary.org/works/OL13162727W,en,merged from 1 source rows (openlibrary); pd_basis=pub_year<=1930
out-of-my-later-years__albert-einstein__1950,Out of my later years,Albert Einstein,1955,false,1950,openlibrary,https://openlibrary.org/works/OL1214252W,en,"merged from 1 source rows (openlibrary); author death year from Wikidata (Q937); PD via life+70 rule (death year 1955 + 71 <= 2026), independent of publication year"
out-of-time-s-abyss__burroughs-edgar-rice__unk,Out of Time's Abyss,"Burroughs, Edgar Rice",1950,false,,gutenberg,https://www.gutenberg.org/ebooks/553,en,"merged from 1 source rows (gutenberg); Open Library match discarded: returned 1963, which is more than 5 years after author's death (1950) -- likely an indexed reprint rather than the original edition; needs manual research"
outline-of-occult-science__rudolf-steiner__1910,Outline of Occult Science,Rudolf Steiner,1925,false,1910,openlibrary,https://openlibrary.org/works/OL618606W,en,"merged from 1 source rows (openlibrary); author death year from Wikidata (Q78484); PD via life+70 rule (death year 1925 + 71 <= 2026), independent of publication year"
outlines-of-astronomy__john-frederick-william-herschel__1849,Outlines of astronomy,John Frederick William Herschel,1871,false,1849,openlibrary,https://openlibrary.org/works/OL1554712W,en,"merged from 1 source rows (openlibrary); author death year from Wikidata (Q14278); PD via life+70 rule (death year 1871 + 71 <= 2026), independent of publication year"
outlines-of-psychology__wilhelm-wundt__1897,Outlines of psychology,Wilhelm Wundt,1920,false,1897,openlibrary,https://openlibrary.org/works/OL1536314W,en,"merged from 1 source rows (openlibrary); author death year from Wikidata (Q75814); PD via life+70 rule (death year 1920 + 71 <= 2026), independent of publication year"
outre-mer__paul-bourget__1894,Outre-mer,Paul Bourget,1935,false,1894,openlibrary,https://openlibrary.org/works/OL1545301W,en,"merged from 1 source rows (openlibrary); author death year from Wikidata (Q198644); PD via life+70 rule (death year 1935 + 71 <= 2026), independent of publication year"
ozma-of-oz__baum-l-frank__1907,Ozma of Oz,"Baum, L. Frank",,false,1907,openlibrary,https://openlibrary.org/works/OL18415W,en,merged from 1 source rows (openlibrary); pd_basis=pub_year<=1930
ozma-of-oz__l-frank-baum__1907,Ozma of Oz,L. Frank Baum,1919,false,1907,openlibrary,https://openlibrary.org/works/OL18415W,en,"merged from 1 source rows (openlibrary); author death year from Wikidata (Q207544); PD via life+70 rule (death year 1919 + 71 <= 2026), independent of publication year"
paesi-tuoi__cesare-pavese__1941,Paesi tuoi,Cesare Pavese,1950,false,1941,openlibrary,https://openlibrary.org/works/OL10422863W,en,"merged from 1 source rows (openlibrary); author death year from Wikidata (Q2022); PD via life+70 rule (death year 1950 + 71 <= 2026), independent of publication year"
pages__stephane-mallarme__unk,Pages,Stéphane Mallarmé,1898,false,,openlibrary,https://openlibrary.org/works/OL36062864W,en,"merged from 1 source rows (openlibrary); author death year from Wikidata (Q767); PD via life+70 rule (death year 1898 + 71 <= 2026), independent of publication year; publication year (2012) discarded as implausible (>50 years after author's death, likely a modern reprint/collected edition indexed by Open Library as 'first publish year'); needs manual research"
pan__knut-hamsun__1900,Pan,Knut Hamsun,1952,false,1900,openlibrary,https://openlibrary.org/works/OL573192W,en,"merged from 1 source rows (openlibrary); author death year from Wikidata (Q40826); PD via life+70 rule (death year 1952 + 71 <= 2026), independent of publication year"
pancreatic-extracts__frederick-banting__1922,Pancreatic extracts,Frederick Banting,1941,false,1922,openlibrary,https://openlibrary.org/works/OL7759965W,en,"merged from 1 source rows (openlibrary); author death year from Wikidata (Q180350); PD via life+70 rule (death year 1941 + 71 <= 2026), independent of publication year"
pandora-s-box__frank-wedekind__unk,Pandora's Box,Frank Wedekind,1918,false,,openlibrary,https://openlibrary.org/works/OL29722331W,en,"merged from 1 source rows (openlibrary); author death year from Wikidata (Q57619); PD via life+70 rule (death year 1918 + 71 <= 2026), independent of publication year; publication year (2018) discarded as implausible (>50 years after author's death, likely a modern reprint/collected edition indexed by Open Library as 'first publish year'); needs manual research"
panzer-leader__heinz-guderian__1952,Panzer leader,Heinz Guderian,1954,false,1952,openlibrary,https://openlibrary.org/works/OL12522951W,en,"merged from 1 source rows (openlibrary); author death year from Wikidata (Q70560); PD via life+70 rule (death year 1954 + 71 <= 2026), independent of publication year"
papers-of-john-c-calhoun__john-c-calhoun__unk,Papers of John C. Calhoun,John C. Calhoun,1850,false,,openlibrary,https://openlibrary.org/works/OL8702116W,en,"merged from 1 source rows (openlibrary); author death year from Wikidata (Q207191); PD via life+70 rule (death year 1850 + 71 <= 2026), independent of publication year; publication year (1969) discarded as implausible (>50 years after author's death, likely a modern reprint/collected edition indexed by Open Library as 'first publish year'); needs manual research"
paradise-lost__milton-john__1667,Paradise Lost,"Milton, John",1674,false,1667,gutenberg+openlibrary,https://www.gutenberg.org/ebooks/20,en,merged from 2 source rows (gutenberg+openlibrary); publication year via Open Library (earliest edition found; not independently verified); pd_basis=pub_year<=1930
paradise-lost__richard-francis-burton__unk,Paradise Lost,Richard Francis Burton,1890,false,,openlibrary,https://openlibrary.org/works/OL810991W,en,"merged from 1 source rows (openlibrary); author death year from Wikidata (Q125057); PD via life+70 rule (death year 1890 + 71 <= 2026), independent of publication year; publication year (1667) discarded post-merge as implausible (more than 100 years before death (1890), implausible for a single lifetime); needs manual research"
paradise-lost__robert-browning__unk,Paradise Lost,Robert Browning,1889,false,,openlibrary,https://openlibrary.org/works/OL810991W,en,"merged from 1 source rows (openlibrary); author death year from Wikidata (Q233265); PD via life+70 rule (death year 1889 + 71 <= 2026), independent of publication year; publication year (1667) discarded post-merge as implausible (more than 100 years before death (1889), implausible for a single lifetime); needs manual research"
paradise-lost__william-wordsworth__unk,Paradise Lost,William Wordsworth,1850,false,,openlibrary,https://openlibrary.org/works/OL810991W,en,"merged from 1 source rows (openlibrary); author death year from Wikidata (Q45546); PD via life+70 rule (death year 1850 + 71 <= 2026), independent of publication year; publication year (1667) discarded post-merge as implausible (more than 100 years before death (1850), implausible for a single lifetime); needs manual research"
passages-from-the-life-of-a-philisopher__charles-babbage__1864,Passages from the life of a philisopher,Charles Babbage,1871,false,1864,openlibrary,https://openlibrary.org/works/OL3013373W,en,"merged from 1 source rows (openlibrary); author death year from Wikidata (Q46633); PD via life+70 rule (death year 1871 + 71 <= 2026), independent of publication year"
patrologiae-cursus-completus__migne-j-p__1800,Patrologiae cursus completus,"Migne, J.-P",,false,1800,openlibrary,https://openlibrary.org/works/OL177456W,en,merged from 1 source rows (openlibrary); pd_basis=pub_year<=1930
pattern-meaning-in-history__wilhelm-dilthey__unk,Pattern & meaning in history,Wilhelm Dilthey,1911,false,,openlibrary,https://openlibrary.org/works/OL1341361W,en,"merged from 1 source rows (openlibrary); author death year from Wikidata (Q60080); PD via life+70 rule (death year 1911 + 71 <= 2026), independent of publication year; publication year (1962) discarded as implausible (>50 years after author's death, likely a modern reprint/collected edition indexed by Open Library as 'first publish year'); needs manual research"
paul-clifford-complete__lytton-edward-bulwer-lytton-baron__unk,Paul Clifford — Complete,"Lytton, Edward Bulwer Lytton, Baron",1873,false,,gutenberg,https://www.gutenberg.org/ebooks/7735,en,merged from 1 source rows (gutenberg); publication year not found via Open Library; needs manual research
pedagogicheskaia-poema__anton-makarenko__1936,Pedagogicheskai͡a︡ poėma,Anton Makarenko,1939,false,1936,openlibrary,https://openlibrary.org/works/OL8629083W,en,"merged from 1 source rows (openlibrary); author death year from Wikidata (Q297448); PD via life+70 rule (death year 1939 + 71 <= 2026), independent of publication year"
peer-gynt__henrik-ibsen__1867,Peer Gynt,Henrik Ibsen,1906,false,1867,openlibrary,https://openlibrary.org/works/OL52430W,en,"merged from 1 source rows (openlibrary); author death year from Wikidata (Q36661); PD via life+70 rule (death year 1906 + 71 <= 2026), independent of publication year"
pelleas-et-melisande__maurice-maeterlinck__1902,Pelléas et Mélisande,Maurice Maeterlinck,1949,false,1902,openlibrary,https://openlibrary.org/works/OL1452366W,en,"merged from 1 source rows (openlibrary); author death year from Wikidata (Q49747); PD via life+70 rule (death year 1949 + 71 <= 2026), independent of publication year"
pensees__pascal-blaise__1670,Pensées,"Pascal, Blaise",,false,1670,openlibrary,https://openlibrary.org/works/OL1262495W,en,merged from 1 source rows (openlibrary); pd_basis=pub_year<=1930
pericles__shakespeare-william__1609,Pericles,"Shakespeare, William",,false,1609,openlibrary,https://openlibrary.org/works/OL361665W,en,merged from 1 source rows (openlibrary); pd_basis=pub_year<=1930
personal-memoirs-of-u-s-grant-2-volumes-in-1__ulysses-s-grant__1894,Personal Memoirs of U. S. Grant (2 volumes in 1),Ulysses S. Grant,1885,false,1894,openlibrary,https://openlibrary.org/works/OL1928235W,en,"merged from 1 source rows (openlibrary); author death year from Wikidata (Q34836); PD via life+70 rule (death year 1885 + 71 <= 2026), independent of publication year"
personal-memoirs-of-u-s-grant-volume-1__ulysses-s-grant__1885,Personal Memoirs of U. S. Grant (Volume 1),Ulysses S. Grant,1885,false,1885,openlibrary,https://openlibrary.org/works/OL1928211W,en,"merged from 1 source rows (openlibrary); author death year from Wikidata (Q34836); PD via life+70 rule (death year 1885 + 71 <= 2026), independent of publication year"
personal-memoirs-of-u-s-grant-volume-2__ulysses-s-grant__1885,Personal Memoirs of U. S. Grant (Volume 2),Ulysses S. Grant,1885,false,1885,openlibrary,https://openlibrary.org/works/OL1928212W,en,"merged from 1 source rows (openlibrary); author death year from Wikidata (Q34836); PD via life+70 rule (death year 1885 + 71 <= 2026), independent of publication year"
personal-memoirs-of-u-s-grant-complete__grant-ulysses-s-ulysses-simpson__unk,"Personal Memoirs of U. S. Grant, Complete","Grant, Ulysses S. (Ulysses Simpson)",1885,false,,gutenberg,https://www.gutenberg.org/ebooks/4367,en,merged from 1 source rows (gutenberg); publication year not found via Open Library; needs manual research
personal-recollections-from-early-life-to-old-age-of-mary-somerville__mary-somerville__1874,"Personal recollections, from early life to old age, of Mary Somerville",Mary Somerville,1872,false,1874,openlibrary,https://openlibrary.org/works/OL7013871W,en,"merged from 1 source rows (openlibrary); author death year from Wikidata (Q268702); PD via life+70 rule (death year 1872 + 71 <= 2026), independent of publication year"
persuasion__austen-jane__1789,Persuasion,"Austen, Jane",,false,1789,openlibrary,https://openlibrary.org/works/OL66544W,en,merged from 1 source rows (openlibrary); pd_basis=pub_year<=1930
peter-pan__barrie-j-m__1911,Peter Pan,"Barrie, J. M.",,false,1911,openlibrary,https://openlibrary.org/works/OL462007W,en,merged from 1 source rows (openlibrary); pd_basis=pub_year<=1930
peter-pan__j-m-barrie__1911,Peter Pan,J. M. Barrie,1937,false,1911,openlibrary,https://openlibrary.org/works/OL462007W,en,"merged from 1 source rows (openlibrary); author death year from Wikidata (Q81796); PD via life+70 rule (death year 1937 + 71 <= 2026), independent of publication year"
peter-pan-b-peter-and-wendy__barrie-j-m-james-matthew__unk,Peter Pan : $b [Peter and Wendy],"Barrie, J. M. (James Matthew)",1937,false,,gutenberg,https://www.gutenberg.org/ebooks/16,en,merged from 1 source rows (gutenberg); publication year not found via Open Library; needs manual research
peter-the-brazen-a-mystery-story-of-modern-china__worts-george-f-george-frank__2013,Peter the Brazen: A Mystery Story of Modern China,"Worts, George F. (George Frank)",,false,2013,gutenberg,https://www.gutenberg.org/ebooks/28780,en,merged from 1 source rows (gutenberg); publication year via Open Library (earliest edition found; not independently verified); author death year unknown (Gutendex has no record)
peterburg__andrei-bely__1916,Peterburg,Andrei Bely,1934,false,1916,openlibrary,https://openlibrary.org/works/OL175545W,en,"merged from 1 source rows (openlibrary); author death year from Wikidata (Q212632); PD via life+70 rule (death year 1934 + 71 <= 2026), independent of publication year"
petersburg__andrei-bely__1979,Petersburg,Andrei Bely,1934,false,1979,openlibrary,https://openlibrary.org/works/OL7973564W,en,"merged from 1 source rows (openlibrary); author death year from Wikidata (Q212632); PD via life+70 rule (death year 1934 + 71 <= 2026), independent of publication year"
phaedo__plato__unk,Phaedo,Plato,-348,false,,gutenberg,https://www.gutenberg.org/ebooks/1658,en,"merged from 1 source rows (gutenberg); classical/ancient work (author died before 1400) -- original composition predates reliable publication-year records, not looked up automatically; needs manual research"
phaedrus__plato__unk,Phaedrus,Plato,-348,false,,gutenberg,https://www.gutenberg.org/ebooks/1636,en,"merged from 1 source rows (gutenberg); classical/ancient work (author died before 1400) -- original composition predates reliable publication-year records, not looked up automatically; needs manual research"
phantastes__macdonald-george__1850,Phantastes,"MacDonald, George",,false,1850,openlibrary,https://openlibrary.org/works/OL15450W,en,merged from 1 source rows (openlibrary); pd_basis=pub_year<=1930
pharaoh__bolesaw-prus__unk,Pharaoh,Bolesław Prus,1912,false,,openlibrary,https://openlibrary.org/works/OL8545958W,en,"merged from 1 source rows (openlibrary); author death year from Wikidata (Q144439); PD via life+70 rule (death year 1912 + 71 <= 2026), independent of publication year; publication year (1991) discarded as implausible (>50 years after author's death, likely a modern reprint/collected edition indexed by Open Library as 'first publish year'); needs manual research"
philine__henri-frederic-amiel__1927,Philine,Henri-Frédéric Amiel,1881,false,1927,openlibrary,https://openlibrary.org/works/OL4714176W,en,"merged from 1 source rows (openlibrary); author death year from Wikidata (Q123916); PD via life+70 rule (death year 1881 + 71 <= 2026), independent of publication year"
philosophy-and-living__olaf-stapledon__1935,Philosophy and living,Olaf Stapledon,1950,false,1935,openlibrary,https://openlibrary.org/works/OL3290749W,en,"merged from 1 source rows (openlibrary); author death year from Wikidata (Q337373); PD via life+70 rule (death year 1950 + 71 <= 2026), independent of publication year"
physical-geography__mary-somerville__1848,Physical geography,Mary Somerville,1872,false,1848,openlibrary,https://openlibrary.org/works/OL7013872W,en,"merged from 1 source rows (openlibrary); author death year from Wikidata (Q268702); PD via life+70 rule (death year 1872 + 71 <= 2026), independent of publication year"
physique-de-lamour__remy-de-gourmont__1903,Physique de lʹamour,Remy de Gourmont,1915,false,1903,openlibrary,https://openlibrary.org/works/OL1124603W,en,"merged from 1 source rows (openlibrary); author death year from Wikidata (Q353876); PD via life+70 rule (death year 1915 + 71 <= 2026), independent of publication year"
pied-piper__viktor-dyk__unk,Pied Piper,Viktor Dyk,1931,false,,openlibrary,https://openlibrary.org/works/OL28007766W,en,"merged from 1 source rows (openlibrary); author death year from Wikidata (Q109067); PD via life+70 rule (death year 1931 + 71 <= 2026), independent of publication year; publication year (2018) discarded as implausible (>50 years after author's death, likely a modern reprint/collected edition indexed by Open Library as 'first publish year'); needs manual research"
piet-mondrian-1872-1944__piet-mondrian__1966,"Piet Mondrian, 1872-1944",Piet Mondrian,1944,false,1966,openlibrary,https://openlibrary.org/works/OL3103604W,en,"merged from 1 source rows (openlibrary); author death year from Wikidata (Q151803); PD via life+70 rule (death year 1944 + 71 <= 2026), independent of publication year"
pinocchio__carlo-collodi__1921,Pinocchio,Carlo Collodi,1890,false,1921,openlibrary,https://openlibrary.org/works/OL37819848W,en,"merged from 1 source rows (openlibrary); author death year from Wikidata (Q199588); PD via life+70 rule (death year 1890 + 71 <= 2026), independent of publication year"
pioneer-work-in-opening-the-medical-profession-to-women__elizabeth-blackwell__unk,Pioneer Work in Opening the Medical Profession to Women,Elizabeth Blackwell,1910,false,,openlibrary,https://openlibrary.org/works/OL20595967W,en,"merged from 1 source rows (openlibrary); author death year from Wikidata (Q234572); PD via life+70 rule (death year 1910 + 71 <= 2026), independent of publication year; publication year (2015) discarded as implausible (>50 years after author's death, likely a modern reprint/collected edition indexed by Open Library as 'first publish year'); needs manual research"
pitt__archibald-primrose-5th-earl-of-rosebery__1891,Pitt,"Archibald Primrose, 5th Earl of Rosebery",1929,false,1891,openlibrary,https://openlibrary.org/works/OL18412756W,en,"merged from 1 source rows (openlibrary); author death year from Wikidata (Q244620); PD via life+70 rule (death year 1929 + 71 <= 2026), independent of publication year"
plague-ship__norton-andre__1956,Plague Ship,"Norton, Andre",2005,false,1956,gutenberg,https://www.gutenberg.org/ebooks/16921,en,merged from 1 source rows (gutenberg); publication year via Open Library (earliest edition found; not independently verified)
plain-tales-from-the-hills__kipling-rudyard__1888,Plain tales from the hills,"Kipling, Rudyard",,false,1888,openlibrary,https://openlibrary.org/works/OL20170W,en,merged from 1 source rows (openlibrary); pd_basis=pub_year<=1930
plays__alexander-ostrovsky__unk,Plays,Alexander Ostrovsky,1886,false,,openlibrary,https://openlibrary.org/works/OL20345804W,en,"merged from 1 source rows (openlibrary); author death year from Wikidata (Q171976); PD via life+70 rule (death year 1886 + 71 <= 2026), independent of publication year; publication year (1974) discarded as implausible (>50 years after author's death, likely a modern reprint/collected edition indexed by Open Library as 'first publish year'); needs manual research"
plays__jacinto-benavente__1917,Plays,Jacinto Benavente,1954,false,1917,openlibrary,https://openlibrary.org/works/OL15239296W,en,"merged from 1 source rows (openlibrary); author death year from Wikidata (Q83184); PD via life+70 rule (death year 1954 + 71 <= 2026), independent of publication year"
plish-and-plum__wilhelm-busch__unk,Plish and Plum,Wilhelm Busch,1908,false,,openlibrary,https://openlibrary.org/works/OL29774794W,en,"merged from 1 source rows (openlibrary); author death year from Wikidata (Q109540); PD via life+70 rule (death year 1908 + 71 <= 2026), independent of publication year; publication year (2019) discarded as implausible (>50 years after author's death, likely a modern reprint/collected edition indexed by Open Library as 'first publish year'); needs manual research"
plotters-and-victims__vajiravudh__unk,Plotters and victims,Vajiravudh,1925,false,,openlibrary,https://openlibrary.org/works/OL1022699W,en,"merged from 1 source rows (openlibrary); author death year from Wikidata (Q161389); PD via life+70 rule (death year 1925 + 71 <= 2026), independent of publication year; publication year (1978) discarded as implausible (>50 years after author's death, likely a modern reprint/collected edition indexed by Open Library as 'first publish year'); needs manual research"
plutarch-s-lives-volume-3-of-4__plutarch__unk,"Plutarch's Lives, Volume 3 (of 4)",Plutarch,119,false,,gutenberg,https://www.gutenberg.org/ebooks/14140,en,"merged from 1 source rows (gutenberg); classical/ancient work (author died before 1400) -- original composition predates reliable publication-year records, not looked up automatically; needs manual research"
plutarch-s-morals__plutarch__unk,Plutarch's Morals,Plutarch,119,false,,gutenberg,https://www.gutenberg.org/ebooks/23639,en,"merged from 1 source rows (gutenberg); classical/ancient work (author died before 1400) -- original composition predates reliable publication-year records, not looked up automatically; needs manual research"
plutarch-lives-of-the-noble-grecians-and-romans__plutarch__unk,Plutarch: Lives of the noble Grecians and Romans,Plutarch,119,false,,gutenberg,https://www.gutenberg.org/ebooks/674,en,"merged from 1 source rows (gutenberg); classical/ancient work (author died before 1400) -- original composition predates reliable publication-year records, not looked up automatically; needs manual research"
pod-igoto-under-the-yoke__ivan-vazov__1912,Pod igoto  ( Under  the  yoke  ),Ivan Vazov,1921,false,1912,openlibrary,https://openlibrary.org/works/OL9126441W,en,"merged from 1 source rows (openlibrary); author death year from Wikidata (Q310630); PD via life+70 rule (death year 1921 + 71 <= 2026), independent of publication year"
poems__alexander-blok__1916,Poems,Alexander Blok,1921,false,1916,openlibrary,https://openlibrary.org/works/OL758995W,en,"merged from 1 source rows (openlibrary); author death year from Wikidata (Q164765); PD via life+70 rule (death year 1921 + 71 <= 2026), independent of publication year"
poems__alfred-tennyson__1827,Poems,Alfred Tennyson,1892,false,1827,openlibrary,https://openlibrary.org/works/OL15097239W,en,"merged from 1 source rows (openlibrary); author death year from Wikidata (Q173869); PD via life+70 rule (death year 1892 + 71 <= 2026), independent of publication year"
poems__algernon-charles-swinburne__1904,Poems,Algernon Charles Swinburne,1909,false,1904,openlibrary,https://openlibrary.org/works/OL1148250W,en,"merged from 1 source rows (openlibrary); author death year from Wikidata (Q315511); PD via life+70 rule (death year 1909 + 71 <= 2026), independent of publication year"
poems__arthur-rimbaud__1939,Poems,Arthur Rimbaud,1891,false,1939,openlibrary,https://openlibrary.org/works/OL156820W,en,"merged from 1 source rows (openlibrary); author death year from Wikidata (Q493); PD via life+70 rule (death year 1891 + 71 <= 2026), independent of publication year"
poems__christina-rossetti__1888,Poems,Christina Rossetti,1894,false,1888,openlibrary,https://openlibrary.org/works/OL524625W,en,"merged from 1 source rows (openlibrary); author death year from Wikidata (Q236596); PD via life+70 rule (death year 1894 + 71 <= 2026), independent of publication year"
poems__cesar-vallejo__1962,Poems,César Vallejo,1938,false,1962,openlibrary,https://openlibrary.org/works/OL990924W,en,"merged from 1 source rows (openlibrary); author death year from Wikidata (Q222744); PD via life+70 rule (death year 1938 + 71 <= 2026), independent of publication year"
poems__dante-gabriel-rossetti__1870,Poems,Dante Gabriel Rossetti,1882,false,1870,openlibrary,https://openlibrary.org/works/OL50012W,en,"merged from 1 source rows (openlibrary); author death year from Wikidata (Q186748); PD via life+70 rule (death year 1882 + 71 <= 2026), independent of publication year"
poems__edna-st-vincent-millay__1939,Poems,Edna St. Vincent Millay,1950,false,1939,openlibrary,https://openlibrary.org/works/OL11015543W,en,"merged from 1 source rows (openlibrary); author death year from Wikidata (Q62134); PD via life+70 rule (death year 1950 + 71 <= 2026), independent of publication year"
poems__elizabeth-barrett-browning__1844,Poems,Elizabeth Barrett Browning,1861,false,1844,openlibrary,https://openlibrary.org/works/OL1198483W,en,"merged from 1 source rows (openlibrary); author death year from Wikidata (Q228494); PD via life+70 rule (death year 1861 + 71 <= 2026), independent of publication year"
poems__endre-ady__1967,Poems,Endre Ady,1919,false,1967,openlibrary,https://openlibrary.org/works/OL649380W,en,"merged from 1 source rows (openlibrary); author death year from Wikidata (Q211392); PD via life+70 rule (death year 1919 + 71 <= 2026), independent of publication year"
poems__federico-garcia-lorca__1900,Poems,Federico García Lorca,1936,false,1900,openlibrary,https://openlibrary.org/works/OL722550W,en,"merged from 1 source rows (openlibrary); author death year from Wikidata (Q41408); PD via life+70 rule (death year 1936 + 71 <= 2026), independent of publication year"
poems__fernando-pessoa__1945,Poems,Fernando Pessoa,1935,false,1945,openlibrary,https://openlibrary.org/works/OL847252W,en,"merged from 1 source rows (openlibrary); author death year from Wikidata (Q173481); PD via life+70 rule (death year 1935 + 71 <= 2026), independent of publication year"
poems__georg-trakl__1946,Poems,Georg Trakl,1914,false,1946,openlibrary,https://openlibrary.org/works/OL1243409W,en,"merged from 1 source rows (openlibrary); author death year from Wikidata (Q78476); PD via life+70 rule (death year 1914 + 71 <= 2026), independent of publication year"
poems__giosue-carducci__1907,Poems,Giosuè Carducci,1907,false,1907,openlibrary,https://openlibrary.org/works/OL10341936W,en,"merged from 1 source rows (openlibrary); author death year from Wikidata (Q43440); PD via life+70 rule (death year 1907 + 71 <= 2026), independent of publication year"
poems__marina-tsvetaeva__1974,Poems,Marina Tsvetaeva,1941,false,1974,openlibrary,https://openlibrary.org/works/OL857899W,en,"merged from 1 source rows (openlibrary); author death year from Wikidata (Q188526); PD via life+70 rule (death year 1941 + 71 <= 2026), independent of publication year"
poems__mihai-eminescu__1897,Poems,Mihai Eminescu,1889,false,1897,openlibrary,https://openlibrary.org/works/OL144849W,en,"merged from 1 source rows (openlibrary); author death year from Wikidata (Q184935); PD via life+70 rule (death year 1889 + 71 <= 2026), independent of publication year"
poems__mirza-ghalib__unk,Poems,Mirza Ghalib,1869,false,,openlibrary,https://openlibrary.org/works/OL294670W,en,"merged from 1 source rows (openlibrary); author death year from Wikidata (Q107000); PD via life+70 rule (death year 1869 + 71 <= 2026), independent of publication year; publication year (1925) discarded as implausible (>50 years after author's death, likely a modern reprint/collected edition indexed by Open Library as 'first publish year'); needs manual research"
poems__oliver-wendell-holmes__1836,Poems,Oliver Wendell Holmes,1894,false,1836,openlibrary,https://openlibrary.org/works/OL1109051W,en,"merged from 1 source rows (openlibrary); author death year from Wikidata (Q319829); PD via life+70 rule (death year 1894 + 71 <= 2026), independent of publication year"
poems__osip-mandelstam__1973,Poems,Osip Mandelstam,1938,false,1973,openlibrary,https://openlibrary.org/works/OL916330W,en,"merged from 1 source rows (openlibrary); author death year from Wikidata (Q189950); PD via life+70 rule (death year 1938 + 71 <= 2026), independent of publication year"
poems__paul-verlaine__1902,Poems,Paul Verlaine,1896,false,1902,openlibrary,https://openlibrary.org/works/OL1276177W,en,"merged from 1 source rows (openlibrary); author death year from Wikidata (Q755); PD via life+70 rule (death year 1896 + 71 <= 2026), independent of publication year"
poems__rainer-maria-rilke__1900,Poems,Rainer Maria Rilke,1926,false,1900,openlibrary,https://openlibrary.org/works/OL3800819W,en,"merged from 1 source rows (openlibrary); author death year from Wikidata (Q76483); PD via life+70 rule (death year 1926 + 71 <= 2026), independent of publication year"
poems__ralph-waldo-emerson__1847,Poems,Ralph Waldo Emerson,1882,false,1847,openlibrary,https://openlibrary.org/works/OL62247W,en,"merged from 1 source rows (openlibrary); author death year from Wikidata (Q48226); PD via life+70 rule (death year 1882 + 71 <= 2026), independent of publication year"
poems__rosalia-de-castro__unk,Poems,Rosalía de Castro,1885,false,,openlibrary,https://openlibrary.org/works/OL1222344W,en,"merged from 1 source rows (openlibrary); author death year from Wikidata (Q464264); PD via life+70 rule (death year 1885 + 71 <= 2026), independent of publication year; publication year (1964) discarded as implausible (>50 years after author's death, likely a modern reprint/collected edition indexed by Open Library as 'first publish year'); needs manual research"
poems__ruben-dario__1888,Poems,Rubén Darío,1916,false,1888,openlibrary,https://openlibrary.org/works/OL15239288W,en,"merged from 1 source rows (openlibrary); author death year from Wikidata (Q173767); PD via life+70 rule (death year 1916 + 71 <= 2026), independent of publication year"
poems__stephane-mallarme__1913,Poems,Stéphane Mallarmé,1898,false,1913,openlibrary,https://openlibrary.org/works/OL574546W,en,"merged from 1 source rows (openlibrary); author death year from Wikidata (Q767); PD via life+70 rule (death year 1898 + 71 <= 2026), independent of publication year"
poems__tennyson-alfred-lord__1827,Poems,"Tennyson, Alfred Lord",,false,1827,openlibrary,https://openlibrary.org/works/OL15097239W,en,merged from 1 source rows (openlibrary); pd_basis=pub_year<=1930
poems__vladimir-mayakovsky__1940,Poems,Vladimir Mayakovsky,1930,false,1940,openlibrary,https://openlibrary.org/works/OL2141394W,en,"merged from 1 source rows (openlibrary); author death year from Wikidata (Q132964); PD via life+70 rule (death year 1930 + 71 <= 2026), independent of publication year"
poems__wallace-stevens__1945,Poems,Wallace Stevens,1955,false,1945,openlibrary,https://openlibrary.org/works/OL464018W,en,"merged from 1 source rows (openlibrary); author death year from Wikidata (Q166835); PD via life+70 rule (death year 1955 + 71 <= 2026), independent of publication year"
poems__wilfred-owen__1920,Poems,Wilfred Owen,1918,false,1920,openlibrary,https://openlibrary.org/works/OL659571W,en,"merged from 1 source rows (openlibrary); author death year from Wikidata (Q212719); PD via life+70 rule (death year 1918 + 71 <= 2026), independent of publication year"
poems__william-butler-yeats__1895,Poems,William Butler Yeats,1939,false,1895,openlibrary,https://openlibrary.org/works/OL38847W,en,"merged from 1 source rows (openlibrary); author death year from Wikidata (Q40213); PD via life+70 rule (death year 1939 + 71 <= 2026), independent of publication year"
poems__william-wordsworth__1807,Poems,William Wordsworth,1850,false,1807,openlibrary,https://openlibrary.org/works/OL26386W,en,"merged from 1 source rows (openlibrary); author death year from Wikidata (Q45546); PD via life+70 rule (death year 1850 + 71 <= 2026), independent of publication year"
poems__wordsworth-william__1807,Poems,"Wordsworth, William",,false,1807,openlibrary,https://openlibrary.org/works/OL26386W,en,merged from 1 source rows (openlibrary); pd_basis=pub_year<=1930
poems-and-ballads__algernon-charles-swinburne__1866,Poems and ballads,Algernon Charles Swinburne,1909,false,1866,openlibrary,https://openlibrary.org/works/OL1148073W,en,"merged from 1 source rows (openlibrary); author death year from Wikidata (Q315511); PD via life+70 rule (death year 1909 + 71 <= 2026), independent of publication year"
poems-and-prose-of-mihai-eminescu__mihai-eminescu__unk,Poems and Prose of Mihai Eminescu,Mihai Eminescu,1889,false,,openlibrary,https://openlibrary.org/works/OL21654824W,en,"merged from 1 source rows (openlibrary); author death year from Wikidata (Q184935); PD via life+70 rule (death year 1889 + 71 <= 2026), independent of publication year; publication year (2019) discarded as implausible (>50 years after author's death, likely a modern reprint/collected edition indexed by Open Library as 'first publish year'); needs manual research"
poems-and-songs-of-robert-burns__burns-robert__unk,Poems and Songs of Robert Burns,"Burns, Robert",1796,false,,gutenberg,https://www.gutenberg.org/ebooks/1279,en,"merged from 1 source rows (gutenberg); Open Library match discarded: returned 1853, which is more than 5 years after author's death (1796) -- likely an indexed reprint rather than the original edition; needs manual research"
poems-of-night-and-day__fyodor-tyutchev__unk,Poems of night and day,Fyodor Tyutchev,1873,false,,openlibrary,https://openlibrary.org/works/OL663707W,en,"merged from 1 source rows (openlibrary); author death year from Wikidata (Q37217); PD via life+70 rule (death year 1873 + 71 <= 2026), independent of publication year; publication year (1974) discarded as implausible (>50 years after author's death, likely a modern reprint/collected edition indexed by Open Library as 'first publish year'); needs manual research"
poems-of-the-irish-revolutionary-brotherhood__patrick-pearse__1916,Poems of the Irish revolutionary brotherhood,Patrick Pearse,1916,false,1916,openlibrary,https://openlibrary.org/works/OL2635360W,en,"merged from 1 source rows (openlibrary); author death year from Wikidata (Q274143); PD via life+70 rule (death year 1916 + 71 <= 2026), independent of publication year"
poems-of-uhland__ludwig-uhland__unk,Poems of Uhland,Ludwig Uhland,1862,false,,openlibrary,https://openlibrary.org/works/OL28459519W,en,"merged from 1 source rows (openlibrary); author death year from Wikidata (Q61058); PD via life+70 rule (death year 1862 + 71 <= 2026), independent of publication year; publication year (2018) discarded as implausible (>50 years after author's death, likely a modern reprint/collected edition indexed by Open Library as 'first publish year'); needs manual research"
poesias-completas__antonio-machado__1917,Poesías completas,Antonio Machado,1939,false,1917,openlibrary,https://openlibrary.org/works/OL1344055W,en,"merged from 1 source rows (openlibrary); author death year from Wikidata (Q243771); PD via life+70 rule (death year 1939 + 71 <= 2026), independent of publication year"
poetic-imagination-and-insanity__wilhelm-dilthey__unk,Poetic Imagination and Insanity,Wilhelm Dilthey,1911,false,,openlibrary,https://openlibrary.org/works/OL37859985W,en,"merged from 1 source rows (openlibrary); author death year from Wikidata (Q60080); PD via life+70 rule (death year 1911 + 71 <= 2026), independent of publication year; publication year (2023) discarded as implausible (>50 years after author's death, likely a modern reprint/collected edition indexed by Open Library as 'first publish year'); needs manual research"
poetry-of-the-vegetable-world__matthias-jacob-schleiden__unk,Poetry of the Vegetable World,Matthias Jacob Schleiden,1881,false,,openlibrary,https://openlibrary.org/works/OL22239277W,en,"merged from 1 source rows (openlibrary); author death year from Wikidata (Q76747); PD via life+70 rule (death year 1881 + 71 <= 2026), independent of publication year; publication year (2018) discarded as implausible (>50 years after author's death, likely a modern reprint/collected edition indexed by Open Library as 'first publish year'); needs manual research"
poil-de-carotte__jules-renard__1894,Poil de carotte,Jules Renard,1910,false,1894,openlibrary,https://openlibrary.org/works/OL1498223W,en,"merged from 1 source rows (openlibrary); author death year from Wikidata (Q314987); PD via life+70 rule (death year 1910 + 71 <= 2026), independent of publication year"
poirot-investigates__christie-agatha__1924,Poirot Investigates,"Christie, Agatha",1976,false,1924,gutenberg,https://www.gutenberg.org/ebooks/61262,en,merged from 1 source rows (gutenberg); publication year via Open Library (earliest edition found; not independently verified)
politicheskaia-ekonomiia-rante__nikolai-bukharin__1927,Politicheskai︠a︡ ėkonomii︠a︡ rantʹe,Nikolai Bukharin,1938,false,1927,openlibrary,https://openlibrary.org/works/OL2448422W,en,"merged from 1 source rows (openlibrary); author death year from Wikidata (Q186709); PD via life+70 rule (death year 1938 + 71 <= 2026), independent of publication year"
pollyanna__porter-eleanor-hodgman__1912,Pollyanna,"Porter, Eleanor Hodgman",,false,1912,openlibrary,https://openlibrary.org/works/OL2775807W,en,merged from 1 source rows (openlibrary); pd_basis=pub_year<=1930
pollyanna-grows-up__porter-eleanor-hodgman__1915,Pollyanna Grows Up,"Porter, Eleanor Hodgman",,false,1915,openlibrary,https://openlibrary.org/works/OL2775806W,en,merged from 1 source rows (openlibrary); pd_basis=pub_year<=1930
polnische-bauernnovellen__wadysaw-reymont__unk,Polnische Bauernnovellen,Władysław Reymont,1925,false,,openlibrary,https://openlibrary.org/works/OL36055165W,en,"merged from 1 source rows (openlibrary); author death year from Wikidata (Q121180); PD via life+70 rule (death year 1925 + 71 <= 2026), independent of publication year; publication year (2011) discarded as implausible (>50 years after author's death, likely a modern reprint/collected edition indexed by Open Library as 'first publish year'); needs manual research"
popular-astronomy__george-biddell-airy__1866,Popular astronomy,George Biddell Airy,1892,false,1866,openlibrary,https://openlibrary.org/works/OL6321798W,en,"merged from 1 source rows (openlibrary); author death year from Wikidata (Q20018); PD via life+70 rule (death year 1892 + 71 <= 2026), independent of publication year"
popular-government__william-howard-taft__unk,Popular Government,William Howard Taft,1930,false,,openlibrary,https://openlibrary.org/works/OL21353104W,en,"merged from 1 source rows (openlibrary); author death year from Wikidata (Q35648); PD via life+70 rule (death year 1930 + 71 <= 2026), independent of publication year; publication year (2017) discarded as implausible (>50 years after author's death, likely a modern reprint/collected edition indexed by Open Library as 'first publish year'); needs manual research"
popular-lectures-on-astronomy__francois-arago__1845,Popular lectures on astronomy,François Arago,1853,false,1845,openlibrary,https://openlibrary.org/works/OL5230312W,en,"merged from 1 source rows (openlibrary); author death year from Wikidata (Q154353); PD via life+70 rule (death year 1853 + 71 <= 2026), independent of publication year"
popular-tales-from-the-norse__peter-christen-asbjrnsen__1859,Popular tales from the Norse,Peter Christen Asbjørnsen,1885,false,1859,openlibrary,https://openlibrary.org/works/OL2384811W,en,"merged from 1 source rows (openlibrary); author death year from Wikidata (Q355485); PD via life+70 rule (death year 1885 + 71 <= 2026), independent of publication year"
povidky-malostranske__jan-neruda__1878,Povídky malostranské,Jan Neruda,1891,false,1878,openlibrary,https://openlibrary.org/works/OL775738W,en,"merged from 1 source rows (openlibrary); author death year from Wikidata (Q156321); PD via life+70 rule (death year 1891 + 71 <= 2026), independent of publication year"
poesies-completes-volume-3__theodore-de-banville__unk,Poésies Complètes; Volume 3,Théodore de Banville,1891,false,,openlibrary,https://openlibrary.org/works/OL24516860W,en,"merged from 1 source rows (openlibrary); author death year from Wikidata (Q312630); PD via life+70 rule (death year 1891 + 71 <= 2026), independent of publication year; publication year (2018) discarded as implausible (>50 years after author's death, likely a modern reprint/collected edition indexed by Open Library as 'first publish year'); needs manual research"
prentice-hall-literature-platinum__mehmed-v__unk,Prentice Hall Literature -- Platinum,Mehmed V,1918,false,,openlibrary,https://openlibrary.org/works/OL7942250W,en,"merged from 1 source rows (openlibrary); author death year from Wikidata (Q151494); PD via life+70 rule (death year 1918 + 71 <= 2026), independent of publication year; publication year (1989) discarded as implausible (>50 years after author's death, likely a modern reprint/collected edition indexed by Open Library as 'first publish year'); needs manual research"
prentice-hall-literature-platinum__thomas-r-marshall__unk,Prentice Hall Literature -- Platinum,Thomas R. Marshall,1925,false,,openlibrary,https://openlibrary.org/works/OL7942250W,en,"merged from 1 source rows (openlibrary); author death year from Wikidata (Q299001); PD via life+70 rule (death year 1925 + 71 <= 2026), independent of publication year; publication year (1989) discarded as implausible (>50 years after author's death, likely a modern reprint/collected edition indexed by Open Library as 'first publish year'); needs manual research"
prentice-hall-literature-grade-ten__maria-mitchell__unk,Prentice Hall Literature [Grade Ten],Maria Mitchell,1889,false,,openlibrary,https://openlibrary.org/works/OL7948415W,en,"merged from 1 source rows (openlibrary); author death year from Wikidata (Q239229); PD via life+70 rule (death year 1889 + 71 <= 2026), independent of publication year; publication year (2007) discarded as implausible (>50 years after author's death, likely a modern reprint/collected edition indexed by Open Library as 'first publish year'); needs manual research"
prentice-hall-literature-grade-ten__susan-b-anthony__unk,Prentice Hall Literature [Grade Ten],Susan B. Anthony,1906,false,,openlibrary,https://openlibrary.org/works/OL7948415W,en,"merged from 1 source rows (openlibrary); author death year from Wikidata (Q192245); PD via life+70 rule (death year 1906 + 71 <= 2026), independent of publication year; publication year (2007) discarded as implausible (>50 years after author's death, likely a modern reprint/collected edition indexed by Open Library as 'first publish year'); needs manual research"
prentice-hall-literature-timeless-voices-timeless-themes-copper-level__d-w-griffith__unk,"Prentice Hall Literature--Timeless Voices, Timeless Themes--Copper Level",D. W. Griffith,1948,false,,openlibrary,https://openlibrary.org/works/OL24161213W,en,"merged from 1 source rows (openlibrary); author death year from Wikidata (Q51123); PD via life+70 rule (death year 1948 + 71 <= 2026), independent of publication year; publication year (2002) discarded as implausible (>50 years after author's death, likely a modern reprint/collected edition indexed by Open Library as 'first publish year'); needs manual research"
prentice-hall-literature-timeless-voices-timeless-themes-copper-level__david-lloyd-george__unk,"Prentice Hall Literature--Timeless Voices, Timeless Themes--Copper Level",David Lloyd George,1945,false,,openlibrary,https://openlibrary.org/works/OL24161213W,en,"merged from 1 source rows (openlibrary); author death year from Wikidata (Q134982); PD via life+70 rule (death year 1945 + 71 <= 2026), independent of publication year; publication year (2002) discarded as implausible (>50 years after author's death, likely a modern reprint/collected edition indexed by Open Library as 'first publish year'); needs manual research"
prentice-hall-literature-timeless-voices-timeless-themes-copper-level__karl-kraus__unk,"Prentice Hall Literature--Timeless Voices, Timeless Themes--Copper Level",Karl Kraus,1936,false,,openlibrary,https://openlibrary.org/works/OL24161213W,en,"merged from 1 source rows (openlibrary); author death year from Wikidata (Q44328); PD via life+70 rule (death year 1936 + 71 <= 2026), independent of publication year; publication year (2002) discarded as implausible (>50 years after author's death, likely a modern reprint/collected edition indexed by Open Library as 'first publish year'); needs manual research"
prentice-hall-literature-timeless-voices-timeless-themes-the-american-experience__d-w-griffith__unk,"Prentice Hall Literature--Timeless Voices, Timeless Themes--The American Experience",D. W. Griffith,1948,false,,openlibrary,https://openlibrary.org/works/OL7951018W,en,"merged from 1 source rows (openlibrary); author death year from Wikidata (Q51123); PD via life+70 rule (death year 1948 + 71 <= 2026), independent of publication year; publication year (1999) discarded as implausible (>50 years after author's death, likely a modern reprint/collected edition indexed by Open Library as 'first publish year'); needs manual research"
prentice-hall-literature-timeless-voices-timeless-themes-the-american-experience__louise-michel__unk,"Prentice Hall Literature--Timeless Voices, Timeless Themes--The American Experience",Louise Michel,1905,false,,openlibrary,https://openlibrary.org/works/OL7951018W,en,"merged from 1 source rows (openlibrary); author death year from Wikidata (Q216092); PD via life+70 rule (death year 1905 + 71 <= 2026), independent of publication year; publication year (1999) discarded as implausible (>50 years after author's death, likely a modern reprint/collected edition indexed by Open Library as 'first publish year'); needs manual research"
presidential-problems__grover-cleveland__1904,Presidential problems,Grover Cleveland,1908,false,1904,openlibrary,https://openlibrary.org/works/OL3278709W,en,"merged from 1 source rows (openlibrary); author death year from Wikidata (Q35171); PD via life+70 rule (death year 1908 + 71 <= 2026), independent of publication year"
prester-john__buchan-john__1900,Prester John,"Buchan, John",,false,1900,openlibrary,https://openlibrary.org/works/OL76595W,en,merged from 1 source rows (openlibrary); pd_basis=pub_year<=1930
pride-and-prejudice__austen-jane__1813,Pride and Prejudice,"Austen, Jane",1817,false,1813,gutenberg+openlibrary,https://www.gutenberg.org/ebooks/1342,en,merged from 2 source rows (gutenberg+openlibrary); publication year via Open Library (earliest edition found; not independently verified); pd_basis=pub_year<=1930
primitive-culture__edward-burnett-tylor__unk,Primitive Culture,Edward Burnett Tylor,1917,false,,openlibrary,https://openlibrary.org/works/OL21123651W,en,"merged from 1 source rows (openlibrary); author death year from Wikidata (Q141037); PD via life+70 rule (death year 1917 + 71 <= 2026), independent of publication year; publication year (2010) discarded as implausible (>50 years after author's death, likely a modern reprint/collected edition indexed by Open Library as 'first publish year'); needs manual research"
princesse-de-cleves__fayette-madame-de-la__1678,Princesse de Clèves,"Fayette, Madame de La",,false,1678,openlibrary,https://openlibrary.org/works/OL1244914W,en,merged from 1 source rows (openlibrary); pd_basis=pub_year<=1930
principia-mathematica__alfred-north-whitehead__1910,Principia mathematica,Alfred North Whitehead,1947,false,1910,openlibrary,https://openlibrary.org/works/OL1133702W,en,"merged from 1 source rows (openlibrary); author death year from Wikidata (Q183372); PD via life+70 rule (death year 1947 + 71 <= 2026), independent of publication year"
principles-of-geology__charles-lyell__1830,Principles of geology,Charles Lyell,1875,false,1830,openlibrary,https://openlibrary.org/works/OL1104997W,en,"merged from 1 source rows (openlibrary); author death year from Wikidata (Q5333); PD via life+70 rule (death year 1875 + 71 <= 2026), independent of publication year"
principles-of-neo-plastic-art__theo-van-doesburg__1969,Principles of neo-plastic art,Theo van Doesburg,1931,false,1969,openlibrary,https://openlibrary.org/works/OL8930997W,en,"merged from 1 source rows (openlibrary); author death year from Wikidata (Q160422); PD via life+70 rule (death year 1931 + 71 <= 2026), independent of publication year"
priscilla-s-spies__birmingham-george-a__1912,Priscilla's Spies,"Birmingham, George A.",1950,false,1912,gutenberg,https://www.gutenberg.org/ebooks/21394,en,merged from 1 source rows (gutenberg); publication year via Open Library (earliest edition found; not independently verified)
prison-memoirs-of-an-anarchist__alexander-berkman__1912,Prison Memoirs of an Anarchist,Alexander Berkman,1936,false,1912,openlibrary,https://openlibrary.org/works/OL14861344W,en,"merged from 1 source rows (openlibrary); author death year from Wikidata (Q195390); PD via life+70 rule (death year 1936 + 71 <= 2026), independent of publication year"
proceedings-of-the-twenty-sixth-annual-convention-of-the-national-american-woman-suffrage-association-held-in-washington-d-c-february-15-16-17-18-19-and-20-1894__susan-b-anthony__unk,"Proceedings Of The Twenty-sixth Annual Convention Of The National American Woman Suffrage Association, Held In Washington, D.c., February 15, 16, 17, 18, 19, And 20, 1894",Susan B. Anthony,1906,false,,openlibrary,https://openlibrary.org/works/OL24405710W,en,"merged from 1 source rows (openlibrary); author death year from Wikidata (Q192245); PD via life+70 rule (death year 1906 + 71 <= 2026), independent of publication year; publication year (2018) discarded as implausible (>50 years after author's death, likely a modern reprint/collected edition indexed by Open Library as 'first publish year'); needs manual research"
proekt-postanovki-na-stsenu-tragedii-tsar-fedor-ioannovich__aleksey-konstantinovich-tolstoy__1869,"Proekt postanovki na st︠s︡enu tragedii ""T︠S︡arʹ Ḟedor Ĭoannovich""",Aleksey Konstantinovich Tolstoy,1875,false,1869,openlibrary,https://openlibrary.org/works/OL16790964W,en,"merged from 1 source rows (openlibrary); author death year from Wikidata (Q212575); PD via life+70 rule (death year 1875 + 71 <= 2026), independent of publication year"
prosas-profanas__ruben-dario__1916,Prosas profanas,Rubén Darío,1916,false,1916,openlibrary,https://openlibrary.org/works/OL15239285W,en,"merged from 1 source rows (openlibrary); author death year from Wikidata (Q173767); PD via life+70 rule (death year 1916 + 71 <= 2026), independent of publication year"
prose__nikolai-leskov__unk,Prose,Nikolai Leskov,1895,false,,openlibrary,https://openlibrary.org/works/OL824777W,en,"merged from 1 source rows (openlibrary); author death year from Wikidata (Q209004); PD via life+70 rule (death year 1895 + 71 <= 2026), independent of publication year; publication year (1958) discarded as implausible (>50 years after author's death, likely a modern reprint/collected edition indexed by Open Library as 'first publish year'); needs manual research"
prose-works__osip-mandelstam__1986,Prose works,Osip Mandelstam,1938,false,1986,openlibrary,https://openlibrary.org/works/OL916324W,en,"merged from 1 source rows (openlibrary); author death year from Wikidata (Q189950); PD via life+70 rule (death year 1938 + 71 <= 2026), independent of publication year"
prose-plays-and-supersagas__velimir-khlebnikov__unk,"Prose, Plays, and Supersagas",Velimir Khlebnikov,1922,false,,openlibrary,https://openlibrary.org/works/OL21366996W,en,"merged from 1 source rows (openlibrary); author death year from Wikidata (Q35733); PD via life+70 rule (death year 1922 + 71 <= 2026), independent of publication year; publication year (1989) discarded as implausible (>50 years after author's death, likely a modern reprint/collected edition indexed by Open Library as 'first publish year'); needs manual research"
prraphaelite-diaries-and-letters__rossetti-dante-gabriel__unk,Præraphaelite diaries and letters,"Rossetti, Dante Gabriel",1882,false,,gutenberg,https://www.gutenberg.org/ebooks/78022,en,"merged from 1 source rows (gutenberg); Open Library match discarded: returned 1900, which is more than 5 years after author's death (1882) -- likely an indexed reprint rather than the original edition; needs manual research; 2 additional co-author(s) not recorded, primary author only"
prodromos__peter-altenberg__unk,Pròdromos,Peter Altenberg,1919,false,,openlibrary,https://openlibrary.org/works/OL36068629W,en,"merged from 1 source rows (openlibrary); author death year from Wikidata (Q44972); PD via life+70 rule (death year 1919 + 71 <= 2026), independent of publication year; publication year (2013) discarded as implausible (>50 years after author's death, likely a modern reprint/collected edition indexed by Open Library as 'first publish year'); needs manual research"
public-speaking-and-influencing-men-in-business__dale-carnegie__1926,Public Speaking and Influencing Men in Business,Dale Carnegie,1955,false,1926,openlibrary,https://openlibrary.org/works/OL1063333W,en,"merged from 1 source rows (openlibrary); author death year from Wikidata (Q230762); PD via life+70 rule (death year 1955 + 71 <= 2026), independent of publication year"
puck-of-pook-s-hill__kipling-rudyard__1900,Puck of Pook's Hill,"Kipling, Rudyard",,false,1900,openlibrary,https://openlibrary.org/works/OL20165W,en,merged from 1 source rows (openlibrary); pd_basis=pub_year<=1930
put-k-zvezdam__konstantin-tsiolkovsky__1960,Putʹ k zvezdam,Konstantin Tsiolkovsky,1935,false,1960,openlibrary,https://openlibrary.org/works/OL2886378W,en,"merged from 1 source rows (openlibrary); author death year from Wikidata (Q41239); PD via life+70 rule (death year 1935 + 71 <= 2026), independent of publication year"
pecheur-d-islande__pierre-loti__1886,Pêcheur d'Islande,Pierre Loti,1923,false,1886,openlibrary,https://openlibrary.org/works/OL136613W,en,"merged from 1 source rows (openlibrary); author death year from Wikidata (Q311854); PD via life+70 rule (death year 1923 + 71 <= 2026), independent of publication year"
qu-est-ce-que-la-propriete__pierre-joseph-proudhon__1840,Qu'est-ce que la propriété?,Pierre-Joseph Proudhon,1865,false,1840,openlibrary,https://openlibrary.org/works/OL960281W,en,"merged from 1 source rows (openlibrary); author death year from Wikidata (Q5749); PD via life+70 rule (death year 1865 + 71 <= 2026), independent of publication year"
queer-little-folks__harriet-beecher-stowe__1886,Queer Little Folks,Harriet Beecher Stowe,1896,false,1886,openlibrary,https://openlibrary.org/works/OL152211W,en,"merged from 1 source rows (openlibrary); author death year from Wikidata (Q102513); PD via life+70 rule (death year 1896 + 71 <= 2026), independent of publication year"
quincas-borba__machado-de-assis__1899,Quincas Borba,Machado de Assis,1908,false,1899,openlibrary,https://openlibrary.org/works/OL1003079W,en,"merged from 1 source rows (openlibrary); author death year from Wikidata (Q311145); PD via life+70 rule (death year 1908 + 71 <= 2026), independent of publication year"
quintus-claudius-a-romance-of-imperial-rome-volume-1__eckstein-ernst__unk,Quintus Claudius: A Romance of Imperial Rome. Volume 1,"Eckstein, Ernst",1900,false,,gutenberg,https://www.gutenberg.org/ebooks/47221,en,merged from 1 source rows (gutenberg); publication year not found via Open Library; needs manual research
quo-vadis-powiesc-z-czasow-nerona__henryk-sienkiewicz__1895,Quo Vadis? Powieść z czasów Nerona,Henryk Sienkiewicz,1916,false,1895,openlibrary,https://openlibrary.org/works/OL503424W,en,"merged from 1 source rows (openlibrary); author death year from Wikidata (Q41502); PD via life+70 rule (death year 1916 + 71 <= 2026), independent of publication year"
quo-vadis-powiesc-z-czasow-nerona__sienkiewicz-henryk__1895,Quo Vadis? Powieść z czasów Nerona,"Sienkiewicz, Henryk",,false,1895,openlibrary,https://openlibrary.org/works/OL503424W,en,merged from 1 source rows (openlibrary); pd_basis=pub_year<=1930
quotations-from-mustafa-kemal-ataturk__mustafa-kemal-ataturk__1982,Quotations from Mustafa Kemal Atatürk,Mustafa Kemal Atatürk,1938,false,1982,openlibrary,https://openlibrary.org/works/OL789957W,en,"merged from 1 source rows (openlibrary); author death year from Wikidata (Q5152); PD via life+70 rule (death year 1938 + 71 <= 2026), independent of publication year"
r-u-r-and-the-insect-play__josef-capek__1920,R.U.R. and The insect play,Josef Čapek,1945,false,1920,openlibrary,https://openlibrary.org/works/OL575625W,en,"merged from 1 source rows (openlibrary); author death year from Wikidata (Q454568); PD via life+70 rule (death year 1945 + 71 <= 2026), independent of publication year"
r-u-r-and-the-insect-play__karel-capek__1920,R.U.R. and The insect play,Karel Čapek,1938,false,1920,openlibrary,https://openlibrary.org/works/OL575625W,en,"merged from 1 source rows (openlibrary); author death year from Wikidata (Q155855); PD via life+70 rule (death year 1938 + 71 <= 2026), independent of publication year"
radetzkymarsch__joseph-roth__1932,Radetzkymarsch,Joseph Roth,1939,false,1932,openlibrary,https://openlibrary.org/works/OL466942W,en,"merged from 1 source rows (openlibrary); author death year from Wikidata (Q78509); PD via life+70 rule (death year 1939 + 71 <= 2026), independent of publication year"
rainbow-valley__montgomery-lucy-maud__1919,Rainbow Valley,"Montgomery, Lucy Maud",,false,1919,openlibrary,https://openlibrary.org/works/OL77756W,en,merged from 1 source rows (openlibrary); pd_basis=pub_year<=1930
raja-yoga__swami-vivekananda__unk,Raja Yoga,Swami Vivekananda,1902,false,,openlibrary,https://openlibrary.org/works/OL25483143W,en,"merged from 1 source rows (openlibrary); author death year from Wikidata (Q47478); PD via life+70 rule (death year 1902 + 71 <= 2026), independent of publication year; publication year (2014) discarded as implausible (>50 years after author's death, likely a modern reprint/collected edition indexed by Open Library as 'first publish year'); needs manual research"
ramuntcho__pierre-loti__1897,Ramuntcho,Pierre Loti,1923,false,1897,openlibrary,https://openlibrary.org/works/OL136612W,en,"merged from 1 source rows (openlibrary); author death year from Wikidata (Q311854); PD via life+70 rule (death year 1923 + 71 <= 2026), independent of publication year"
rashomon-and-other-stories__ryunosuke-akutagawa__1952,Rashomon and other stories,Ryūnosuke Akutagawa,1927,false,1952,openlibrary,https://openlibrary.org/works/OL4188238W,en,"merged from 1 source rows (openlibrary); author death year from Wikidata (Q186326); PD via life+70 rule (death year 1927 + 71 <= 2026), independent of publication year"
raspberry-jam__wells-carolyn__1920,Raspberry Jam,"Wells, Carolyn",,false,1920,openlibrary,https://openlibrary.org/works/OL1202237W,en,merged from 1 source rows (openlibrary); pd_basis=pub_year<=1930
rech-na-xiv-sezde-rkp-b__lev-kamenev__unk,Rech' Na XIV Sezde RKP(b),Lev Kamenev,1936,false,,openlibrary,https://openlibrary.org/works/OL34089086W,en,"merged from 1 source rows (openlibrary); author death year from Wikidata (Q165854); PD via life+70 rule (death year 1936 + 71 <= 2026), independent of publication year; publication year (2021) discarded as implausible (>50 years after author's death, likely a modern reprint/collected edition indexed by Open Library as 'first publish year'); needs manual research"
recollections-of-forty-years__ferdinand-de-lesseps__unk,Recollections of Forty Years,Ferdinand de Lesseps,1894,false,,openlibrary,https://openlibrary.org/works/OL21458190W,en,"merged from 1 source rows (openlibrary); author death year from Wikidata (Q209169); PD via life+70 rule (death year 1894 + 71 <= 2026), independent of publication year; publication year (2008) discarded as implausible (>50 years after author's death, likely a modern reprint/collected edition indexed by Open Library as 'first publish year'); needs manual research"
records-of-captain-clapperton-s-last-expedition-to-africa-vol-1-of-2__lander-richard__unk,"Records of Captain Clapperton's last expedition to Africa, Vol. 1 (of 2)","Lander, Richard",1834,false,,gutenberg,https://www.gutenberg.org/ebooks/78091,en,merged from 1 source rows (gutenberg); publication year not found via Open Library; needs manual research
records-of-captain-clapperton-s-last-expedition-to-africa-vol-2-of-2__lander-richard__unk,"Records of Captain Clapperton's last expedition to Africa, Vol. 2 (of 2)","Lander, Richard",1834,false,,gutenberg,https://www.gutenberg.org/ebooks/78092,en,"merged from 1 source rows (gutenberg); Open Library match discarded: returned 2007, which is more than 5 years after author's death (1834) -- likely an indexed reprint rather than the original edition; needs manual research"
red-knight__vuk-karadzic__unk,Red knight,Vuk Karadžić,1864,false,,openlibrary,https://openlibrary.org/works/OL694655W,en,"merged from 1 source rows (openlibrary); author death year from Wikidata (Q202815); PD via life+70 rule (death year 1864 + 71 <= 2026), independent of publication year; publication year (1992) discarded as implausible (>50 years after author's death, likely a modern reprint/collected edition indexed by Open Library as 'first publish year'); needs manual research"
red-love__alexandra-kollontai__1927,Red love,Alexandra Kollontai,1952,false,1927,openlibrary,https://openlibrary.org/works/OL4005507W,en,"merged from 1 source rows (openlibrary); author death year from Wikidata (Q179558); PD via life+70 rule (death year 1952 + 71 <= 2026), independent of publication year"
red-sea-geothermal-provinces__abdulaziz__unk,Red Sea Geothermal Provinces,Abdülaziz,1876,false,,openlibrary,https://openlibrary.org/works/OL21293482W,en,"merged from 1 source rows (openlibrary); author death year from Wikidata (Q151500); PD via life+70 rule (death year 1876 + 71 <= 2026), independent of publication year; publication year (2016) discarded as implausible (>50 years after author's death, likely a modern reprint/collected edition indexed by Open Library as 'first publish year'); needs manual research"
reflections-on-violence__georges-sorel__1910,Reflections on violence,Georges Sorel,1922,false,1910,openlibrary,https://openlibrary.org/works/OL1586028W,en,"merged from 1 source rows (openlibrary); author death year from Wikidata (Q313666); PD via life+70 rule (death year 1922 + 71 <= 2026), independent of publication year"
reigen__arthur-schnitzler__1903,Reigen,Arthur Schnitzler,1931,false,1903,openlibrary,https://openlibrary.org/works/OL61422W,en,"merged from 1 source rows (openlibrary); author death year from Wikidata (Q44331); PD via life+70 rule (death year 1931 + 71 <= 2026), independent of publication year"
reisebilder__heinrich-heine__1830,Reisebilder,Heinrich Heine,1856,false,1830,openlibrary,https://openlibrary.org/works/OL1103524W,en,"merged from 1 source rows (openlibrary); author death year from Wikidata (Q44403); PD via life+70 rule (death year 1856 + 71 <= 2026), independent of publication year"
reminiscences-of-a-stock-operator__lefevre-edwin__1923,Reminiscences of a Stock Operator,"Lefevre, Edwin",1943,false,1923,gutenberg,https://www.gutenberg.org/ebooks/60979,en,merged from 1 source rows (gutenberg); publication year via Open Library (earliest edition found; not independently verified)
report-by-m-briand__aristide-briand__1928,Report by M.Briand,Aristide Briand,1932,false,1928,openlibrary,https://openlibrary.org/works/OL44024566W,en,"merged from 1 source rows (openlibrary); author death year from Wikidata (Q179888); PD via life+70 rule (death year 1932 + 71 <= 2026), independent of publication year"
report-from-the-gallows__julius-fucik__1947,Report from the gallows,Julius Fučík,1943,false,1947,openlibrary,https://openlibrary.org/works/OL3168703W,en,"merged from 1 source rows (openlibrary); author death year from Wikidata (Q142059); PD via life+70 rule (death year 1943 + 71 <= 2026), independent of publication year"
report-of-the-commission-of-enquiry-on-the-disaster-which-occurred-in-edith-cavell-street-port-louis-on-the-10th-september-1975__edith-cavell__unk,"Report of the Commission of Enquiry on the Disaster Which Occurred in Edith Cavell Street, Port Louis on the 10th September 1975",Edith Cavell,1915,false,,openlibrary,https://openlibrary.org/works/OL6793765W,en,"merged from 1 source rows (openlibrary); author death year from Wikidata (Q237564); PD via life+70 rule (death year 1915 + 71 <= 2026), independent of publication year; publication year (1976) discarded as implausible (>50 years after author's death, likely a modern reprint/collected edition indexed by Open Library as 'first publish year'); needs manual research"
reporter-of-revolution__julius-fucik__1983,Reporter of revolution,Julius Fučík,1943,false,1983,openlibrary,https://openlibrary.org/works/OL3168701W,en,"merged from 1 source rows (openlibrary); author death year from Wikidata (Q142059); PD via life+70 rule (death year 1943 + 71 <= 2026), independent of publication year"
representative-men__ralph-waldo-emerson__1800,Representative men,Ralph Waldo Emerson,1882,false,1800,openlibrary,https://openlibrary.org/works/OL62248W,en,"merged from 1 source rows (openlibrary); author death year from Wikidata (Q48226); PD via life+70 rule (death year 1882 + 71 <= 2026), independent of publication year"
response-in-the-living-and-non-living__jagadish-chandra-bose__unk,Response in the Living and Non-Living,Jagadish Chandra Bose,1937,false,,openlibrary,https://openlibrary.org/works/OL40634472W,en,"merged from 1 source rows (openlibrary); author death year from Wikidata (Q314267); PD via life+70 rule (death year 1937 + 71 <= 2026), independent of publication year; publication year (2015) discarded as implausible (>50 years after author's death, likely a modern reprint/collected edition indexed by Open Library as 'first publish year'); needs manual research"
retrospect-of-western-travel-3vols__harriet-martineau__1838,Retrospect of Western Travel-3VOLS,Harriet Martineau,1876,false,1838,openlibrary,https://openlibrary.org/works/OL1491033W,en,"merged from 1 source rows (openlibrary); author death year from Wikidata (Q234570); PD via life+70 rule (death year 1876 + 71 <= 2026), independent of publication year"
return-to-tsugaru__osamu-dazai__1985,Return to Tsugaru,Osamu Dazai,1948,false,1985,openlibrary,https://openlibrary.org/works/OL15350753W,en,"merged from 1 source rows (openlibrary); author death year from Wikidata (Q317685); PD via life+70 rule (death year 1948 + 71 <= 2026), independent of publication year"
riceyman-steps__arnold-bennett__1923,Riceyman Steps,Arnold Bennett,1931,false,1923,openlibrary,https://openlibrary.org/works/OL109222W,en,"merged from 1 source rows (openlibrary); author death year from Wikidata (Q314158); PD via life+70 rule (death year 1931 + 71 <= 2026), independent of publication year"
riceyman-steps__bennett-arnold__1923,Riceyman Steps,"Bennett, Arnold",,false,1923,openlibrary,https://openlibrary.org/works/OL109222W,en,merged from 1 source rows (openlibrary); pd_basis=pub_year<=1930
richard-iii__shakespeare-william__1597,Richard III,"Shakespeare, William",,false,1597,openlibrary,https://openlibrary.org/works/OL362684W,en,merged from 1 source rows (openlibrary); pd_basis=pub_year<=1930
richard-wagner-uber-tristan-und-isolde__richard-wagner__1800,Richard Wagner über Tristan und Isolde,Richard Wagner,1883,false,1800,openlibrary,https://openlibrary.org/works/OL579198W,en,"merged from 1 source rows (openlibrary); author death year from Wikidata (Q1511); PD via life+70 rule (death year 1883 + 71 <= 2026), independent of publication year"
riders-of-the-purple-sage__grey-zane__1912,Riders of the Purple Sage,"Grey, Zane",,false,1912,openlibrary,https://openlibrary.org/works/OL485504W,en,merged from 1 source rows (openlibrary); pd_basis=pub_year<=1930
riders-of-the-silence__faust-frederick__1920,Riders Of The Silence,"Faust, Frederick",,false,1920,openlibrary,https://openlibrary.org/works/OL8074846W,en,merged from 1 source rows (openlibrary); pd_basis=pub_year<=1930
riders-of-the-silence__robert-owen__unk,Riders Of The Silence,Robert Owen,1858,false,,openlibrary,https://openlibrary.org/works/OL8074846W,en,"merged from 1 source rows (openlibrary); author death year from Wikidata (Q179374); PD via life+70 rule (death year 1858 + 71 <= 2026), independent of publication year; publication year (1920) discarded as implausible (>50 years after author's death, likely a modern reprint/collected edition indexed by Open Library as 'first publish year'); needs manual research"
riders-to-the-sea__john-millington-synge__1911,Riders to the sea,John Millington Synge,1909,false,1911,openlibrary,https://openlibrary.org/works/OL27930W,en,"merged from 1 source rows (openlibrary); author death year from Wikidata (Q213447); PD via life+70 rule (death year 1909 + 71 <= 2026), independent of publication year"
rifle-rangers__thomas-mayne-reid__unk,Rifle Rangers,Thomas Mayne Reid,1883,false,,openlibrary,https://openlibrary.org/works/OL21417154W,en,"merged from 1 source rows (openlibrary); author death year from Wikidata (Q1405996); PD via life+70 rule (death year 1883 + 71 <= 2026), independent of publication year; publication year (2007) discarded as implausible (>50 years after author's death, likely a modern reprint/collected edition indexed by Open Library as 'first publish year'); needs manual research"
rights-of-man__paine-thomas__1791,Rights of Man,"Paine, Thomas",,false,1791,openlibrary,https://openlibrary.org/works/OL60359W,en,merged from 1 source rows (openlibrary); pd_basis=pub_year<=1930
rigoletto__giuseppe-verdi__1850,Rigoletto,Giuseppe Verdi,1901,false,1850,openlibrary,https://openlibrary.org/works/OL1304353W,en,"merged from 1 source rows (openlibrary); author death year from Wikidata (Q7317); PD via life+70 rule (death year 1901 + 71 <= 2026), independent of publication year"
rilla-of-ingleside__montgomery-lucy-maud__1920,Rilla of Ingleside,"Montgomery, Lucy Maud",,false,1920,openlibrary,https://openlibrary.org/works/OL77757W,en,merged from 1 source rows (openlibrary); pd_basis=pub_year<=1930
rimas__gustavo-adolfo-becquer__unk,Rimas,Gustavo Adolfo Bécquer,1870,false,,openlibrary,https://openlibrary.org/works/OL227563W,en,"merged from 1 source rows (openlibrary); author death year from Wikidata (Q203715); PD via life+70 rule (death year 1870 + 71 <= 2026), independent of publication year; publication year (1983) discarded as implausible (>50 years after author's death, likely a modern reprint/collected edition indexed by Open Library as 'first publish year'); needs manual research"
rinkitink-in-oz__baum-l-frank__1916,Rinkitink in Oz,"Baum, L. Frank",,false,1916,openlibrary,https://openlibrary.org/works/OL262376W,en,merged from 1 source rows (openlibrary); pd_basis=pub_year<=1930
rise-and-fall-of-the-confederate-government__jefferson-davis__unk,Rise and Fall of the Confederate Government,Jefferson Davis,1889,false,,openlibrary,https://openlibrary.org/works/OL29197609W,en,"merged from 1 source rows (openlibrary); author death year from Wikidata (Q162269); PD via life+70 rule (death year 1889 + 71 <= 2026), independent of publication year; publication year (1958) discarded as implausible (>50 years after author's death, likely a modern reprint/collected edition indexed by Open Library as 'first publish year'); needs manual research"
rizal-s-own-story-of-his-life__rizal-jose__unk,Rizal's own story of his life,"Rizal, José",1896,false,,gutenberg,https://www.gutenberg.org/ebooks/48438,en,"merged from 1 source rows (gutenberg); Open Library match discarded: returned 1918, which is more than 5 years after author's death (1896) -- likely an indexed reprint rather than the original edition; needs manual research"
rob-roy__scott-sir-walter__1817,Rob Roy,"Scott, Sir Walter",,false,1817,openlibrary,https://openlibrary.org/works/OL863587W,en,merged from 1 source rows (openlibrary); pd_basis=pub_year<=1930
robert-capa__robert-capa__1969,Robert Capa,Robert Capa,1954,false,1969,openlibrary,https://openlibrary.org/works/OL103032W,en,"merged from 1 source rows (openlibrary); author death year from Wikidata (Q152524); PD via life+70 rule (death year 1954 + 71 <= 2026), independent of publication year"
robert-orange-being-a-continuation-of-the-history-of-robert-orange__hobbes-john-oliver__unk,Robert Orange: Being a Continuation of the History of Robert Orange,"Hobbes, John Oliver",1906,false,,gutenberg,https://www.gutenberg.org/ebooks/27997,en,merged from 1 source rows (gutenberg); publication year not found via Open Library; needs manual research
robin-hood__pyle-howard__1883,Robin Hood,"Pyle, Howard",,false,1883,openlibrary,https://openlibrary.org/works/OL2021953W,en,merged from 1 source rows (openlibrary); pd_basis=pub_year<=1930
robinson-crusoe__defoe-daniel__1686,Robinson Crusoe,"Defoe, Daniel",,false,1686,openlibrary,https://openlibrary.org/works/OL45089W,en,merged from 1 source rows (openlibrary); pd_basis=pub_year<=1930
rodney-stone__doyle-arthur-conan__1896,Rodney Stone,"Doyle, Arthur Conan",,false,1896,openlibrary,https://openlibrary.org/works/OL262455W,en,merged from 1 source rows (openlibrary); pd_basis=pub_year<=1930
romances-sans-paroles__paul-verlaine__1887,Romances sans paroles,Paul Verlaine,1896,false,1887,openlibrary,https://openlibrary.org/works/OL1276171W,en,"merged from 1 source rows (openlibrary); author death year from Wikidata (Q755); PD via life+70 rule (death year 1896 + 71 <= 2026), independent of publication year"
romantic-legends-of-spain__gustavo-adolfo-becquer__1909,Romantic legends of Spain,Gustavo Adolfo Bécquer,1870,false,1909,openlibrary,https://openlibrary.org/works/OL629339W,en,"merged from 1 source rows (openlibrary); author death year from Wikidata (Q203715); PD via life+70 rule (death year 1870 + 71 <= 2026), independent of publication year"
romeo-juliet__andre-gide__1939,Romeo & Juliet,André Gide,1951,false,1939,openlibrary,https://openlibrary.org/works/OL26030510W,en,"merged from 1 source rows (openlibrary); author death year from Wikidata (Q47484); PD via life+70 rule (death year 1951 + 71 <= 2026), independent of publication year"
romeo-and-juliet__shakespeare-william__1595,Romeo and Juliet,"Shakespeare, William",1616,false,1595,gutenberg+openlibrary,https://www.gutenberg.org/ebooks/1513,en,"merged from 2 source rows (gutenberg+openlibrary); publication year via Open Library (earliest edition found; not independently verified); pd_basis=pub_year<=1930; sources disagree on publication_year: ['1595', '1597'], kept '1595'"
romeo-und-julia-auf-dem-dorfe__gottfried-keller__1900,Romeo und Julia auf dem Dorfe,Gottfried Keller,1890,false,1900,openlibrary,https://openlibrary.org/works/OL1446215W,en,"merged from 1 source rows (openlibrary); author death year from Wikidata (Q122370); PD via life+70 rule (death year 1890 + 71 <= 2026), independent of publication year"
roughing-it__twain-mark__1872,Roughing It,"Twain, Mark",,false,1872,openlibrary,https://openlibrary.org/works/OL54059W,en,merged from 1 source rows (openlibrary); pd_basis=pub_year<=1930
routledge-handbook-to-the-history-and-society-of-the-americas__josef-stefan__unk,Routledge Handbook to the History and Society of the Americas,Josef Stefan,1893,false,,openlibrary,https://openlibrary.org/works/OL21335296W,en,"merged from 1 source rows (openlibrary); author death year from Wikidata (Q16581); PD via life+70 rule (death year 1893 + 71 <= 2026), independent of publication year; publication year (2019) discarded as implausible (>50 years after author's death, likely a modern reprint/collected edition indexed by Open Library as 'first publish year'); needs manual research"
routledge-revivals-reflections-on-violence__georges-sorel__unk,Routledge Revivals : Reflections on Violence,Georges Sorel,1922,false,,openlibrary,https://openlibrary.org/works/OL21299142W,en,"merged from 1 source rows (openlibrary); author death year from Wikidata (Q313666); PD via life+70 rule (death year 1922 + 71 <= 2026), independent of publication year; publication year (2016) discarded as implausible (>50 years after author's death, likely a modern reprint/collected edition indexed by Open Library as 'first publish year'); needs manual research"
romische-geschichte__theodor-mommsen__1854,Römische Geschichte,Theodor Mommsen,1903,false,1854,openlibrary,https://openlibrary.org/works/OL11323147W,en,"merged from 1 source rows (openlibrary); author death year from Wikidata (Q25351); PD via life+70 rule (death year 1903 + 71 <= 2026), independent of publication year"
running-on-waves__alexander-grin__unk,Running on Waves,Alexander Grin,1932,false,,openlibrary,https://openlibrary.org/works/OL40022971W,en,"merged from 1 source rows (openlibrary); author death year from Wikidata (Q213997); PD via life+70 rule (death year 1932 + 71 <= 2026), independent of publication year; publication year (2010) discarded as implausible (>50 years after author's death, likely a modern reprint/collected edition indexed by Open Library as 'first publish year'); needs manual research"
russia-s-lost-literature-of-the-absurd__daniil-kharms__1971,Russia's lost literature of the absurd,Daniil Kharms,1942,false,1971,openlibrary,https://openlibrary.org/works/OL1380996W,en,"merged from 1 source rows (openlibrary); author death year from Wikidata (Q266127); PD via life+70 rule (death year 1942 + 71 <= 2026), independent of publication year"
russian-poetry-and-prose__fyodor-tyutchev__unk,Russian Poetry and Prose,Fyodor Tyutchev,1873,false,,openlibrary,https://openlibrary.org/works/OL10425793W,en,"merged from 1 source rows (openlibrary); author death year from Wikidata (Q37217); PD via life+70 rule (death year 1873 + 71 <= 2026), independent of publication year; publication year (1961) discarded as implausible (>50 years after author's death, likely a modern reprint/collected edition indexed by Open Library as 'first publish year'); needs manual research"
russian-poetry-and-prose__nikolai-ostrovsky__1961,Russian Poetry and Prose,Nikolai Ostrovsky,1936,false,1961,openlibrary,https://openlibrary.org/works/OL10425793W,en,"merged from 1 source rows (openlibrary); author death year from Wikidata (Q271853); PD via life+70 rule (death year 1936 + 71 <= 2026), independent of publication year"
russian-turmoil-memoirs__anton-denikin__unk,Russian Turmoil : Memoirs,Anton Denikin,1947,false,,openlibrary,https://openlibrary.org/works/OL21658307W,en,"merged from 1 source rows (openlibrary); author death year from Wikidata (Q108314); PD via life+70 rule (death year 1947 + 71 <= 2026), independent of publication year; publication year (2019) discarded as implausible (>50 years after author's death, likely a modern reprint/collected edition indexed by Open Library as 'first publish year'); needs manual research"
russland-und-europa__tomas-garrigue-masaryk__1919,Russland und Europa,Tomáš Garrigue Masaryk,1937,false,1919,openlibrary,https://openlibrary.org/works/OL656301W,en,"merged from 1 source rows (openlibrary); author death year from Wikidata (Q78492); PD via life+70 rule (death year 1937 + 71 <= 2026), independent of publication year"
sagesse__paul-verlaine__1893,Sagesse,Paul Verlaine,1896,false,1893,openlibrary,https://openlibrary.org/works/OL1276176W,en,"merged from 1 source rows (openlibrary); author death year from Wikidata (Q755); PD via life+70 rule (death year 1896 + 71 <= 2026), independent of publication year"
sailing-alone-around-the-world__slocum-joshua__1800,Sailing alone around the world,"Slocum, Joshua",,false,1800,openlibrary,https://openlibrary.org/works/OL59979W,en,merged from 1 source rows (openlibrary); pd_basis=pub_year<=1930
saint-francis-of-assisi__chesterton-gilbert-keith__1923,Saint Francis of Assisi,"Chesterton, Gilbert Keith",,false,1923,openlibrary,https://openlibrary.org/works/OL76399W,en,merged from 1 source rows (openlibrary); pd_basis=pub_year<=1930
salammbo__gustave-flaubert__1863,Salammbô,Gustave Flaubert,1880,false,1863,openlibrary,https://openlibrary.org/works/OL893958W,en,"merged from 1 source rows (openlibrary); author death year from Wikidata (Q43444); PD via life+70 rule (death year 1880 + 71 <= 2026), independent of publication year"
sanatorium-under-the-sign-of-the-hourglass__bruno-schulz__1978,Sanatorium under the sign of the hourglass,Bruno Schulz,1942,false,1978,openlibrary,https://openlibrary.org/works/OL2510288W,en,"merged from 1 source rows (openlibrary); author death year from Wikidata (Q148886); PD via life+70 rule (death year 1942 + 71 <= 2026), independent of publication year"
sandokan__emilio-salgari__unk,Sandokan,Emilio Salgari,1911,false,,openlibrary,https://openlibrary.org/works/OL793314W,en,"merged from 1 source rows (openlibrary); author death year from Wikidata (Q309786); PD via life+70 rule (death year 1911 + 71 <= 2026), independent of publication year; publication year (1998) discarded as implausible (>50 years after author's death, likely a modern reprint/collected edition indexed by Open Library as 'first publish year'); needs manual research"
sanety__yanka-kupala__unk,Sanety,Yanka Kupala,1942,false,,openlibrary,https://openlibrary.org/works/OL18993880W,en,"merged from 1 source rows (openlibrary); author death year from Wikidata (Q377); PD via life+70 rule (death year 1942 + 71 <= 2026), independent of publication year; publication year (2002) discarded as implausible (>50 years after author's death, likely a modern reprint/collected edition indexed by Open Library as 'first publish year'); needs manual research"
sangre-y-arena__vicente-blasco-ibanez__1908,Sangre y arena,Vicente Blasco Ibáñez,1928,false,1908,openlibrary,https://openlibrary.org/works/OL739860W,en,"merged from 1 source rows (openlibrary); author death year from Wikidata (Q219646); PD via life+70 rule (death year 1928 + 71 <= 2026), independent of publication year"
sartor-resartus__thomas-carlyle__1800,Sartor resartus,Thomas Carlyle,1881,false,1800,openlibrary,https://openlibrary.org/works/OL1064699W,en,"merged from 1 source rows (openlibrary); author death year from Wikidata (Q151403); PD via life+70 rule (death year 1881 + 71 <= 2026), independent of publication year"
sasuntsi-dawit__hovhannes-tumanyan__1939,Sasuntsʻi Dawitʻ,Hovhannes Tumanyan,1923,false,1939,openlibrary,https://openlibrary.org/works/OL440140W,en,"merged from 1 source rows (openlibrary); author death year from Wikidata (Q380797); PD via life+70 rule (death year 1923 + 71 <= 2026), independent of publication year"
satanism-and-witchcraft__jules-michelet__unk,Satanism and witchcraft,Jules Michelet,1874,false,,openlibrary,https://openlibrary.org/works/OL1262831W,en,"merged from 1 source rows (openlibrary); author death year from Wikidata (Q310791); PD via life+70 rule (death year 1874 + 71 <= 2026), independent of publication year; publication year (1939) discarded as implausible (>50 years after author's death, likely a modern reprint/collected edition indexed by Open Library as 'first publish year'); needs manual research"
satyricon__petronius__1575,Satyricon,Petronius,,false,1575,openlibrary,https://openlibrary.org/works/OL503861W,en,merged from 1 source rows (openlibrary); pd_basis=pub_year<=1930
save-me-the-waltz__zelda-fitzgerald__1967,Save Me the Waltz,Zelda Fitzgerald,1948,false,1967,openlibrary,https://openlibrary.org/works/OL27443869W,en,"merged from 1 source rows (openlibrary); author death year from Wikidata (Q187324); PD via life+70 rule (death year 1948 + 71 <= 2026), independent of publication year"
samtliche-werke__theodor-fontane__unk,Sämtliche Werke,Theodor Fontane,1898,false,,openlibrary,https://openlibrary.org/works/OL857352W,en,"merged from 1 source rows (openlibrary); author death year from Wikidata (Q76632); PD via life+70 rule (death year 1898 + 71 <= 2026), independent of publication year; publication year (1959) discarded as implausible (>50 years after author's death, likely a modern reprint/collected edition indexed by Open Library as 'first publish year'); needs manual research"
scenes-in-the-life-of-harriet-tubman__bradford-sarah-h-sarah-hopkins__unk,Scenes in the Life of Harriet Tubman,"Bradford, Sarah H. (Sarah Hopkins)",1912,false,,gutenberg,https://www.gutenberg.org/ebooks/57821,en,"merged from 1 source rows (gutenberg); Open Library match discarded: returned 2016, which is more than 5 years after author's death (1912) -- likely an indexed reprint rather than the original edition; needs manual research"
schachnovelle__stefan-zweig__1943,Schachnovelle,Stefan Zweig,1942,false,1943,openlibrary,https://openlibrary.org/works/OL28429W,en,"merged from 1 source rows (openlibrary); author death year from Wikidata (Q78491); PD via life+70 rule (death year 1942 + 71 <= 2026), independent of publication year"
schloss-gripsholm__kurt-tucholsky__1931,Schloss Gripsholm,Kurt Tucholsky,1935,false,1931,openlibrary,https://openlibrary.org/works/OL1412680W,en,"merged from 1 source rows (openlibrary); author death year from Wikidata (Q57386); PD via life+70 rule (death year 1935 + 71 <= 2026), independent of publication year"
schlo-gripsholm__kurt-tucholsky__unk,Schloß Gripsholm,Kurt Tucholsky,1935,false,,openlibrary,https://openlibrary.org/works/OL36059545W,en,"merged from 1 source rows (openlibrary); author death year from Wikidata (Q57386); PD via life+70 rule (death year 1935 + 71 <= 2026), independent of publication year; publication year (2011) discarded as implausible (>50 years after author's death, likely a modern reprint/collected edition indexed by Open Library as 'first publish year'); needs manual research"
science-music__james-hopwood-jeans__1937,Science & music,James Hopwood Jeans,1946,false,1937,openlibrary,https://openlibrary.org/works/OL1558240W,en,"merged from 1 source rows (openlibrary); author death year from Wikidata (Q315545); PD via life+70 rule (death year 1946 + 71 <= 2026), independent of publication year"
science-and-health__mary-baker-eddy__1875,Science and health,Mary Baker Eddy,1910,false,1875,openlibrary,https://openlibrary.org/works/OL2526912W,en,"merged from 1 source rows (openlibrary); author death year from Wikidata (Q235069); PD via life+70 rule (death year 1910 + 71 <= 2026), independent of publication year"
science-and-health-with-key-to-the-scriptures__mary-baker-eddy__1875,Science and Health with Key to the Scriptures,Mary Baker Eddy,1910,false,1875,openlibrary,https://openlibrary.org/works/OL2526911W,en,"merged from 1 source rows (openlibrary); author death year from Wikidata (Q235069); PD via life+70 rule (death year 1910 + 71 <= 2026), independent of publication year"
science-and-method-key-texts__henri-poincare__1900,Science and Method (Key Texts),Henri Poincaré,1912,false,1900,openlibrary,https://openlibrary.org/works/OL8038197W,en,"merged from 1 source rows (openlibrary); author death year from Wikidata (Q81082); PD via life+70 rule (death year 1912 + 71 <= 2026), independent of publication year"
science-and-the-modern-world__alfred-north-whitehead__1925,Science and the modern world,Alfred North Whitehead,1947,false,1925,openlibrary,https://openlibrary.org/works/OL1133704W,en,"merged from 1 source rows (openlibrary); author death year from Wikidata (Q183372); PD via life+70 rule (death year 1947 + 71 <= 2026), independent of publication year"
sechsunddreiig-stunden__odon-von-horvath__unk,Sechsunddreißig Stunden,Ödön von Horváth,1938,false,,openlibrary,https://openlibrary.org/works/OL36053215W,en,"merged from 1 source rows (openlibrary); author death year from Wikidata (Q84455); PD via life+70 rule (death year 1938 + 71 <= 2026), independent of publication year; publication year (2012) discarded as implausible (>50 years after author's death, likely a modern reprint/collected edition indexed by Open Library as 'first publish year'); needs manual research"
second-april__edna-st-vincent-millay__unk,Second April. --,Edna St. Vincent Millay,1950,false,,openlibrary,https://openlibrary.org/works/OL37654509W,en,"merged from 1 source rows (openlibrary); author death year from Wikidata (Q62134); PD via life+70 rule (death year 1950 + 71 <= 2026), independent of publication year; publication year (2012) discarded as implausible (>50 years after author's death, likely a modern reprint/collected edition indexed by Open Library as 'first publish year'); needs manual research"
seit-ich-zuerst-sie-sah__karl-adolph-gjellerup__unk,Seit Ich Zuerst Sie Sah,Karl Adolph Gjellerup,1919,false,,openlibrary,https://openlibrary.org/works/OL30222312W,en,"merged from 1 source rows (openlibrary); author death year from Wikidata (Q131487); PD via life+70 rule (death year 1919 + 71 <= 2026), independent of publication year; publication year (2011) discarded as implausible (>50 years after author's death, likely a modern reprint/collected edition indexed by Open Library as 'first publish year'); needs manual research"
seitseman-veljesta__aleksis-kivi__unk,Seitsemän veljestä,Aleksis Kivi,1872,false,,openlibrary,https://openlibrary.org/works/OL2441596W,en,"merged from 1 source rows (openlibrary); author death year from Wikidata (Q216904); PD via life+70 rule (death year 1872 + 71 <= 2026), independent of publication year; publication year (1929) discarded as implausible (>50 years after author's death, likely a modern reprint/collected edition indexed by Open Library as 'first publish year'); needs manual research"
sektions-technik-im-leichenhause-des-charite-krankenhauses__rudolf-virchow__1880,Sektions-Technik im Leichenhause des Charité-Krankenhauses,Rudolf Virchow,1902,false,1880,openlibrary,https://openlibrary.org/works/OL1426425W,en,"merged from 1 source rows (openlibrary); author death year from Wikidata (Q76432); PD via life+70 rule (death year 1902 + 71 <= 2026), independent of publication year"
selected-english-short-stories-nineteenth-century__walter-benjamin__1914,Selected English Short Stories (Nineteenth Century),Walter Benjamin,1940,false,1914,openlibrary,https://openlibrary.org/works/OL345046W,en,"merged from 1 source rows (openlibrary); author death year from Wikidata (Q61078); PD via life+70 rule (death year 1940 + 71 <= 2026), independent of publication year"
selected-philosophical-essays__nikolay-chernyshevsky__unk,Selected philosophical essays,Nikolay Chernyshevsky,1889,false,,openlibrary,https://openlibrary.org/works/OL1249886W,en,"merged from 1 source rows (openlibrary); author death year from Wikidata (Q192331); PD via life+70 rule (death year 1889 + 71 <= 2026), independent of publication year; publication year (1953) discarded as implausible (>50 years after author's death, likely a modern reprint/collected edition indexed by Open Library as 'first publish year'); needs manual research"
selected-philosophical-essays__nikolay-dobrolyubov__unk,Selected philosophical essays,Nikolay Dobrolyubov,1861,false,,openlibrary,https://openlibrary.org/works/OL10815275W,en,"merged from 1 source rows (openlibrary); author death year from Wikidata (Q311459); PD via life+70 rule (death year 1861 + 71 <= 2026), independent of publication year; publication year (1956) discarded as implausible (>50 years after author's death, likely a modern reprint/collected edition indexed by Open Library as 'first publish year'); needs manual research"
selected-philosophical-works__georgi-plekhanov__1950,Selected philosophical works,Georgi Plekhanov,1918,false,1950,openlibrary,https://openlibrary.org/works/OL35754W,en,"merged from 1 source rows (openlibrary); author death year from Wikidata (Q182905); PD via life+70 rule (death year 1918 + 71 <= 2026), independent of publication year"
selected-poems__rosalia-de-castro__unk,Selected Poems,Rosalía de Castro,1885,false,,openlibrary,https://openlibrary.org/works/OL9104683W,en,"merged from 1 source rows (openlibrary); author death year from Wikidata (Q464264); PD via life+70 rule (death year 1885 + 71 <= 2026), independent of publication year; publication year (2007) discarded as implausible (>50 years after author's death, likely a modern reprint/collected edition indexed by Open Library as 'first publish year'); needs manual research"
selected-serbian-comedies__branislav-nusic__unk,Selected Serbian Comedies,Branislav Nušić,1938,false,,openlibrary,https://openlibrary.org/works/OL38199755W,en,"merged from 1 source rows (openlibrary); author death year from Wikidata (Q315136); PD via life+70 rule (death year 1938 + 71 <= 2026), independent of publication year; publication year (2018) discarded as implausible (>50 years after author's death, likely a modern reprint/collected edition indexed by Open Library as 'first publish year'); needs manual research"
selected-works__konstantin-tsiolkovsky__unk,Selected works,Konstantin Tsiolkovsky,1935,false,,openlibrary,https://openlibrary.org/works/OL11155394W,en,"merged from 1 source rows (openlibrary); author death year from Wikidata (Q41239); PD via life+70 rule (death year 1935 + 71 <= 2026), independent of publication year; publication year (2006) discarded as implausible (>50 years after author's death, likely a modern reprint/collected edition indexed by Open Library as 'first publish year'); needs manual research"
selected-works__leon-trotsky__1969,Selected works,Leon Trotsky,1940,false,1969,openlibrary,https://openlibrary.org/works/OL539185W,en,"merged from 1 source rows (openlibrary); author death year from Wikidata (Q33391); PD via life+70 rule (death year 1940 + 71 <= 2026), independent of publication year"
selected-works-of-voltairine-de-cleyre__de-cleyre-voltairine__1914,Selected Works of Voltairine de Cleyre,"De Cleyre, Voltairine",1912,false,1914,gutenberg,https://www.gutenberg.org/ebooks/43098,en,merged from 1 source rows (gutenberg); publication year via Open Library (earliest edition found; not independently verified)
self-analysis__karen-horney__1942,Self-analysis,Karen Horney,1952,false,1942,openlibrary,https://openlibrary.org/works/OL98950W,en,"merged from 1 source rows (openlibrary); author death year from Wikidata (Q71020); PD via life+70 rule (death year 1952 + 71 <= 2026), independent of publication year"
self-help__samuel-smiles__unk,Self-help,Samuel Smiles,1904,false,,openlibrary,https://openlibrary.org/works/OL2321834W,en,"merged from 1 source rows (openlibrary); author death year from Wikidata (Q1195422); PD via life+70 rule (death year 1904 + 71 <= 2026), independent of publication year; publication year (1800) discarded post-merge as implausible (more than 100 years before death (1904), implausible for a single lifetime); needs manual research"
senilita__italo-svevo__1932,Senilità,Italo Svevo,1928,false,1932,openlibrary,https://openlibrary.org/works/OL2276585W,en,"merged from 1 source rows (openlibrary); author death year from Wikidata (Q216478); PD via life+70 rule (death year 1928 + 71 <= 2026), independent of publication year"
sense-and-sensibility__austen-jane__1811,Sense and Sensibility,"Austen, Jane",1817,false,1811,gutenberg+openlibrary,https://www.gutenberg.org/ebooks/21839,en,merged from 2 source rows (gutenberg+openlibrary); publication year via Open Library (earliest edition found; not independently verified); pd_basis=pub_year<=1930
serbian-fairy-tales__vuk-karadzic__unk,Serbian fairy tales,Vuk Karadžić,1864,false,,openlibrary,https://openlibrary.org/works/OL27292618W,en,"merged from 1 source rows (openlibrary); author death year from Wikidata (Q202815); PD via life+70 rule (death year 1864 + 71 <= 2026), independent of publication year; publication year (2013) discarded as implausible (>50 years after author's death, likely a modern reprint/collected edition indexed by Open Library as 'first publish year'); needs manual research"
serious-drama-of-modern-history-how-danish-slesvig-was-lost__fredrik-bajer__unk,Serious Drama of Modern History : How Danish Slesvig Was Lost,Fredrik Bajer,1922,false,,openlibrary,https://openlibrary.org/works/OL28511496W,en,"merged from 1 source rows (openlibrary); author death year from Wikidata (Q191016); PD via life+70 rule (death year 1922 + 71 <= 2026), independent of publication year; publication year (2018) discarded as implausible (>50 years after author's death, likely a modern reprint/collected edition indexed by Open Library as 'first publish year'); needs manual research"
sermons-of-rev-c-h-spurgeon-of-london__charles-spurgeon__1854,Sermons of Rev. C.H. Spurgeon of London,Charles Spurgeon,1892,false,1854,openlibrary,https://openlibrary.org/works/OL90232W,en,"merged from 1 source rows (openlibrary); author death year from Wikidata (Q278825); PD via life+70 rule (death year 1892 + 71 <= 2026), independent of publication year"
sermons-soap-and-television__john-logie-baird__1988,"Sermons, soap and television",John Logie Baird,1946,false,1988,openlibrary,https://openlibrary.org/works/OL9012586W,en,"merged from 1 source rows (openlibrary); author death year from Wikidata (Q133544); PD via life+70 rule (death year 1946 + 71 <= 2026), independent of publication year"
servitude-et-grandeur-militaires__alfred-de-vigny__1800,Servitude et grandeur militaires,Alfred de Vigny,1863,false,1800,openlibrary,https://openlibrary.org/works/OL2238294W,en,"merged from 1 source rows (openlibrary); author death year from Wikidata (Q309702); PD via life+70 rule (death year 1863 + 71 <= 2026), independent of publication year"
sesame-and-lilies-three-lectures__john-ruskin__1800,"Sesame and Lilies, three lectures",John Ruskin,1900,false,1800,openlibrary,https://openlibrary.org/works/OL88547W,en,"merged from 1 source rows (openlibrary); author death year from Wikidata (Q179126); PD via life+70 rule (death year 1900 + 71 <= 2026), independent of publication year"
sesame-and-lilies-three-lectures__matthew-arnold__1800,"Sesame and Lilies, three lectures",Matthew Arnold,1888,false,1800,openlibrary,https://openlibrary.org/works/OL88547W,en,"merged from 1 source rows (openlibrary); author death year from Wikidata (Q271032); PD via life+70 rule (death year 1888 + 71 <= 2026), independent of publication year"
sesame-and-lilies-three-lectures__thomas-henry-huxley__1800,"Sesame and Lilies, three lectures",Thomas Henry Huxley,1895,false,1800,openlibrary,https://openlibrary.org/works/OL88547W,en,"merged from 1 source rows (openlibrary); author death year from Wikidata (Q184366); PD via life+70 rule (death year 1895 + 71 <= 2026), independent of publication year"
set-in-silver__williamson-c-n-charles-norris__unk,Set in Silver,"Williamson, C. N. (Charles Norris)",1920,false,,gutenberg,https://www.gutenberg.org/ebooks/19412,en,"merged from 1 source rows (gutenberg); Open Library match discarded: returned 2012, which is more than 5 years after author's death (1920) -- likely an indexed reprint rather than the original edition; needs manual research; 1 additional co-author(s) not recorded, primary author only"
seven-keys-to-baldpate__biggers-earl-derr__1913,Seven keys to Baldpate,"Biggers, Earl Derr",,false,1913,openlibrary,https://openlibrary.org/works/OL6438826W,en,merged from 1 source rows (openlibrary); pd_basis=pub_year<=1930
seven-pillars-of-wisdom__t-e-lawrence__1905,Seven Pillars of Wisdom,T. E. Lawrence,1935,false,1905,openlibrary,https://openlibrary.org/works/OL830503W,en,"merged from 1 source rows (openlibrary); author death year from Wikidata (Q170596); PD via life+70 rule (death year 1935 + 71 <= 2026), independent of publication year"
sexe-et-caractere__otto-weininger__1906,Sexe et caractère,Otto Weininger,1903,false,1906,openlibrary,https://openlibrary.org/works/OL4196165W,en,"merged from 1 source rows (openlibrary); author death year from Wikidata (Q78513); PD via life+70 rule (death year 1903 + 71 <= 2026), independent of publication year"
sexual-history-of-the-world-war-the__magnus-hirschfeld__1930,"Sexual History of the World War, The",Magnus Hirschfeld,1935,false,1930,openlibrary,https://openlibrary.org/works/OL3769825W,en,"merged from 1 source rows (openlibrary); author death year from Wikidata (Q57592); PD via life+70 rule (death year 1935 + 71 <= 2026), independent of publication year"
shadow-over-innsmouth__h-p-lovecraft__unk,Shadow over Innsmouth,H. P. Lovecraft,1937,false,,openlibrary,https://openlibrary.org/works/OL29845952W,en,"merged from 1 source rows (openlibrary); author death year from Wikidata (Q169566); PD via life+70 rule (death year 1937 + 71 <= 2026), independent of publication year; publication year (2019) discarded as implausible (>50 years after author's death, likely a modern reprint/collected edition indexed by Open Library as 'first publish year'); needs manual research"
shadows-in-the-moonlight__howard-robert-e-robert-ervin__unk,Shadows in the Moonlight,"Howard, Robert E. (Robert Ervin)",1936,false,,gutenberg,https://www.gutenberg.org/ebooks/42188,en,"merged from 1 source rows (gutenberg); Open Library match discarded: returned 2012, which is more than 5 years after author's death (1936) -- likely an indexed reprint rather than the original edition; needs manual research"
shadows-in-zamboula__howard-robert-e-robert-ervin__unk,Shadows in Zamboula,"Howard, Robert E. (Robert Ervin)",1936,false,,gutenberg,https://www.gutenberg.org/ebooks/42196,en,"merged from 1 source rows (gutenberg); Open Library match discarded: returned 2013, which is more than 5 years after author's death (1936) -- likely an indexed reprint rather than the original edition; needs manual research"
shakespeare-s-family__stopes-c-c-charlotte-carmichael__1901,Shakespeare's family,"Stopes, C. C. (Charlotte Carmichael)",1929,false,1901,gutenberg,https://www.gutenberg.org/ebooks/26315,en,merged from 1 source rows (gutenberg); publication year via Open Library (earliest edition found; not independently verified)
shakespeare-s-historical-tragedy-of-richard-iii__john-wilkes-booth__1846,Shakespeare's historical tragedy of Richard III,John Wilkes Booth,1865,false,1846,openlibrary,https://openlibrary.org/works/OL43999087W,en,"merged from 1 source rows (openlibrary); author death year from Wikidata (Q180914); PD via life+70 rule (death year 1865 + 71 <= 2026), independent of publication year"
shakespeare-s-sonnets__shakespeare-william__unk,Shakespeare's Sonnets,"Shakespeare, William",1616,false,,gutenberg,https://www.gutenberg.org/ebooks/1041,en,"merged from 1 source rows (gutenberg); Open Library match discarded: returned 1766, which is more than 5 years after author's death (1616) -- likely an indexed reprint rather than the original edition; needs manual research"
shambhala__nicholas-roerich__1986,Shambhala,Nicholas Roerich,1947,false,1986,openlibrary,https://openlibrary.org/works/OL8516504W,en,"merged from 1 source rows (openlibrary); author death year from Wikidata (Q208993); PD via life+70 rule (death year 1947 + 71 <= 2026), independent of publication year"
shams-tabrizi__muhammad-abduh__unk,Shams Tabrīzī,Muhammad Abduh,1905,false,,openlibrary,https://openlibrary.org/works/OL32312602W,en,"merged from 1 source rows (openlibrary); author death year from Wikidata (Q311826); PD via life+70 rule (death year 1905 + 71 <= 2026), independent of publication year; publication year (2018) discarded as implausible (>50 years after author's death, likely a modern reprint/collected edition indexed by Open Library as 'first publish year'); needs manual research"
she__h-rider-haggard__1886,She,H. Rider Haggard,1925,false,1886,openlibrary,https://openlibrary.org/works/OL17453W,en,"merged from 1 source rows (openlibrary); author death year from Wikidata (Q237196); PD via life+70 rule (death year 1925 + 71 <= 2026), independent of publication year"
she__haggard-h-rider__1886,She,"Haggard, H. Rider",,false,1886,openlibrary,https://openlibrary.org/works/OL17453W,en,merged from 1 source rows (openlibrary); pd_basis=pub_year<=1930
she-and-allan__haggard-h-rider__1921,She and Allan,"Haggard, H. Rider",,false,1921,openlibrary,https://openlibrary.org/works/OL17532W,en,merged from 1 source rows (openlibrary); pd_basis=pub_year<=1930
she-stoops-to-conquer__goldsmith-oliver__1773,She Stoops To Conquer,"Goldsmith, Oliver",,false,1773,openlibrary,https://openlibrary.org/works/OL7981267W,en,merged from 1 source rows (openlibrary); pd_basis=pub_year<=1930
she-who-sleeps-b-a-romance-of-new-york-and-the-nile__rohmer-sax__unk,She who sleeps : $b A romance of New York and the Nile,"Rohmer, Sax",1959,false,,gutenberg,https://www.gutenberg.org/ebooks/77092,en,merged from 1 source rows (gutenberg); publication year not found via Open Library; needs manual research
shirley__bronte-charlotte__1800,Shirley,"Brontë, Charlotte",,false,1800,openlibrary,https://openlibrary.org/works/OL1095397W,en,merged from 1 source rows (openlibrary); pd_basis=pub_year<=1930
shirley__charlotte-bronte__1800,Shirley,Charlotte Brontë,1855,false,1800,openlibrary,https://openlibrary.org/works/OL1095397W,en,"merged from 1 source rows (openlibrary); author death year from Wikidata (Q127332); PD via life+70 rule (death year 1855 + 71 <= 2026), independent of publication year"
short-stories__andrei-platonov__1970,Short stories,Andrei Platonov,1951,false,1970,openlibrary,https://openlibrary.org/works/OL489841W,en,"merged from 1 source rows (openlibrary); author death year from Wikidata (Q315147); PD via life+70 rule (death year 1951 + 71 <= 2026), independent of publication year"
short-stories__isaak-babel__1927,Short stories,Isaak Babel,1940,false,1927,openlibrary,https://openlibrary.org/works/OL620715W,en,"merged from 1 source rows (openlibrary); author death year from Wikidata (Q49080); PD via life+70 rule (death year 1940 + 71 <= 2026), independent of publication year"
short-stories__ivan-bunin__1933,Short stories,Ivan Bunin,1953,false,1933,openlibrary,https://openlibrary.org/works/OL603368W,en,"merged from 1 source rows (openlibrary); author death year from Wikidata (Q46602); PD via life+70 rule (death year 1953 + 71 <= 2026), independent of publication year"
short-stories__premchand__1946,Short stories,Premchand,1936,false,1946,openlibrary,https://openlibrary.org/works/OL331909W,en,"merged from 1 source rows (openlibrary); author death year from Wikidata (Q174152); PD via life+70 rule (death year 1936 + 71 <= 2026), independent of publication year"
short-stories__sholem-aleichem__1948,Short stories,Sholem Aleichem,1916,false,1948,openlibrary,https://openlibrary.org/works/OL1401743W,en,"merged from 1 source rows (openlibrary); author death year from Wikidata (Q238090); PD via life+70 rule (death year 1916 + 71 <= 2026), independent of publication year"
silas-marner__eliot-george__1800,Silas Marner,"Eliot, George",,false,1800,openlibrary,https://openlibrary.org/works/OL20874W,en,merged from 1 source rows (openlibrary); pd_basis=pub_year<=1930
silas-marner__george-eliot__1800,Silas Marner,George Eliot,1880,false,1800,openlibrary,https://openlibrary.org/works/OL20874W,en,"merged from 1 source rows (openlibrary); author death year from Wikidata (Q131333); PD via life+70 rule (death year 1880 + 71 <= 2026), independent of publication year"
sing-song__christina-rossetti__1872,Sing-song,Christina Rossetti,1894,false,1872,openlibrary,https://openlibrary.org/works/OL524624W,en,"merged from 1 source rows (openlibrary); author death year from Wikidata (Q236596); PD via life+70 rule (death year 1894 + 71 <= 2026), independent of publication year"
sister-carrie__dreiser-theodore__1900,Sister Carrie,"Dreiser, Theodore",,false,1900,openlibrary,https://openlibrary.org/works/OL100203W,en,merged from 1 source rows (openlibrary); pd_basis=pub_year<=1930
sister-carrie__theodore-dreiser__1900,Sister Carrie,Theodore Dreiser,1945,false,1900,openlibrary,https://openlibrary.org/works/OL100203W,en,"merged from 1 source rows (openlibrary); author death year from Wikidata (Q486096); PD via life+70 rule (death year 1945 + 71 <= 2026), independent of publication year"
skanderbeg-s-return-and-other-poems__naim-frasheri__unk,Skanderbeg's return and other poems,Naim Frashëri,1900,false,,openlibrary,https://openlibrary.org/works/OL43581496W,en,"merged from 1 source rows (openlibrary); author death year from Wikidata (Q47007); PD via life+70 rule (death year 1900 + 71 <= 2026), independent of publication year; publication year (1970) discarded as implausible (>50 years after author's death, likely a modern reprint/collected edition indexed by Open Library as 'first publish year'); needs manual research"
skazki__mikhail-saltykov-shchedrin__1919,Skazki,Mikhail Saltykov-Shchedrin,1889,false,1919,openlibrary,https://openlibrary.org/works/OL710762W,en,"merged from 1 source rows (openlibrary); author death year from Wikidata (Q211785); PD via life+70 rule (death year 1889 + 71 <= 2026), independent of publication year"
skipper-worse__alexander-kielland__unk,Skipper Worse,Alexander Kielland,1906,false,,openlibrary,https://openlibrary.org/works/OL24548298W,en,"merged from 1 source rows (openlibrary); author death year from Wikidata (Q318358); PD via life+70 rule (death year 1906 + 71 <= 2026), independent of publication year; publication year (2008) discarded as implausible (>50 years after author's death, likely a modern reprint/collected edition indexed by Open Library as 'first publish year'); needs manual research"
sklepy-cynamonowe__bruno-schulz__unk,Sklepy Cynamonowe,Bruno Schulz,1942,false,,openlibrary,https://openlibrary.org/works/OL29134302W,en,"merged from 1 source rows (openlibrary); author death year from Wikidata (Q148886); PD via life+70 rule (death year 1942 + 71 <= 2026), independent of publication year; publication year (2015) discarded as implausible (>50 years after author's death, likely a modern reprint/collected edition indexed by Open Library as 'first publish year'); needs manual research"
sky-island__baum-l-frank__1912,Sky Island,"Baum, L. Frank",,false,1912,openlibrary,https://openlibrary.org/works/OL262385W,en,merged from 1 source rows (openlibrary); pd_basis=pub_year<=1930
slepoi-muzykant__vladimir-korolenko__1890,Slepoĭ muzykant,Vladimir Korolenko,1921,false,1890,openlibrary,https://openlibrary.org/works/OL2288551W,en,"merged from 1 source rows (openlibrary); author death year from Wikidata (Q335064); PD via life+70 rule (death year 1921 + 71 <= 2026), independent of publication year"
snake-train__velimir-khlebnikov__unk,Snake train,Velimir Khlebnikov,1922,false,,openlibrary,https://openlibrary.org/works/OL2453155W,en,"merged from 1 source rows (openlibrary); author death year from Wikidata (Q35733); PD via life+70 rule (death year 1922 + 71 <= 2026), independent of publication year; publication year (1976) discarded as implausible (>50 years after author's death, likely a modern reprint/collected edition indexed by Open Library as 'first publish year'); needs manual research"
soboriane__nikolai-leskov__1872,Sobori︠a︡ne,Nikolai Leskov,1895,false,1872,openlibrary,https://openlibrary.org/works/OL824778W,en,"merged from 1 source rows (openlibrary); author death year from Wikidata (Q209004); PD via life+70 rule (death year 1895 + 71 <= 2026), independent of publication year"
sobranie-sochinenii-v-shesti-tomakh__alexander-blok__unk,Sobranie sochinenii v shesti tomakh,Alexander Blok,1921,false,,openlibrary,https://openlibrary.org/works/OL10431203W,en,"merged from 1 source rows (openlibrary); author death year from Wikidata (Q164765); PD via life+70 rule (death year 1921 + 71 <= 2026), independent of publication year; publication year (1980) discarded as implausible (>50 years after author's death, likely a modern reprint/collected edition indexed by Open Library as 'first publish year'); needs manual research"
social-life-in-the-insect-world__jean-henri-fabre__1911,Social Life in the Insect World,Jean-Henri Fabre,1915,false,1911,openlibrary,https://openlibrary.org/works/OL8643419W,en,"merged from 1 source rows (openlibrary); author death year from Wikidata (Q313348); PD via life+70 rule (death year 1915 + 71 <= 2026), independent of publication year"
socialist-history-of-the-french-revolution__jean-jaures__unk,Socialist History of the French Revolution,Jean Jaurès,1914,false,,openlibrary,https://openlibrary.org/works/OL27793881W,en,"merged from 1 source rows (openlibrary); author death year from Wikidata (Q12688); PD via life+70 rule (death year 1914 + 71 <= 2026), independent of publication year; publication year (2015) discarded as implausible (>50 years after author's death, likely a modern reprint/collected edition indexed by Open Library as 'first publish year'); needs manual research"
society-as-i-have-found-it__mcallister-ward__1890,Society as I Have Found It,"McAllister, Ward",1895,false,1890,gutenberg,https://www.gutenberg.org/ebooks/55300,en,merged from 1 source rows (gutenberg); publication year via Open Library (earliest edition found; not independently verified)
society-in-america__harriet-martineau__1837,Society in America,Harriet Martineau,1876,false,1837,openlibrary,https://openlibrary.org/works/OL1491108W,en,"merged from 1 source rows (openlibrary); author death year from Wikidata (Q234570); PD via life+70 rule (death year 1876 + 71 <= 2026), independent of publication year"
some-apostles-of-physiology__frederick-banting__unk,Some Apostles of Physiology,Frederick Banting,1941,false,,openlibrary,https://openlibrary.org/works/OL37693264W,en,"merged from 1 source rows (openlibrary); author death year from Wikidata (Q180350); PD via life+70 rule (death year 1941 + 71 <= 2026), independent of publication year; publication year (2023) discarded as implausible (>50 years after author's death, likely a modern reprint/collected edition indexed by Open Library as 'first publish year'); needs manual research"
some-jewish-witnesses-for-christ__bernstein-aaron__1909,Some Jewish Witnesses For Christ,"Bernstein, Aaron",1912,false,1909,gutenberg,https://www.gutenberg.org/ebooks/37734,en,merged from 1 source rows (gutenberg); publication year via Open Library (earliest edition found; not independently verified)
song-to-the-sun__yanka-kupala__1982,Song to the sun,Yanka Kupala,1942,false,1982,openlibrary,https://openlibrary.org/works/OL31721904W,en,"merged from 1 source rows (openlibrary); author death year from Wikidata (Q377); PD via life+70 rule (death year 1942 + 71 <= 2026), independent of publication year"
songs-from-beranger__pierre-jean-de-beranger__1888,Songs from Béranger,Pierre-Jean de Béranger,1857,false,1888,openlibrary,https://openlibrary.org/works/OL2350038W,en,"merged from 1 source rows (openlibrary); author death year from Wikidata (Q324998); PD via life+70 rule (death year 1857 + 71 <= 2026), independent of publication year"
songs-of-innocence-and-of-experience__blake-william__1794,Songs of Innocence and of Experience,"Blake, William",1827,false,1794,gutenberg,https://www.gutenberg.org/ebooks/1934,en,merged from 1 source rows (gutenberg); publication year via Open Library (earliest edition found; not independently verified)
songs-of-the-serbian-people__vuk-karadzic__unk,Songs of the Serbian people,Vuk Karadžić,1864,false,,openlibrary,https://openlibrary.org/works/OL19591720W,en,"merged from 1 source rows (openlibrary); author death year from Wikidata (Q202815); PD via life+70 rule (death year 1864 + 71 <= 2026), independent of publication year; publication year (1997) discarded as implausible (>50 years after author's death, likely a modern reprint/collected edition indexed by Open Library as 'first publish year'); needs manual research"
sonnets__shakespeare-william__1609,Sonnets,"Shakespeare, William",,false,1609,openlibrary,https://openlibrary.org/works/OL362706W,en,merged from 1 source rows (openlibrary); pd_basis=pub_year<=1930
sonnets-from-the-portuguese__browning-elizabeth-barrett__1826,Sonnets from the Portuguese,"Browning, Elizabeth Barrett",1861,false,1826,gutenberg,https://www.gutenberg.org/ebooks/2002,en,merged from 1 source rows (gutenberg); publication year via Open Library (earliest edition found; not independently verified)
sonnets-from-the-portuguese__elizabeth-barrett-browning__unk,Sonnets from the Portuguese,Elizabeth Barrett Browning,1861,false,,openlibrary,https://openlibrary.org/works/OL34593975W,en,"merged from 1 source rows (openlibrary); author death year from Wikidata (Q228494); PD via life+70 rule (death year 1861 + 71 <= 2026), independent of publication year; publication year (1979) discarded as implausible (>50 years after author's death, likely a modern reprint/collected edition indexed by Open Library as 'first publish year'); needs manual research"
sons-and-lovers__lawrence-d-h__1913,Sons and Lovers,"Lawrence, D. H.",,false,1913,openlibrary,https://openlibrary.org/works/OL81295W,en,merged from 1 source rows (openlibrary); pd_basis=pub_year<=1930
sound__john-tyndall__1867,Sound,John Tyndall,1893,false,1867,openlibrary,https://openlibrary.org/works/OL1523355W,en,"merged from 1 source rows (openlibrary); author death year from Wikidata (Q360808); PD via life+70 rule (death year 1893 + 71 <= 2026), independent of publication year"
sous-le-soleil-de-satan__georges-bernanos__1926,Sous le soleil de Satan,Georges Bernanos,1948,false,1926,openlibrary,https://openlibrary.org/works/OL80355W,en,"merged from 1 source rows (openlibrary); author death year from Wikidata (Q315072); PD via life+70 rule (death year 1948 + 71 <= 2026), independent of publication year"
south-pole__roald-amundsen__unk,South Pole,Roald Amundsen,1928,false,,openlibrary,https://openlibrary.org/works/OL29030296W,en,"merged from 1 source rows (openlibrary); author death year from Wikidata (Q926); PD via life+70 rule (death year 1928 + 71 <= 2026), independent of publication year; publication year (2000) discarded as implausible (>50 years after author's death, likely a modern reprint/collected edition indexed by Open Library as 'first publish year'); needs manual research"
souvenirs__alexis-de-tocqueville__1893,Souvenirs,Alexis de Tocqueville,1859,false,1893,openlibrary,https://openlibrary.org/works/OL487213W,en,"merged from 1 source rows (openlibrary); author death year from Wikidata (Q140694); PD via life+70 rule (death year 1859 + 71 <= 2026), independent of publication year"
souvenirs-d-enfance-et-de-jeunesse__ernest-renan__1883,Souvenirs d'enfance et de jeunesse,Ernest Renan,1892,false,1883,openlibrary,https://openlibrary.org/works/OL1068554W,en,"merged from 1 source rows (openlibrary); author death year from Wikidata (Q157155); PD via life+70 rule (death year 1892 + 71 <= 2026), independent of publication year"
soziale-revolution__karl-kautsky__1902,Soziale Revolution,Karl Kautsky,1938,false,1902,openlibrary,https://openlibrary.org/works/OL1095821W,en,"merged from 1 source rows (openlibrary); author death year from Wikidata (Q76586); PD via life+70 rule (death year 1938 + 71 <= 2026), independent of publication year"
space-station-1__long-frank-belknap__1957,Space Station 1,"Long, Frank Belknap",1994,false,1957,gutenberg,https://www.gutenberg.org/ebooks/50290,en,merged from 1 source rows (gutenberg); publication year via Open Library (earliest edition found; not independently verified)
speeches-and-forensic-arguments__daniel-webster__1830,Speeches and forensic arguments,Daniel Webster,1852,false,1830,openlibrary,https://openlibrary.org/works/OL467809W,en,"merged from 1 source rows (openlibrary); author death year from Wikidata (Q106231); PD via life+70 rule (death year 1852 + 71 <= 2026), independent of publication year"
spenser-s-the-faerie-queene-book-i__spenser-edmund__unk,"Spenser's The Faerie Queene, Book I","Spenser, Edmund",1599,false,,gutenberg,https://www.gutenberg.org/ebooks/15272,en,"merged from 1 source rows (gutenberg); Open Library match discarded: returned 1867, which is more than 5 years after author's death (1599) -- likely an indexed reprint rather than the original edition; needs manual research"
spiritisme-experimental__allan-kardec__1874,Spiritisme expérimental,Allan Kardec,1869,false,1874,openlibrary,https://openlibrary.org/works/OL4238704W,en,"merged from 1 source rows (openlibrary); author death year from Wikidata (Q240643); PD via life+70 rule (death year 1869 + 71 <= 2026), independent of publication year"
spirits-rebellious__kahlil-gibran__1908,SPIRITS REBELLIOUS,Kahlil Gibran,1931,false,1908,openlibrary,https://openlibrary.org/works/OL318893W,en,"merged from 1 source rows (openlibrary); author death year from Wikidata (Q47737); PD via life+70 rule (death year 1931 + 71 <= 2026), independent of publication year"
spoon-river-anthology__masters-edgar-lee__1914,Spoon River Anthology,"Masters, Edgar Lee",1950,false,1914,gutenberg,https://www.gutenberg.org/ebooks/26471,en,merged from 1 source rows (gutenberg); publication year via Open Library (earliest edition found; not independently verified)
star-maker__olaf-stapledon__1937,Star Maker,Olaf Stapledon,1950,false,1937,openlibrary,https://openlibrary.org/works/OL3290739W,en,"merged from 1 source rows (openlibrary); author death year from Wikidata (Q337373); PD via life+70 rule (death year 1950 + 71 <= 2026), independent of publication year"
state-of-the-union-addresses-of-benjamin-harrison__benjamin-harrison__unk,State of the Union Addresses of Benjamin Harrison,Benjamin Harrison,1901,false,,openlibrary,https://openlibrary.org/works/OL206802W,en,"merged from 1 source rows (openlibrary); author death year from Wikidata (Q35678); PD via life+70 rule (death year 1901 + 71 <= 2026), independent of publication year; publication year (2004) discarded as implausible (>50 years after author's death, likely a modern reprint/collected edition indexed by Open Library as 'first publish year'); needs manual research"
stendhal__leon-blum__1962,STENDHAL,Léon Blum,1950,false,1962,openlibrary,https://openlibrary.org/works/OL39086004W,en,"merged from 1 source rows (openlibrary); author death year from Wikidata (Q18434); PD via life+70 rule (death year 1950 + 71 <= 2026), independent of publication year"
steps-to-christ__ellen-g-white__unk,Steps to Christ,Ellen G. White,1915,false,,openlibrary,https://openlibrary.org/works/OL24188781W,en,"merged from 1 source rows (openlibrary); author death year from Wikidata (Q292290); PD via life+70 rule (death year 1915 + 71 <= 2026), independent of publication year; publication year (2018) discarded as implausible (>50 years after author's death, likely a modern reprint/collected edition indexed by Open Library as 'first publish year'); needs manual research"
stopfkuchen__wilhelm-raabe__1943,Stopfkuchen,Wilhelm Raabe,1910,false,1943,openlibrary,https://openlibrary.org/works/OL820438W,en,"merged from 1 source rows (openlibrary); author death year from Wikidata (Q60647); PD via life+70 rule (death year 1910 + 71 <= 2026), independent of publication year"
story-of-the-red-cross__clara-barton__1918,Story of the Red Cross,Clara Barton,1912,false,1918,openlibrary,https://openlibrary.org/works/OL29198441W,en,"merged from 1 source rows (openlibrary); author death year from Wikidata (Q188039); PD via life+70 rule (death year 1912 + 71 <= 2026), independent of publication year"
strategy-six-pack-9__elbert-green-hubbard__unk,Strategy Six Pack 9,Elbert Green Hubbard,1915,false,,openlibrary,https://openlibrary.org/works/OL41061308W,en,"merged from 1 source rows (openlibrary); author death year from Wikidata (Q734329); PD via life+70 rule (death year 1915 + 71 <= 2026), independent of publication year; publication year (2016) discarded as implausible (>50 years after author's death, likely a modern reprint/collected edition indexed by Open Library as 'first publish year'); needs manual research"
struggles-and-triumphs-or-forty-years-recollections__p-t-barnum__1869,"Struggles and triumphs, or, Forty years' recollections",P. T. Barnum,1891,false,1869,openlibrary,https://openlibrary.org/works/OL891625W,en,"merged from 1 source rows (openlibrary); author death year from Wikidata (Q223766); PD via life+70 rule (death year 1891 + 71 <= 2026), independent of publication year"
studies-in-pessimism__arthur-schopenhauer__1890,Studies in pessimism,Arthur Schopenhauer,1860,false,1890,openlibrary,https://openlibrary.org/works/OL15222750W,en,"merged from 1 source rows (openlibrary); author death year from Wikidata (Q38193); PD via life+70 rule (death year 1860 + 71 <= 2026), independent of publication year"
studies-in-socialism__jean-jaures__1906,Studies in socialism,Jean Jaurès,1914,false,1906,openlibrary,https://openlibrary.org/works/OL3033173W,en,"merged from 1 source rows (openlibrary); author death year from Wikidata (Q12688); PD via life+70 rule (death year 1914 + 71 <= 2026), independent of publication year"
studies-in-the-psychology-of-sex-vol-i__havelock-ellis__1896,"Studies in the Psychology of Sex, Vol. I",Havelock Ellis,1939,false,1896,openlibrary,https://openlibrary.org/works/OL17008756W,en,"merged from 1 source rows (openlibrary); author death year from Wikidata (Q552983); PD via life+70 rule (death year 1939 + 71 <= 2026), independent of publication year"
studies-in-the-psychology-of-sex-vol-iii__havelock-ellis__1913,"Studies in the Psychology of Sex, Vol. III",Havelock Ellis,1939,false,1913,openlibrary,https://openlibrary.org/works/OL17020593W,en,"merged from 1 source rows (openlibrary); author death year from Wikidata (Q552983); PD via life+70 rule (death year 1939 + 71 <= 2026), independent of publication year"
studies-in-the-scriptures__charles-taze-russell__1912,Studies in the Scriptures,Charles Taze Russell,1916,false,1912,openlibrary,https://openlibrary.org/works/OL13312378W,en,"merged from 1 source rows (openlibrary); author death year from Wikidata (Q313456); PD via life+70 rule (death year 1916 + 71 <= 2026), independent of publication year"
style-and-idea__arnold-schoenberg__1950,Style and idea,Arnold Schoenberg,1951,false,1950,openlibrary,https://openlibrary.org/works/OL1394578W,en,"merged from 1 source rows (openlibrary); author death year from Wikidata (Q154770); PD via life+70 rule (death year 1951 + 71 <= 2026), independent of publication year"
success__silberrad-una-l__1912,Success,"Silberrad, Una L.",1955,false,1912,gutenberg,https://www.gutenberg.org/ebooks/78012,en,merged from 1 source rows (gutenberg); publication year via Open Library (earliest edition found; not independently verified)
suez-canal__ferdinand-de-lesseps__unk,Suez Canal,Ferdinand de Lesseps,1894,false,,openlibrary,https://openlibrary.org/works/OL21457079W,en,"merged from 1 source rows (openlibrary); author death year from Wikidata (Q209169); PD via life+70 rule (death year 1894 + 71 <= 2026), independent of publication year; publication year (2011) discarded as implausible (>50 years after author's death, likely a modern reprint/collected edition indexed by Open Library as 'first publish year'); needs manual research"
suffragette__emmeline-pankhurst__unk,Suffragette,Emmeline Pankhurst,1928,false,,openlibrary,https://openlibrary.org/works/OL40335124W,en,"merged from 1 source rows (openlibrary); author death year from Wikidata (Q211519); PD via life+70 rule (death year 1928 + 71 <= 2026), independent of publication year; publication year (2015) discarded as implausible (>50 years after author's death, likely a modern reprint/collected edition indexed by Open Library as 'first publish year'); needs manual research"
sult__knut-hamsun__1890,Sult,Knut Hamsun,1952,false,1890,openlibrary,https://openlibrary.org/works/OL573193W,en,"merged from 1 source rows (openlibrary); author death year from Wikidata (Q40826); PD via life+70 rule (death year 1952 + 71 <= 2026), independent of publication year"
suomalaisia-kirjailijoita__eino-leino__1909,Suomalaisia Kirjailijoita,Eino Leino,1926,false,1909,openlibrary,https://openlibrary.org/works/OL41401486W,en,"merged from 1 source rows (openlibrary); author death year from Wikidata (Q360079); PD via life+70 rule (death year 1926 + 71 <= 2026), independent of publication year"
supermind__garrett-randall__unk,Supermind,"Garrett, Randall",1987,false,,gutenberg,https://www.gutenberg.org/ebooks/22342,en,"merged from 1 source rows (gutenberg); Open Library match discarded: returned 2007, which is more than 5 years after author's death (1987) -- likely an indexed reprint rather than the original edition; needs manual research; 1 additional co-author(s) not recorded, primary author only"
susan-b-anthony-rebel-crusader-humanitarian__lutz-alma__2007,"Susan B. Anthony: Rebel, Crusader, Humanitarian","Lutz, Alma",,false,2007,gutenberg,https://www.gutenberg.org/ebooks/20439,en,merged from 1 source rows (gutenberg); publication year via Open Library (earliest edition found; not independently verified); author death year unknown (Gutendex has no record)
svetova-revoluce-za-valky-a-ve-valce-1914-1918__tomas-garrigue-masaryk__1925,"Světová revoluce za války a ve válce, 1914-1918",Tomáš Garrigue Masaryk,1937,false,1925,openlibrary,https://openlibrary.org/works/OL656300W,en,"merged from 1 source rows (openlibrary); author death year from Wikidata (Q78492); PD via life+70 rule (death year 1937 + 71 <= 2026), independent of publication year"
swan-song-forsyte-chronicles__john-galsworthy__1928,Swan Song (Forsyte Chronicles),John Galsworthy,1933,false,1928,openlibrary,https://openlibrary.org/works/OL879000W,en,"merged from 1 source rows (openlibrary); author death year from Wikidata (Q82248); PD via life+70 rule (death year 1933 + 71 <= 2026), independent of publication year"
sydpolen__roald-amundsen__1912,Sydpolen,Roald Amundsen,1928,false,1912,openlibrary,https://openlibrary.org/works/OL4734252W,en,"merged from 1 source rows (openlibrary); author death year from Wikidata (Q926); PD via life+70 rule (death year 1928 + 71 <= 2026), independent of publication year"
sygdommen-til-dden__sren-kierkegaard__1849,Sygdommen til døden,Søren Kierkegaard,1855,false,1849,openlibrary,https://openlibrary.org/works/OL112724W,en,"merged from 1 source rows (openlibrary); author death year from Wikidata (Q6512); PD via life+70 rule (death year 1855 + 71 <= 2026), independent of publication year"
symbolism-of-the-cross__rene-guenon__1958,Symbolism of the cross,René Guénon,1951,false,1958,openlibrary,https://openlibrary.org/works/OL1230282W,en,"merged from 1 source rows (openlibrary); author death year from Wikidata (Q496850); PD via life+70 rule (death year 1951 + 71 <= 2026), independent of publication year"
symphonies__robert-schumann__1800,"Symphonies,",Robert Schumann,1856,false,1800,openlibrary,https://openlibrary.org/works/OL1250990W,en,"merged from 1 source rows (openlibrary); author death year from Wikidata (Q7351); PD via life+70 rule (death year 1856 + 71 <= 2026), independent of publication year"
symposium__plato__unk,Symposium,Plato,-348,false,,gutenberg,https://www.gutenberg.org/ebooks/1600,en,"merged from 1 source rows (gutenberg); classical/ancient work (author died before 1400) -- original composition predates reliable publication-year records, not looked up automatically; needs manual research"
system-des-heutigen-romischen-rechts__friedrich-carl-von-savigny__1840,System des heutigen römischen Rechts,Friedrich Carl von Savigny,1861,false,1840,openlibrary,https://openlibrary.org/works/OL1278421W,en,"merged from 1 source rows (openlibrary); author death year from Wikidata (Q76892); PD via life+70 rule (death year 1861 + 71 <= 2026), independent of publication year"
systems-of-consanguinity-and-affinity-of-the-human-family__lewis-h-morgan__1870,Systems of consanguinity and affinity of the human family,Lewis H. Morgan,1881,false,1870,openlibrary,https://openlibrary.org/works/OL1621343W,en,"merged from 1 source rows (openlibrary); author death year from Wikidata (Q313458); PD via life+70 rule (death year 1881 + 71 <= 2026), independent of publication year"
systeme-des-contradictions-economiques-ou-philosophie-de-la-misere__pierre-joseph-proudhon__1846,"Système des contradictions économiques, ou, Philosophie de la misère",Pierre-Joseph Proudhon,1865,false,1846,openlibrary,https://openlibrary.org/works/OL960272W,en,"merged from 1 source rows (openlibrary); author death year from Wikidata (Q5749); PD via life+70 rule (death year 1865 + 71 <= 2026), independent of publication year"
samtliche-werke__eduard-morike__1905,Sämtliche Werke,Eduard Mörike,1875,false,1905,openlibrary,https://openlibrary.org/works/OL1140823W,en,"merged from 1 source rows (openlibrary); author death year from Wikidata (Q63699); PD via life+70 rule (death year 1875 + 71 <= 2026), independent of publication year"
t-s-eliot-s-poetry-and-plays__grover-cleveland__1956,T.S. Eliot's poetry and plays,Grover Cleveland,1908,false,1956,openlibrary,https://openlibrary.org/works/OL3243762W,en,"merged from 1 source rows (openlibrary); author death year from Wikidata (Q35171); PD via life+70 rule (death year 1908 + 71 <= 2026), independent of publication year"
tagebuch-1907-1922__walther-rathenau__1930,Tagebuch 1907-1922,Walther Rathenau,1922,false,1930,openlibrary,https://openlibrary.org/works/OL5077347W,en,"merged from 1 source rows (openlibrary); author death year from Wikidata (Q135645); PD via life+70 rule (death year 1922 + 71 <= 2026), independent of publication year"
tale-of-the-armament-of-igor__vasily-zhukovsky__unk,Tale of the Armament of Igor,Vasily Zhukovsky,1852,false,,openlibrary,https://openlibrary.org/works/OL40956849W,en,"merged from 1 source rows (openlibrary); author death year from Wikidata (Q157623); PD via life+70 rule (death year 1852 + 71 <= 2026), independent of publication year; publication year (2016) discarded as implausible (>50 years after author's death, likely a modern reprint/collected edition indexed by Open Library as 'first publish year'); needs manual research"
tales-grotesque-and-curious__akutagawa-ryunosuke__1930,Tales grotesque and curious,"Akutagawa, Ryūnosuke",1927,false,1930,gutenberg,https://www.gutenberg.org/ebooks/78105,en,merged from 1 source rows (gutenberg); publication year via Open Library (earliest edition found; not independently verified)
tales-of-terror__donovan-dick__1899,Tales of terror,"Donovan, Dick",1934,false,1899,gutenberg,https://www.gutenberg.org/ebooks/76261,en,merged from 1 source rows (gutenberg); publication year via Open Library (earliest edition found; not independently verified)
tales-of-terror-and-mystery__doyle-arthur-conan__1919,Tales of Terror and Mystery,"Doyle, Arthur Conan",1930,false,1919,gutenberg,https://www.gutenberg.org/ebooks/537,en,merged from 1 source rows (gutenberg); publication year via Open Library (earliest edition found; not independently verified)
tales-of-two-countries__alexander-kielland__unk,Tales of Two Countries,Alexander Kielland,1906,false,,openlibrary,https://openlibrary.org/works/OL8607943W,en,"merged from 1 source rows (openlibrary); author death year from Wikidata (Q318358); PD via life+70 rule (death year 1906 + 71 <= 2026), independent of publication year; publication year (2002) discarded as implausible (>50 years after author's death, likely a modern reprint/collected edition indexed by Open Library as 'first publish year'); needs manual research"
talks-with-sri-ramana-maharshi__ramana-maharshi__1963,Talks with Sri Ramana Maharshi,Ramana Maharshi,1950,false,1963,openlibrary,https://openlibrary.org/works/OL328634W,en,"merged from 1 source rows (openlibrary); author death year from Wikidata (Q288441); PD via life+70 rule (death year 1950 + 71 <= 2026), independent of publication year"
tangled-hair__akiko-yosano__1987,Tangled hair,Akiko Yosano,1942,false,1987,openlibrary,https://openlibrary.org/works/OL19666895W,en,"merged from 1 source rows (openlibrary); author death year from Wikidata (Q464104); PD via life+70 rule (death year 1942 + 71 <= 2026), independent of publication year"
tanglewood-tales__hawthorne-nathaniel__1853,Tanglewood Tales,"Hawthorne, Nathaniel",,false,1853,openlibrary,https://openlibrary.org/works/OL455476W,en,merged from 1 source rows (openlibrary); pd_basis=pub_year<=1930
taras-bulba__nikolai-gogol__unk,Taras Bulba,Nikolai Gogol,1852,false,,openlibrary,https://openlibrary.org/works/OL29576786W,en,"merged from 1 source rows (openlibrary); author death year from Wikidata (Q43718); PD via life+70 rule (death year 1852 + 71 <= 2026), independent of publication year; publication year (2017) discarded as implausible (>50 years after author's death, likely a modern reprint/collected edition indexed by Open Library as 'first publish year'); needs manual research"
tarrano-the-conqueror__cummings-ray__1930,Tarrano the Conqueror,"Cummings, Ray",1957,false,1930,gutenberg,https://www.gutenberg.org/ebooks/21638,en,merged from 1 source rows (gutenberg); publication year via Open Library (earliest edition found; not independently verified)
tartarin-de-tarascon__alphonse-daudet__1800,Tartarín de Tarascón,Alphonse Daudet,1897,false,1800,openlibrary,https://openlibrary.org/works/OL942448W,en,"merged from 1 source rows (openlibrary); author death year from Wikidata (Q228546); PD via life+70 rule (death year 1897 + 71 <= 2026), independent of publication year"
teacher-s-manual-of-mason-s-pianoforte-technics__bab__unk,Teacher's Manual of Mason's Pianoforte Technics,Báb,1850,false,,openlibrary,https://openlibrary.org/works/OL24473665W,en,"merged from 1 source rows (openlibrary); author death year from Wikidata (Q104273); PD via life+70 rule (death year 1850 + 71 <= 2026), independent of publication year; publication year (2018) discarded as implausible (>50 years after author's death, likely a modern reprint/collected edition indexed by Open Library as 'first publish year'); needs manual research"
television-and-me__john-logie-baird__unk,Television And Me,John Logie Baird,1946,false,,openlibrary,https://openlibrary.org/works/OL9012585W,en,"merged from 1 source rows (openlibrary); author death year from Wikidata (Q133544); PD via life+70 rule (death year 1946 + 71 <= 2026), independent of publication year; publication year (2004) discarded as implausible (>50 years after author's death, likely a modern reprint/collected edition indexed by Open Library as 'first publish year'); needs manual research"
temporal-and-eternal__charles-peguy__1958,Temporal and eternal,Charles Péguy,1914,false,1958,openlibrary,https://openlibrary.org/works/OL1180321W,en,"merged from 1 source rows (openlibrary); author death year from Wikidata (Q334965); PD via life+70 rule (death year 1914 + 71 <= 2026), independent of publication year"
ten-days-in-a-mad-house__nellie-bly__1905,Ten days in a mad-house,Nellie Bly,1922,false,1905,openlibrary,https://openlibrary.org/works/OL16915826W,en,"merged from 1 source rows (openlibrary); author death year from Wikidata (Q230299); PD via life+70 rule (death year 1922 + 71 <= 2026), independent of publication year"
ten-days-that-shook-the-world__john-reed__1919,Ten Days That Shook the World,John Reed,1920,false,1919,openlibrary,https://openlibrary.org/works/OL827976W,en,"merged from 1 source rows (openlibrary); author death year from Wikidata (Q310800); PD via life+70 rule (death year 1920 + 71 <= 2026), independent of publication year"
ten-o-clock__james-mcneill-whistler__1885,Ten o'clock,James McNeill Whistler,1903,false,1885,openlibrary,https://openlibrary.org/works/OL653118W,en,"merged from 1 source rows (openlibrary); author death year from Wikidata (Q203643); PD via life+70 rule (death year 1903 + 71 <= 2026), independent of publication year"
tender-buttons__gertrude-stein__1914,Tender Buttons,Gertrude Stein,1946,false,1914,openlibrary,https://openlibrary.org/works/OL35395W,en,"merged from 1 source rows (openlibrary); author death year from Wikidata (Q188385); PD via life+70 rule (death year 1946 + 71 <= 2026), independent of publication year"
tender-buttons__stein-gertrude__1914,Tender Buttons,"Stein, Gertrude",,false,1914,openlibrary,https://openlibrary.org/works/OL35395W,en,merged from 1 source rows (openlibrary); pd_basis=pub_year<=1930
terre-des-hommes__antoine-de-saint-exupery__1936,Terre des hommes,Antoine de Saint-Exupéry,1944,false,1936,openlibrary,https://openlibrary.org/works/OL86701W,en,"merged from 1 source rows (openlibrary); author death year from Wikidata (Q2908); PD via life+70 rule (death year 1944 + 71 <= 2026), independent of publication year"
terrorismus-und-kommunismus__karl-kautsky__1919,Terrorismus und Kommunismus,Karl Kautsky,1938,false,1919,openlibrary,https://openlibrary.org/works/OL1095802W,en,"merged from 1 source rows (openlibrary); author death year from Wikidata (Q76586); PD via life+70 rule (death year 1938 + 71 <= 2026), independent of publication year"
tess-of-the-d-urbervilles__david-brewster__unk,Tess of the d'Urbervilles,David Brewster,1868,false,,openlibrary,https://openlibrary.org/works/OL44927W,en,"merged from 1 source rows (openlibrary); author death year from Wikidata (Q168468); PD via life+70 rule (death year 1868 + 71 <= 2026), independent of publication year; publication year (1707) discarded post-merge as implausible (more than 100 years before death (1868), implausible for a single lifetime); needs manual research"
tess-of-the-d-urbervilles__hardy-thomas__1707,Tess of the d'Urbervilles,"Hardy, Thomas",,false,1707,openlibrary,https://openlibrary.org/works/OL44927W,en,merged from 1 source rows (openlibrary); pd_basis=pub_year<=1930
tess-of-the-d-urbervilles__thomas-hardy__unk,Tess of the d'Urbervilles,Thomas Hardy,1928,false,,openlibrary,https://openlibrary.org/works/OL44927W,en,"merged from 1 source rows (openlibrary); author death year from Wikidata (Q132805); PD via life+70 rule (death year 1928 + 71 <= 2026), independent of publication year; publication year (1707) discarded post-merge as implausible (more than 100 years before death (1928), implausible for a single lifetime); needs manual research"
that-girl-montana__ryan-marah-ellis__1901,That Girl Montana,"Ryan, Marah Ellis",1934,false,1901,gutenberg,https://www.gutenberg.org/ebooks/27475,en,merged from 1 source rows (gutenberg); publication year via Open Library (earliest edition found; not independently verified)
that-which-hath-wings-a-novel-of-the-day__dehan-richard__1918,That Which Hath Wings: A Novel of the Day,"Dehan, Richard",1932,false,1918,gutenberg,https://www.gutenberg.org/ebooks/51428,en,merged from 1 source rows (gutenberg); publication year via Open Library (earliest edition found; not independently verified)
the-man-who-would-be-king__kipling-rudyard__1898,The  man who would be king,"Kipling, Rudyard",,false,1898,openlibrary,https://openlibrary.org/works/OL20112W,en,merged from 1 source rows (openlibrary); pd_basis=pub_year<=1930
the-laws-of-kansas__schuyler-colfax__1856,"The ""laws"" of Kansas",Schuyler Colfax,1885,false,1856,openlibrary,https://openlibrary.org/works/OL1488867W,en,"merged from 1 source rows (openlibrary); author death year from Wikidata (Q310852); PD via life+70 rule (death year 1885 + 71 <= 2026), independent of publication year"
the-2003-cia-world-factbook__united-states-central-intelligence-agency__unk,The 2003 CIA World Factbook,United States. Central Intelligence Agency,,false,,gutenberg,https://www.gutenberg.org/ebooks/27558,en,merged from 1 source rows (gutenberg); publication year not found via Open Library; needs manual research; author death year unknown (Gutendex has no record)
the-2006-cia-world-factbook__united-states-central-intelligence-agency__unk,The 2006 CIA World Factbook,United States. Central Intelligence Agency,,false,,gutenberg,https://www.gutenberg.org/ebooks/27509,en,merged from 1 source rows (gutenberg); publication year not found via Open Library; needs manual research; author death year unknown (Gutendex has no record)
the-addresses__charles-w-fairbanks__1909,The addresses,Charles W. Fairbanks,1918,false,1909,openlibrary,https://openlibrary.org/works/OL2501174W,en,"merged from 1 source rows (openlibrary); author death year from Wikidata (Q270539); PD via life+70 rule (death year 1918 + 71 <= 2026), independent of publication year"
the-adventures-of-an-ensign__williams-valentine__1917,The adventures of an ensign,"Williams, Valentine",1946,false,1917,gutenberg,https://www.gutenberg.org/ebooks/78078,en,merged from 1 source rows (gutenberg); publication year via Open Library (earliest edition found; not independently verified)
the-adventures-of-ferdinand-count-fathom-complete__smollett-t-tobias__unk,The Adventures of Ferdinand Count Fathom — Complete,"Smollett, T. (Tobias)",1771,false,,gutenberg,https://www.gutenberg.org/ebooks/6761,en,merged from 1 source rows (gutenberg); publication year not found via Open Library; needs manual research
the-adventures-of-pinocchio__collodi-carlo__1892,The Adventures of Pinocchio,"Collodi, Carlo",1890,false,1892,gutenberg,https://www.gutenberg.org/ebooks/500,en,merged from 1 source rows (gutenberg); publication year via Open Library (earliest edition found; not independently verified)
the-adventures-of-roderick-random__smollett-t-tobias__1776,The Adventures of Roderick Random,"Smollett, T. (Tobias)",1771,false,1776,gutenberg,https://www.gutenberg.org/ebooks/4085,en,merged from 1 source rows (gutenberg); publication year via Open Library (earliest edition found; not independently verified)
the-adventures-of-sherlock-holmes__doyle-arthur-conan__1892,The Adventures of Sherlock Holmes,"Doyle, Arthur Conan",1930,false,1892,gutenberg,https://www.gutenberg.org/ebooks/1661,en,merged from 1 source rows (gutenberg); publication year via Open Library (earliest edition found; not independently verified)
the-adventures-of-sherlock-holmes-12-stories__arthur-conan-doyle__1892,The Adventures of Sherlock Holmes [12 stories],Arthur Conan Doyle,1930,false,1892,openlibrary,https://openlibrary.org/works/OL262421W,en,"merged from 1 source rows (openlibrary); author death year from Wikidata (Q35610); PD via life+70 rule (death year 1930 + 71 <= 2026), independent of publication year"
the-adventures-of-sherlock-holmes-12-stories__doyle-arthur-conan__1892,The Adventures of Sherlock Holmes [12 stories],"Doyle, Arthur Conan",,false,1892,openlibrary,https://openlibrary.org/works/OL262421W,en,merged from 1 source rows (openlibrary); pd_basis=pub_year<=1930
the-adventures-of-tom-sawyer__george-orwell__unk,The Adventures of Tom Sawyer,George Orwell,1950,false,,openlibrary,https://openlibrary.org/works/OL53919W,en,"merged from 1 source rows (openlibrary); author death year from Wikidata (Q3335); PD via life+70 rule (death year 1950 + 71 <= 2026), independent of publication year; publication year (1817) discarded post-merge as implausible (more than 100 years before death (1950), implausible for a single lifetime); needs manual research"
the-adventures-of-tom-sawyer__henry-george__1817,The Adventures of Tom Sawyer,Henry George,1897,false,1817,openlibrary,https://openlibrary.org/works/OL53919W,en,"merged from 1 source rows (openlibrary); author death year from Wikidata (Q355245); PD via life+70 rule (death year 1897 + 71 <= 2026), independent of publication year"
the-adventures-of-tom-sawyer__jack-london__1817,The Adventures of Tom Sawyer,Jack London,1916,false,1817,openlibrary,https://openlibrary.org/works/OL53919W,en,"merged from 1 source rows (openlibrary); author death year from Wikidata (Q45765); PD via life+70 rule (death year 1916 + 71 <= 2026), independent of publication year"
the-adventures-of-tom-sawyer__johanna-spyri__1817,The Adventures of Tom Sawyer,Johanna Spyri,1901,false,1817,openlibrary,https://openlibrary.org/works/OL53919W,en,"merged from 1 source rows (openlibrary); author death year from Wikidata (Q123053); PD via life+70 rule (death year 1901 + 71 <= 2026), independent of publication year"
the-adventures-of-tom-sawyer__mark-twain__1817,The Adventures of Tom Sawyer,Mark Twain,1910,false,1817,openlibrary,https://openlibrary.org/works/OL53919W,en,"merged from 1 source rows (openlibrary); author death year from Wikidata (Q7245); PD via life+70 rule (death year 1910 + 71 <= 2026), independent of publication year"
the-adventures-of-tom-sawyer__o-henry__1817,The Adventures of Tom Sawyer,O. Henry,1910,false,1817,openlibrary,https://openlibrary.org/works/OL53919W,en,"merged from 1 source rows (openlibrary); author death year from Wikidata (Q172788); PD via life+70 rule (death year 1910 + 71 <= 2026), independent of publication year"
the-adventures-of-tom-sawyer__robert-louis-stevenson__1817,The Adventures of Tom Sawyer,Robert Louis Stevenson,1894,false,1817,openlibrary,https://openlibrary.org/works/OL53919W,en,"merged from 1 source rows (openlibrary); author death year from Wikidata (Q1512); PD via life+70 rule (death year 1894 + 71 <= 2026), independent of publication year"
the-adventures-of-tom-sawyer__twain-mark__1817,The Adventures of Tom Sawyer,"Twain, Mark",,false,1817,openlibrary,https://openlibrary.org/works/OL53919W,en,merged from 1 source rows (openlibrary); pd_basis=pub_year<=1930
the-adventures-of-tom-sawyer-complete__twain-mark__1875,"The Adventures of Tom Sawyer, Complete","Twain, Mark",1910,false,1875,gutenberg,https://www.gutenberg.org/ebooks/74,en,merged from 1 source rows (gutenberg); publication year via Open Library (earliest edition found; not independently verified)
the-aeneid__virgil__unk,The Aeneid,Virgil,-19,false,,gutenberg,https://www.gutenberg.org/ebooks/228,en,"merged from 1 source rows (gutenberg); classical/ancient work (author died before 1400) -- original composition predates reliable publication-year records, not looked up automatically; needs manual research"
the-affair-at-the-semiramis-hotel__mason-a-e-w__1917,The Affair at the Semiramis Hotel,"Mason, A. E. W.",,false,1917,openlibrary,https://openlibrary.org/works/OL532398W,en,merged from 1 source rows (openlibrary); pd_basis=pub_year<=1930
the-age-of-fable__bulfinch-thomas__1800,The Age of Fable,"Bulfinch, Thomas",,false,1800,openlibrary,https://openlibrary.org/works/OL77559W,en,merged from 1 source rows (openlibrary); pd_basis=pub_year<=1930
the-age-of-innocence__wharton-edith__1920,The Age of Innocence,"Wharton, Edith",,false,1920,openlibrary,https://openlibrary.org/works/OL98491W,en,merged from 1 source rows (openlibrary); pd_basis=pub_year<=1930
the-air-pirate__thorne-guy__1920,The Air Pirate,"Thorne, Guy",1923,false,1920,gutenberg,https://www.gutenberg.org/ebooks/40361,en,merged from 1 source rows (gutenberg); publication year via Open Library (earliest edition found; not independently verified)
the-alhambra__irving-washington__1800,The Alhambra,"Irving, Washington",,false,1800,openlibrary,https://openlibrary.org/works/OL63996W,en,merged from 1 source rows (openlibrary); pd_basis=pub_year<=1930
the-amazing-marriage-complete__meredith-george__unk,The Amazing Marriage — Complete,"Meredith, George",1909,false,,gutenberg,https://www.gutenberg.org/ebooks/4488,en,"merged from 1 source rows (gutenberg); Open Library match discarded: returned 2006, which is more than 5 years after author's death (1909) -- likely an indexed reprint rather than the original edition; needs manual research"
the-ambulance-made-two-trips__leinster-murray__unk,The Ambulance Made Two Trips,"Leinster, Murray",1975,false,,gutenberg,https://www.gutenberg.org/ebooks/24149,en,merged from 1 source rows (gutenberg); publication year not found via Open Library; needs manual research
the-american-claimant__twain-mark__1881,The American Claimant,"Twain, Mark",,false,1881,openlibrary,https://openlibrary.org/works/OL54153W,en,merged from 1 source rows (openlibrary); pd_basis=pub_year<=1930
the-anabasis-of-alexander-b-or-the-history-of-the-wars-and-conquests-of-alexander-the-great__arrian__unk,"The Anabasis of Alexander : $b or, The history of the wars and conquests of Alexander the Great",Arrian,175,false,,gutenberg,https://www.gutenberg.org/ebooks/46976,en,"merged from 1 source rows (gutenberg); classical/ancient work (author died before 1400) -- original composition predates reliable publication-year records, not looked up automatically; needs manual research"
the-anatomy-of-revolution__brinton-crane__1938,The anatomy of revolution,"Brinton, Crane",1968,false,1938,gutenberg,https://www.gutenberg.org/ebooks/78065,en,merged from 1 source rows (gutenberg); publication year via Open Library (earliest edition found; not independently verified)
the-ancient-allen__haggard-h-rider__1920,The Ancient Allen,"Haggard, H. Rider",,false,1920,openlibrary,https://openlibrary.org/works/OL17438W,en,merged from 1 source rows (openlibrary); pd_basis=pub_year<=1930
the-angel-of-terror__edgar-wallace__1923,The Angel of Terror,Edgar Wallace,1932,false,1923,openlibrary,https://openlibrary.org/works/OL1518053W,en,"merged from 1 source rows (openlibrary); author death year from Wikidata (Q271824); PD via life+70 rule (death year 1932 + 71 <= 2026), independent of publication year"
the-animate-and-the-inanimate__william-james-sidis__1925,The Animate and the Inanimate,William James Sidis,1944,false,1925,openlibrary,https://openlibrary.org/works/OL11421169W,en,"merged from 1 source rows (openlibrary); author death year from Wikidata (Q313603); PD via life+70 rule (death year 1944 + 71 <= 2026), independent of publication year"
the-apostles__ernest-renan__1866,The apostles,Ernest Renan,1892,false,1866,openlibrary,https://openlibrary.org/works/OL1068552W,en,"merged from 1 source rows (openlibrary); author death year from Wikidata (Q157155); PD via life+70 rule (death year 1892 + 71 <= 2026), independent of publication year"
the-aran-islands__john-millington-synge__1906,The Aran Islands,John Millington Synge,1909,false,1906,openlibrary,https://openlibrary.org/works/OL27932W,en,"merged from 1 source rows (openlibrary); author death year from Wikidata (Q213447); PD via life+70 rule (death year 1909 + 71 <= 2026), independent of publication year"
the-arbor-house-treasury-of-horror-and-the-supernatural__thomas-r-marshall__unk,The Arbor House Treasury of Horror and the Supernatural,Thomas R. Marshall,1925,false,,openlibrary,https://openlibrary.org/works/OL15705711W,en,"merged from 1 source rows (openlibrary); author death year from Wikidata (Q299001); PD via life+70 rule (death year 1925 + 71 <= 2026), independent of publication year; publication year (1981) discarded as implausible (>50 years after author's death, likely a modern reprint/collected edition indexed by Open Library as 'first publish year'); needs manual research"
the-architect-of-modern-catalan__pompeu-fabra__unk,The architect of modern Catalan,Pompeu Fabra,1948,false,,openlibrary,https://openlibrary.org/works/OL3056295W,en,"merged from 1 source rows (openlibrary); author death year from Wikidata (Q379785); PD via life+70 rule (death year 1948 + 71 <= 2026), independent of publication year; publication year (2009) discarded as implausible (>50 years after author's death, likely a modern reprint/collected edition indexed by Open Library as 'first publish year'); needs manual research"
the-architecture-of-adolf-loos__adolf-loos__unk,The architecture of Adolf Loos,Adolf Loos,1933,false,,openlibrary,https://openlibrary.org/works/OL11327106W,en,"merged from 1 source rows (openlibrary); author death year from Wikidata (Q44323); PD via life+70 rule (death year 1933 + 71 <= 2026), independent of publication year; publication year (1985) discarded as implausible (>50 years after author's death, likely a modern reprint/collected edition indexed by Open Library as 'first publish year'); needs manual research"
the-arctic-home-in-the-vedas__bal-gangadhar-tilak__1903,The Arctic home in the Vedas,Bal Gangadhar Tilak,1920,false,1903,openlibrary,https://openlibrary.org/works/OL355405W,en,"merged from 1 source rows (openlibrary); author death year from Wikidata (Q312555); PD via life+70 rule (death year 1920 + 71 <= 2026), independent of publication year"
the-art-of-money-getting-or-golden-rules-for-money-getting__barnum-p-t__1880,"The art of money getting, or, Golden rules for money getting","Barnum, P. T.",,false,1880,openlibrary,https://openlibrary.org/works/OL891636W,en,merged from 1 source rows (openlibrary); pd_basis=pub_year<=1930
the-art-of-money-getting-or-golden-rules-for-money-getting__p-t-barnum__1880,"The art of money getting, or, Golden rules for money getting",P. T. Barnum,1891,false,1880,openlibrary,https://openlibrary.org/works/OL891636W,en,"merged from 1 source rows (openlibrary); author death year from Wikidata (Q223766); PD via life+70 rule (death year 1891 + 71 <= 2026), independent of publication year"
the-art-of-public-speaking__dale-carnegie__1915,The Art of Public Speaking,Dale Carnegie,1955,false,1915,openlibrary,https://openlibrary.org/works/OL1063254W,en,"merged from 1 source rows (openlibrary); author death year from Wikidata (Q230762); PD via life+70 rule (death year 1955 + 71 <= 2026), independent of publication year"
the-art-of-the-dance__isadora-duncan__1928,The art of the dance,Isadora Duncan,1927,false,1928,openlibrary,https://openlibrary.org/works/OL2229377W,en,"merged from 1 source rows (openlibrary); author death year from Wikidata (Q483512); PD via life+70 rule (death year 1927 + 71 <= 2026), independent of publication year"
the-art-of-travel__francis-galton__1855,The art of travel,Francis Galton,1911,false,1855,openlibrary,https://openlibrary.org/works/OL3370373W,en,"merged from 1 source rows (openlibrary); author death year from Wikidata (Q191026); PD via life+70 rule (death year 1911 + 71 <= 2026), independent of publication year"
the-art-of-war__tzu-sun__1900,The Art of War,"Tzu), 孙武 (Sun",,false,1900,openlibrary,https://openlibrary.org/works/OL244537W,en,merged from 1 source rows (openlibrary); pd_basis=pub_year<=1930
the-autobiography-of-a-sexually-emancipated-woman__alexandra-kollontai__1970,The autobiography of a sexually emancipated woman,Alexandra Kollontai,1952,false,1970,openlibrary,https://openlibrary.org/works/OL4005491W,en,"merged from 1 source rows (openlibrary); author death year from Wikidata (Q179558); PD via life+70 rule (death year 1952 + 71 <= 2026), independent of publication year"
the-autobiography-of-alice-b-toklas__gertrude-stein__1933,The Autobiography of Alice B. Toklas,Gertrude Stein,1946,false,1933,openlibrary,https://openlibrary.org/works/OL37277W,en,"merged from 1 source rows (openlibrary); author death year from Wikidata (Q188385); PD via life+70 rule (death year 1946 + 71 <= 2026), independent of publication year"
the-autobiography-of-benjamin-franklin__franklin-benjamin__1791,The Autobiography of Benjamin Franklin,"Franklin, Benjamin",,false,1791,openlibrary,https://openlibrary.org/works/OL26492W,en,merged from 1 source rows (openlibrary); pd_basis=pub_year<=1930
the-autobiography-of-fukuzawa-yukichi__fukuzawa-yukichi__1934,The autobiography of Fukuzawa Yukichi,Fukuzawa Yukichi,1901,false,1934,openlibrary,https://openlibrary.org/works/OL4281238W,en,"merged from 1 source rows (openlibrary); author death year from Wikidata (Q355447); PD via life+70 rule (death year 1901 + 71 <= 2026), independent of publication year"
the-autobiography-of-martin-van-buren__martin-van-buren__unk,The Autobiography of Martin Van Buren,Martin Van Buren,1862,false,,openlibrary,https://openlibrary.org/works/OL24616623W,en,"merged from 1 source rows (openlibrary); author death year from Wikidata (Q11820); PD via life+70 rule (death year 1862 + 71 <= 2026), independent of publication year; publication year (2015) discarded as implausible (>50 years after author's death, likely a modern reprint/collected edition indexed by Open Library as 'first publish year'); needs manual research"
the-autobiography-of-mother-jones__mary-harris-jones__1925,The autobiography of Mother Jones,Mary Harris Jones,1930,false,1925,openlibrary,https://openlibrary.org/works/OL2536295W,en,"merged from 1 source rows (openlibrary); author death year from Wikidata (Q107082); PD via life+70 rule (death year 1930 + 71 <= 2026), independent of publication year"
the-autobiography-of-theodore-roosevelt__theodore-roosevelt__1913,The autobiography of Theodore Roosevelt,Theodore Roosevelt,1919,false,1913,openlibrary,https://openlibrary.org/works/OL20486W,en,"merged from 1 source rows (openlibrary); author death year from Wikidata (Q33866); PD via life+70 rule (death year 1919 + 71 <= 2026), independent of publication year"
the-autocrat-of-the-breakfast-table__oliver-wendell-holmes__1858,The autocrat of the breakfast-table,Oliver Wendell Holmes,1894,false,1858,openlibrary,https://openlibrary.org/works/OL1109052W,en,"merged from 1 source rows (openlibrary); author death year from Wikidata (Q319829); PD via life+70 rule (death year 1894 + 71 <= 2026), independent of publication year"
the-awakening__chopin-kate__1899,The Awakening,"Chopin, Kate",,false,1899,openlibrary,https://openlibrary.org/works/OL65430W,en,merged from 1 source rows (openlibrary); pd_basis=pub_year<=1930
the-awakening__kate-chopin__1899,The Awakening,Kate Chopin,1904,false,1899,openlibrary,https://openlibrary.org/works/OL65430W,en,"merged from 1 source rows (openlibrary); author death year from Wikidata (Q230476); PD via life+70 rule (death year 1904 + 71 <= 2026), independent of publication year"
the-awakening-and-selected-short-stories__chopin-kate__unk,"The Awakening, and Selected Short Stories","Chopin, Kate",1904,false,,gutenberg,https://www.gutenberg.org/ebooks/160,en,"merged from 1 source rows (gutenberg); Open Library match discarded: returned 2003, which is more than 5 years after author's death (1904) -- likely an indexed reprint rather than the original edition; needs manual research"
the-bad-place__richard-owen__1901,The Bad Place,Richard Owen,1892,false,1901,openlibrary,https://openlibrary.org/works/OL263256W,en,"merged from 1 source rows (openlibrary); author death year from Wikidata (Q151556); PD via life+70 rule (death year 1892 + 71 <= 2026), independent of publication year"
the-ballad-of-the-white-horse__chesterton-g-k-gilbert-keith__1911,The Ballad of the White Horse,"Chesterton, G. K. (Gilbert Keith)",1936,false,1911,gutenberg,https://www.gutenberg.org/ebooks/1719,en,merged from 1 source rows (gutenberg); publication year via Open Library (earliest edition found; not independently verified)
the-battle-of-life__dickens-charles__1846,The Battle of Life,"Dickens, Charles",,false,1846,openlibrary,https://openlibrary.org/works/OL14868497W,en,merged from 1 source rows (openlibrary); pd_basis=pub_year<=1930
the-battle-of-the-strong-a-romance-of-two-kingdoms-volume-6__parker-gilbert__unk,The Battle of the Strong: A Romance of Two Kingdoms — Volume 6,"Parker, Gilbert",1932,false,,gutenberg,https://www.gutenberg.org/ebooks/6235,en,"merged from 1 source rows (gutenberg); Open Library match discarded: returned 2011, which is more than 5 years after author's death (1932) -- likely an indexed reprint rather than the original edition; needs manual research"
the-beautiful-and-damned__fitzgerald-f-scott__1920,The Beautiful and Damned,"Fitzgerald, F. Scott",,false,1920,openlibrary,https://openlibrary.org/works/OL468362W,en,merged from 1 source rows (openlibrary); pd_basis=pub_year<=1930
the-bedbug__vladimir-mayakovsky__1960,The bedbug,Vladimir Mayakovsky,1930,false,1960,openlibrary,https://openlibrary.org/works/OL2141393W,en,"merged from 1 source rows (openlibrary); author death year from Wikidata (Q132964); PD via life+70 rule (death year 1930 + 71 <= 2026), independent of publication year"
the-belle-of-bowling-green__barr-amelia-e__1904,The Belle of Bowling Green,"Barr, Amelia E.",1919,false,1904,gutenberg,https://www.gutenberg.org/ebooks/76576,en,merged from 1 source rows (gutenberg); publication year via Open Library (earliest edition found; not independently verified)
the-betrothed__alessandro-manzoni__unk,The Betrothed,Alessandro Manzoni,1873,false,,openlibrary,https://openlibrary.org/works/OL20159687W,en,"merged from 1 source rows (openlibrary); author death year from Wikidata (Q1064); PD via life+70 rule (death year 1873 + 71 <= 2026), independent of publication year; publication year (1983) discarded as implausible (>50 years after author's death, likely a modern reprint/collected edition indexed by Open Library as 'first publish year'); needs manual research"
the-bible-in-spain__manuel-azana__1842,The Bible in Spain,Manuel Azaña,1940,false,1842,openlibrary,https://openlibrary.org/works/OL244674W,en,"merged from 1 source rows (openlibrary); author death year from Wikidata (Q203708); PD via life+70 rule (death year 1940 + 71 <= 2026), independent of publication year"
the-big-fix__smith-george-o-george-oliver__unk,The Big Fix,"Smith, George O. (George Oliver)",1981,false,,gutenberg,https://www.gutenberg.org/ebooks/23599,en,merged from 1 source rows (gutenberg); publication year not found via Open Library; needs manual research
the-big-four__christie-agatha__1927,The Big Four,"Christie, Agatha",1976,false,1927,gutenberg,https://www.gutenberg.org/ebooks/70114,en,merged from 1 source rows (gutenberg); publication year via Open Library (earliest edition found; not independently verified)
the-bird-of-time__sarojini-naidu__1912,The bird of time,Sarojini Naidu,1949,false,1912,openlibrary,https://openlibrary.org/works/OL1759907W,en,"merged from 1 source rows (openlibrary); author death year from Wikidata (Q250165); PD via life+70 rule (death year 1949 + 71 <= 2026), independent of publication year"
the-birds-of-america__john-james-audubon__1827,The Birds of America,John James Audubon,1851,false,1827,openlibrary,https://openlibrary.org/works/OL74757W,en,"merged from 1 source rows (openlibrary); author death year from Wikidata (Q182882); PD via life+70 rule (death year 1851 + 71 <= 2026), independent of publication year"
the-birth-of-tragedy-or-hellenism-and-pessimism__nietzsche-friedrich-wilhelm__unk,"The Birth of Tragedy; or, Hellenism and Pessimism","Nietzsche, Friedrich Wilhelm",1900,false,,gutenberg,https://www.gutenberg.org/ebooks/51356,en,"merged from 1 source rows (gutenberg); Open Library match discarded: returned 2018, which is more than 5 years after author's death (1900) -- likely an indexed reprint rather than the original edition; needs manual research"
the-black-abbot__wallace-edgar__1927,The Black Abbot,"Wallace, Edgar",1932,false,1927,gutenberg,https://www.gutenberg.org/ebooks/75643,en,merged from 1 source rows (gutenberg); publication year via Open Library (earliest edition found; not independently verified)
the-black-pearl__lion-marie__unk,The black pearl,"Lion, Marie",1922,false,,gutenberg,https://www.gutenberg.org/ebooks/78087,en,merged from 1 source rows (gutenberg); publication year not found via Open Library; needs manual research
the-black-robe__collins-wilkie__1881,The Black Robe,"Collins, Wilkie",,false,1881,openlibrary,https://openlibrary.org/works/OL176068W,en,merged from 1 source rows (openlibrary); pd_basis=pub_year<=1930
the-blind-musician__vladimir-korolenko__unk,The Blind Musician,Vladimir Korolenko,1921,false,,openlibrary,https://openlibrary.org/works/OL24413900W,en,"merged from 1 source rows (openlibrary); author death year from Wikidata (Q335064); PD via life+70 rule (death year 1921 + 71 <= 2026), independent of publication year; publication year (2010) discarded as implausible (>50 years after author's death, likely a modern reprint/collected edition indexed by Open Library as 'first publish year'); needs manual research"
the-blind-owl__sadegh-hedayat__unk,The Blind Owl,Sadegh Hedayat,1951,false,,openlibrary,https://openlibrary.org/works/OL22210647W,en,"merged from 1 source rows (openlibrary); author death year from Wikidata (Q315017); PD via life+70 rule (death year 1951 + 71 <= 2026), independent of publication year; publication year (2010) discarded as implausible (>50 years after author's death, likely a modern reprint/collected edition indexed by Open Library as 'first publish year'); needs manual research"
the-blithedale-romance__hawthorne-nathaniel__1852,The Blithedale Romance,"Hawthorne, Nathaniel",,false,1852,openlibrary,https://openlibrary.org/works/OL455512W,en,merged from 1 source rows (openlibrary); pd_basis=pub_year<=1930
the-blithedale-romance__nathaniel-hawthorne__1852,The Blithedale Romance,Nathaniel Hawthorne,1864,false,1852,openlibrary,https://openlibrary.org/works/OL455512W,en,"merged from 1 source rows (openlibrary); author death year from Wikidata (Q69339); PD via life+70 rule (death year 1864 + 71 <= 2026), independent of publication year"
the-blue-bird__maurice-maeterlinck__1909,The blue bird,Maurice Maeterlinck,1949,false,1909,openlibrary,https://openlibrary.org/works/OL10449613W,en,"merged from 1 source rows (openlibrary); author death year from Wikidata (Q49747); PD via life+70 rule (death year 1949 + 71 <= 2026), independent of publication year"
the-blue-castle__montgomery-lucy-maud__1926,The blue castle,"Montgomery, Lucy Maud",,false,1926,openlibrary,https://openlibrary.org/works/OL77775W,en,merged from 1 source rows (openlibrary); pd_basis=pub_year<=1930
the-blue-castle-a-novel__montgomery-l-m-lucy-maud__1926,The Blue Castle: a novel,"Montgomery, L. M. (Lucy Maud)",1942,false,1926,gutenberg,https://www.gutenberg.org/ebooks/67979,en,merged from 1 source rows (gutenberg); publication year via Open Library (earliest edition found; not independently verified)
the-blue-fairy-book__lang-andrew__1889,The Blue Fairy Book,"Lang, Andrew",,false,1889,openlibrary,https://openlibrary.org/works/OL1088770W,en,merged from 1 source rows (openlibrary); pd_basis=pub_year<=1930
the-blue-lagoon-a-romance__stacpoole-h-de-vere-henry-de-vere__unk,The Blue Lagoon: A Romance,"Stacpoole, H. De Vere (Henry De Vere)",1951,false,,gutenberg,https://www.gutenberg.org/ebooks/393,en,merged from 1 source rows (gutenberg); publication year not found via Open Library; needs manual research
the-bolshevik-myth-diary-19201922__alexander-berkman__1925,The Bolshevik Myth (Diary 1920–1922),Alexander Berkman,1936,false,1925,openlibrary,https://openlibrary.org/works/OL14861335W,en,"merged from 1 source rows (openlibrary); author death year from Wikidata (Q195390); PD via life+70 rule (death year 1936 + 71 <= 2026), independent of publication year"
the-bonfire-of-the-vanities__thomas-wolfe__1920,The Bonfire of the Vanities,Thomas Wolfe,1938,false,1920,openlibrary,https://openlibrary.org/works/OL1925470W,en,"merged from 1 source rows (openlibrary); author death year from Wikidata (Q314256); PD via life+70 rule (death year 1938 + 71 <= 2026), independent of publication year"
the-book-of-masks__remy-de-gourmont__unk,The Book of Masks,Remy de Gourmont,1915,false,,openlibrary,https://openlibrary.org/works/OL24495544W,en,"merged from 1 source rows (openlibrary); author death year from Wikidata (Q353876); PD via life+70 rule (death year 1915 + 71 <= 2026), independent of publication year; publication year (1967) discarded as implausible (>50 years after author's death, likely a modern reprint/collected edition indexed by Open Library as 'first publish year'); needs manual research"
the-book-of-tea__kakuzo-okakura__1900,The Book of Tea,"Kakuzō, Okakura",,false,1900,openlibrary,https://openlibrary.org/works/OL7095112W,en,merged from 1 source rows (openlibrary); pd_basis=pub_year<=1930
the-border-legion__grey-zane__1916,The border legion,"Grey, Zane",,false,1916,openlibrary,https://openlibrary.org/works/OL485410W,en,merged from 1 source rows (openlibrary); pd_basis=pub_year<=1930
the-boy-with-wings__ruck-berta__1916,The Boy with Wings,"Ruck, Berta",1978,false,1916,gutenberg,https://www.gutenberg.org/ebooks/36223,en,merged from 1 source rows (gutenberg); publication year via Open Library (earliest edition found; not independently verified)
the-brothers-karamazov__dostoyevsky-fyodor__unk,The Brothers Karamazov,"Dostoyevsky, Fyodor",1881,false,,gutenberg,https://www.gutenberg.org/ebooks/28054,en,"merged from 1 source rows (gutenberg); Open Library match discarded: returned 1899, which is more than 5 years after author's death (1881) -- likely an indexed reprint rather than the original edition; needs manual research"
the-brown-fairy-book__lang-andrew__1904,The Brown Fairy Book,"Lang, Andrew",,false,1904,openlibrary,https://openlibrary.org/works/OL1088779W,en,merged from 1 source rows (openlibrary); pd_basis=pub_year<=1930
the-brownie-scouts__maria-konopnicka__1929,The Brownie scouts,Maria Konopnicka,1910,false,1929,openlibrary,https://openlibrary.org/works/OL29263416W,en,"merged from 1 source rows (openlibrary); author death year from Wikidata (Q257852); PD via life+70 rule (death year 1910 + 71 <= 2026), independent of publication year"
the-call-of-cthulhu__lovecraft-h-p-howard-phillips__1928,The call of Cthulhu,"Lovecraft, H. P. (Howard Phillips)",1937,false,1928,gutenberg,https://www.gutenberg.org/ebooks/68283,en,merged from 1 source rows (gutenberg); publication year via Open Library (earliest edition found; not independently verified)
the-call-of-the-canyon__grey-zane__1921,The Call of the Canyon,"Grey, Zane",,false,1921,openlibrary,https://openlibrary.org/works/OL485412W,en,merged from 1 source rows (openlibrary); pd_basis=pub_year<=1930
the-call-of-the-wild__jack-london__1903,The Call of the Wild,Jack London,1916,false,1903,openlibrary,https://openlibrary.org/works/OL14942956W,en,"merged from 1 source rows (openlibrary); author death year from Wikidata (Q45765); PD via life+70 rule (death year 1916 + 71 <= 2026), independent of publication year"
the-call-of-the-wild__london-jack__1903,The call of the wild,"London, Jack",1916,false,1903,gutenberg+openlibrary,https://www.gutenberg.org/ebooks/215,en,merged from 2 source rows (gutenberg+openlibrary); publication year via Open Library (earliest edition found; not independently verified); pd_basis=pub_year<=1930
the-camp-fire-girls-solve-a-mystery-or-the-christmas-adventure-at-carver-house__frey-hildegard-g__unk,"The Camp Fire Girls Solve a Mystery; Or, The Christmas Adventure at Carver House","Frey, Hildegard G.",1957,false,,gutenberg,https://www.gutenberg.org/ebooks/38983,en,"merged from 1 source rows (gutenberg); Open Library match discarded: returned 2013, which is more than 5 years after author's death (1957) -- likely an indexed reprint rather than the original edition; needs manual research"
the-candidate-a-political-romance__altsheler-joseph-a-joseph-alexander__unk,The Candidate: A Political Romance,"Altsheler, Joseph A. (Joseph Alexander)",1919,false,,gutenberg,https://www.gutenberg.org/ebooks/25132,en,merged from 1 source rows (gutenberg); publication year not found via Open Library; needs manual research
the-canterbury-tales-and-other-poems__chaucer-geoffrey__unk,"The Canterbury Tales, and Other Poems","Chaucer, Geoffrey",1400,false,,gutenberg,https://www.gutenberg.org/ebooks/2383,en,"merged from 1 source rows (gutenberg); Open Library match discarded: returned 1881, which is more than 5 years after author's death (1400) -- likely an indexed reprint rather than the original edition; needs manual research"
the-car-of-destiny__williamson-c-n-charles-norris__unk,The Car of Destiny,"Williamson, C. N. (Charles Norris)",1920,false,,gutenberg,https://www.gutenberg.org/ebooks/23500,en,"merged from 1 source rows (gutenberg); publication year not found via Open Library; needs manual research; 1 additional co-author(s) not recorded, primary author only"
the-cardinal-s-snuff-box__harland-henry__1900,The Cardinal's snuff-box,"Harland, Henry",1905,false,1900,gutenberg,https://www.gutenberg.org/ebooks/5610,en,merged from 1 source rows (gutenberg); publication year via Open Library (earliest edition found; not independently verified)
the-case-of-miss-cavell__edith-cavell__1920,The case of Miss Cavell,Edith Cavell,1915,false,1920,openlibrary,https://openlibrary.org/works/OL43405186W,en,"merged from 1 source rows (openlibrary); author death year from Wikidata (Q237564); PD via life+70 rule (death year 1915 + 71 <= 2026), independent of publication year"
the-case-book-of-sherlock-holmes__doyle-arthur-conan__1927,The case-book of Sherlock Holmes,"Doyle, Arthur Conan",1930,false,1927,gutenberg+openlibrary,https://www.gutenberg.org/ebooks/69700,en,merged from 2 source rows (gutenberg+openlibrary); publication year via Open Library (earliest edition found; not independently verified); pd_basis=pub_year<=1930
the-cask-of-amontillado__poe-edgar-allan__1846,The Cask of Amontillado,"Poe, Edgar Allan",1849,false,1846,gutenberg,https://www.gutenberg.org/ebooks/1063,en,merged from 1 source rows (gutenberg); publication year via Open Library (earliest edition found; not independently verified)
the-castaways__thomas-mayne-reid__1870,The castaways,Thomas Mayne Reid,1883,false,1870,openlibrary,https://openlibrary.org/works/OL5305932W,en,"merged from 1 source rows (openlibrary); author death year from Wikidata (Q1405996); PD via life+70 rule (death year 1883 + 71 <= 2026), independent of publication year"
the-castle-of-otranto__walpole-horace__1764,The Castle of Otranto,"Walpole, Horace",1797,false,1764,gutenberg+openlibrary,https://www.gutenberg.org/ebooks/696,en,merged from 2 source rows (gutenberg+openlibrary); publication year via Open Library (earliest edition found; not independently verified); pd_basis=pub_year<=1930
the-charles-men__verner-von-heidenstam__unk,The Charles Men,Verner von Heidenstam,1940,false,,openlibrary,https://openlibrary.org/works/OL34003861W,en,"merged from 1 source rows (openlibrary); author death year from Wikidata (Q129173); PD via life+70 rule (death year 1940 + 71 <= 2026), independent of publication year; publication year (2008) discarded as implausible (>50 years after author's death, likely a modern reprint/collected edition indexed by Open Library as 'first publish year'); needs manual research"
the-charles-men-volume-1__verner-von-heidenstam__unk,The Charles Men; Volume 1,Verner von Heidenstam,1940,false,,openlibrary,https://openlibrary.org/works/OL24456197W,en,"merged from 1 source rows (openlibrary); author death year from Wikidata (Q129173); PD via life+70 rule (death year 1940 + 71 <= 2026), independent of publication year; publication year (2018) discarded as implausible (>50 years after author's death, likely a modern reprint/collected edition indexed by Open Library as 'first publish year'); needs manual research"
the-chemical-history-of-a-candle__michael-faraday__unk,The Chemical History of a Candle,Michael Faraday,1867,false,,openlibrary,https://openlibrary.org/works/OL24133408W,en,"merged from 1 source rows (openlibrary); author death year from Wikidata (Q8750); PD via life+70 rule (death year 1867 + 71 <= 2026), independent of publication year; publication year (2009) discarded as implausible (>50 years after author's death, likely a modern reprint/collected edition indexed by Open Library as 'first publish year'); needs manual research"
the-chessmen-of-mars__burroughs-edgar-rice__1922,The Chessmen of Mars,"Burroughs, Edgar Rice",1950,false,1922,gutenberg+openlibrary,https://www.gutenberg.org/ebooks/1153,en,merged from 2 source rows (gutenberg+openlibrary); publication year via Open Library (earliest edition found; not independently verified); pd_basis=pub_year<=1930
the-chimes__dickens-charles__1800,The Chimes,"Dickens, Charles",,false,1800,openlibrary,https://openlibrary.org/works/OL14868619W,en,merged from 1 source rows (openlibrary); pd_basis=pub_year<=1930
the-chronicles-of-clovis__saki__1911,The Chronicles Of Clovis,Saki,1916,false,1911,openlibrary,https://openlibrary.org/works/OL3528712W,en,"merged from 1 source rows (openlibrary); author death year from Wikidata (Q311526); PD via life+70 rule (death year 1916 + 71 <= 2026), independent of publication year"
the-city-of-god-volume-i__augustine-of-hippo-saint__unk,"The City of God, Volume I","Augustine, of Hippo, Saint",430,false,,gutenberg,https://www.gutenberg.org/ebooks/45304,en,"merged from 1 source rows (gutenberg); classical/ancient work (author died before 1400) -- original composition predates reliable publication-year records, not looked up automatically; needs manual research"
the-club-of-queer-trades__chesterton-gilbert-keith__1900,The Club of Queer Trades,"Chesterton, Gilbert Keith",,false,1900,openlibrary,https://openlibrary.org/works/OL76325W,en,merged from 1 source rows (openlibrary); pd_basis=pub_year<=1930
the-clue-of-the-twisted-candle__edgar-wallace__1900,The Clue of the Twisted Candle,Edgar Wallace,1932,false,1900,openlibrary,https://openlibrary.org/works/OL1518059W,en,"merged from 1 source rows (openlibrary); author death year from Wikidata (Q271824); PD via life+70 rule (death year 1932 + 71 <= 2026), independent of publication year"
the-clue-of-the-twisted-candle__wallace-edgar__1900,The Clue of the Twisted Candle,"Wallace, Edgar",,false,1900,openlibrary,https://openlibrary.org/works/OL1518059W,en,merged from 1 source rows (openlibrary); pd_basis=pub_year<=1930
the-collected-works-of-mahatma-gandhi__mahatma-gandhi__1960,The collected works of Mahatma Gandhi,Mahatma Gandhi,1948,false,1960,openlibrary,https://openlibrary.org/works/OL298475W,en,"merged from 1 source rows (openlibrary); author death year from Wikidata (Q1001); PD via life+70 rule (death year 1948 + 71 <= 2026), independent of publication year"
the-collected-works-of-ramana-maharshi__ramana-maharshi__1963,The collected works of Ramana Maharshi,Ramana Maharshi,1950,false,1963,openlibrary,https://openlibrary.org/works/OL328635W,en,"merged from 1 source rows (openlibrary); author death year from Wikidata (Q288441); PD via life+70 rule (death year 1950 + 71 <= 2026), independent of publication year"
the-collected-writings__zelda-fitzgerald__1991,The collected writings,Zelda Fitzgerald,1948,false,1991,openlibrary,https://openlibrary.org/works/OL2623311W,en,"merged from 1 source rows (openlibrary); author death year from Wikidata (Q187324); PD via life+70 rule (death year 1948 + 71 <= 2026), independent of publication year"
the-collective-family__anton-makarenko__1967,The collective family,Anton Makarenko,1939,false,1967,openlibrary,https://openlibrary.org/works/OL3192697W,en,"merged from 1 source rows (openlibrary); author death year from Wikidata (Q297448); PD via life+70 rule (death year 1939 + 71 <= 2026), independent of publication year"
the-colors-of-space__bradley-marion-zimmer__1963,The Colors of Space,"Bradley, Marion Zimmer",1999,false,1963,gutenberg,https://www.gutenberg.org/ebooks/20796,en,merged from 1 source rows (gutenberg); publication year via Open Library (earliest edition found; not independently verified)
the-comedy-of-errors__shakespeare-william__1734,The Comedy of Errors,"Shakespeare, William",,false,1734,openlibrary,https://openlibrary.org/works/OL362679W,en,merged from 1 source rows (openlibrary); pd_basis=pub_year<=1930
the-coming-race__edward-bulwer-lytton__1871,The Coming Race,Edward Bulwer-Lytton,1873,false,1871,openlibrary,https://openlibrary.org/works/OL61825W,en,"merged from 1 source rows (openlibrary); author death year from Wikidata (Q318462); PD via life+70 rule (death year 1873 + 71 <= 2026), independent of publication year"
the-complete-life-and-adventures-of-santa-claus__baum-l-frank__1902,The Complete Life and Adventures of Santa Claus,"Baum, L. Frank",,false,1902,openlibrary,https://openlibrary.org/works/OL262358W,en,merged from 1 source rows (openlibrary); pd_basis=pub_year<=1930
the-complete-poetical-works__burns-robert__1786,The complete poetical works,"Burns, Robert",,false,1786,openlibrary,https://openlibrary.org/works/OL766052W,en,merged from 1 source rows (openlibrary); pd_basis=pub_year<=1930
the-complete-project-gutenberg-works-of-jane-austen-a-linked-index-of-all-pg-editions-of-jane-austen__austen-jane__unk,The Complete Project Gutenberg Works of Jane Austen: A Linked Index of all PG Editions of Jane Austen,"Austen, Jane",1817,false,,gutenberg,https://www.gutenberg.org/ebooks/31100,en,merged from 1 source rows (gutenberg); publication year not found via Open Library; needs manual research
the-complete-works-of-robert-browning-volume-xvi__robert-browning__1800,The complete works of Robert Browning Volume XVI,Robert Browning,1889,false,1800,openlibrary,https://openlibrary.org/works/OL634478W,en,"merged from 1 source rows (openlibrary); author death year from Wikidata (Q233265); PD via life+70 rule (death year 1889 + 71 <= 2026), independent of publication year"
the-complete-works-of-swami-vivekananda__swami-vivekananda__1926,The complete works of Swami Vivekananda,Swami Vivekananda,1902,false,1926,openlibrary,https://openlibrary.org/works/OL311928W,en,"merged from 1 source rows (openlibrary); author death year from Wikidata (Q47478); PD via life+70 rule (death year 1902 + 71 <= 2026), independent of publication year"
the-complete-works-of-william-shakespeare__shakespeare-william__1584,The Complete Works of William Shakespeare,"Shakespeare, William",1616,false,1584,gutenberg,https://www.gutenberg.org/ebooks/100,en,merged from 1 source rows (gutenberg); publication year via Open Library (earliest edition found; not independently verified)
the-concept-of-nature__alfred-north-whitehead__1920,The concept of nature,Alfred North Whitehead,1947,false,1920,openlibrary,https://openlibrary.org/works/OL1133703W,en,"merged from 1 source rows (openlibrary); author death year from Wikidata (Q183372); PD via life+70 rule (death year 1947 + 71 <= 2026), independent of publication year"
the-confessions-of-jean-jacques-rousseau-complete__rousseau-jean-jacques__unk,The Confessions of Jean Jacques Rousseau — Complete,"Rousseau, Jean-Jacques",1778,false,,gutenberg,https://www.gutenberg.org/ebooks/3913,en,"merged from 1 source rows (gutenberg); Open Library match discarded: returned 1928, which is more than 5 years after author's death (1778) -- likely an indexed reprint rather than the original edition; needs manual research"
the-confessions-of-st-augustine__augustine-of-hippo-saint__unk,The Confessions of St. Augustine,"Augustine, of Hippo, Saint",430,false,,gutenberg,https://www.gutenberg.org/ebooks/3296,en,"merged from 1 source rows (gutenberg); classical/ancient work (author died before 1400) -- original composition predates reliable publication-year records, not looked up automatically; needs manual research"
the-consolation-of-philosophy__boethius__unk,The Consolation of Philosophy,Boethius,524,false,,gutenberg,https://www.gutenberg.org/ebooks/14328,en,"merged from 1 source rows (gutenberg); classical/ancient work (author died before 1400) -- original composition predates reliable publication-year records, not looked up automatically; needs manual research"
the-coral-island__ballantyne-robert-michael__1858,The Coral Island,"Ballantyne, Robert Michael",,false,1858,openlibrary,https://openlibrary.org/works/OL2319934W,en,merged from 1 source rows (openlibrary); pd_basis=pub_year<=1930
the-count-of-monte-cristo__dumas-alexandre__unk,The Count of Monte Cristo,"Dumas, Alexandre",1870,false,,gutenberg,https://www.gutenberg.org/ebooks/1184,en,"merged from 1 source rows (gutenberg); Open Library match discarded: returned 1800, which predates author's birth year (1802) -- likely a mismatched search result; needs manual research; 1 additional co-author(s) not recorded, primary author only"
the-countess-of-pembroke-s-arcadia__sidney-philip__1590,The Countess of Pembroke's Arcadia,"Sidney, Philip",1586,false,1590,gutenberg,https://www.gutenberg.org/ebooks/70854,en,merged from 1 source rows (gutenberg); publication year via Open Library (earliest edition found; not independently verified)
the-courtier-il-cortegiano__henry-adams__unk,The courtier (Il cortegiano),Henry Adams,1918,false,,openlibrary,https://openlibrary.org/works/OL1130778W,en,"merged from 1 source rows (openlibrary); author death year from Wikidata (Q458390); PD via life+70 rule (death year 1918 + 71 <= 2026), independent of publication year; publication year (1528) discarded post-merge as implausible (more than 100 years before death (1918), implausible for a single lifetime); needs manual research"
the-crack-of-doom__cromie-robert__1895,The Crack of Doom,"Cromie, Robert",1907,false,1895,gutenberg,https://www.gutenberg.org/ebooks/26563,en,merged from 1 source rows (gutenberg); publication year via Open Library (earliest edition found; not independently verified)
the-cricket-on-the-hearth__dickens-charles__1846,The Cricket on the Hearth,"Dickens, Charles",,false,1846,openlibrary,https://openlibrary.org/works/OL14868783W,en,merged from 1 source rows (openlibrary); pd_basis=pub_year<=1930
the-crimson-fairy-book__lang-andrew__1903,The Crimson Fairy Book,"Lang, Andrew",,false,1903,openlibrary,https://openlibrary.org/works/OL1088783W,en,merged from 1 source rows (openlibrary); pd_basis=pub_year<=1930
the-crown-of-wild-olive-also-munera-pulveris-pre-raphaelitism-aratra-pentelici-the-ethics-of-the-dust-fiction-fair-and-foul-the-elements-of-drawing__ruskin-john__unk,"The Crown of Wild Olive: also Munera Pulveris; Pre-Raphaelitism; Aratra Pentelici; The Ethics of the Dust; Fiction, Fair and Foul; The Elements of Drawing","Ruskin, John",1900,false,,gutenberg,https://www.gutenberg.org/ebooks/26716,en,"merged from 1 source rows (gutenberg); Open Library match discarded: returned 1800, which predates author's birth year (1819) -- likely a mismatched search result; needs manual research"
the-cruise-of-the-nona-b-the-story-of-a-cruise-from-holyhead-to-the-wash-with-reflections-and-judgments-on-life-and-letters-men-and-manners__belloc-hilaire__unk,"The cruise of the Nona : $b The story of a cruise from Holyhead to the Wash, with reflections and judgments on life and letters, men and manners","Belloc, Hilaire",1953,false,,gutenberg,https://www.gutenberg.org/ebooks/78020,en,merged from 1 source rows (gutenberg); publication year not found via Open Library; needs manual research
the-czar-s-spy-the-mystery-of-a-silent-love__le-queux-william__unk,The Czar's Spy: The Mystery of a Silent Love,"Le Queux, William",1927,false,,gutenberg,https://www.gutenberg.org/ebooks/10102,en,merged from 1 source rows (gutenberg); publication year not found via Open Library; needs manual research
the-damned-thing-1898-from-in-the-midst-of-life__bierce-ambrose__unk,"The Damned Thing: 1898, From ""In the Midst of Life""","Bierce, Ambrose",1913,false,,gutenberg,https://www.gutenberg.org/ebooks/23172,en,merged from 1 source rows (gutenberg); publication year not found via Open Library; needs manual research
the-dangerous-game__le-queux-william__1926,The dangerous game,"Le Queux, William",1927,false,1926,gutenberg,https://www.gutenberg.org/ebooks/78029,en,merged from 1 source rows (gutenberg); publication year via Open Library (earliest edition found; not independently verified)
the-dark-descent__will-rogers__unk,The Dark Descent,Will Rogers,1935,false,,openlibrary,https://openlibrary.org/works/OL2989350W,en,"merged from 1 source rows (openlibrary); author death year from Wikidata (Q457840); PD via life+70 rule (death year 1935 + 71 <= 2026), independent of publication year; publication year (1987) discarded as implausible (>50 years after author's death, likely a modern reprint/collected edition indexed by Open Library as 'first publish year'); needs manual research"
the-daughter-of-anderson-crow__mccutcheon-george-barr__1907,The Daughter of Anderson Crow,"McCutcheon, George Barr",1928,false,1907,gutenberg,https://www.gutenberg.org/ebooks/14818,en,merged from 1 source rows (gutenberg); publication year via Open Library (earliest edition found; not independently verified)
the-dead-sea-scriptures__theodor-herzl__unk,The Dead Sea Scriptures,Theodor Herzl,1904,false,,openlibrary,https://openlibrary.org/works/OL1344622W,en,"merged from 1 source rows (openlibrary); author death year from Wikidata (Q44003); PD via life+70 rule (death year 1904 + 71 <= 2026), independent of publication year; publication year (1956) discarded as implausible (>50 years after author's death, likely a modern reprint/collected edition indexed by Open Library as 'first publish year'); needs manual research"
the-death-of-ivan-the-terrible__aleksey-konstantinovich-tolstoy__1869,The death of Ivan the Terrible,Aleksey Konstantinovich Tolstoy,1875,false,1869,openlibrary,https://openlibrary.org/works/OL1580472W,en,"merged from 1 source rows (openlibrary); author death year from Wikidata (Q212575); PD via life+70 rule (death year 1875 + 71 <= 2026), independent of publication year"
the-death-of-king-buda__janos-arany__unk,The death of King Buda,János Arany,1882,false,,openlibrary,https://openlibrary.org/works/OL1501721W,en,"merged from 1 source rows (openlibrary); author death year from Wikidata (Q316556); PD via life+70 rule (death year 1882 + 71 <= 2026), independent of publication year; publication year (1936) discarded as implausible (>50 years after author's death, likely a modern reprint/collected edition indexed by Open Library as 'first publish year'); needs manual research"
the-decameron-of-giovanni-boccaccio__boccaccio-giovanni__unk,The Decameron of Giovanni Boccaccio,"Boccaccio, Giovanni",1375,false,,gutenberg,https://www.gutenberg.org/ebooks/23700,en,"merged from 1 source rows (gutenberg); classical/ancient work (author died before 1400) -- original composition predates reliable publication-year records, not looked up automatically; needs manual research"
the-deerslayer__cooper-james-fenimore__1841,The deerslayer,"Cooper, James Fenimore",,false,1841,openlibrary,https://openlibrary.org/works/OL77950W,en,merged from 1 source rows (openlibrary); pd_basis=pub_year<=1930
the-deerslayer__james-fenimore-cooper__1841,The deerslayer,James Fenimore Cooper,1851,false,1841,openlibrary,https://openlibrary.org/works/OL77950W,en,"merged from 1 source rows (openlibrary); author death year from Wikidata (Q167856); PD via life+70 rule (death year 1851 + 71 <= 2026), independent of publication year"
the-deluge__henryk-sienkiewicz__1888,The deluge,Henryk Sienkiewicz,1916,false,1888,openlibrary,https://openlibrary.org/works/OL503366W,en,"merged from 1 source rows (openlibrary); author death year from Wikidata (Q41502); PD via life+70 rule (death year 1916 + 71 <= 2026), independent of publication year"
the-description-of-a-new-world__newcastle-margaret-cavendish-duchess-of__1666,The description of a new world,"Newcastle, Margaret Cavendish, Duchess of",,false,1666,openlibrary,https://openlibrary.org/works/OL1112413W,en,merged from 1 source rows (openlibrary); pd_basis=pub_year<=1930
the-desert-and-the-sown__gertrude-bell__1907,The Desert and the Sown,Gertrude Bell,1926,false,1907,openlibrary,https://openlibrary.org/works/OL1160424W,en,"merged from 1 source rows (openlibrary); author death year from Wikidata (Q231360); PD via life+70 rule (death year 1926 + 71 <= 2026), independent of publication year"
the-desire-of-ages__ellen-g-white__1898,The Desire of Ages,Ellen G. White,1915,false,1898,openlibrary,https://openlibrary.org/works/OL1887681W,en,"merged from 1 source rows (openlibrary); author death year from Wikidata (Q292290); PD via life+70 rule (death year 1915 + 71 <= 2026), independent of publication year"
the-development-of-metaphysics-in-persia-a-contribution-to-the-history-of-muslim-philosophy__muhammad-iqbal__1908,The Development of Metaphysics in Persia a Contribution to the History of Muslim Philosophy,Muhammad Iqbal,1938,false,1908,openlibrary,https://openlibrary.org/works/OL63683W,en,"merged from 1 source rows (openlibrary); author death year from Wikidata (Q484141); PD via life+70 rule (death year 1938 + 71 <= 2026), independent of publication year"
the-devil-s-dictionary__ambrose-bierce__1840,The Devil's Dictionary,Ambrose Bierce,1914,false,1840,openlibrary,https://openlibrary.org/works/OL7973273W,en,"merged from 1 source rows (openlibrary); author death year from Wikidata (Q191050); PD via life+70 rule (death year 1914 + 71 <= 2026), independent of publication year"
the-devil-s-dictionary__bierce-ambrose__1840,The Devil's Dictionary,"Bierce, Ambrose",,false,1840,openlibrary,https://openlibrary.org/works/OL7973273W,en,merged from 1 source rows (openlibrary); pd_basis=pub_year<=1930
the-dhammapada__friedrich-max-muller__1881,The Dhammapada,Friedrich Max Müller,1900,false,1881,openlibrary,https://openlibrary.org/works/OL8080610W,en,"merged from 1 source rows (openlibrary); author death year from Wikidata (Q60074); PD via life+70 rule (death year 1900 + 71 <= 2026), independent of publication year"
the-diary-of-samuel-pepys-complete__pepys-samuel__unk,The Diary of Samuel Pepys — Complete,"Pepys, Samuel",1703,false,,gutenberg,https://www.gutenberg.org/ebooks/4200,en,merged from 1 source rows (gutenberg); publication year not found via Open Library; needs manual research
the-diary-of-valery-bryusov-1893-1905__valery-bryusov__unk,The diary of Valery Bryusov (1893-1905),Valery Bryusov,1924,false,,openlibrary,https://openlibrary.org/works/OL15264974W,en,"merged from 1 source rows (openlibrary); author death year from Wikidata (Q316374); PD via life+70 rule (death year 1924 + 71 <= 2026), independent of publication year; publication year (1980) discarded as implausible (>50 years after author's death, likely a modern reprint/collected edition indexed by Open Library as 'first publish year'); needs manual research"
the-dictatorship-of-the-proletariat__lev-kamenev__1920,The dictatorship of the proletariat,Lev Kamenev,1936,false,1920,openlibrary,https://openlibrary.org/works/OL38694090W,en,"merged from 1 source rows (openlibrary); author death year from Wikidata (Q165854); PD via life+70 rule (death year 1936 + 71 <= 2026), independent of publication year"
the-dogaressas-of-venice-the-wives-of-the-doges__staley-edgcumbe__unk,The dogaressas of Venice (the wives of the doges),"Staley, Edgcumbe",1903,false,,gutenberg,https://www.gutenberg.org/ebooks/78047,en,"merged from 1 source rows (gutenberg); Open Library match discarded: returned 1910, which is more than 5 years after author's death (1903) -- likely an indexed reprint rather than the original edition; needs manual research"
the-dracula-book-of-great-vampire-stories__jan-neruda__unk,The Dracula Book of Great Vampire Stories,Jan Neruda,1891,false,,openlibrary,https://openlibrary.org/works/OL6469892W,en,"merged from 1 source rows (openlibrary); author death year from Wikidata (Q156321); PD via life+70 rule (death year 1891 + 71 <= 2026), independent of publication year; publication year (1977) discarded as implausible (>50 years after author's death, likely a modern reprint/collected edition indexed by Open Library as 'first publish year'); needs manual research"
the-dragon__yevgeny-zamyatin__1967,The Dragon,Yevgeny Zamyatin,1937,false,1967,openlibrary,https://openlibrary.org/works/OL261805W,en,"merged from 1 source rows (openlibrary); author death year from Wikidata (Q204868); PD via life+70 rule (death year 1937 + 71 <= 2026), independent of publication year"
the-dragon-and-the-raven__henty-g-a__1800,The Dragon and the Raven,"Henty, G. A.",,false,1800,openlibrary,https://openlibrary.org/works/OL1794685W,en,merged from 1 source rows (openlibrary); pd_basis=pub_year<=1930
the-dream-detective__rohmer-sax__1925,The dream detective,"Rohmer, Sax",1959,false,1925,gutenberg,https://www.gutenberg.org/ebooks/77056,en,merged from 1 source rows (gutenberg); publication year via Open Library (earliest edition found; not independently verified)
the-duel__aleksandr-kuprin__1961,The Duel,Aleksandr Kuprin,1938,false,1961,openlibrary,https://openlibrary.org/works/OL8730387W,en,"merged from 1 source rows (openlibrary); author death year from Wikidata (Q271457); PD via life+70 rule (death year 1938 + 71 <= 2026), independent of publication year"
the-dunwich-horror__lovecraft-h-p-howard-phillips__unk,The Dunwich horror,"Lovecraft, H. P. (Howard Phillips)",1937,false,,gutenberg,https://www.gutenberg.org/ebooks/50133,en,"merged from 1 source rows (gutenberg); Open Library match discarded: returned 1945, which is more than 5 years after author's death (1937) -- likely an indexed reprint rather than the original edition; needs manual research"
the-duties-of-man-and-other-essays__giuseppe-mazzini__1907,The duties of man and other essays,Giuseppe Mazzini,1872,false,1907,openlibrary,https://openlibrary.org/works/OL1063019W,en,"merged from 1 source rows (openlibrary); author death year from Wikidata (Q187336); PD via life+70 rule (death year 1872 + 71 <= 2026), independent of publication year"
the-dynamical-theory-of-gases__james-hopwood-jeans__1904,The dynamical theory of gases,James Hopwood Jeans,1946,false,1904,openlibrary,https://openlibrary.org/works/OL1558236W,en,"merged from 1 source rows (openlibrary); author death year from Wikidata (Q315545); PD via life+70 rule (death year 1946 + 71 <= 2026), independent of publication year"
the-eclipse-of-russia__dillon-emile-joseph__1918,The eclipse of Russia,"Dillon, Emile Joseph",1933,false,1918,gutenberg,https://www.gutenberg.org/ebooks/78075,en,merged from 1 source rows (gutenberg); publication year via Open Library (earliest edition found; not independently verified)
the-economy-of-machinery-and-manufactures__charles-babbage__1832,The economy of machinery and manufactures,Charles Babbage,1871,false,1832,openlibrary,https://openlibrary.org/works/OL3013355W,en,"merged from 1 source rows (openlibrary); author death year from Wikidata (Q46633); PD via life+70 rule (death year 1871 + 71 <= 2026), independent of publication year"
the-education-of-henry-adams__henry-adams__unk,The education of Henry Adams,Henry Adams,1918,false,,openlibrary,https://openlibrary.org/works/OL24220W,en,"merged from 1 source rows (openlibrary); author death year from Wikidata (Q458390); PD via life+70 rule (death year 1918 + 71 <= 2026), independent of publication year; publication year (1777) discarded post-merge as implausible (more than 100 years before death (1918), implausible for a single lifetime); needs manual research"
the-ego-and-his-own__max-stirner__unk,The ego and his own,Max Stirner,1856,false,,openlibrary,https://openlibrary.org/works/OL45448956W,en,"merged from 1 source rows (openlibrary); author death year from Wikidata (Q76725); PD via life+70 rule (death year 1856 + 71 <= 2026), independent of publication year; publication year (1907) discarded as implausible (>50 years after author's death, likely a modern reprint/collected edition indexed by Open Library as 'first publish year'); needs manual research"
the-eight-strokes-of-the-clock__maurice-leblanc__1922,The Eight Strokes of the Clock,Maurice Leblanc,1941,false,1922,openlibrary,https://openlibrary.org/works/OL1064268W,en,"merged from 1 source rows (openlibrary); author death year from Wikidata (Q314993); PD via life+70 rule (death year 1941 + 71 <= 2026), independent of publication year"
the-electric-kool-aid-acid-test__thomas-wolfe__1968,The Electric Kool-Aid Acid Test,Thomas Wolfe,1938,false,1968,openlibrary,https://openlibrary.org/works/OL1925362W,en,"merged from 1 source rows (openlibrary); author death year from Wikidata (Q314256); PD via life+70 rule (death year 1938 + 71 <= 2026), independent of publication year"
the-elusive-pimpernel-scarlet-pimpernel__orczy-emma__1908,The Elusive Pimpernel (Scarlet Pimpernel),"Orczy, Emma",,false,1908,openlibrary,https://openlibrary.org/works/OL8444981W,en,merged from 1 source rows (openlibrary); pd_basis=pub_year<=1930
the-emerald-city-of-oz__baum-l-frank__1910,The Emerald City of Oz,"Baum, L. Frank",,false,1910,openlibrary,https://openlibrary.org/works/OL18409W,en,merged from 1 source rows (openlibrary); pd_basis=pub_year<=1930
the-eminent-american-comedienne-marie-dressler__marie-dressler__1924,The eminent American comedienne Marie Dressler,Marie Dressler,1934,false,1924,openlibrary,https://openlibrary.org/works/OL10855763W,en,"merged from 1 source rows (openlibrary); author death year from Wikidata (Q253282); PD via life+70 rule (death year 1934 + 71 <= 2026), independent of publication year"
the-empty-house-and-other-ghost-stories__blackwood-algernon__1906,The Empty House and Other Ghost Stories,"Blackwood, Algernon",1951,false,1906,gutenberg,https://www.gutenberg.org/ebooks/14471,en,merged from 1 source rows (gutenberg); publication year via Open Library (earliest edition found; not independently verified)
the-enchanted-april__von-arnim-elizabeth__1922,The Enchanted April,"Von Arnim, Elizabeth",1941,false,1922,gutenberg,https://www.gutenberg.org/ebooks/16389,en,merged from 1 source rows (gutenberg); publication year via Open Library (earliest edition found; not independently verified)
the-enchanted-castle__nesbit-edith__1907,The Enchanted Castle,"Nesbit, Edith",,false,1907,openlibrary,https://openlibrary.org/works/OL99541W,en,merged from 1 source rows (openlibrary); pd_basis=pub_year<=1930
the-enchanted-island-of-yew__baum-l-frank__1903,The Enchanted Island of Yew,"Baum, L. Frank",,false,1903,openlibrary,https://openlibrary.org/works/OL262388W,en,merged from 1 source rows (openlibrary); pd_basis=pub_year<=1930
the-enchiridion__epictetus__unk,The Enchiridion,Epictetus,135,false,,gutenberg,https://www.gutenberg.org/ebooks/45109,en,"merged from 1 source rows (gutenberg); classical/ancient work (author died before 1400) -- original composition predates reliable publication-year records, not looked up automatically; needs manual research"
the-entailed-hat-or-patty-cannon-s-times__townsend-george-alfred__unk,"The Entailed Hat; Or, Patty Cannon's Times","Townsend, George Alfred",1914,false,,gutenberg,https://www.gutenberg.org/ebooks/19146,en,merged from 1 source rows (gutenberg); publication year not found via Open Library; needs manual research
the-essence-of-christianity__ludwig-feuerbach__1881,The Essence of Christianity,Ludwig Feuerbach,1872,false,1881,openlibrary,https://openlibrary.org/works/OL13171583W,en,"merged from 1 source rows (openlibrary); author death year from Wikidata (Q76422); PD via life+70 rule (death year 1872 + 71 <= 2026), independent of publication year"
the-evil-shepherd__oppenheim-edward-phillips__1922,The Evil Shepherd,"Oppenheim, Edward Phillips",,false,1922,openlibrary,https://openlibrary.org/works/OL2681032W,en,merged from 1 source rows (openlibrary); pd_basis=pub_year<=1930
the-evolution-of-man__ernst-haeckel__1876,The Evolution of Man,Ernst Haeckel,1919,false,1876,openlibrary,https://openlibrary.org/works/OL11672W,en,"merged from 1 source rows (openlibrary); author death year from Wikidata (Q48246); PD via life+70 rule (death year 1919 + 71 <= 2026), independent of publication year"
the-expedition-of-humphry-clinker__smollett-t-tobias__1771,The Expedition of Humphry Clinker,"Smollett, T. (Tobias)",1771,false,1771,gutenberg,https://www.gutenberg.org/ebooks/2160,en,merged from 1 source rows (gutenberg); publication year via Open Library (earliest edition found; not independently verified)
the-exploits-of-brigadier-gerard__doyle-arthur-conan__1896,The Exploits of Brigadier Gerard,"Doyle, Arthur Conan",,false,1896,openlibrary,https://openlibrary.org/works/OL262581W,en,merged from 1 source rows (openlibrary); pd_basis=pub_year<=1930
the-extraordinary-adventures-of-arsene-lupin-gentleman-burglar__leblanc-maurice__unk,"The Extraordinary Adventures of Arsène Lupin, Gentleman-Burglar","Leblanc, Maurice",1941,false,,gutenberg,https://www.gutenberg.org/ebooks/6133,en,"merged from 1 source rows (gutenberg); Open Library match discarded: returned 1971, which is more than 5 years after author's death (1941) -- likely an indexed reprint rather than the original edition; needs manual research"
the-federalist-or-the-new-constitution__hamilton-alexander__1788,"The Federalist, or, The New Constitution","Hamilton, Alexander",,false,1788,openlibrary,https://openlibrary.org/works/OL284420W,en,merged from 1 source rows (openlibrary); pd_basis=pub_year<=1930
the-female-offender__cesare-lombroso__1895,The female offender,Cesare Lombroso,1909,false,1895,openlibrary,https://openlibrary.org/works/OL612187W,en,"merged from 1 source rows (openlibrary); author death year from Wikidata (Q202420); PD via life+70 rule (death year 1909 + 71 <= 2026), independent of publication year"
the-financier__dreiser-theodore__1912,The Financier,"Dreiser, Theodore",,false,1912,openlibrary,https://openlibrary.org/works/OL100237W,en,merged from 1 source rows (openlibrary); pd_basis=pub_year<=1930
the-financier__theodore-dreiser__1912,The Financier,Theodore Dreiser,1945,false,1912,openlibrary,https://openlibrary.org/works/OL100237W,en,"merged from 1 source rows (openlibrary); author death year from Wikidata (Q486096); PD via life+70 rule (death year 1945 + 71 <= 2026), independent of publication year"
the-first-crossing-of-greenland__fridtjof-nansen__1890,The first crossing of Greenland,Fridtjof Nansen,1930,false,1890,openlibrary,https://openlibrary.org/works/OL1362538W,en,"merged from 1 source rows (openlibrary); author death year from Wikidata (Q72292); PD via life+70 rule (death year 1930 + 71 <= 2026), independent of publication year"
the-forsyte-saga-the-man-of-property-indian-summer-of-a-forsyte-in-chancery-awakening-to-let__john-galsworthy__1918,The Forsyte Saga (The Man of Property / Indian Summer of a Forsyte / In Chancery / Awakening / To Let),John Galsworthy,1933,false,1918,openlibrary,https://openlibrary.org/works/OL878774W,en,"merged from 1 source rows (openlibrary); author death year from Wikidata (Q82248); PD via life+70 rule (death year 1933 + 71 <= 2026), independent of publication year"
the-foundation-of-buddhist-practice__thubten-gyatso__unk,The Foundation of Buddhist Practice,Thubten Gyatso,1933,false,,openlibrary,https://openlibrary.org/works/OL20574428W,en,"merged from 1 source rows (openlibrary); author death year from Wikidata (Q25238); PD via life+70 rule (death year 1933 + 71 <= 2026), independent of publication year; publication year (2018) discarded as implausible (>50 years after author's death, likely a modern reprint/collected edition indexed by Open Library as 'first publish year'); needs manual research"
the-four-horsemen-of-the-apocalypse__vicente-blasco-ibanez__1911,The Four Horsemen of the Apocalypse,Vicente Blasco Ibáñez,1928,false,1911,openlibrary,https://openlibrary.org/works/OL8253768W,en,"merged from 1 source rows (openlibrary); author death year from Wikidata (Q219646); PD via life+70 rule (death year 1928 + 71 <= 2026), independent of publication year"
the-garden-party-and-other-stories__katherine-mansfield__1922,The Garden Party and other stories,Katherine Mansfield,1923,false,1922,openlibrary,https://openlibrary.org/works/OL788054W,en,"merged from 1 source rows (openlibrary); author death year from Wikidata (Q270632); PD via life+70 rule (death year 1923 + 71 <= 2026), independent of publication year"
the-garland__sigrid-undset__1920,The garland,Sigrid Undset,1949,false,1920,openlibrary,https://openlibrary.org/works/OL69207W,en,"merged from 1 source rows (openlibrary); author death year from Wikidata (Q80889); PD via life+70 rule (death year 1949 + 71 <= 2026), independent of publication year"
the-gay-adventure-a-romance__bird-richard__unk,The Gay Adventure: A Romance,"Bird, Richard",1965,false,,gutenberg,https://www.gutenberg.org/ebooks/33823,en,merged from 1 source rows (gutenberg); publication year not found via Open Library; needs manual research
the-gay-cockade__bailey-temple__1921,The Gay Cockade,"Bailey, Temple",1953,false,1921,gutenberg,https://www.gutenberg.org/ebooks/16433,en,merged from 1 source rows (gutenberg); publication year via Open Library (earliest edition found; not independently verified)
the-general-staff-and-its-problems-the-history-of-the-relations-between-the-high-command-and-the-german-imperial-government-as-revealed-by-official-documents-volume-2__erich-ludendorff__unk,The General Staff and Its Problems; The History of the Relations Between the High Command and the German Imperial Government as Revealed by Official Documents; Volume 2,Erich Ludendorff,1937,false,,openlibrary,https://openlibrary.org/works/OL24486564W,en,"merged from 1 source rows (openlibrary); author death year from Wikidata (Q58579); PD via life+70 rule (death year 1937 + 71 <= 2026), independent of publication year; publication year (2018) discarded as implausible (>50 years after author's death, likely a modern reprint/collected edition indexed by Open Library as 'first publish year'); needs manual research"
the-gentle-art-of-making-enemies__james-mcneill-whistler__1890,The gentle art of making enemies,James McNeill Whistler,1903,false,1890,openlibrary,https://openlibrary.org/works/OL653119W,en,"merged from 1 source rows (openlibrary); author death year from Wikidata (Q203643); PD via life+70 rule (death year 1903 + 71 <= 2026), independent of publication year"
the-german-emperor-and-the-peace-of-the-world__alfred-hermann-fried__1912,The German emperor and the peace of the world,Alfred Hermann Fried,1921,false,1912,openlibrary,https://openlibrary.org/works/OL1117600W,en,"merged from 1 source rows (openlibrary); author death year from Wikidata (Q78488); PD via life+70 rule (death year 1921 + 71 <= 2026), independent of publication year"
the-germany-and-the-agricola-of-tacitus__tacitus-cornelius__unk,The Germany and the Agricola of Tacitus,"Tacitus, Cornelius",117,false,,gutenberg,https://www.gutenberg.org/ebooks/7524,en,"merged from 1 source rows (gutenberg); classical/ancient work (author died before 1400) -- original composition predates reliable publication-year records, not looked up automatically; needs manual research"
the-gettysburg-address__abraham-lincoln__1883,The Gettysburg Address,Abraham Lincoln,1865,false,1883,openlibrary,https://openlibrary.org/works/OL64760W,en,"merged from 1 source rows (openlibrary); author death year from Wikidata (Q91); PD via life+70 rule (death year 1865 + 71 <= 2026), independent of publication year"
the-ghost__arnold-bennett__1907,The ghost,Arnold Bennett,1931,false,1907,openlibrary,https://openlibrary.org/works/OL109229W,en,"merged from 1 source rows (openlibrary); author death year from Wikidata (Q314158); PD via life+70 rule (death year 1931 + 71 <= 2026), independent of publication year"
the-ghost__bennett-arnold__1907,The ghost,"Bennett, Arnold",,false,1907,openlibrary,https://openlibrary.org/works/OL109229W,en,merged from 1 source rows (openlibrary); pd_basis=pub_year<=1930
the-girl-on-the-boat__wodehouse-p-g-pelham-grenville__1922,The Girl on the Boat,"Wodehouse, P. G. (Pelham Grenville)",1975,false,1922,gutenberg,https://www.gutenberg.org/ebooks/20717,en,merged from 1 source rows (gutenberg); publication year via Open Library (earliest edition found; not independently verified)
the-girl-philippa__chambers-robert-w-robert-william__1916,The Girl Philippa,"Chambers, Robert W. (Robert William)",1933,false,1916,gutenberg,https://www.gutenberg.org/ebooks/52404,en,merged from 1 source rows (gutenberg); publication year via Open Library (earliest edition found; not independently verified)
the-gladstone-diaries__william-ewart-gladstone__unk,The Gladstone diaries,William Ewart Gladstone,1898,false,,openlibrary,https://openlibrary.org/works/OL1135037W,en,"merged from 1 source rows (openlibrary); author death year from Wikidata (Q160852); PD via life+70 rule (death year 1898 + 71 <= 2026), independent of publication year; publication year (1968) discarded as implausible (>50 years after author's death, likely a modern reprint/collected edition indexed by Open Library as 'first publish year'); needs manual research"
the-gods-of-mars__burroughs-edgar-rice__1918,The gods of Mars,"Burroughs, Edgar Rice",1950,false,1918,gutenberg+openlibrary,https://www.gutenberg.org/ebooks/64,en,merged from 2 source rows (gutenberg+openlibrary); publication year via Open Library (earliest edition found; not independently verified); pd_basis=pub_year<=1930
the-gods-of-mars__edgar-rice-burroughs__1918,The Gods of Mars,Edgar Rice Burroughs,1950,false,1918,openlibrary,https://openlibrary.org/works/OL1417942W,en,"merged from 1 source rows (openlibrary); author death year from Wikidata (Q148234); PD via life+70 rule (death year 1950 + 71 <= 2026), independent of publication year"
the-gods-and-other-lectures__robert-green-ingersoll__1874,"The gods, and other lectures",Robert Green Ingersoll,1899,false,1874,openlibrary,https://openlibrary.org/works/OL1769910W,en,"merged from 1 source rows (openlibrary); author death year from Wikidata (Q469882); PD via life+70 rule (death year 1899 + 71 <= 2026), independent of publication year"
the-golden-age__grahame-kenneth__1879,The Golden Age,"Grahame, Kenneth",,false,1879,openlibrary,https://openlibrary.org/works/OL69603W,en,merged from 1 source rows (openlibrary); pd_basis=pub_year<=1930
the-golden-age__kenneth-grahame__1879,The Golden Age,Kenneth Grahame,1932,false,1879,openlibrary,https://openlibrary.org/works/OL69603W,en,"merged from 1 source rows (openlibrary); author death year from Wikidata (Q314897); PD via life+70 rule (death year 1932 + 71 <= 2026), independent of publication year"
the-golden-bough__frazer-james-george__1890,The Golden Bough,"Frazer, James George",,false,1890,openlibrary,https://openlibrary.org/works/OL1159648W,en,merged from 1 source rows (openlibrary); pd_basis=pub_year<=1930
the-golden-bough__james-george-frazer__1890,The Golden Bough,James George Frazer,1941,false,1890,openlibrary,https://openlibrary.org/works/OL1159648W,en,"merged from 1 source rows (openlibrary); author death year from Wikidata (Q151936); PD via life+70 rule (death year 1941 + 71 <= 2026), independent of publication year"
the-golden-seed__maria-konopnicka__unk,The golden seed,Maria Konopnicka,1910,false,,openlibrary,https://openlibrary.org/works/OL818745W,en,"merged from 1 source rows (openlibrary); author death year from Wikidata (Q257852); PD via life+70 rule (death year 1910 + 71 <= 2026), independent of publication year; publication year (1962) discarded as implausible (>50 years after author's death, likely a modern reprint/collected edition indexed by Open Library as 'first publish year'); needs manual research"
the-golden-threshold__sarojini-naidu__1905,The golden threshold,Sarojini Naidu,1949,false,1905,openlibrary,https://openlibrary.org/works/OL1759910W,en,"merged from 1 source rows (openlibrary); author death year from Wikidata (Q250165); PD via life+70 rule (death year 1949 + 71 <= 2026), independent of publication year"
the-golem__gustav-meyrink__1928,The Golem,Gustav Meyrink,1932,false,1928,openlibrary,https://openlibrary.org/works/OL3416298W,en,"merged from 1 source rows (openlibrary); author death year from Wikidata (Q78511); PD via life+70 rule (death year 1932 + 71 <= 2026), independent of publication year"
the-good-soldier__ford-ford-madox__1915,The Good Soldier,"Ford, Ford Madox",,false,1915,openlibrary,https://openlibrary.org/works/OL509889W,en,merged from 1 source rows (openlibrary); pd_basis=pub_year<=1930
the-good-soldier-schweik__jaroslav-hasek__1951,The Good Soldier Schweik,Jaroslav Hašek,1923,false,1951,openlibrary,https://openlibrary.org/works/OL35366933W,en,"merged from 1 source rows (openlibrary); author death year from Wikidata (Q2754); PD via life+70 rule (death year 1923 + 71 <= 2026), independent of publication year"
the-grand-babylon-hotel__bennett-arnold__1902,The Grand Babylon Hôtel,"Bennett, Arnold",1931,false,1902,gutenberg,https://www.gutenberg.org/ebooks/2813,en,merged from 1 source rows (gutenberg); publication year via Open Library (earliest edition found; not independently verified)
the-great-controversy__ellen-g-white__1858,The great controversy,Ellen G. White,1915,false,1858,openlibrary,https://openlibrary.org/works/OL1887655W,en,"merged from 1 source rows (openlibrary); author death year from Wikidata (Q292290); PD via life+70 rule (death year 1915 + 71 <= 2026), independent of publication year"
the-great-gatsby__f-scott-fitzgerald__1920,The Great Gatsby,F. Scott Fitzgerald,1940,false,1920,openlibrary,https://openlibrary.org/works/OL468431W,en,"merged from 1 source rows (openlibrary); author death year from Wikidata (Q93354); PD via life+70 rule (death year 1940 + 71 <= 2026), independent of publication year"
the-great-gatsby__fitzgerald-f-scott__1920,The Great Gatsby,"Fitzgerald, F. Scott",,false,1920,openlibrary,https://openlibrary.org/works/OL468431W,en,merged from 1 source rows (openlibrary); pd_basis=pub_year<=1930
the-great-gatsby__fitzgerald-f-scott-francis-scott__1920,The Great Gatsby,"Fitzgerald, F. Scott (Francis Scott)",1940,false,1920,gutenberg,https://www.gutenberg.org/ebooks/64317,en,merged from 1 source rows (gutenberg); publication year via Open Library (earliest edition found; not independently verified)
the-great-god-pan__machen-arthur__1894,The Great God Pan,"Machen, Arthur",1947,false,1894,gutenberg+openlibrary,https://www.gutenberg.org/ebooks/389,en,merged from 2 source rows (gutenberg+openlibrary); publication year via Open Library (earliest edition found; not independently verified); pd_basis=pub_year<=1930
the-great-shadow__doyle-arthur-conan__1892,The Great Shadow,"Doyle, Arthur Conan",,false,1892,openlibrary,https://openlibrary.org/works/OL262447W,en,merged from 1 source rows (openlibrary); pd_basis=pub_year<=1930
the-green-fairy-book__lang-andrew__1892,The Green Fairy Book,"Lang, Andrew",,false,1892,openlibrary,https://openlibrary.org/works/OL1088797W,en,merged from 1 source rows (openlibrary); pd_basis=pub_year<=1930
the-green-mouse__chambers-robert-w-robert-william__1910,The Green Mouse,"Chambers, Robert W. (Robert William)",1933,false,1910,gutenberg,https://www.gutenberg.org/ebooks/10441,en,merged from 1 source rows (gutenberg); publication year via Open Library (earliest edition found; not independently verified)
the-green-mummy__hume-fergus__1908,The Green Mummy,"Hume, Fergus",1932,false,1908,gutenberg,https://www.gutenberg.org/ebooks/2868,en,merged from 1 source rows (gutenberg); publication year via Open Library (earliest edition found; not independently verified)
the-green-ring__zinaida-gippius__1920,The green ring,Zinaida Gippius,1945,false,1920,openlibrary,https://openlibrary.org/works/OL1723905W,en,"merged from 1 source rows (openlibrary); author death year from Wikidata (Q61940); PD via life+70 rule (death year 1945 + 71 <= 2026), independent of publication year"
the-grey-fairy-book__lang-andrew__1900,The Grey Fairy Book,"Lang, Andrew",,false,1900,openlibrary,https://openlibrary.org/works/OL1088798W,en,merged from 1 source rows (openlibrary); pd_basis=pub_year<=1930
the-habitations-of-man-in-all-ages__eugene-viollet-le-duc__1876,The habitations of man in all ages,Eugène Viollet-le-Duc,1879,false,1876,openlibrary,https://openlibrary.org/works/OL15239555W,en,"merged from 1 source rows (openlibrary); author death year from Wikidata (Q272912); PD via life+70 rule (death year 1879 + 71 <= 2026), independent of publication year"
the-hand-in-the-dark__rees-arthur-j-arthur-john__1920,The Hand in the Dark,"Rees, Arthur J. (Arthur John)",1942,false,1920,gutenberg,https://www.gutenberg.org/ebooks/20546,en,merged from 1 source rows (gutenberg); publication year via Open Library (earliest edition found; not independently verified)
the-happy-prince-and-other-tales__oscar-wilde__1888,The Happy Prince and other tales,Oscar Wilde,1900,false,1888,openlibrary,https://openlibrary.org/works/OL8269770W,en,"merged from 1 source rows (openlibrary); author death year from Wikidata (Q30875); PD via life+70 rule (death year 1900 + 71 <= 2026), independent of publication year"
the-happy-prince-and-other-tales__wilde-oscar__1888,The Happy Prince and other tales,"Wilde, Oscar",,false,1888,openlibrary,https://openlibrary.org/works/OL8269770W,en,merged from 1 source rows (openlibrary); pd_basis=pub_year<=1930
the-haunted-hotel__collins-wilkie__1878,The Haunted Hotel,"Collins, Wilkie",,false,1878,openlibrary,https://openlibrary.org/works/OL176025W,en,merged from 1 source rows (openlibrary); pd_basis=pub_year<=1930
the-haunted-house__elizabeth-gaskell__1859,The Haunted House,Elizabeth Gaskell,1865,false,1859,openlibrary,https://openlibrary.org/works/OL14869112W,en,"merged from 1 source rows (openlibrary); author death year from Wikidata (Q229226); PD via life+70 rule (death year 1865 + 71 <= 2026), independent of publication year"
the-hawk-of-egypt__conquest-joan__1922,The Hawk of Egypt,"Conquest, Joan",1941,false,1922,gutenberg,https://www.gutenberg.org/ebooks/15721,en,merged from 1 source rows (gutenberg); publication year via Open Library (earliest edition found; not independently verified)
the-headless-horseman__thomas-mayne-reid__1800,The headless horseman,Thomas Mayne Reid,1883,false,1800,openlibrary,https://openlibrary.org/works/OL5305935W,en,"merged from 1 source rows (openlibrary); author death year from Wikidata (Q1405996); PD via life+70 rule (death year 1883 + 71 <= 2026), independent of publication year"
the-heather-moon__williamson-c-n-charles-norris__unk,The Heather-Moon,"Williamson, C. N. (Charles Norris)",1920,false,,gutenberg,https://www.gutenberg.org/ebooks/19742,en,"merged from 1 source rows (gutenberg); publication year not found via Open Library; needs manual research; 1 additional co-author(s) not recorded, primary author only"
the-heritage-of-the-desert__grey-zane__1910,The Heritage of the Desert,"Grey, Zane",,false,1910,openlibrary,https://openlibrary.org/works/OL485453W,en,merged from 1 source rows (openlibrary); pd_basis=pub_year<=1930
the-hero-of-the-people-a-historical-romance-of-love-liberty-and-loyalty__dumas-alexandre__unk,"The Hero of the People: A Historical Romance of Love, Liberty and Loyalty","Dumas, Alexandre",1870,false,,gutenberg,https://www.gutenberg.org/ebooks/42681,en,"merged from 1 source rows (gutenberg); Open Library match discarded: returned 2019, which is more than 5 years after author's death (1870) -- likely an indexed reprint rather than the original edition; needs manual research"
the-history-of-don-quixote-volume-1-complete__cervantes-saavedra-miguel-de__unk,"The History of Don Quixote, Volume 1, Complete","Cervantes Saavedra, Miguel de",1616,false,,gutenberg,https://www.gutenberg.org/ebooks/5921,en,merged from 1 source rows (gutenberg); publication year not found via Open Library; needs manual research
the-history-of-england-from-the-accession-of-james-the-second__thomas-babington-macaulay-1st-baron-macaulay__1800,The History of England from the accession of James the Second,"Thomas Babington Macaulay, 1st Baron Macaulay",1859,false,1800,openlibrary,https://openlibrary.org/works/OL1237783W,en,"merged from 1 source rows (openlibrary); author death year from Wikidata (Q315989); PD via life+70 rule (death year 1859 + 71 <= 2026), independent of publication year"
the-history-of-france__francois-guizot__1800,The history of France,François Guizot,1874,false,1800,openlibrary,https://openlibrary.org/works/OL1152635W,en,"merged from 1 source rows (openlibrary); author death year from Wikidata (Q157324); PD via life+70 rule (death year 1874 + 71 <= 2026), independent of publication year"
the-history-of-mary-prince-a-west-indian-slave__prince-mary__1831,"The History of Mary Prince, a West Indian Slave","Prince, Mary",1833,false,1831,gutenberg,https://www.gutenberg.org/ebooks/17851,en,merged from 1 source rows (gutenberg); publication year via Open Library (earliest edition found; not independently verified)
the-history-of-pendennis-his-fortunes-and-misfortunes-his-friends-and-his-greatest-enemy__william-makepeace-thackeray__1848,"The History of Pendennis, His Fortunes and Misfortunes, His Friends and His Greatest Enemy",William Makepeace Thackeray,1863,false,1848,openlibrary,https://openlibrary.org/works/OL16277W,en,"merged from 1 source rows (openlibrary); author death year from Wikidata (Q167768); PD via life+70 rule (death year 1863 + 71 <= 2026), independent of publication year"
the-history-of-pendennis-volume-2-his-fortunes-and-misfortunes-his-friends-and-his-greatest-enemy__thackeray-william-makepeace__unk,"The History of Pendennis, Volume 2: His Fortunes and Misfortunes, His Friends and His Greatest Enemy","Thackeray, William Makepeace",1863,false,,gutenberg,https://www.gutenberg.org/ebooks/9904,en,merged from 1 source rows (gutenberg); publication year not found via Open Library; needs manual research
the-history-of-rome__theodor-mommsen__1873,The History of Rome,Theodor Mommsen,1903,false,1873,openlibrary,https://openlibrary.org/works/OL19577319W,en,"merged from 1 source rows (openlibrary); author death year from Wikidata (Q25351); PD via life+70 rule (death year 1903 + 71 <= 2026), independent of publication year"
the-history-of-sir-richard-calmady-a-romance__malet-lucas__unk,The History of Sir Richard Calmady: A Romance,"Malet, Lucas",1931,false,,gutenberg,https://www.gutenberg.org/ebooks/23784,en,merged from 1 source rows (gutenberg); publication year not found via Open Library; needs manual research
the-history-of-the-great-plague-in-london-in-the-year-1665__defoe-daniel__1722,The history of the great plague in London in the year 1665,"Defoe, Daniel",,false,1722,openlibrary,https://openlibrary.org/works/OL45109W,en,merged from 1 source rows (openlibrary); pd_basis=pub_year<=1930
the-history-of-the-norman-conquest-of-england-its-causes-and-its-results-volume-3-of-6__freeman-edward-a-edward-augustus__unk,"The history of the Norman conquest of England, its causes and its results, Volume 3 (of 6)","Freeman, Edward A. (Edward Augustus)",1892,false,,gutenberg,https://www.gutenberg.org/ebooks/78122,en,merged from 1 source rows (gutenberg); publication year not found via Open Library; needs manual research
the-history-of-the-roman-law-during-the-middle-ages__friedrich-carl-von-savigny__1829,The history of the Roman law during the middle ages,Friedrich Carl von Savigny,1861,false,1829,openlibrary,https://openlibrary.org/works/OL1278412W,en,"merged from 1 source rows (openlibrary); author death year from Wikidata (Q76892); PD via life+70 rule (death year 1861 + 71 <= 2026), independent of publication year"
the-history-of-tom-jones__fielding-henry__1749,The History of Tom Jones,"Fielding, Henry",,false,1749,openlibrary,https://openlibrary.org/works/OL45623W,en,merged from 1 source rows (openlibrary); pd_basis=pub_year<=1930
the-home-book-of-verse-volume-2__stevenson-burton-egbert__unk,The Home Book of Verse — Volume 2,"Stevenson, Burton Egbert",1962,false,,gutenberg,https://www.gutenberg.org/ebooks/2620,en,"merged from 1 source rows (gutenberg); Open Library match discarded: returned 2009, which is more than 5 years after author's death (1962) -- likely an indexed reprint rather than the original edition; needs manual research"
the-homosexuality-of-men-and-women__magnus-hirschfeld__1914,The Homosexuality of Men and Women,Magnus Hirschfeld,1935,false,1914,openlibrary,https://openlibrary.org/works/OL3769819W,en,"merged from 1 source rows (openlibrary); author death year from Wikidata (Q57592); PD via life+70 rule (death year 1935 + 71 <= 2026), independent of publication year"
the-hound-of-the-baskervilles__arthur-conan-doyle__1900,The Hound of the Baskervilles,Arthur Conan Doyle,1930,false,1900,openlibrary,https://openlibrary.org/works/OL262454W,en,"merged from 1 source rows (openlibrary); author death year from Wikidata (Q35610); PD via life+70 rule (death year 1930 + 71 <= 2026), independent of publication year"
the-hound-of-the-baskervilles__doyle-arthur-conan__1900,The Hound of the Baskervilles,"Doyle, Arthur Conan",1930,false,1900,gutenberg+openlibrary,https://www.gutenberg.org/ebooks/2852,en,merged from 2 source rows (gutenberg+openlibrary); publication year via Open Library (earliest edition found; not independently verified); pd_basis=pub_year<=1930
the-hour-of-the-dragon__howard-robert-e-robert-ervin__unk,The Hour of the Dragon,"Howard, Robert E. (Robert Ervin)",1936,false,,gutenberg,https://www.gutenberg.org/ebooks/42243,en,"merged from 1 source rows (gutenberg); Open Library match discarded: returned 1977, which is more than 5 years after author's death (1936) -- likely an indexed reprint rather than the original edition; needs manual research"
the-hour-glass__william-butler-yeats__1903,The hour-glass,William Butler Yeats,1939,false,1903,openlibrary,https://openlibrary.org/works/OL38845W,en,"merged from 1 source rows (openlibrary); author death year from Wikidata (Q40213); PD via life+70 rule (death year 1939 + 71 <= 2026), independent of publication year"
the-house-of-mirth__edith-wharton__1905,The House of Mirth,Edith Wharton,1937,false,1905,openlibrary,https://openlibrary.org/works/OL98587W,en,"merged from 1 source rows (openlibrary); author death year from Wikidata (Q276032); PD via life+70 rule (death year 1937 + 71 <= 2026), independent of publication year"
the-house-of-mirth__wharton-edith__1905,The House of Mirth,"Wharton, Edith",,false,1905,openlibrary,https://openlibrary.org/works/OL98587W,en,merged from 1 source rows (openlibrary); pd_basis=pub_year<=1930
the-house-of-seven-gables-readalong__hawthorne-nathaniel__1851,The House of Seven Gables Readalong,"Hawthorne, Nathaniel",,false,1851,openlibrary,https://openlibrary.org/works/OL455288W,en,merged from 1 source rows (openlibrary); pd_basis=pub_year<=1930
the-house-on-the-borderland__hodgson-william-hope__unk,The House on the Borderland,"Hodgson, William Hope",1918,false,,gutenberg,https://www.gutenberg.org/ebooks/10002,en,"merged from 1 source rows (gutenberg); Open Library match discarded: returned 1946, which is more than 5 years after author's death (1918) -- likely an indexed reprint rather than the original edition; needs manual research"
the-humbugs-of-the-world__p-t-barnum__1865,The humbugs of the world,P. T. Barnum,1891,false,1865,openlibrary,https://openlibrary.org/works/OL891646W,en,"merged from 1 source rows (openlibrary); author death year from Wikidata (Q223766); PD via life+70 rule (death year 1891 + 71 <= 2026), independent of publication year"
the-hunter-s-lodge-case__christie-agatha__unk,The Hunter's Lodge Case,"Christie, Agatha",1976,false,,gutenberg,https://www.gutenberg.org/ebooks/67160,en,merged from 1 source rows (gutenberg); publication year not found via Open Library; needs manual research
the-idol-of-paris__sarah-bernhardt__1922,The Idol of Paris,Sarah Bernhardt,1923,false,1922,openlibrary,https://openlibrary.org/works/OL1504559W,en,"merged from 1 source rows (openlibrary); author death year from Wikidata (Q4605); PD via life+70 rule (death year 1923 + 71 <= 2026), independent of publication year"
the-iliad__homer__unk,The Iliad,Homer,-650,false,,gutenberg,https://www.gutenberg.org/ebooks/6130,en,"merged from 1 source rows (gutenberg); classical/ancient work (author died before 1400) -- original composition predates reliable publication-year records, not looked up automatically; needs manual research"
the-immediate-admission-of-kansas-as-a-state__william-h-seward__1856,The immediate admission of Kansas as a state,William H. Seward,1872,false,1856,openlibrary,https://openlibrary.org/works/OL1488136W,en,"merged from 1 source rows (openlibrary); author death year from Wikidata (Q297308); PD via life+70 rule (death year 1872 + 71 <= 2026), independent of publication year"
the-importance-of-being-earnest__oscar-wilde__1893,The Importance of Being Earnest,Oscar Wilde,1900,false,1893,openlibrary,https://openlibrary.org/works/OL27776452W,en,"merged from 1 source rows (openlibrary); author death year from Wikidata (Q30875); PD via life+70 rule (death year 1900 + 71 <= 2026), independent of publication year"
the-importance-of-being-earnest__wilde-oscar__1893,The Importance of Being Earnest,"Wilde, Oscar",,false,1893,openlibrary,https://openlibrary.org/works/OL27776452W,en,merged from 1 source rows (openlibrary); pd_basis=pub_year<=1930
the-indian-struggle-1920-1934__subhas-chandra-bose__1935,"The Indian struggle, 1920-1934",Subhas Chandra Bose,1945,false,1935,openlibrary,https://openlibrary.org/works/OL341073W,en,"merged from 1 source rows (openlibrary); author death year from Wikidata (Q2153); PD via life+70 rule (death year 1945 + 71 <= 2026), independent of publication year"
the-indian-struggle-1920-1942__subhas-chandra-bose__1964,"The Indian struggle, 1920-1942",Subhas Chandra Bose,1945,false,1964,openlibrary,https://openlibrary.org/works/OL341074W,en,"merged from 1 source rows (openlibrary); author death year from Wikidata (Q2153); PD via life+70 rule (death year 1945 + 71 <= 2026), independent of publication year"
the-innocence-of-father-brown__chesterton-g-k-gilbert-keith__unk,The innocence of Father Brown,"Chesterton, G. K. (Gilbert Keith)",1936,false,,gutenberg,https://www.gutenberg.org/ebooks/204,en,"merged from 1 source rows (gutenberg); Open Library match discarded: returned 1583, which predates author's birth year (1874) -- likely a mismatched search result; needs manual research"
the-innocence-of-father-brown-father-brown-mystery__chesterton-gilbert-keith__1583,The Innocence of Father Brown (Father Brown Mystery),"Chesterton, Gilbert Keith",,false,1583,openlibrary,https://openlibrary.org/works/OL76341W,en,merged from 1 source rows (openlibrary); pd_basis=pub_year<=1930
the-innocence-of-father-brown-father-brown-mystery__g-k-chesterton__unk,The Innocence of Father Brown (Father Brown Mystery),G. K. Chesterton,1936,false,,openlibrary,https://openlibrary.org/works/OL76341W,en,"merged from 1 source rows (openlibrary); author death year from Wikidata (Q183167); PD via life+70 rule (death year 1936 + 71 <= 2026), independent of publication year; publication year (1583) discarded post-merge as implausible (more than 100 years before death (1936), implausible for a single lifetime); needs manual research"
the-insidious-dr-fu-manchu__rohmer-sax__1913,The Insidious Dr. Fu Manchu,"Rohmer, Sax",1959,false,1913,gutenberg+openlibrary,https://www.gutenberg.org/ebooks/173,en,merged from 2 source rows (gutenberg+openlibrary); publication year via Open Library (earliest edition found; not independently verified); pd_basis=pub_year<=1930
the-interesting-narrative-of-the-life-of-olaudah-equiano-or-gustavus-vassa-the-african-written-by-himself__equiano-olaudah__unk,"The Interesting Narrative of the Life of Olaudah Equiano, Or Gustavus Vassa, The African: Written By Himself","Equiano, Olaudah",1797,false,,gutenberg,https://www.gutenberg.org/ebooks/15399,en,"merged from 1 source rows (gutenberg); Open Library match discarded: returned 2017, which is more than 5 years after author's death (1797) -- likely an indexed reprint rather than the original edition; needs manual research"
the-internal-secretion-of-the-pancreas__frederick-banting__1922,The internal secretion of the pancreas,Frederick Banting,1941,false,1922,openlibrary,https://openlibrary.org/works/OL7759964W,en,"merged from 1 source rows (openlibrary); author death year from Wikidata (Q180350); PD via life+70 rule (death year 1941 + 71 <= 2026), independent of publication year"
the-international-reception-of-emily-dickinson__maria-mitchell__unk,The international reception of Emily Dickinson,Maria Mitchell,1889,false,,openlibrary,https://openlibrary.org/works/OL18554191W,en,"merged from 1 source rows (openlibrary); author death year from Wikidata (Q239229); PD via life+70 rule (death year 1889 + 71 <= 2026), independent of publication year; publication year (2009) discarded as implausible (>50 years after author's death, likely a modern reprint/collected edition indexed by Open Library as 'first publish year'); needs manual research"
the-invisible-man__h-g-wells__unk,The Invisible Man,H. G. Wells,1946,false,,openlibrary,https://openlibrary.org/works/OL52266W,en,"merged from 1 source rows (openlibrary); author death year from Wikidata (Q42511); PD via life+70 rule (death year 1946 + 71 <= 2026), independent of publication year; publication year (0) discarded post-merge as implausible (more than 100 years before death (1946), implausible for a single lifetime); needs manual research"
the-iron-heel__london-jack__1907,The Iron Heel,"London, Jack",,false,1907,openlibrary,https://openlibrary.org/works/OL74502W,en,merged from 1 source rows (openlibrary); pd_basis=pub_year<=1930
the-island-of-dr-moreau__wells-h-g__1896,The Island of Dr. Moreau,"Wells, H. G.",,false,1896,openlibrary,https://openlibrary.org/works/OL381550W,en,merged from 1 source rows (openlibrary); pd_basis=pub_year<=1930
the-jack-morgan-songster__john-wilkes-booth__1864,The Jack Morgan songster,John Wilkes Booth,1865,false,1864,openlibrary,https://openlibrary.org/works/OL7843865W,en,"merged from 1 source rows (openlibrary); author death year from Wikidata (Q180914); PD via life+70 rule (death year 1865 + 71 <= 2026), independent of publication year"
the-jewel-of-seven-stars__bram-stoker__1902,The Jewel of Seven Stars,Bram Stoker,1912,false,1902,openlibrary,https://openlibrary.org/works/OL85891W,en,"merged from 1 source rows (openlibrary); author death year from Wikidata (Q36184); PD via life+70 rule (death year 1912 + 71 <= 2026), independent of publication year"
the-jewel-of-seven-stars__stoker-bram__1902,The Jewel of Seven Stars,"Stoker, Bram",,false,1902,openlibrary,https://openlibrary.org/works/OL85891W,en,merged from 1 source rows (openlibrary); pd_basis=pub_year<=1930
the-journal-of-sir-walter-scott-from-the-original-manuscript-at-abbotsford__scott-walter__unk,The Journal of Sir Walter Scott: From the Original Manuscript at Abbotsford,"Scott, Walter",1832,false,,gutenberg,https://www.gutenberg.org/ebooks/14860,en,"merged from 1 source rows (gutenberg); Open Library match discarded: returned 1890, which is more than 5 years after author's death (1832) -- likely an indexed reprint rather than the original edition; needs manual research"
the-journals-of-lewis-and-clark-1804-1806__lewis-meriwether__unk,"The Journals of Lewis and Clark, 1804-1806","Lewis, Meriwether",1809,false,,gutenberg,https://www.gutenberg.org/ebooks/8419,en,"merged from 1 source rows (gutenberg); Open Library match discarded: returned 1904, which is more than 5 years after author's death (1809) -- likely an indexed reprint rather than the original edition; needs manual research; 1 additional co-author(s) not recorded, primary author only"
the-jungle__sinclair-upton__1791,The Jungle,"Sinclair, Upton",,false,1791,openlibrary,https://openlibrary.org/works/OL114967W,en,merged from 1 source rows (openlibrary); pd_basis=pub_year<=1930
the-jungle-book__kipling-rudyard__1887,The Jungle Book,"Kipling, Rudyard",1936,false,1887,gutenberg+openlibrary,https://www.gutenberg.org/ebooks/236,en,"merged from 2 source rows (gutenberg+openlibrary); publication year via Open Library (earliest edition found; not independently verified); pd_basis=pub_year<=1930; sources disagree on publication_year: ['1887', '1893'], kept '1887'"
the-kaiser-vs-bismarck__otto-von-bismarck__1920,The Kaiser vs. Bismarck,Otto von Bismarck,1898,false,1920,openlibrary,https://openlibrary.org/works/OL1099224W,en,"merged from 1 source rows (openlibrary); author death year from Wikidata (Q8442); PD via life+70 rule (death year 1898 + 71 <= 2026), independent of publication year"
the-kama-sutra-of-vatsyayana-translated-from-the-sanscrit-in-seven-parts-with-preface-introduction-and-concluding-remarks__vatsyayana__unk,"The Kama Sutra of Vatsyayana: Translated From the Sanscrit in Seven Parts With Preface, Introduction and Concluding Remarks",Vatsyayana,,false,,gutenberg,https://www.gutenberg.org/ebooks/27827,en,merged from 1 source rows (gutenberg); publication year not found via Open Library; needs manual research; author death year unknown (Gutendex has no record)
the-king-in-yellow__chambers-robert-w__1895,The King in Yellow,"Chambers, Robert W.",,false,1895,openlibrary,https://openlibrary.org/works/OL8127201W,en,merged from 1 source rows (openlibrary); pd_basis=pub_year<=1930
the-king-in-yellow__chambers-robert-w-robert-william__1895,The King in Yellow,"Chambers, Robert W. (Robert William)",1933,false,1895,gutenberg,https://www.gutenberg.org/ebooks/8492,en,merged from 1 source rows (gutenberg); publication year via Open Library (earliest edition found; not independently verified)
the-king-of-the-golden-river-or-the-black-brothers__john-henry-newman__1839,"The king of the Golden River; or, The black brothers",John Henry Newman,1890,false,1839,openlibrary,https://openlibrary.org/works/OL88599W,en,"merged from 1 source rows (openlibrary); author death year from Wikidata (Q44490); PD via life+70 rule (death year 1890 + 71 <= 2026), independent of publication year"
the-king-of-the-golden-river-or-the-black-brothers__john-ruskin__1839,"The king of the Golden River; or, The black brothers",John Ruskin,1900,false,1839,openlibrary,https://openlibrary.org/works/OL88599W,en,"merged from 1 source rows (openlibrary); author death year from Wikidata (Q179126); PD via life+70 rule (death year 1900 + 71 <= 2026), independent of publication year"
the-king-of-the-golden-river-or-the-black-brothers__matthew-arnold__1839,"The king of the Golden River; or, The black brothers",Matthew Arnold,1888,false,1839,openlibrary,https://openlibrary.org/works/OL88599W,en,"merged from 1 source rows (openlibrary); author death year from Wikidata (Q271032); PD via life+70 rule (death year 1888 + 71 <= 2026), independent of publication year"
the-king-of-the-golden-river-or-the-black-brothers__thomas-henry-huxley__1839,"The king of the Golden River; or, The black brothers",Thomas Henry Huxley,1895,false,1839,openlibrary,https://openlibrary.org/works/OL88599W,en,"merged from 1 source rows (openlibrary); author death year from Wikidata (Q184366); PD via life+70 rule (death year 1895 + 71 <= 2026), independent of publication year"
the-knights-of-the-cross-or-krzyzacy-historical-romance__sienkiewicz-henryk__unk,"The Knights of the Cross, or, Krzyzacy: Historical Romance","Sienkiewicz, Henryk",1916,false,,gutenberg,https://www.gutenberg.org/ebooks/9473,en,"merged from 1 source rows (gutenberg); Open Library match discarded: returned 2009, which is more than 5 years after author's death (1916) -- likely an indexed reprint rather than the original edition; needs manual research"
the-lady-of-the-lake__scott-walter__1800,The Lady of the Lake,"Scott, Walter",1832,false,1800,gutenberg,https://www.gutenberg.org/ebooks/3011,en,merged from 1 source rows (gutenberg); publication year via Open Library (earliest edition found; not independently verified)
the-land-that-time-forgot__burroughs-edgar-rice__1918,The Land That Time Forgot,"Burroughs, Edgar Rice",1950,false,1918,gutenberg,https://www.gutenberg.org/ebooks/551,en,merged from 1 source rows (gutenberg); publication year via Open Library (earliest edition found; not independently verified)
the-landloper-the-romance-of-a-man-on-foot__day-holman__unk,The Landloper: The Romance of a Man on Foot,"Day, Holman",1935,false,,gutenberg,https://www.gutenberg.org/ebooks/4712,en,"merged from 1 source rows (gutenberg); Open Library match discarded: returned 2020, which is more than 5 years after author's death (1935) -- likely an indexed reprint rather than the original edition; needs manual research"
the-last-days-of-pompeii__edward-bulwer-lytton__1800,The Last Days of Pompeii,Edward Bulwer-Lytton,1873,false,1800,openlibrary,https://openlibrary.org/works/OL61867W,en,"merged from 1 source rows (openlibrary); author death year from Wikidata (Q318462); PD via life+70 rule (death year 1873 + 71 <= 2026), independent of publication year"
the-last-days-of-pompeii__lytton-edward-bulwer-lytton-baron__1800,The Last Days of Pompeii,"Lytton, Edward Bulwer Lytton, Baron",,false,1800,openlibrary,https://openlibrary.org/works/OL61867W,en,merged from 1 source rows (openlibrary); pd_basis=pub_year<=1930
the-last-dragon__totheroh-dan__1927,The last dragon,"Totheroh, Dan",1976,false,1927,gutenberg,https://www.gutenberg.org/ebooks/76411,en,merged from 1 source rows (gutenberg); publication year via Open Library (earliest edition found; not independently verified)
the-last-journals-of-david-livingstone-in-central-africa-from-1865-to-his-death-volume-ii__david-livingstone__1874,The Last Journals of David Livingstone in Central Africa from 1865 to His Death Volume II,David Livingstone,1873,false,1874,openlibrary,https://openlibrary.org/works/OL8148150W,en,"merged from 1 source rows (openlibrary); author death year from Wikidata (Q48373); PD via life+70 rule (death year 1873 + 71 <= 2026), independent of publication year"
the-last-journals-of-david-livingstone-in-central-africa-from-1865-to-his-death__david-livingstone__1874,"The last journals of David Livingstone in Central Africa, from 1865 to his death",David Livingstone,1873,false,1874,openlibrary,https://openlibrary.org/works/OL3554523W,en,"merged from 1 source rows (openlibrary); author death year from Wikidata (Q48373); PD via life+70 rule (death year 1873 + 71 <= 2026), independent of publication year"
the-last-man__mary-shelley__1826,The Last Man,Mary Shelley,1851,false,1826,openlibrary,https://openlibrary.org/works/OL450124W,en,"merged from 1 source rows (openlibrary); author death year from Wikidata (Q47152); PD via life+70 rule (death year 1851 + 71 <= 2026), independent of publication year"
the-last-man__shelley-mary__1826,The Last Man,"Shelley, Mary",,false,1826,openlibrary,https://openlibrary.org/works/OL450124W,en,merged from 1 source rows (openlibrary); pd_basis=pub_year<=1930
the-last-of-the-mohicans__cooper-james-fenimore__1826,The Last of the Mohicans,"Cooper, James Fenimore",,false,1826,openlibrary,https://openlibrary.org/works/OL77958W,en,merged from 1 source rows (openlibrary); pd_basis=pub_year<=1930
the-last-of-the-mohicans__james-fenimore-cooper__1826,The Last of the Mohicans,James Fenimore Cooper,1851,false,1826,openlibrary,https://openlibrary.org/works/OL77958W,en,"merged from 1 source rows (openlibrary); author death year from Wikidata (Q167856); PD via life+70 rule (death year 1851 + 71 <= 2026), independent of publication year"
the-last-of-the-mohicans-a-narrative-of-1757__cooper-james-fenimore__1800,The Last of the Mohicans; A narrative of 1757,"Cooper, James Fenimore",1851,false,1800,gutenberg,https://www.gutenberg.org/ebooks/940,en,merged from 1 source rows (gutenberg); publication year via Open Library (earliest edition found; not independently verified)
the-law__frederic-bastiat__unk,The Law,Frédéric Bastiat,1850,false,,openlibrary,https://openlibrary.org/works/OL20173100W,en,"merged from 1 source rows (openlibrary); author death year from Wikidata (Q13515); PD via life+70 rule (death year 1850 + 71 <= 2026), independent of publication year; publication year (1950) discarded as implausible (>50 years after author's death, likely a modern reprint/collected edition indexed by Open Library as 'first publish year'); needs manual research"
the-law-and-the-lady__collins-wilkie__1875,The Law and the Lady,"Collins, Wilkie",,false,1875,openlibrary,https://openlibrary.org/works/OL176081W,en,merged from 1 source rows (openlibrary); pd_basis=pub_year<=1930
the-league-of-nations__jan-christiaan-smuts__1918,The league of nations,Jan Christiaan Smuts,1950,false,1918,openlibrary,https://openlibrary.org/works/OL1179669W,en,"merged from 1 source rows (openlibrary); author death year from Wikidata (Q214321); PD via life+70 rule (death year 1950 + 71 <= 2026), independent of publication year"
the-legend-of-sleepy-hollow__henry-george__1820,The Legend of Sleepy Hollow,Henry George,1897,false,1820,openlibrary,https://openlibrary.org/works/OL63985W,en,"merged from 1 source rows (openlibrary); author death year from Wikidata (Q355245); PD via life+70 rule (death year 1897 + 71 <= 2026), independent of publication year"
the-legend-of-sleepy-hollow__irving-washington__1820,The Legend of Sleepy Hollow,"Irving, Washington",1859,false,1820,gutenberg+openlibrary,https://www.gutenberg.org/ebooks/41,en,merged from 2 source rows (gutenberg+openlibrary); publication year via Open Library (earliest edition found; not independently verified); pd_basis=pub_year<=1930
the-legend-of-sleepy-hollow__washington-irving__1820,The Legend of Sleepy Hollow,Washington Irving,1859,false,1820,openlibrary,https://openlibrary.org/works/OL63985W,en,"merged from 1 source rows (openlibrary); author death year from Wikidata (Q181667); PD via life+70 rule (death year 1859 + 71 <= 2026), independent of publication year"
the-legend-of-sleepy-hollow__william-james__1820,The Legend of Sleepy Hollow,William James,1910,false,1820,openlibrary,https://openlibrary.org/works/OL63985W,en,"merged from 1 source rows (openlibrary); author death year from Wikidata (Q125249); PD via life+70 rule (death year 1910 + 71 <= 2026), independent of publication year"
the-letters-of-franklin-k-lane-personal-and-political__lane-franklin-k__1922,"The Letters of Franklin K. Lane, Personal and Political","Lane, Franklin K.",1921,false,1922,gutenberg,https://www.gutenberg.org/ebooks/4206,en,merged from 1 source rows (gutenberg); publication year via Open Library (earliest edition found; not independently verified)
the-letters-of-gertrude-bell__gertrude-bell__1927,The letters of Gertrude Bell,Gertrude Bell,1926,false,1927,openlibrary,https://openlibrary.org/works/OL1160423W,en,"merged from 1 source rows (openlibrary); author death year from Wikidata (Q231360); PD via life+70 rule (death year 1926 + 71 <= 2026), independent of publication year"
the-letters-of-queen-victoria-vol-1-1837-1843-b-a-selection-from-her-majesty-s-correspondence-between-the-years-1837-and-1861__victoria-queen-of-great-britain__unk,"The letters of Queen Victoria, vol. 1, 1837-1843 : $b A selection from Her Majesty's correspondence between the years 1837 and 1861.","Victoria, Queen of Great Britain",1901,false,,gutenberg,https://www.gutenberg.org/ebooks/20023,en,merged from 1 source rows (gutenberg); publication year not found via Open Library; needs manual research
the-letters-of-robert-schumann__robert-schumann__unk,The Letters of Robert Schumann,Robert Schumann,1856,false,,openlibrary,https://openlibrary.org/works/OL24434957W,en,"merged from 1 source rows (openlibrary); author death year from Wikidata (Q7351); PD via life+70 rule (death year 1856 + 71 <= 2026), independent of publication year; publication year (2015) discarded as implausible (>50 years after author's death, likely a modern reprint/collected edition indexed by Open Library as 'first publish year'); needs manual research"
the-letters-of-wolfgang-amadeus-mozart-volume-01__mozart-wolfgang-amadeus__unk,The Letters of Wolfgang Amadeus Mozart — Volume 01,"Mozart, Wolfgang Amadeus",1791,false,,gutenberg,https://www.gutenberg.org/ebooks/5307,en,"merged from 1 source rows (gutenberg); Open Library match discarded: returned 2018, which is more than 5 years after author's death (1791) -- likely an indexed reprint rather than the original edition; needs manual research"
the-libertines__henri-de-regnier__1929,The libertines,Henri de Régnier,1936,false,1929,openlibrary,https://openlibrary.org/works/OL2278469W,en,"merged from 1 source rows (openlibrary); author death year from Wikidata (Q561510); PD via life+70 rule (death year 1936 + 71 <= 2026), independent of publication year"
the-life-and-adventures-of-nicholas-nickleby__dickens-charles__1800,The Life and Adventures of Nicholas Nickleby,"Dickens, Charles",,false,1800,openlibrary,https://openlibrary.org/works/OL13114895W,en,merged from 1 source rows (openlibrary); pd_basis=pub_year<=1930
the-life-and-adventures-of-robinson-crusoe__defoe-daniel__1719,The Life and Adventures of Robinson Crusoe,"Defoe, Daniel",1731,false,1719,gutenberg,https://www.gutenberg.org/ebooks/521,en,merged from 1 source rows (gutenberg); publication year via Open Library (earliest edition found; not independently verified)
the-life-and-opinions-of-tristram-shandy-gentleman__sterne-laurence__1759,"The life and opinions of Tristram Shandy, gentleman","Sterne, Laurence",1768,false,1759,gutenberg,https://www.gutenberg.org/ebooks/1079,en,merged from 1 source rows (gutenberg); publication year via Open Library (earliest edition found; not independently verified)
the-life-divine__aurobindo-ghosh__1939,The life divine,Aurobindo Ghosh,1950,false,1939,openlibrary,https://openlibrary.org/works/OL308342W,en,"merged from 1 source rows (openlibrary); author death year from Wikidata (Q192207); PD via life+70 rule (death year 1950 + 71 <= 2026), independent of publication year"
the-life-of-charles-dickens-vol-i-iii-complete__forster-john__unk,"The Life of Charles Dickens, Vol. I-III, Complete","Forster, John",1876,false,,gutenberg,https://www.gutenberg.org/ebooks/25851,en,"merged from 1 source rows (gutenberg); Open Library match discarded: returned 2010, which is more than 5 years after author's death (1876) -- likely an indexed reprint rather than the original edition; needs manual research"
the-life-of-florence-nightingale-vol-2-of-2__cook-edward-tyas-sir__unk,"The Life of Florence Nightingale, vol. 2 of 2","Cook, Edward Tyas, Sir",1919,false,,gutenberg,https://www.gutenberg.org/ebooks/40058,en,merged from 1 source rows (gutenberg); publication year not found via Open Library; needs manual research
the-life-of-jesus__david-strauss__unk,The Life of Jesus,David Strauss,1874,false,,openlibrary,https://openlibrary.org/works/OL24373078W,en,"merged from 1 source rows (openlibrary); author death year from Wikidata (Q57219); PD via life+70 rule (death year 1874 + 71 <= 2026), independent of publication year; publication year (2015) discarded as implausible (>50 years after author's death, likely a modern reprint/collected edition indexed by Open Library as 'first publish year'); needs manual research"
the-life-of-olaudah-equiano-or-gustavus-vassa-the-african__equiano-olaudah__1789,"The life of Olaudah Equiano, or Gustavus Vassa, the African","Equiano, Olaudah",,false,1789,openlibrary,https://openlibrary.org/works/OL743333W,en,merged from 1 source rows (openlibrary); pd_basis=pub_year<=1930
the-life-of-the-spider__jean-henri-fabre__1912,The Life of the Spider,Jean-Henri Fabre,1915,false,1912,openlibrary,https://openlibrary.org/works/OL1809425W,en,"merged from 1 source rows (openlibrary); author death year from Wikidata (Q313348); PD via life+70 rule (death year 1915 + 71 <= 2026), independent of publication year"
the-life-of-the-spirit__rudolf-christoph-eucken__1909,The life of the spirit,Rudolf Christoph Eucken,1926,false,1909,openlibrary,https://openlibrary.org/works/OL1085170W,en,"merged from 1 source rows (openlibrary); author death year from Wikidata (Q47695); PD via life+70 rule (death year 1926 + 71 <= 2026), independent of publication year"
the-lilac-fairy-book__lang-andrew__1910,The Lilac Fairy Book,"Lang, Andrew",,false,1910,openlibrary,https://openlibrary.org/works/OL1088811W,en,merged from 1 source rows (openlibrary); pd_basis=pub_year<=1930
the-lilac-sunbonnet-a-love-story__crockett-s-r-samuel-rutherford__1894,The Lilac Sunbonnet: A Love Story,"Crockett, S. R. (Samuel Rutherford)",1914,false,1894,gutenberg,https://www.gutenberg.org/ebooks/4918,en,merged from 1 source rows (gutenberg); publication year via Open Library (earliest edition found; not independently verified)
the-limitation-of-armaments__christian-lous-lange__1921,The Limitation of Armaments,Christian Lous Lange,1938,false,1921,openlibrary,https://openlibrary.org/works/OL24495734W,en,"merged from 1 source rows (openlibrary); author death year from Wikidata (Q206446); PD via life+70 rule (death year 1938 + 71 <= 2026), independent of publication year"
the-little-book-of-life-after-death__gustav-fechner__unk,The Little Book of Life After Death,Gustav Fechner,1887,false,,openlibrary,https://openlibrary.org/works/OL14988054W,en,"merged from 1 source rows (openlibrary); author death year from Wikidata (Q76881); PD via life+70 rule (death year 1887 + 71 <= 2026), independent of publication year; publication year (2005) discarded as implausible (>50 years after author's death, likely a modern reprint/collected edition indexed by Open Library as 'first publish year'); needs manual research"
the-little-white-bird-or-adventures-in-kensington-gardens__j-m-barrie__1902,"The little white bird, or, Adventures in Kensington gardens",J. M. Barrie,1937,false,1902,openlibrary,https://openlibrary.org/works/OL461993W,en,"merged from 1 source rows (openlibrary); author death year from Wikidata (Q81796); PD via life+70 rule (death year 1937 + 71 <= 2026), independent of publication year"
the-lives-and-opinions-of-eminent-philosophers__diogenes-laertius__1853,The Lives and Opinions of Eminent Philosophers,Diogenes Laertius,,false,1853,gutenberg,https://www.gutenberg.org/ebooks/57342,en,merged from 1 source rows (gutenberg); publication year via Open Library (earliest edition found; not independently verified); author death year unknown (Gutendex has no record)
the-lives-of-the-twelve-caesars-complete__suetonius__2006,"The Lives of the Twelve Caesars, Complete",Suetonius,,false,2006,gutenberg,https://www.gutenberg.org/ebooks/6400,en,merged from 1 source rows (gutenberg); publication year via Open Library (earliest edition found; not independently verified); author death year unknown (Gutendex has no record)
the-living-thoughts-of-mazzini__giuseppe-mazzini__unk,The living thoughts of Mazzini,Giuseppe Mazzini,1872,false,,openlibrary,https://openlibrary.org/works/OL1063018W,en,"merged from 1 source rows (openlibrary); author death year from Wikidata (Q187336); PD via life+70 rule (death year 1872 + 71 <= 2026), independent of publication year; publication year (1939) discarded as implausible (>50 years after author's death, likely a modern reprint/collected edition indexed by Open Library as 'first publish year'); needs manual research"
the-lone-star-ranger__grey-zane__1914,The Lone Star Ranger,"Grey, Zane",,false,1914,openlibrary,https://openlibrary.org/works/OL485469W,en,merged from 1 source rows (openlibrary); pd_basis=pub_year<=1930
the-lone-wolf__vance-louis-joseph__1914,The Lone Wolf,"Vance, Louis Joseph",,false,1914,openlibrary,https://openlibrary.org/works/OL7562583W,en,merged from 1 source rows (openlibrary); pd_basis=pub_year<=1930
the-longest-journey__forster-e-m__1907,The Longest Journey,"Forster, E. M.",,false,1907,openlibrary,https://openlibrary.org/works/OL88878W,en,merged from 1 source rows (openlibrary); pd_basis=pub_year<=1930
the-loot-of-the-lazy-a__tuttle-w-c-wilbur-c__unk,The loot of the Lazy A,"Tuttle, W. C. (Wilbur C.)",1969,false,,gutenberg,https://www.gutenberg.org/ebooks/78028,en,merged from 1 source rows (gutenberg); publication year not found via Open Library; needs manual research
the-lost-continent__burroughs-edgar-rice__1916,The Lost Continent,"Burroughs, Edgar Rice",1950,false,1916,gutenberg,https://www.gutenberg.org/ebooks/149,en,merged from 1 source rows (gutenberg); publication year via Open Library (earliest edition found; not independently verified)
the-lost-princess-of-oz__baum-l-frank__1917,The Lost Princess of Oz,"Baum, L. Frank",,false,1917,openlibrary,https://openlibrary.org/works/OL18411W,en,merged from 1 source rows (openlibrary); pd_basis=pub_year<=1930
the-lost-world__doyle-arthur-conan__1900,The Lost World,"Doyle, Arthur Conan",1930,false,1900,gutenberg+openlibrary,https://www.gutenberg.org/ebooks/139,en,merged from 2 source rows (gutenberg+openlibrary); publication year via Open Library (earliest edition found; not independently verified); pd_basis=pub_year<=1930
the-love-letters-of-henry-viii-to-anne-boleyn-with-notes__henry-viii-king-of-england__unk,The Love Letters of Henry VIII to Anne Boleyn; With Notes,"Henry VIII, King of England",1547,false,,gutenberg,https://www.gutenberg.org/ebooks/32155,en,"merged from 1 source rows (gutenberg); Open Library match discarded: returned 1906, which is more than 5 years after author's death (1547) -- likely an indexed reprint rather than the original edition; needs manual research"
the-love-letters-of-mary-wollstonecraft-to-gilbert-imlay__wollstonecraft-mary__unk,The Love Letters of Mary Wollstonecraft to Gilbert Imlay,"Wollstonecraft, Mary",1797,false,,gutenberg,https://www.gutenberg.org/ebooks/34413,en,"merged from 1 source rows (gutenberg); Open Library match discarded: returned 1908, which is more than 5 years after author's death (1797) -- likely an indexed reprint rather than the original edition; needs manual research"
the-lust-of-hate__boothby-guy__1898,The Lust of Hate,"Boothby, Guy",,false,1898,openlibrary,https://openlibrary.org/works/OL1065777W,en,merged from 1 source rows (openlibrary); pd_basis=pub_year<=1930
the-machine-stops__forster-e-m__1909,The Machine Stops,"Forster, E. M.",,false,1909,openlibrary,https://openlibrary.org/works/OL88800W,en,merged from 1 source rows (openlibrary); pd_basis=pub_year<=1930
the-magic-city__nesbit-edith__1910,The Magic City,"Nesbit, Edith",,false,1910,openlibrary,https://openlibrary.org/works/OL99535W,en,merged from 1 source rows (openlibrary); pd_basis=pub_year<=1930
the-magic-of-oz__baum-l-frank__1919,The Magic of Oz,"Baum, L. Frank",,false,1919,openlibrary,https://openlibrary.org/works/OL262380W,en,merged from 1 source rows (openlibrary); pd_basis=pub_year<=1930
the-magician__maugham-william-somerset__1908,The Magician,"Maugham, William Somerset",,false,1908,openlibrary,https://openlibrary.org/works/OL505730W,en,merged from 1 source rows (openlibrary); pd_basis=pub_year<=1930
the-magnificent-possession__asimov-isaac__1981,The magnificent possession,"Asimov, Isaac",1992,false,1981,gutenberg,https://www.gutenberg.org/ebooks/76871,en,merged from 1 source rows (gutenberg); publication year via Open Library (earliest edition found; not independently verified)
the-malay-archipelago__alfred-russel-wallace__1869,The Malay Archipelago,Alfred Russel Wallace,1913,false,1869,openlibrary,https://openlibrary.org/works/OL1463203W,en,"merged from 1 source rows (openlibrary); author death year from Wikidata (Q160627); PD via life+70 rule (death year 1913 + 71 <= 2026), independent of publication year"
the-man-in-the-brown-suit__christie-agatha__1924,The Man in the Brown Suit,"Christie, Agatha",1976,false,1924,gutenberg,https://www.gutenberg.org/ebooks/61168,en,merged from 1 source rows (gutenberg); publication year via Open Library (earliest edition found; not independently verified)
the-man-of-genius__cesare-lombroso__1891,The man of genius,Cesare Lombroso,1909,false,1891,openlibrary,https://openlibrary.org/works/OL612188W,en,"merged from 1 source rows (openlibrary); author death year from Wikidata (Q202420); PD via life+70 rule (death year 1909 + 71 <= 2026), independent of publication year"
the-man-of-genius__cesare-lombroso__unk,The Man of Genius.,Cesare Lombroso,1909,false,,openlibrary,https://openlibrary.org/works/OL24413913W,en,"merged from 1 source rows (openlibrary); author death year from Wikidata (Q202420); PD via life+70 rule (death year 1909 + 71 <= 2026), independent of publication year; publication year (2015) discarded as implausible (>50 years after author's death, likely a modern reprint/collected edition indexed by Open Library as 'first publish year'); needs manual research"
the-man-of-property__john-galsworthy__1906,The Man of Property,John Galsworthy,1933,false,1906,openlibrary,https://openlibrary.org/works/OL878793W,en,"merged from 1 source rows (openlibrary); author death year from Wikidata (Q82248); PD via life+70 rule (death year 1933 + 71 <= 2026), independent of publication year"
the-man-of-the-forest__grey-zane__1920,The Man of the Forest,"Grey, Zane",,false,1920,openlibrary,https://openlibrary.org/works/OL485477W,en,merged from 1 source rows (openlibrary); pd_basis=pub_year<=1930
the-man-upstairs-and-other-stories__wodehouse-p-g-pelham-grenville__1926,The Man Upstairs and Other Stories,"Wodehouse, P. G. (Pelham Grenville)",1975,false,1926,gutenberg,https://www.gutenberg.org/ebooks/6768,en,merged from 1 source rows (gutenberg); publication year via Open Library (earliest edition found; not independently verified)
the-man-who-did-the-right-thing-a-romance__johnston-harry__unk,The Man Who Did the Right Thing: A Romance,"Johnston, Harry",1927,false,,gutenberg,https://www.gutenberg.org/ebooks/45451,en,merged from 1 source rows (gutenberg); publication year not found via Open Library; needs manual research
the-man-who-knew-too-much__chesterton-gilbert-keith__1922,The Man Who Knew Too Much,"Chesterton, Gilbert Keith",,false,1922,openlibrary,https://openlibrary.org/works/OL76468W,en,merged from 1 source rows (openlibrary); pd_basis=pub_year<=1930
the-man-who-knew-too-much__g-k-chesterton__1922,The Man Who Knew Too Much,G. K. Chesterton,1936,false,1922,openlibrary,https://openlibrary.org/works/OL76468W,en,"merged from 1 source rows (openlibrary); author death year from Wikidata (Q183167); PD via life+70 rule (death year 1936 + 71 <= 2026), independent of publication year"
the-man-who-was-thursday__chesterton-gilbert-keith__1908,The Man Who Was Thursday,"Chesterton, Gilbert Keith",,false,1908,openlibrary,https://openlibrary.org/works/OL76487W,en,merged from 1 source rows (openlibrary); pd_basis=pub_year<=1930
the-man-who-was-thursday__g-k-chesterton__1908,The Man Who Was Thursday,G. K. Chesterton,1936,false,1908,openlibrary,https://openlibrary.org/works/OL76487W,en,"merged from 1 source rows (openlibrary); author death year from Wikidata (Q183167); PD via life+70 rule (death year 1936 + 71 <= 2026), independent of publication year"
the-man-who-was-thursday-a-nightmare__chesterton-g-k-gilbert-keith__unk,The Man Who Was Thursday: A Nightmare,"Chesterton, G. K. (Gilbert Keith)",1936,false,,gutenberg,https://www.gutenberg.org/ebooks/1695,en,merged from 1 source rows (gutenberg); publication year not found via Open Library; needs manual research
the-marvellous-land-of-snergs__wyke-smith-e-a-edward-augustine__1927,The marvellous land of Snergs,"Wyke-Smith, E. A. (Edward Augustine)",1935,false,1927,gutenberg,https://www.gutenberg.org/ebooks/78120,en,merged from 1 source rows (gutenberg); publication year via Open Library (earliest edition found; not independently verified)
the-marvelous-land-of-oz__baum-l-frank__1904,The Marvelous Land of Oz,"Baum, L. Frank",,false,1904,openlibrary,https://openlibrary.org/works/OL18396W,en,merged from 1 source rows (openlibrary); pd_basis=pub_year<=1930
the-marvelous-land-of-oz__l-frank-baum__1904,The Marvelous Land of Oz,L. Frank Baum,1919,false,1904,openlibrary,https://openlibrary.org/works/OL18396W,en,"merged from 1 source rows (openlibrary); author death year from Wikidata (Q207544); PD via life+70 rule (death year 1919 + 71 <= 2026), independent of publication year"
the-mask-a-story-of-love-and-adventure__hornblow-arthur__unk,The Mask: A Story of Love and Adventure,"Hornblow, Arthur",1942,false,,gutenberg,https://www.gutenberg.org/ebooks/20131,en,"merged from 1 source rows (gutenberg); Open Library match discarded: returned 2007, which is more than 5 years after author's death (1942) -- likely an indexed reprint rather than the original edition; needs manual research"
the-mason-bees__jean-henri-fabre__1914,The mason-bees,Jean-Henri Fabre,1915,false,1914,openlibrary,https://openlibrary.org/works/OL1809426W,en,"merged from 1 source rows (openlibrary); author death year from Wikidata (Q313348); PD via life+70 rule (death year 1915 + 71 <= 2026), independent of publication year"
the-mayor-of-casterbridge__david-brewster__1800,The Mayor of Casterbridge,David Brewster,1868,false,1800,openlibrary,https://openlibrary.org/works/OL8193406W,en,"merged from 1 source rows (openlibrary); author death year from Wikidata (Q168468); PD via life+70 rule (death year 1868 + 71 <= 2026), independent of publication year"
the-mayor-of-casterbridge__hardy-thomas__1800,The Mayor of Casterbridge,"Hardy, Thomas",,false,1800,openlibrary,https://openlibrary.org/works/OL8193406W,en,merged from 1 source rows (openlibrary); pd_basis=pub_year<=1930
the-mayor-of-casterbridge__thomas-hardy__unk,The Mayor of Casterbridge,Thomas Hardy,1928,false,,openlibrary,https://openlibrary.org/works/OL8193406W,en,"merged from 1 source rows (openlibrary); author death year from Wikidata (Q132805); PD via life+70 rule (death year 1928 + 71 <= 2026), independent of publication year; publication year (1800) discarded post-merge as implausible (more than 100 years before death (1928), implausible for a single lifetime); needs manual research"
the-meaning-and-value-of-life__rudolf-christoph-eucken__1909,The meaning and value of life,Rudolf Christoph Eucken,1926,false,1909,openlibrary,https://openlibrary.org/works/OL1085166W,en,"merged from 1 source rows (openlibrary); author death year from Wikidata (Q47695); PD via life+70 rule (death year 1926 + 71 <= 2026), independent of publication year"
the-memoirs-of-sherlock-holmes__doyle-arthur-conan__1894,The Memoirs of Sherlock Holmes,"Doyle, Arthur Conan",1930,false,1894,gutenberg,https://www.gutenberg.org/ebooks/834,en,merged from 1 source rows (gutenberg); publication year via Open Library (earliest edition found; not independently verified)
the-memoirs-of-the-conquistador-bernal-diaz-del-castillo-vol-1-of-2-written-by-himself-containing-a-true-and-full-account-of-the-discovery-and-conquest-of-mexico-and-new-spain__diaz-del-castillo-bernal__unk,"The Memoirs of the Conquistador Bernal Diaz del Castillo, Vol 1 (of 2): Written by Himself Containing a True and Full Account of the Discovery and Conquest of Mexico and New Spain.","Díaz del Castillo, Bernal",1584,false,,gutenberg,https://www.gutenberg.org/ebooks/32474,en,merged from 1 source rows (gutenberg); publication year not found via Open Library; needs manual research
the-merchant-of-venice__shakespeare-william__1600,The Merchant of Venice,"Shakespeare, William",,false,1600,openlibrary,https://openlibrary.org/works/OL258758W,en,merged from 1 source rows (openlibrary); pd_basis=pub_year<=1930
the-merry-adventures-of-robin-hood__pyle-howard__1883,The Merry Adventures of Robin Hood,"Pyle, Howard",1911,false,1883,gutenberg,https://www.gutenberg.org/ebooks/10148,en,merged from 1 source rows (gutenberg); publication year via Open Library (earliest edition found; not independently verified)
the-merry-wives-of-windsor__shakespeare-william__1602,The Merry Wives of Windsor,"Shakespeare, William",,false,1602,openlibrary,https://openlibrary.org/works/OL361595W,en,merged from 1 source rows (openlibrary); pd_basis=pub_year<=1930
the-metamorphoses-of-ovid-books-i-vii__ovid__unk,"The Metamorphoses of Ovid, Books I-VII",Ovid,17,false,,gutenberg,https://www.gutenberg.org/ebooks/21765,en,"merged from 1 source rows (gutenberg); classical/ancient work (author died before 1400) -- original composition predates reliable publication-year records, not looked up automatically; needs manual research"
the-mill-on-the-floss__eliot-george__1800,The Mill on the Floss,"Eliot, George",,false,1800,openlibrary,https://openlibrary.org/works/OL20938W,en,merged from 1 source rows (openlibrary); pd_basis=pub_year<=1930
the-mill-on-the-floss__george-eliot__1800,The Mill on the Floss,George Eliot,1880,false,1800,openlibrary,https://openlibrary.org/works/OL20938W,en,"merged from 1 source rows (openlibrary); author death year from Wikidata (Q131333); PD via life+70 rule (death year 1880 + 71 <= 2026), independent of publication year"
the-misplaced-battleship__harrison-harry__2015,The Misplaced Battleship,"Harrison, Harry",2012,false,2015,gutenberg,https://www.gutenberg.org/ebooks/22541,en,merged from 1 source rows (gutenberg); publication year via Open Library (earliest edition found; not independently verified)
the-missing-will__christie-agatha__unk,The Missing Will,"Christie, Agatha",1976,false,,gutenberg,https://www.gutenberg.org/ebooks/67173,en,"merged from 1 source rows (gutenberg); Open Library match discarded: returned 2013, which is more than 5 years after author's death (1976) -- likely an indexed reprint rather than the original edition; needs manual research"
the-modern-prince__antonio-gramsci__1957,The modern prince,Antonio Gramsci,1937,false,1957,openlibrary,https://openlibrary.org/works/OL77366W,en,"merged from 1 source rows (openlibrary); author death year from Wikidata (Q83003); PD via life+70 rule (death year 1937 + 71 <= 2026), independent of publication year"
the-monk-a-romance__lewis-m-g-matthew-gregory__unk,The Monk: A Romance,"Lewis, M. G. (Matthew Gregory)",1818,false,,gutenberg,https://www.gutenberg.org/ebooks/601,en,"merged from 1 source rows (gutenberg); Open Library match discarded: returned 2013, which is more than 5 years after author's death (1818) -- likely an indexed reprint rather than the original edition; needs manual research"
the-moon-and-sixpence__maugham-william-somerset__1919,The moon and sixpence,"Maugham, William Somerset",,false,1919,openlibrary,https://openlibrary.org/works/OL505740W,en,merged from 1 source rows (openlibrary); pd_basis=pub_year<=1930
the-moonstone__collins-wilkie__1800,The Moonstone,"Collins, Wilkie",1889,false,1800,gutenberg+openlibrary,https://www.gutenberg.org/ebooks/155,en,"merged from 2 source rows (gutenberg+openlibrary); Open Library match discarded: returned 1800, which predates author's birth year (1824) -- likely a mismatched search result; needs manual research; pd_basis=pub_year<=1930"
the-murder-of-roger-ackroyd__christie-agatha__1926,The murder of Roger Ackroyd,"Christie, Agatha",1976,false,1926,gutenberg,https://www.gutenberg.org/ebooks/69087,en,merged from 1 source rows (gutenberg); publication year via Open Library (earliest edition found; not independently verified)
the-murder-on-the-links__christie-agatha__1923,The Murder on the Links,"Christie, Agatha",1976,false,1923,gutenberg,https://www.gutenberg.org/ebooks/58866,en,merged from 1 source rows (gutenberg); publication year via Open Library (earliest edition found; not independently verified)
the-murders-in-the-rue-morgue__charles-baudelaire__1841,The Murders in the Rue Morgue,Charles Baudelaire,1867,false,1841,openlibrary,https://openlibrary.org/works/OL41072W,en,"merged from 1 source rows (openlibrary); author death year from Wikidata (Q501); PD via life+70 rule (death year 1867 + 71 <= 2026), independent of publication year"
the-murders-in-the-rue-morgue__herbert-spencer__1841,The Murders in the Rue Morgue,Herbert Spencer,1903,false,1841,openlibrary,https://openlibrary.org/works/OL41072W,en,"merged from 1 source rows (openlibrary); author death year from Wikidata (Q144535); PD via life+70 rule (death year 1903 + 71 <= 2026), independent of publication year"
the-murders-in-the-rue-morgue__jules-verne__1841,The Murders in the Rue Morgue,Jules Verne,1905,false,1841,openlibrary,https://openlibrary.org/works/OL41072W,en,"merged from 1 source rows (openlibrary); author death year from Wikidata (Q33977); PD via life+70 rule (death year 1905 + 71 <= 2026), independent of publication year"
the-murders-in-the-rue-morgue__luigi-pirandello__1841,The Murders in the Rue Morgue,Luigi Pirandello,1936,false,1841,openlibrary,https://openlibrary.org/works/OL41072W,en,"merged from 1 source rows (openlibrary); author death year from Wikidata (Q1403); PD via life+70 rule (death year 1936 + 71 <= 2026), independent of publication year"
the-murders-in-the-rue-morgue__poe-edgar-allan__1841,The Murders in the Rue Morgue,"Poe, Edgar Allan",,false,1841,openlibrary,https://openlibrary.org/works/OL41072W,en,merged from 1 source rows (openlibrary); pd_basis=pub_year<=1930
the-mysteries-of-london-v-4-4__reynolds-george-w-m-george-william-macarthur__unk,"The Mysteries of London, v. 4/4","Reynolds, George W. M. (George William MacArthur)",1879,false,,gutenberg,https://www.gutenberg.org/ebooks/51649,en,merged from 1 source rows (gutenberg); publication year not found via Open Library; needs manual research
the-mysteries-of-udolpho__radcliffe-ann-ward__1794,The Mysteries of Udolpho,"Radcliffe, Ann Ward",1823,false,1794,gutenberg,https://www.gutenberg.org/ebooks/3268,en,merged from 1 source rows (gutenberg); publication year via Open Library (earliest edition found; not independently verified)
the-mysterious-affair-at-styles__charlotte-perkins-gilman__1920,The Mysterious Affair at Styles,Charlotte Perkins Gilman,1935,false,1920,openlibrary,https://openlibrary.org/works/OL472715W,en,"merged from 1 source rows (openlibrary); author death year from Wikidata (Q287752); PD via life+70 rule (death year 1935 + 71 <= 2026), independent of publication year"
the-mysterious-affair-at-styles__christie-agatha__1920,The Mysterious Affair at Styles,"Christie, Agatha",1976,false,1920,gutenberg+openlibrary,https://www.gutenberg.org/ebooks/863,en,merged from 2 source rows (gutenberg+openlibrary); publication year via Open Library (earliest edition found; not independently verified); pd_basis=pub_year<=1930
the-mysterious-island__verne-jules__1875,The Mysterious Island,"Verne, Jules",1905,false,1875,gutenberg,https://www.gutenberg.org/ebooks/1268,en,merged from 1 source rows (gutenberg); publication year via Open Library (earliest edition found; not independently verified)
the-mysterious-mr-quin__christie-agatha__1930,The mysterious Mr. Quin,"Christie, Agatha",1976,false,1930,gutenberg,https://www.gutenberg.org/ebooks/78084,en,merged from 1 source rows (gutenberg); publication year via Open Library (earliest edition found; not independently verified)
the-mysterious-rider__grey-zane__1921,The Mysterious Rider,"Grey, Zane",,false,1921,openlibrary,https://openlibrary.org/works/OL485697W,en,merged from 1 source rows (openlibrary); pd_basis=pub_year<=1930
the-mystery-of-edwin-drood__dickens-charles__1870,The Mystery of Edwin Drood,"Dickens, Charles",1870,false,1870,gutenberg+openlibrary,https://www.gutenberg.org/ebooks/564,en,"merged from 2 source rows (gutenberg+openlibrary); Open Library match discarded: returned 1800, which predates author's birth year (1812) -- likely a mismatched search result; needs manual research; pd_basis=pub_year<=1930"
the-mystery-of-the-blue-train__christie-agatha__1928,The mystery of the Blue Train,"Christie, Agatha",1976,false,1928,gutenberg,https://www.gutenberg.org/ebooks/72824,en,merged from 1 source rows (gutenberg); publication year via Open Library (earliest edition found; not independently verified)
the-mystery-of-the-yellow-room__leroux-gaston__1928,The Mystery of the Yellow Room,"Leroux, Gaston",1927,false,1928,gutenberg,https://www.gutenberg.org/ebooks/1685,en,merged from 1 source rows (gutenberg); publication year via Open Library (earliest edition found; not independently verified)
the-napoleon-of-notting-hill__chesterton-gilbert-keith__1904,The Napoleon of Notting Hill,"Chesterton, Gilbert Keith",,false,1904,openlibrary,https://openlibrary.org/works/OL76473W,en,merged from 1 source rows (openlibrary); pd_basis=pub_year<=1930
the-narrative-of-arthur-gordon-pym__charles-baudelaire__1838,The Narrative of Arthur Gordon Pym,Charles Baudelaire,1867,false,1838,openlibrary,https://openlibrary.org/works/OL40962W,en,"merged from 1 source rows (openlibrary); author death year from Wikidata (Q501); PD via life+70 rule (death year 1867 + 71 <= 2026), independent of publication year"
the-narrative-of-arthur-gordon-pym__herbert-spencer__1838,The Narrative of Arthur Gordon Pym,Herbert Spencer,1903,false,1838,openlibrary,https://openlibrary.org/works/OL40962W,en,"merged from 1 source rows (openlibrary); author death year from Wikidata (Q144535); PD via life+70 rule (death year 1903 + 71 <= 2026), independent of publication year"
the-narrative-of-arthur-gordon-pym__jules-verne__1838,The Narrative of Arthur Gordon Pym,Jules Verne,1905,false,1838,openlibrary,https://openlibrary.org/works/OL40962W,en,"merged from 1 source rows (openlibrary); author death year from Wikidata (Q33977); PD via life+70 rule (death year 1905 + 71 <= 2026), independent of publication year"
the-narrative-of-arthur-gordon-pym__luigi-pirandello__1838,The Narrative of Arthur Gordon Pym,Luigi Pirandello,1936,false,1838,openlibrary,https://openlibrary.org/works/OL40962W,en,"merged from 1 source rows (openlibrary); author death year from Wikidata (Q1403); PD via life+70 rule (death year 1936 + 71 <= 2026), independent of publication year"
the-narrative-of-arthur-gordon-pym__poe-edgar-allan__1838,The Narrative of Arthur Gordon Pym,"Poe, Edgar Allan",,false,1838,openlibrary,https://openlibrary.org/works/OL40962W,en,merged from 1 source rows (openlibrary); pd_basis=pub_year<=1930
the-neurotic-personality-of-our-time__karen-horney__1937,The neurotic personality of our time,Karen Horney,1952,false,1937,openlibrary,https://openlibrary.org/works/OL98949W,en,"merged from 1 source rows (openlibrary); author death year from Wikidata (Q71020); PD via life+70 rule (death year 1952 + 71 <= 2026), independent of publication year"
the-new-society__walther-rathenau__1921,The new society,Walther Rathenau,1922,false,1921,openlibrary,https://openlibrary.org/works/OL5077350W,en,"merged from 1 source rows (openlibrary); author death year from Wikidata (Q135645); PD via life+70 rule (death year 1922 + 71 <= 2026), independent of publication year"
the-night-before-christmas__moore-clement-clarke__1857,The Night Before Christmas,"Moore, Clement Clarke",,false,1857,openlibrary,https://openlibrary.org/works/OL655908W,en,merged from 1 source rows (openlibrary); pd_basis=pub_year<=1930
the-ninth-night__viktor-dyk__1918,The ninth night,Viktor Dyk,1931,false,1918,openlibrary,https://openlibrary.org/works/OL43449932W,en,"merged from 1 source rows (openlibrary); author death year from Wikidata (Q109067); PD via life+70 rule (death year 1931 + 71 <= 2026), independent of publication year"
the-norsemen-in-the-west-or-america-before-columbus__ballantyne-robert-michael__1872,"The Norsemen in the West, or, America before Columbus","Ballantyne, Robert Michael",,false,1872,openlibrary,https://openlibrary.org/works/OL2320039W,en,merged from 1 source rows (openlibrary); pd_basis=pub_year<=1930
the-notebooks-of-leonardo-da-vinci-complete__leonardo-da-vinci__unk,The Notebooks of Leonardo Da Vinci — Complete,"Leonardo, da Vinci",1519,false,,gutenberg,https://www.gutenberg.org/ebooks/5000,en,"merged from 1 source rows (gutenberg); Open Library match discarded: returned 1888, which is more than 5 years after author's death (1519) -- likely an indexed reprint rather than the original edition; needs manual research"
the-odyssey-rendered-into-english-prose-for-the-use-of-those-who-cannot-read-the-original__homer__unk,The Odyssey: Rendered into English prose for the use of those who cannot read the original,Homer,-650,false,,gutenberg,https://www.gutenberg.org/ebooks/1727,en,"merged from 1 source rows (gutenberg); classical/ancient work (author died before 1400) -- original composition predates reliable publication-year records, not looked up automatically; needs manual research"
the-old-curiosity-shop__dickens-charles__1800,The Old Curiosity Shop,"Dickens, Charles",,false,1800,openlibrary,https://openlibrary.org/works/OL14869167W,en,merged from 1 source rows (openlibrary); pd_basis=pub_year<=1930
the-old-wives-tale__arnold-bennett__1900,The old wives' tale,Arnold Bennett,1931,false,1900,openlibrary,https://openlibrary.org/works/OL109236W,en,"merged from 1 source rows (openlibrary); author death year from Wikidata (Q314158); PD via life+70 rule (death year 1931 + 71 <= 2026), independent of publication year"
the-orange-fairy-book__lang-andrew__1906,The Orange Fairy Book,"Lang, Andrew",,false,1906,openlibrary,https://openlibrary.org/works/OL1088838W,en,merged from 1 source rows (openlibrary); pd_basis=pub_year<=1930
the-oriental-poems-of-leconte-de-lisle__charles-marie-rene-leconte-de-lisle__unk,The oriental poems of Leconte de Lisle,Charles Marie René Leconte de Lisle,1894,false,,openlibrary,https://openlibrary.org/works/OL4412955W,en,"merged from 1 source rows (openlibrary); author death year from Wikidata (Q309704); PD via life+70 rule (death year 1894 + 71 <= 2026), independent of publication year; publication year (2007) discarded as implausible (>50 years after author's death, likely a modern reprint/collected edition indexed by Open Library as 'first publish year'); needs manual research"
the-origin-of-the-red-cross__henry-dunant__unk,The Origin of the Red Cross,Henry Dunant,1910,false,,openlibrary,https://openlibrary.org/works/OL24427602W,en,"merged from 1 source rows (openlibrary); author death year from Wikidata (Q12091); PD via life+70 rule (death year 1910 + 71 <= 2026), independent of publication year; publication year (2018) discarded as implausible (>50 years after author's death, likely a modern reprint/collected edition indexed by Open Library as 'first publish year'); needs manual research"
the-orion-or-researches-into-the-antiquity-of-the-vedas__bal-gangadhar-tilak__unk,"The Orion, Or, Researches Into the Antiquity of the Vedas",Bal Gangadhar Tilak,1920,false,,openlibrary,https://openlibrary.org/works/OL24392616W,en,"merged from 1 source rows (openlibrary); author death year from Wikidata (Q312555); PD via life+70 rule (death year 1920 + 71 <= 2026), independent of publication year; publication year (2017) discarded as implausible (>50 years after author's death, likely a modern reprint/collected edition indexed by Open Library as 'first publish year'); needs manual research"
the-orphan-s-hand-mill__friedrich-reinhold-kreutzwald__unk,The orphan's hand-mill,Friedrich Reinhold Kreutzwald,1882,false,,openlibrary,https://openlibrary.org/works/OL18269259W,en,"merged from 1 source rows (openlibrary); author death year from Wikidata (Q333900); PD via life+70 rule (death year 1882 + 71 <= 2026), independent of publication year; publication year (1993) discarded as implausible (>50 years after author's death, likely a modern reprint/collected edition indexed by Open Library as 'first publish year'); needs manual research"
the-oxford-book-of-american-essays__nicholas-murray-butler__1914,The Oxford Book of American Essays,Nicholas Murray Butler,1947,false,1914,openlibrary,https://openlibrary.org/works/OL1132238W,en,"merged from 1 source rows (openlibrary); author death year from Wikidata (Q271517); PD via life+70 rule (death year 1947 + 71 <= 2026), independent of publication year"
the-papers-of-jefferson-davis__jefferson-davis__unk,The Papers of Jefferson Davis,Jefferson Davis,1889,false,,openlibrary,https://openlibrary.org/works/OL35529835W,en,"merged from 1 source rows (openlibrary); author death year from Wikidata (Q162269); PD via life+70 rule (death year 1889 + 71 <= 2026), independent of publication year; publication year (1971) discarded as implausible (>50 years after author's death, likely a modern reprint/collected edition indexed by Open Library as 'first publish year'); needs manual research"
the-papers-of-john-c-calhoun__john-c-calhoun__unk,The papers of John C. Calhoun,John C. Calhoun,1850,false,,openlibrary,https://openlibrary.org/works/OL108377W,en,"merged from 1 source rows (openlibrary); author death year from Wikidata (Q207191); PD via life+70 rule (death year 1850 + 71 <= 2026), independent of publication year; publication year (1959) discarded as implausible (>50 years after author's death, likely a modern reprint/collected edition indexed by Open Library as 'first publish year'); needs manual research"
the-papers-of-woodrow-wilson__woodrow-wilson__1966,The papers of Woodrow Wilson,Woodrow Wilson,1924,false,1966,openlibrary,https://openlibrary.org/works/OL1793602W,en,"merged from 1 source rows (openlibrary); author death year from Wikidata (Q34296); PD via life+70 rule (death year 1924 + 71 <= 2026), independent of publication year"
the-passionate-elopement__mackenzie-compton__1910,The Passionate Elopement,"MacKenzie, Compton",1972,false,1910,gutenberg,https://www.gutenberg.org/ebooks/38177,en,merged from 1 source rows (gutenberg); publication year via Open Library (earliest edition found; not independently verified)
the-passionate-friends__wells-h-g-herbert-george__1910,The Passionate Friends,"Wells, H. G. (Herbert George)",1946,false,1910,gutenberg,https://www.gutenberg.org/ebooks/30340,en,merged from 1 source rows (gutenberg); publication year via Open Library (earliest edition found; not independently verified)
the-patchwork-girl-of-oz__baum-l-frank__1913,The Patchwork Girl of Oz,"Baum, L. Frank",,false,1913,openlibrary,https://openlibrary.org/works/OL18405W,en,merged from 1 source rows (openlibrary); pd_basis=pub_year<=1930
the-pathfinder__cooper-james-fenimore__1800,The Pathfinder,"Cooper, James Fenimore",,false,1800,openlibrary,https://openlibrary.org/works/OL78009W,en,merged from 1 source rows (openlibrary); pd_basis=pub_year<=1930
the-pathfinder__james-fenimore-cooper__1800,The Pathfinder,James Fenimore Cooper,1851,false,1800,openlibrary,https://openlibrary.org/works/OL78009W,en,"merged from 1 source rows (openlibrary); author death year from Wikidata (Q167856); PD via life+70 rule (death year 1851 + 71 <= 2026), independent of publication year"
the-pearl-of-orr-s-island__harriet-beecher-stowe__1862,The pearl of Orr's Island,Harriet Beecher Stowe,1896,false,1862,openlibrary,https://openlibrary.org/works/OL152223W,en,"merged from 1 source rows (openlibrary); author death year from Wikidata (Q102513); PD via life+70 rule (death year 1896 + 71 <= 2026), independent of publication year"
the-peasant-and-the-prince-a-story-of-the-french-revolution__harriet-martineau__1841,"The peasant and the prince, a story of the French revolution",Harriet Martineau,1876,false,1841,openlibrary,https://openlibrary.org/works/OL1491031W,en,"merged from 1 source rows (openlibrary); author death year from Wikidata (Q234570); PD via life+70 rule (death year 1876 + 71 <= 2026), independent of publication year"
the-peasants__wadysaw-reymont__1924,The peasants,Władysław Reymont,1925,false,1924,openlibrary,https://openlibrary.org/works/OL737770W,en,"merged from 1 source rows (openlibrary); author death year from Wikidata (Q121180); PD via life+70 rule (death year 1925 + 71 <= 2026), independent of publication year"
the-people-of-the-black-circle__howard-robert-e-robert-ervin__unk,The People of the Black Circle,"Howard, Robert E. (Robert Ervin)",1936,false,,gutenberg,https://www.gutenberg.org/ebooks/42259,en,"merged from 1 source rows (gutenberg); Open Library match discarded: returned 1977, which is more than 5 years after author's death (1936) -- likely an indexed reprint rather than the original edition; needs manual research"
the-people-of-the-mist__haggard-h-rider__1894,The People of the Mist,"Haggard, H. Rider",,false,1894,openlibrary,https://openlibrary.org/works/OL17536W,en,merged from 1 source rows (openlibrary); pd_basis=pub_year<=1930
the-phantom-rickshaw-and-other-ghost-stories__kipling-rudyard__1899,"The Phantom 'Rickshaw, and Other Ghost Stories","Kipling, Rudyard",1936,false,1899,gutenberg,https://www.gutenberg.org/ebooks/2806,en,merged from 1 source rows (gutenberg); publication year via Open Library (earliest edition found; not independently verified)
the-phantom-of-the-opera__leroux-gaston__1910,The Phantom of the Opera,"Leroux, Gaston",1927,false,1910,gutenberg,https://www.gutenberg.org/ebooks/175,en,merged from 1 source rows (gutenberg); publication year via Open Library (earliest edition found; not independently verified)
the-phenomenon-of-man__pierre-teilhard-de-chardin__1955,The Phenomenon of Man,Pierre Teilhard de Chardin,1955,false,1955,openlibrary,https://openlibrary.org/works/OL459280W,en,"merged from 1 source rows (openlibrary); author death year from Wikidata (Q189564); PD via life+70 rule (death year 1955 + 71 <= 2026), independent of publication year"
the-philosophy-of-spiritual-activity-freedom__rudolf-steiner__1921,The philosophy of spiritual activity (freedom),Rudolf Steiner,1925,false,1921,openlibrary,https://openlibrary.org/works/OL618620W,en,"merged from 1 source rows (openlibrary); author death year from Wikidata (Q78484); PD via life+70 rule (death year 1925 + 71 <= 2026), independent of publication year"
the-phoenix-and-the-carpet__nesbit-edith__1903,The Phoenix and the Carpet,"Nesbit, Edith",,false,1903,openlibrary,https://openlibrary.org/works/OL99539W,en,merged from 1 source rows (openlibrary); pd_basis=pub_year<=1930
the-pickwick-papers__dickens-charles__1800,The Pickwick Papers,"Dickens, Charles",1870,false,1800,gutenberg+openlibrary,https://www.gutenberg.org/ebooks/580,en,"merged from 2 source rows (gutenberg+openlibrary); Open Library match discarded: returned 1800, which predates author's birth year (1812) -- likely a mismatched search result; needs manual research; pd_basis=pub_year<=1930"
the-picture-of-dorian-gray__oscar-wilde__1890,The Picture of Dorian Gray,Oscar Wilde,1900,false,1890,openlibrary,https://openlibrary.org/works/OL8193416W,en,"merged from 1 source rows (openlibrary); author death year from Wikidata (Q30875); PD via life+70 rule (death year 1900 + 71 <= 2026), independent of publication year"
the-picture-of-dorian-gray__wilde-oscar__1890,The Picture of Dorian Gray,"Wilde, Oscar",1900,false,1890,gutenberg+openlibrary,https://www.gutenberg.org/ebooks/174,en,merged from 2 source rows (gutenberg+openlibrary); publication year via Open Library (earliest edition found; not independently verified); pd_basis=pub_year<=1930
the-pilgrim-s-progress__bunyan-john__1678,The Pilgrim's Progress,"Bunyan, John",,false,1678,openlibrary,https://openlibrary.org/works/OL107195W,en,merged from 1 source rows (openlibrary); pd_basis=pub_year<=1930
the-pillar-of-fire-and-selected-poems__nikolay-gumilev__unk,The pillar of fire and selected poems,Nikolay Gumilev,1921,false,,openlibrary,https://openlibrary.org/works/OL669507W,en,"merged from 1 source rows (openlibrary); author death year from Wikidata (Q311033); PD via life+70 rule (death year 1921 + 71 <= 2026), independent of publication year; publication year (1999) discarded as implausible (>50 years after author's death, likely a modern reprint/collected edition indexed by Open Library as 'first publish year'); needs manual research"
the-pioneers__cooper-james-fenimore__1800,The pioneers,"Cooper, James Fenimore",,false,1800,openlibrary,https://openlibrary.org/works/OL77997W,en,merged from 1 source rows (openlibrary); pd_basis=pub_year<=1930
the-pirate-andrew-lang-edition__scott-walter__unk,The Pirate: Andrew Lang Edition,"Scott, Walter",1832,false,,gutenberg,https://www.gutenberg.org/ebooks/42389,en,merged from 1 source rows (gutenberg); publication year not found via Open Library; needs manual research
the-pit__norris-frank__1903,The Pit,"Norris, Frank",,false,1903,openlibrary,https://openlibrary.org/works/OL1794919W,en,merged from 1 source rows (openlibrary); pd_basis=pub_year<=1930
the-plant-a-biography__matthias-jacob-schleiden__1848,The plant; a biography,Matthias Jacob Schleiden,1881,false,1848,openlibrary,https://openlibrary.org/works/OL15280288W,en,"merged from 1 source rows (openlibrary); author death year from Wikidata (Q76747); PD via life+70 rule (death year 1881 + 71 <= 2026), independent of publication year"
the-playboy-of-the-western-world-hereford-plays__john-millington-synge__1907,The Playboy of the Western World (Hereford Plays),John Millington Synge,1909,false,1907,openlibrary,https://openlibrary.org/works/OL8067174W,en,"merged from 1 source rows (openlibrary); author death year from Wikidata (Q213447); PD via life+70 rule (death year 1909 + 71 <= 2026), independent of publication year"
the-plymouth-express-affair__christie-agatha__unk,The Plymouth Express Affair,"Christie, Agatha",1976,false,,gutenberg,https://www.gutenberg.org/ebooks/66446,en,"merged from 1 source rows (gutenberg); Open Library match discarded: returned 2012, which is more than 5 years after author's death (1976) -- likely an indexed reprint rather than the original edition; needs manual research"
the-poems-of-emily-dickinson-volume-ii__emily-dickinson__1890,The Poems of Emily Dickinson Volume II,Emily Dickinson,1886,false,1890,openlibrary,https://openlibrary.org/works/OL51381W,en,"merged from 1 source rows (openlibrary); author death year from Wikidata (Q4441); PD via life+70 rule (death year 1886 + 71 <= 2026), independent of publication year"
the-poetry-and-prose-of-rosalia-de-castro__rosalia-de-castro__unk,The poetry and prose of Rosalia de Castro,Rosalía de Castro,1885,false,,openlibrary,https://openlibrary.org/works/OL18755578W,en,"merged from 1 source rows (openlibrary); author death year from Wikidata (Q464264); PD via life+70 rule (death year 1885 + 71 <= 2026), independent of publication year; publication year (2010) discarded as implausible (>50 years after author's death, likely a modern reprint/collected edition indexed by Open Library as 'first publish year'); needs manual research"
the-poison-belt__doyle-arthur-conan__1913,The Poison Belt,"Doyle, Arthur Conan",,false,1913,openlibrary,https://openlibrary.org/works/OL262596W,en,merged from 1 source rows (openlibrary); pd_basis=pub_year<=1930
the-poison-tree__bankim-chandra-chatterjee__unk,The Poison Tree,Bankim Chandra Chatterjee,1894,false,,openlibrary,https://openlibrary.org/works/OL8729049W,en,"merged from 1 source rows (openlibrary); author death year from Wikidata (Q377881); PD via life+70 rule (death year 1894 + 71 <= 2026), independent of publication year; publication year (1996) discarded as implausible (>50 years after author's death, likely a modern reprint/collected edition indexed by Open Library as 'first publish year'); needs manual research"
the-poison-tree-a-tale-of-hindu-life-in-bengal__bankim-chandra-chatterjee__unk,"The Poison Tree, A Tale of Hindu Life in Bengal",Bankim Chandra Chatterjee,1894,false,,openlibrary,https://openlibrary.org/works/OL8729050W,en,"merged from 1 source rows (openlibrary); author death year from Wikidata (Q377881); PD via life+70 rule (death year 1894 + 71 <= 2026), independent of publication year; publication year (2006) discarded as implausible (>50 years after author's death, likely a modern reprint/collected edition indexed by Open Library as 'first publish year'); needs manual research"
the-political-philosophy-of-bakunin__mikhail-bakunin__unk,The political philosophy of Bakunin,Mikhail Bakunin,1876,false,,openlibrary,https://openlibrary.org/works/OL1288678W,en,"merged from 1 source rows (openlibrary); author death year from Wikidata (Q27645); PD via life+70 rule (death year 1876 + 71 <= 2026), independent of publication year; publication year (1953) discarded as implausible (>50 years after author's death, likely a modern reprint/collected edition indexed by Open Library as 'first publish year'); needs manual research"
the-pope-and-the-people__leo-xiii__1895,The Pope and the people,Leo XIII,1903,false,1895,openlibrary,https://openlibrary.org/works/OL566796W,en,"merged from 1 source rows (openlibrary); author death year from Wikidata (Q43922); PD via life+70 rule (death year 1903 + 71 <= 2026), independent of publication year"
the-portrait-of-a-lady__james-henry__1881,The Portrait of a Lady,"James, Henry",,false,1881,openlibrary,https://openlibrary.org/works/OL276365W,en,merged from 1 source rows (openlibrary); pd_basis=pub_year<=1930
the-portrait-of-a-lady-volume-1__james-henry__1921,The Portrait of a Lady — Volume 1,"James, Henry",1916,false,1921,gutenberg,https://www.gutenberg.org/ebooks/2833,en,merged from 1 source rows (gutenberg); publication year via Open Library (earliest edition found; not independently verified)
the-prairie__cooper-james-fenimore__1800,The Prairie,"Cooper, James Fenimore",,false,1800,openlibrary,https://openlibrary.org/works/OL77970W,en,merged from 1 source rows (openlibrary); pd_basis=pub_year<=1930
the-prairie-wife__stringer-arthur__1915,The Prairie Wife,"Stringer, Arthur",1950,false,1915,gutenberg,https://www.gutenberg.org/ebooks/18875,en,merged from 1 source rows (gutenberg); publication year via Open Library (earliest edition found; not independently verified)
the-presidential-succession-of-1910__francisco-i-madero__unk,The presidential succession of 1910,Francisco I. Madero,1913,false,,openlibrary,https://openlibrary.org/works/OL1645799W,en,"merged from 1 source rows (openlibrary); author death year from Wikidata (Q216766); PD via life+70 rule (death year 1913 + 71 <= 2026), independent of publication year; publication year (1990) discarded as implausible (>50 years after author's death, likely a modern reprint/collected edition indexed by Open Library as 'first publish year'); needs manual research"
the-prince__machiavelli-niccolo__1515,The Prince,"Machiavelli, Niccolò",1527,false,1515,gutenberg+openlibrary,https://www.gutenberg.org/ebooks/1232,en,merged from 2 source rows (gutenberg+openlibrary); publication year via Open Library (earliest edition found; not independently verified); pd_basis=pub_year<=1930
the-prince-and-the-pauper__twain-mark__1881,The Prince and the Pauper,"Twain, Mark",1910,false,1881,gutenberg+openlibrary,https://www.gutenberg.org/ebooks/1837,en,merged from 2 source rows (gutenberg+openlibrary); publication year via Open Library (earliest edition found; not independently verified); pd_basis=pub_year<=1930
the-prince-of-india-or-why-the-constantinople-fell__lew-wallace__1893,"The Prince of India, or Why the Constantinople Fell",Lew Wallace,1905,false,1893,openlibrary,https://openlibrary.org/works/OL240205W,en,"merged from 1 source rows (openlibrary); author death year from Wikidata (Q357102); PD via life+70 rule (death year 1905 + 71 <= 2026), independent of publication year"
the-princess-and-curdie__george-macdonald__1832,The Princess and Curdie,George MacDonald,1905,false,1832,openlibrary,https://openlibrary.org/works/OL15448W,en,"merged from 1 source rows (openlibrary); author death year from Wikidata (Q368519); PD via life+70 rule (death year 1905 + 71 <= 2026), independent of publication year"
the-princess-and-curdie__macdonald-george__1832,The Princess and Curdie,"MacDonald, George",,false,1832,openlibrary,https://openlibrary.org/works/OL15448W,en,merged from 1 source rows (openlibrary); pd_basis=pub_year<=1930
the-princess-and-the-goblin__george-macdonald__1872,The Princess and the Goblin,George MacDonald,1905,false,1872,openlibrary,https://openlibrary.org/works/OL15449W,en,"merged from 1 source rows (openlibrary); author death year from Wikidata (Q368519); PD via life+70 rule (death year 1905 + 71 <= 2026), independent of publication year"
the-princess-and-the-goblin__macdonald-george__1872,The Princess and the Goblin,"MacDonald, George",,false,1872,openlibrary,https://openlibrary.org/works/OL15449W,en,merged from 1 source rows (openlibrary); pd_basis=pub_year<=1930
the-prisoner-of-zenda__hope-anthony__1800,The Prisoner of Zenda,"Hope, Anthony",,false,1800,openlibrary,https://openlibrary.org/works/OL245401W,en,merged from 1 source rows (openlibrary); pd_basis=pub_year<=1930
the-private-memoirs-and-confessions-of-a-justified-sinner-with-a-detail-of-curious-traditionary-facts-and-other-evidence-by-the-editor__hogg-james__1824,"The Private Memoirs and Confessions of A Justified Sinner (With A Detail of Curious Traditionary Facts, And Other Evidence, By The Editor)","Hogg, James",,false,1824,openlibrary,https://openlibrary.org/works/OL240077W,en,merged from 1 source rows (openlibrary); pd_basis=pub_year<=1930
the-problem-of-cell-13__futrelle-jacques__1905,The problem of Cell 13,"Futrelle, Jacques",1912,false,1905,gutenberg,https://www.gutenberg.org/ebooks/57669,en,merged from 1 source rows (gutenberg); publication year via Open Library (earliest edition found; not independently verified)
the-problem-of-human-life-as-viewed-by-the-great-thinkers-from-plato-to-the-present-time__rudolf-christoph-eucken__1909,The problem of human life as viewed by the great thinkers from Plato to the present time,Rudolf Christoph Eucken,1926,false,1909,openlibrary,https://openlibrary.org/works/OL1085169W,en,"merged from 1 source rows (openlibrary); author death year from Wikidata (Q47695); PD via life+70 rule (death year 1926 + 71 <= 2026), independent of publication year"
the-problems-of-philosophy__russell-bertrand__1900,The Problems of Philosophy,"Russell, Bertrand",,false,1900,openlibrary,https://openlibrary.org/works/OL1088577W,en,merged from 1 source rows (openlibrary); pd_basis=pub_year<=1930
the-professor-at-the-breakfast-table__oliver-wendell-holmes__1860,The professor at the breakfast-table,Oliver Wendell Holmes,1894,false,1860,openlibrary,https://openlibrary.org/works/OL1109050W,en,"merged from 1 source rows (openlibrary); author death year from Wikidata (Q319829); PD via life+70 rule (death year 1894 + 71 <= 2026), independent of publication year"
the-prophet__gibran-kahlil__1900,The Prophet,"Gibran, Kahlil",,false,1900,openlibrary,https://openlibrary.org/works/OL318900W,en,merged from 1 source rows (openlibrary); pd_basis=pub_year<=1930
the-prophet__kahlil-gibran__1900,The Prophet,Kahlil Gibran,1931,false,1900,openlibrary,https://openlibrary.org/works/OL318900W,en,"merged from 1 source rows (openlibrary); author death year from Wikidata (Q47737); PD via life+70 rule (death year 1931 + 71 <= 2026), independent of publication year"
the-provinces-of-the-roman-empire-from-caesar-to-diocletian__theodor-mommsen__1886,The provinces of the Roman Empire from Caesar to Diocletian,Theodor Mommsen,1903,false,1886,openlibrary,https://openlibrary.org/works/OL1194107W,en,"merged from 1 source rows (openlibrary); author death year from Wikidata (Q25351); PD via life+70 rule (death year 1903 + 71 <= 2026), independent of publication year"
the-queen-vs-louis-riel__louis-riel__unk,The Queen vs. Louis Riel,Louis Riel,1885,false,,openlibrary,https://openlibrary.org/works/OL24679015W,en,"merged from 1 source rows (openlibrary); author death year from Wikidata (Q313691); PD via life+70 rule (death year 1885 + 71 <= 2026), independent of publication year; publication year (2015) discarded as implausible (>50 years after author's death, likely a modern reprint/collected edition indexed by Open Library as 'first publish year'); needs manual research"
the-queen-vs-louis-riel-accused-and-convicted-of-the-crime-of-high-treason__louis-riel__1886,"The Queen vs. Louis Riel, accused and convicted of the crime of high treason",Louis Riel,1885,false,1886,openlibrary,https://openlibrary.org/works/OL4050510W,en,"merged from 1 source rows (openlibrary); author death year from Wikidata (Q313691); PD via life+70 rule (death year 1885 + 71 <= 2026), independent of publication year"
the-railway-children__nesbit-e-edith__unk,The Railway Children,"Nesbit, E. (Edith)",1924,false,,gutenberg,https://www.gutenberg.org/ebooks/1874,en,merged from 1 source rows (gutenberg); publication year not found via Open Library; needs manual research
the-railway-children__nesbit-edith__1900,The Railway Children,"Nesbit, Edith",,false,1900,openlibrary,https://openlibrary.org/works/OL99509W,en,merged from 1 source rows (openlibrary); pd_basis=pub_year<=1930
the-rainbow__lawrence-d-h__1915,The Rainbow,"Lawrence, D. H.",,false,1915,openlibrary,https://openlibrary.org/works/OL81293W,en,merged from 1 source rows (openlibrary); pd_basis=pub_year<=1930
the-rainbow-trail__grey-zane__1915,The Rainbow Trail,"Grey, Zane",,false,1915,openlibrary,https://openlibrary.org/works/OL485498W,en,merged from 1 source rows (openlibrary); pd_basis=pub_year<=1930
the-raven__herbert-spencer__1845,The Raven,Herbert Spencer,1903,false,1845,openlibrary,https://openlibrary.org/works/OL41081W,en,"merged from 1 source rows (openlibrary); author death year from Wikidata (Q144535); PD via life+70 rule (death year 1903 + 71 <= 2026), independent of publication year"
the-raven__poe-edgar-allan__1845,The Raven,"Poe, Edgar Allan",,false,1845,openlibrary,https://openlibrary.org/works/OL41081W,en,merged from 1 source rows (openlibrary); pd_basis=pub_year<=1930
the-real-adventure__webster-henry-kitchell__1916,The Real Adventure,"Webster, Henry Kitchell",1932,false,1916,gutenberg,https://www.gutenberg.org/ebooks/15384,en,merged from 1 source rows (gutenberg); publication year via Open Library (earliest edition found; not independently verified)
the-reconstruction-of-religious-thought-in-islam__muhammad-iqbal__1930,The Reconstruction of Religious Thought in Islam,Muhammad Iqbal,1938,false,1930,openlibrary,https://openlibrary.org/works/OL63685W,en,"merged from 1 source rows (openlibrary); author death year from Wikidata (Q484141); PD via life+70 rule (death year 1938 + 71 <= 2026), independent of publication year"
the-red-badge-of-courage__crane-stephen__unk,The Red Badge of Courage,"Crane, Stephen",,false,,openlibrary,https://openlibrary.org/works/OL20844W,en,"merged from 1 source rows (openlibrary); pd_basis=pub_year<=1930; publication year conflict across duplicate Open Library records (1855, 1871), blanked pending manual research"
the-red-badge-of-courage__stephen-crane__1855,The Red Badge of Courage,Stephen Crane,1900,false,1855,openlibrary,https://openlibrary.org/works/OL20844W,en,"merged from 1 source rows (openlibrary); author death year from Wikidata (Q206534); PD via life+70 rule (death year 1900 + 71 <= 2026), independent of publication year"
the-red-badge-of-courage-an-episode-of-the-american-civil-war__crane-stephen__unk,The Red Badge of Courage: An Episode of the American Civil War,"Crane, Stephen",1900,false,,gutenberg,https://www.gutenberg.org/ebooks/73,en,"merged from 1 source rows (gutenberg); Open Library match discarded: returned 1951, which is more than 5 years after author's death (1900) -- likely an indexed reprint rather than the original edition; needs manual research"
the-red-commissar__jaroslav-hasek__unk,The red commissar,Jaroslav Hašek,1923,false,,openlibrary,https://openlibrary.org/works/OL835180W,en,"merged from 1 source rows (openlibrary); author death year from Wikidata (Q2754); PD via life+70 rule (death year 1923 + 71 <= 2026), independent of publication year; publication year (1981) discarded as implausible (>50 years after author's death, likely a modern reprint/collected edition indexed by Open Library as 'first publish year'); needs manual research"
the-red-cross-in-peace-and-war__clara-barton__1898,The Red Cross in peace and war,Clara Barton,1912,false,1898,openlibrary,https://openlibrary.org/works/OL5184755W,en,"merged from 1 source rows (openlibrary); author death year from Wikidata (Q188039); PD via life+70 rule (death year 1912 + 71 <= 2026), independent of publication year"
the-red-fairy-book__lang-andrew__1890,The Red Fairy Book,"Lang, Andrew",,false,1890,openlibrary,https://openlibrary.org/works/OL1088858W,en,merged from 1 source rows (openlibrary); pd_basis=pub_year<=1930
the-red-house-mystery__milne-a-a-alan-alexander__1922,The Red House Mystery,"Milne, A. A. (Alan Alexander)",1956,false,1922,gutenberg,https://www.gutenberg.org/ebooks/1872,en,merged from 1 source rows (gutenberg); publication year via Open Library (earliest edition found; not independently verified)
the-red-lily-complete__france-anatole__unk,The Red Lily — Complete,"France, Anatole",1924,false,,gutenberg,https://www.gutenberg.org/ebooks/3922,en,"merged from 1 source rows (gutenberg); Open Library match discarded: returned 2006, which is more than 5 years after author's death (1924) -- likely an indexed reprint rather than the original edition; needs manual research"
the-red-seal__lincoln-natalie-sumner__1920,The Red Seal,"Lincoln, Natalie Sumner",1935,false,1920,gutenberg,https://www.gutenberg.org/ebooks/1747,en,merged from 1 source rows (gutenberg); publication year via Open Library (earliest edition found; not independently verified)
the-renaissance__arthur-de-gobineau__1913,The renaissance,Arthur de Gobineau,1882,false,1913,openlibrary,https://openlibrary.org/works/OL1296891W,en,"merged from 1 source rows (openlibrary); author death year from Wikidata (Q264918); PD via life+70 rule (death year 1882 + 71 <= 2026), independent of publication year"
the-republic-of-the-southern-cross__valery-bryusov__1900,The Republic of the Southern Cross,Valery Bryusov,1924,false,1900,openlibrary,https://openlibrary.org/works/OL144694W,en,"merged from 1 source rows (openlibrary); author death year from Wikidata (Q316374); PD via life+70 rule (death year 1924 + 71 <= 2026), independent of publication year"
the-restoration-of-europe__alfred-hermann-fried__1916,The restoration of Europe,Alfred Hermann Fried,1921,false,1916,openlibrary,https://openlibrary.org/works/OL1117602W,en,"merged from 1 source rows (openlibrary); author death year from Wikidata (Q78488); PD via life+70 rule (death year 1921 + 71 <= 2026), independent of publication year"
the-return-of-sherlock-holmes__doyle-arthur-conan__1903,The Return of Sherlock Holmes,"Doyle, Arthur Conan",1930,false,1903,gutenberg+openlibrary,https://www.gutenberg.org/ebooks/108,en,merged from 2 source rows (gutenberg+openlibrary); publication year via Open Library (earliest edition found; not independently verified); pd_basis=pub_year<=1930
the-revolt-on-venus__rockwell-carey__1954,The Revolt on Venus,"Rockwell, Carey",,false,1954,gutenberg,https://www.gutenberg.org/ebooks/19027,en,merged from 1 source rows (gutenberg); publication year via Open Library (earliest edition found; not independently verified); author death year unknown (Gutendex has no record)
the-revolution-in-mexico__francisco-i-madero__1911,The revolution in Mexico,Francisco I. Madero,1913,false,1911,openlibrary,https://openlibrary.org/works/OL43789820W,en,"merged from 1 source rows (openlibrary); author death year from Wikidata (Q216766); PD via life+70 rule (death year 1913 + 71 <= 2026), independent of publication year"
the-riddle-of-the-sands__childers-erskine__1903,The Riddle of the Sands,"Childers, Erskine",1922,false,1903,gutenberg+openlibrary,https://www.gutenberg.org/ebooks/2360,en,merged from 2 source rows (gutenberg+openlibrary); publication year via Open Library (earliest edition found; not independently verified); pd_basis=pub_year<=1930
the-riddle-of-the-universe-at-the-close-of-the-nineteenth-century__ernst-haeckel__1900,The riddle of the universe at the close of the nineteenth century,Ernst Haeckel,1919,false,1900,openlibrary,https://openlibrary.org/works/OL11674W,en,"merged from 1 source rows (openlibrary); author death year from Wikidata (Q48246); PD via life+70 rule (death year 1919 + 71 <= 2026), independent of publication year"
the-rise-and-fall-of-the-confederate-government__jefferson-davis__1881,The rise and fall of the Confederate government,Jefferson Davis,1889,false,1881,openlibrary,https://openlibrary.org/works/OL3527673W,en,"merged from 1 source rows (openlibrary); author death year from Wikidata (Q162269); PD via life+70 rule (death year 1889 + 71 <= 2026), independent of publication year"
the-road-to-oz__baum-l-frank__1909,The Road to Oz,"Baum, L. Frank",,false,1909,openlibrary,https://openlibrary.org/works/OL262390W,en,merged from 1 source rows (openlibrary); pd_basis=pub_year<=1930
the-robinson-family-and-their-correspondence-with-the-vicomte-and-vicomtesse-de-noailles__anna-de-noailles__1922,The Robinson family and their correspondence with the Vicomte and Vicomtesse de Noailles,Anna de Noailles,1933,false,1922,openlibrary,https://openlibrary.org/works/OL43410291W,en,"merged from 1 source rows (openlibrary); author death year from Wikidata (Q6050); PD via life+70 rule (death year 1933 + 71 <= 2026), independent of publication year"
the-roll-of-honour-volume-1-b-a-biographical-record-of-all-members-of-his-majesty-s-naval-and-military-forces-who-have-fallen-in-the-war__ruvigny-et-raineval-melville-henry-massue-marquis-de__unk,"The Roll of Honour, Volume 1 : $b A biographical record of all members of His Majesty's naval  and military forces who have fallen in the war","Ruvigny et Raineval, Melville Henry Massue, marquis de",1921,false,,gutenberg,https://www.gutenberg.org/ebooks/75883,en,merged from 1 source rows (gutenberg); publication year not found via Open Library; needs manual research
the-romance-of-tristan-and-iseult__bedier-joseph__1904,The Romance of Tristan and Iseult,"Bédier, Joseph",1938,false,1904,gutenberg,https://www.gutenberg.org/ebooks/14244,en,merged from 1 source rows (gutenberg); publication year via Open Library (earliest edition found; not independently verified)
the-rough-riders__theodore-roosevelt__1894,The Rough Riders,Theodore Roosevelt,1919,false,1894,openlibrary,https://openlibrary.org/works/OL20531W,en,"merged from 1 source rows (openlibrary); author death year from Wikidata (Q33866); PD via life+70 rule (death year 1919 + 71 <= 2026), independent of publication year"
the-rover-boys-on-the-farm-or-last-days-at-putnam-hall__stratemeyer-edward__1908,"The Rover Boys on the Farm; or, Last Days at Putnam Hall","Stratemeyer, Edward",1930,false,1908,gutenberg,https://www.gutenberg.org/ebooks/22163,en,merged from 1 source rows (gutenberg); publication year via Open Library (earliest edition found; not independently verified)
the-russian-turmoil__anton-denikin__1922,The Russian turmoil,Anton Denikin,1947,false,1922,openlibrary,https://openlibrary.org/works/OL89066W,en,"merged from 1 source rows (openlibrary); author death year from Wikidata (Q108314); PD via life+70 rule (death year 1947 + 71 <= 2026), independent of publication year"
the-sacred-books-of-the-east__friedrich-max-muller__unk,The Sacred Books of the East,Friedrich Max Müller,1900,false,,openlibrary,https://openlibrary.org/works/OL8347462W,en,"merged from 1 source rows (openlibrary); author death year from Wikidata (Q60074); PD via life+70 rule (death year 1900 + 71 <= 2026), independent of publication year; publication year (1970) discarded as implausible (>50 years after author's death, likely a modern reprint/collected edition indexed by Open Library as 'first publish year'); needs manual research"
the-satyricon-complete__petronius-arbiter__unk,The Satyricon — Complete,Petronius Arbiter,66,false,,gutenberg,https://www.gutenberg.org/ebooks/5225,en,"merged from 1 source rows (gutenberg); classical/ancient work (author died before 1400) -- original composition predates reliable publication-year records, not looked up automatically; needs manual research"
the-satyricon-volume-05-crotona-affairs__petronius-arbiter__unk,The Satyricon — Volume 05: Crotona Affairs,Petronius Arbiter,66,false,,gutenberg,https://www.gutenberg.org/ebooks/5222,en,"merged from 1 source rows (gutenberg); classical/ancient work (author died before 1400) -- original composition predates reliable publication-year records, not looked up automatically; needs manual research"
the-scare-crows-of-sexual-slavery__victoria-woodhull__1874,The scare-crows of sexual slavery,Victoria Woodhull,1927,false,1874,openlibrary,https://openlibrary.org/works/OL32872484W,en,"merged from 1 source rows (openlibrary); author death year from Wikidata (Q260378); PD via life+70 rule (death year 1927 + 71 <= 2026), independent of publication year"
the-scarecrow-of-oz__baum-l-frank__1915,The Scarecrow of Oz,"Baum, L. Frank",,false,1915,openlibrary,https://openlibrary.org/works/OL262352W,en,merged from 1 source rows (openlibrary); pd_basis=pub_year<=1930
the-scarlet-letter__hawthorne-nathaniel__1800,The Scarlet Letter,"Hawthorne, Nathaniel",,false,1800,openlibrary,https://openlibrary.org/works/OL455305W,en,merged from 1 source rows (openlibrary); pd_basis=pub_year<=1930
the-scarlet-letter__nathaniel-hawthorne__1800,The Scarlet Letter,Nathaniel Hawthorne,1864,false,1800,openlibrary,https://openlibrary.org/works/OL455305W,en,"merged from 1 source rows (openlibrary); author death year from Wikidata (Q69339); PD via life+70 rule (death year 1864 + 71 <= 2026), independent of publication year"
the-scarlet-pimpernel__orczy-emma__1900,The Scarlet Pimpernel,"Orczy, Emma",,false,1900,openlibrary,https://openlibrary.org/works/OL1253285W,en,merged from 1 source rows (openlibrary); pd_basis=pub_year<=1930
the-sceptered-flute__sarojini-naidu__1928,The sceptered flute,Sarojini Naidu,1949,false,1928,openlibrary,https://openlibrary.org/works/OL1759903W,en,"merged from 1 source rows (openlibrary); author death year from Wikidata (Q250165); PD via life+70 rule (death year 1949 + 71 <= 2026), independent of publication year"
the-sea-fairies__baum-l-frank__1911,The Sea Fairies,"Baum, L. Frank",,false,1911,openlibrary,https://openlibrary.org/works/OL262384W,en,merged from 1 source rows (openlibrary); pd_basis=pub_year<=1930
the-sea-wolf__london-jack__1900,The Sea-Wolf,"London, Jack",,false,1900,openlibrary,https://openlibrary.org/works/OL144824W,en,merged from 1 source rows (openlibrary); pd_basis=pub_year<=1930
the-seasons__emily-dickinson__1793,The seasons,Emily Dickinson,1886,false,1793,openlibrary,https://openlibrary.org/works/OL44866487W,en,"merged from 1 source rows (openlibrary); author death year from Wikidata (Q4441); PD via life+70 rule (death year 1886 + 71 <= 2026), independent of publication year"
the-second-jungle-book__kipling-rudyard__1887,The Second Jungle Book,"Kipling, Rudyard",,false,1887,openlibrary,https://openlibrary.org/works/OL19926W,en,merged from 1 source rows (openlibrary); pd_basis=pub_year<=1930
the-second-law-of-thermodynamics__william-thomson-1st-baron-kelvin__unk,The Second Law of Thermodynamics,"William Thomson, 1st Baron Kelvin",1907,false,,openlibrary,https://openlibrary.org/works/OL24477543W,en,"merged from 1 source rows (openlibrary); author death year from Wikidata (Q122701); PD via life+70 rule (death year 1907 + 71 <= 2026), independent of publication year; publication year (2018) discarded as implausible (>50 years after author's death, likely a modern reprint/collected edition indexed by Open Library as 'first publish year'); needs manual research"
the-secret-adversary__charlotte-perkins-gilman__1922,The Secret Adversary,Charlotte Perkins Gilman,1935,false,1922,openlibrary,https://openlibrary.org/works/OL471789W,en,"merged from 1 source rows (openlibrary); author death year from Wikidata (Q287752); PD via life+70 rule (death year 1935 + 71 <= 2026), independent of publication year"
the-secret-adversary__christie-agatha__1922,The Secret Adversary,"Christie, Agatha",1976,false,1922,gutenberg+openlibrary,https://www.gutenberg.org/ebooks/1155,en,merged from 2 source rows (gutenberg+openlibrary); publication year via Open Library (earliest edition found; not independently verified); pd_basis=pub_year<=1930
the-secret-agent__conrad-joseph__1907,The Secret Agent,"Conrad, Joseph",,false,1907,openlibrary,https://openlibrary.org/works/OL39108W,en,merged from 1 source rows (openlibrary); pd_basis=pub_year<=1930
the-secret-agent-a-simple-tale__conrad-joseph__1924,The Secret Agent: A Simple Tale,"Conrad, Joseph",1924,false,1924,gutenberg,https://www.gutenberg.org/ebooks/974,en,merged from 1 source rows (gutenberg); publication year via Open Library (earliest edition found; not independently verified)
the-secret-doctrine__helena-blavatsky__1888,The secret doctrine,Helena Blavatsky,1891,false,1888,openlibrary,https://openlibrary.org/works/OL2604017W,en,"merged from 1 source rows (openlibrary); author death year from Wikidata (Q189454); PD via life+70 rule (death year 1891 + 71 <= 2026), independent of publication year"
the-secret-garden__burnett-frances-hodgson__1911,The Secret Garden,"Burnett, Frances Hodgson",1924,false,1911,gutenberg+openlibrary,https://www.gutenberg.org/ebooks/113,en,merged from 2 source rows (gutenberg+openlibrary); publication year via Open Library (earliest edition found; not independently verified); pd_basis=pub_year<=1930
the-secret-garden__frances-hodgson-burnett__1911,The Secret Garden,Frances Hodgson Burnett,1924,false,1911,openlibrary,https://openlibrary.org/works/OL69612W,en,"merged from 1 source rows (openlibrary); author death year from Wikidata (Q276028); PD via life+70 rule (death year 1924 + 71 <= 2026), independent of publication year"
the-secret-life-of-laszlo-count-dracula__arthur-balfour__unk,"The secret life of Laszlo, Count Dracula",Arthur Balfour,1930,false,,openlibrary,https://openlibrary.org/works/OL3234679W,en,"merged from 1 source rows (openlibrary); author death year from Wikidata (Q19008); PD via life+70 rule (death year 1930 + 71 <= 2026), independent of publication year; publication year (1989) discarded as implausible (>50 years after author's death, likely a modern reprint/collected edition indexed by Open Library as 'first publish year'); needs manual research"
the-secret-of-chimneys__christie-agatha__1925,The Secret of Chimneys,"Christie, Agatha",1976,false,1925,gutenberg,https://www.gutenberg.org/ebooks/65238,en,merged from 1 source rows (gutenberg); publication year via Open Library (earliest edition found; not independently verified)
the-secret-of-father-brown__chesterton-g-k-gilbert-keith__1927,The secret of Father Brown,"Chesterton, G. K. (Gilbert Keith)",1936,false,1927,gutenberg,https://www.gutenberg.org/ebooks/70175,en,merged from 1 source rows (gutenberg); publication year via Open Library (earliest edition found; not independently verified)
the-secret-of-the-night__leroux-gaston__1914,The Secret of the Night,"Leroux, Gaston",1927,false,1914,gutenberg,https://www.gutenberg.org/ebooks/1686,en,merged from 1 source rows (gutenberg); publication year via Open Library (earliest edition found; not independently verified)
the-setting-sun__osamu-dazai__1956,The setting sun,Osamu Dazai,1948,false,1956,openlibrary,https://openlibrary.org/works/OL15350754W,en,"merged from 1 source rows (openlibrary); author death year from Wikidata (Q317685); PD via life+70 rule (death year 1948 + 71 <= 2026), independent of publication year"
the-seven-dials-mystery__christie-agatha__1920,The Seven Dials mystery,"Christie, Agatha",1976,false,1920,gutenberg,https://www.gutenberg.org/ebooks/75288,en,merged from 1 source rows (gutenberg); publication year via Open Library (earliest edition found; not independently verified)
the-seven-lamps-of-architecture__john-henry-newman__1800,The Seven Lamps of Architecture,John Henry Newman,1890,false,1800,openlibrary,https://openlibrary.org/works/OL88638W,en,"merged from 1 source rows (openlibrary); author death year from Wikidata (Q44490); PD via life+70 rule (death year 1890 + 71 <= 2026), independent of publication year"
the-seven-lamps-of-architecture__john-ruskin__1800,The Seven Lamps of Architecture,John Ruskin,1900,false,1800,openlibrary,https://openlibrary.org/works/OL88638W,en,"merged from 1 source rows (openlibrary); author death year from Wikidata (Q179126); PD via life+70 rule (death year 1900 + 71 <= 2026), independent of publication year"
the-seven-lamps-of-architecture__matthew-arnold__1800,The Seven Lamps of Architecture,Matthew Arnold,1888,false,1800,openlibrary,https://openlibrary.org/works/OL88638W,en,"merged from 1 source rows (openlibrary); author death year from Wikidata (Q271032); PD via life+70 rule (death year 1888 + 71 <= 2026), independent of publication year"
the-seven-lamps-of-architecture__thomas-henry-huxley__1800,The Seven Lamps of Architecture,Thomas Henry Huxley,1895,false,1800,openlibrary,https://openlibrary.org/works/OL88638W,en,"merged from 1 source rows (openlibrary); author death year from Wikidata (Q184366); PD via life+70 rule (death year 1895 + 71 <= 2026), independent of publication year"
the-sex-life-of-the-gods__knerr-m-e-michael-e__unk,The Sex Life of the Gods,"Knerr, M. E. (Michael E.)",1999,false,,gutenberg,https://www.gutenberg.org/ebooks/40284,en,merged from 1 source rows (gutenberg); publication year not found via Open Library; needs manual research
the-sherman-letters__william-tecumseh-sherman__1894,The Sherman letters,William Tecumseh Sherman,1891,false,1894,openlibrary,https://openlibrary.org/works/OL78576W,en,"merged from 1 source rows (openlibrary); author death year from Wikidata (Q188936); PD via life+70 rule (death year 1891 + 71 <= 2026), independent of publication year"
the-shunned-house__lovecraft-h-p-howard-phillips__1928,The Shunned House,"Lovecraft, H. P. (Howard Phillips)",1937,false,1928,gutenberg,https://www.gutenberg.org/ebooks/31469,en,merged from 1 source rows (gutenberg); publication year via Open Library (earliest edition found; not independently verified)
the-sign-of-four__doyle-arthur-conan__1889,The Sign of Four,"Doyle, Arthur Conan",,false,1889,openlibrary,https://openlibrary.org/works/OL262438W,en,merged from 1 source rows (openlibrary); pd_basis=pub_year<=1930
the-sign-of-the-four__doyle-arthur-conan__1889,The Sign of the Four,"Doyle, Arthur Conan",1930,false,1889,gutenberg,https://www.gutenberg.org/ebooks/2097,en,merged from 1 source rows (gutenberg); publication year via Open Library (earliest edition found; not independently verified)
the-silent-baltic-b-or-detained-near-kiel__knox-marcus__unk,"The silent Baltic : $b or, Detained near Kiel","Knox, Marcus",,false,,gutenberg,https://www.gutenberg.org/ebooks/78033,en,merged from 1 source rows (gutenberg); publication year not found via Open Library; needs manual research; author death year unknown (Gutendex has no record)
the-silent-barrier__tracy-louis__1909,The Silent Barrier,"Tracy, Louis",1928,false,1909,gutenberg,https://www.gutenberg.org/ebooks/31635,en,merged from 1 source rows (gutenberg); publication year via Open Library (earliest edition found; not independently verified)
the-sketch-book-of-geoffrey-crayon-esq__irving-washington__1819,"The sketch-book of Geoffrey Crayon, Esq","Irving, Washington",,false,1819,openlibrary,https://openlibrary.org/works/OL63893W,en,merged from 1 source rows (openlibrary); pd_basis=pub_year<=1930
the-small-house-at-allington__trollope-anthony__1864,The Small House at Allington,"Trollope, Anthony",1882,false,1864,gutenberg,https://www.gutenberg.org/ebooks/4599,en,merged from 1 source rows (gutenberg); publication year via Open Library (earliest edition found; not independently verified)
the-son-of-don-juan__jose-echegaray__1895,The son of Don Juan,José Echegaray,1916,false,1895,openlibrary,https://openlibrary.org/works/OL10342655W,en,"merged from 1 source rows (openlibrary); author death year from Wikidata (Q127349); PD via life+70 rule (death year 1916 + 71 <= 2026), independent of publication year"
the-song-of-the-lark__cather-willa__1915,The Song of the Lark,"Cather, Willa",,false,1915,openlibrary,https://openlibrary.org/works/OL12831W,en,merged from 1 source rows (openlibrary); pd_basis=pub_year<=1930
the-sorrows-of-young-werther__goethe-johann-wolfgang-von__unk,The Sorrows of Young Werther,"Goethe, Johann Wolfgang von",1832,false,,gutenberg,https://www.gutenberg.org/ebooks/2527,en,"merged from 1 source rows (gutenberg); Open Library match discarded: returned 1882, which is more than 5 years after author's death (1832) -- likely an indexed reprint rather than the original edition; needs manual research"
the-soul-of-the-far-east__percival-lowell__1888,The Soul of the Far East,Percival Lowell,1916,false,1888,openlibrary,https://openlibrary.org/works/OL4442257W,en,"merged from 1 source rows (openlibrary); author death year from Wikidata (Q218575); PD via life+70 rule (death year 1916 + 71 <= 2026), independent of publication year"
the-souls-of-black-folk__bois-w-e-b-du__1903,The Souls of Black Folk,"Bois, W. E. B. Du",,false,1903,openlibrary,https://openlibrary.org/works/OL28577W,en,merged from 1 source rows (openlibrary); pd_basis=pub_year<=1930
the-spirit-of-the-border__grey-zane__1906,The Spirit of the Border,"Grey, Zane",,false,1906,openlibrary,https://openlibrary.org/works/OL485527W,en,merged from 1 source rows (openlibrary); pd_basis=pub_year<=1930
the-spirits-book__allan-kardec__1857,The Spirits' Book,Allan Kardec,1869,false,1857,openlibrary,https://openlibrary.org/works/OL4238705W,en,"merged from 1 source rows (openlibrary); author death year from Wikidata (Q240643); PD via life+70 rule (death year 1869 + 71 <= 2026), independent of publication year"
the-storm__alexander-ostrovsky__unk,The Storm,Alexander Ostrovsky,1886,false,,openlibrary,https://openlibrary.org/works/OL8784990W,en,"merged from 1 source rows (openlibrary); author death year from Wikidata (Q171976); PD via life+70 rule (death year 1886 + 71 <= 2026), independent of publication year; publication year (2003) discarded as implausible (>50 years after author's death, likely a modern reprint/collected edition indexed by Open Library as 'first publish year'); needs manual research"
the-story-girl__montgomery-lucy-maud__1911,The story girl,"Montgomery, Lucy Maud",,false,1911,openlibrary,https://openlibrary.org/works/OL77786W,en,merged from 1 source rows (openlibrary); pd_basis=pub_year<=1930
the-story-of-my-life-with-her-letters-1887-1901-and-a-supplementary-account-of-her-education-including-passages-from-the-reports-and-letters-of-her-teacher-anne-mansfield-sullivan-by-john-albert-macy__keller-helen__unk,"The Story of My Life: With her letters (1887-1901) and a supplementary account of her education, including passages from the reports and letters of her teacher, Anne Mansfield Sullivan, by John Albert Macy","Keller, Helen",1968,false,,gutenberg,https://www.gutenberg.org/ebooks/2397,en,merged from 1 source rows (gutenberg); publication year not found via Open Library; needs manual research
the-story-of-san-michele__axel-munthe__1929,The story of San Michele,Axel Munthe,1949,false,1929,openlibrary,https://openlibrary.org/works/OL5961466W,en,"merged from 1 source rows (openlibrary); author death year from Wikidata (Q41580); PD via life+70 rule (death year 1949 + 71 <= 2026), independent of publication year"
the-story-of-the-amulet__nesbit-edith__1905,The Story of the Amulet,"Nesbit, Edith",,false,1905,openlibrary,https://openlibrary.org/works/OL407476W,en,merged from 1 source rows (openlibrary); pd_basis=pub_year<=1930
the-story-of-the-treasure-seekers__nesbit-edith__1899,The Story of the Treasure Seekers,"Nesbit, Edith",,false,1899,openlibrary,https://openlibrary.org/works/OL99522W,en,merged from 1 source rows (openlibrary); pd_basis=pub_year<=1930
the-strand-magazine-vol-27-february-1904-no-159__various__unk,"The Strand Magazine, Vol. 27, February 1904, No. 159.",Various,,false,,gutenberg,https://www.gutenberg.org/ebooks/47642,en,merged from 1 source rows (gutenberg); publication year not found via Open Library; needs manual research; author death year unknown (Gutendex has no record)
the-strange-case-of-dr-jekyll-and-mr-hyde__stevenson-robert-louis__1875,The strange case of Dr. Jekyll and Mr. Hyde,"Stevenson, Robert Louis",1894,false,1875,gutenberg+openlibrary,https://www.gutenberg.org/ebooks/43,en,merged from 2 source rows (gutenberg+openlibrary); publication year via Open Library (earliest edition found; not independently verified); pd_basis=pub_year<=1930
the-street-of-crocodiles__bruno-schulz__1963,The street of crocodiles,Bruno Schulz,1942,false,1963,openlibrary,https://openlibrary.org/works/OL2510290W,en,"merged from 1 source rows (openlibrary); author death year from Wikidata (Q148886); PD via life+70 rule (death year 1942 + 71 <= 2026), independent of publication year"
the-street-of-seven-stars__rinehart-mary-roberts__1914,The Street of Seven Stars,"Rinehart, Mary Roberts",,false,1914,openlibrary,https://openlibrary.org/works/OL137393W,en,merged from 1 source rows (openlibrary); pd_basis=pub_year<=1930
the-string-of-pearls-or-the-barber-of-fleet-street-a-domestic-romance__prest-thomas-peckett__unk,"The String of Pearls; Or, The Barber of Fleet Street. A Domestic Romance.","Prest, Thomas Peckett",1859,false,,gutenberg,https://www.gutenberg.org/ebooks/59828,en,"merged from 1 source rows (gutenberg); publication year not found via Open Library; needs manual research; 1 additional co-author(s) not recorded, primary author only"
the-swiss-family-robinson__wyss-johann-david__1800,The Swiss family Robinson,"Wyss, Johann David",1818,false,1800,gutenberg,https://www.gutenberg.org/ebooks/78017,en,merged from 1 source rows (gutenberg); publication year via Open Library (earliest edition found; not independently verified)
the-tale-of-jemima-puddle-duck__beatrix-potter__1908,The tale of Jemima Puddle-Duck,Beatrix Potter,1943,false,1908,openlibrary,https://openlibrary.org/works/OL16067296W,en,"merged from 1 source rows (openlibrary); author death year from Wikidata (Q214565); PD via life+70 rule (death year 1943 + 71 <= 2026), independent of publication year"
the-tale-of-peter-rabbit__beatrix-potter__1900,The Tale of Peter Rabbit,Beatrix Potter,1943,false,1900,openlibrary,https://openlibrary.org/works/OL108735W,en,"merged from 1 source rows (openlibrary); author death year from Wikidata (Q214565); PD via life+70 rule (death year 1943 + 71 <= 2026), independent of publication year"
the-tale-of-peter-rabbit__potter-beatrix__1900,The Tale of Peter Rabbit,"Potter, Beatrix",1943,false,1900,gutenberg,https://www.gutenberg.org/ebooks/14838,en,merged from 1 source rows (gutenberg); publication year via Open Library (earliest edition found; not independently verified)
the-taming-of-the-shrew__shakespeare-william__1631,The Taming of the Shrew,"Shakespeare, William",,false,1631,openlibrary,https://openlibrary.org/works/OL362690W,en,merged from 1 source rows (openlibrary); pd_basis=pub_year<=1930
the-teachings-of-islam__mirza-ghulam-ahmad__unk,The teachings of Islam,Mirza Ghulam Ahmad,1908,false,,openlibrary,https://openlibrary.org/works/OL12347775W,en,"merged from 1 source rows (openlibrary); author death year from Wikidata (Q312952); PD via life+70 rule (death year 1908 + 71 <= 2026), independent of publication year; publication year (1966) discarded as implausible (>50 years after author's death, likely a modern reprint/collected edition indexed by Open Library as 'first publish year'); needs manual research"
the-tempest__shakespeare-william__1611,The Tempest,"Shakespeare, William",,false,1611,openlibrary,https://openlibrary.org/works/OL362699W,en,merged from 1 source rows (openlibrary); pd_basis=pub_year<=1930
the-tenant-of-wildfell-hall__bronte-anne__1847,The Tenant of Wildfell Hall,"Brontë, Anne",,false,1847,openlibrary,https://openlibrary.org/works/OL260101W,en,merged from 1 source rows (openlibrary); pd_basis=pub_year<=1930
the-theology-of-unity__muhammad-abduh__unk,The Theology of Unity,Muhammad Abduh,1905,false,,openlibrary,https://openlibrary.org/works/OL10243978W,en,"merged from 1 source rows (openlibrary); author death year from Wikidata (Q311826); PD via life+70 rule (death year 1905 + 71 <= 2026), independent of publication year; publication year (1966) discarded as implausible (>50 years after author's death, likely a modern reprint/collected edition indexed by Open Library as 'first publish year'); needs manual research"
the-theory-of-business-enterprise-1904__thorstein-veblen__1904,The theory of business enterprise 1904,Thorstein Veblen,1929,false,1904,openlibrary,https://openlibrary.org/works/OL1868458W,en,"merged from 1 source rows (openlibrary); author death year from Wikidata (Q73646); PD via life+70 rule (death year 1929 + 71 <= 2026), independent of publication year"
the-theory-of-the-leisure-class__thorstein-veblen__1899,The Theory of the Leisure Class,Thorstein Veblen,1929,false,1899,openlibrary,https://openlibrary.org/works/OL1868441W,en,"merged from 1 source rows (openlibrary); author death year from Wikidata (Q73646); PD via life+70 rule (death year 1929 + 71 <= 2026), independent of publication year"
the-thirty-nine-steps__buchan-john__1915,The Thirty-Nine Steps,"Buchan, John",1940,false,1915,gutenberg+openlibrary,https://www.gutenberg.org/ebooks/558,en,merged from 2 source rows (gutenberg+openlibrary); publication year via Open Library (earliest edition found; not independently verified); pd_basis=pub_year<=1930
the-thirty-nine-steps__john-buchan__1915,The Thirty-Nine Steps,John Buchan,1940,false,1915,openlibrary,https://openlibrary.org/works/OL76524W,en,"merged from 1 source rows (openlibrary); author death year from Wikidata (Q333004); PD via life+70 rule (death year 1940 + 71 <= 2026), independent of publication year"
the-three-musketeers__dumas-alexandre__unk,The three musketeers,"Dumas, Alexandre",1870,false,,gutenberg,https://www.gutenberg.org/ebooks/1257,en,"merged from 1 source rows (gutenberg); Open Library match discarded: returned 1800, which predates author's birth year (1802) -- likely a mismatched search result; needs manual research; 1 additional co-author(s) not recorded, primary author only"
the-time-machine__h-g-wells__1895,The Time Machine,H. G. Wells,1946,false,1895,openlibrary,https://openlibrary.org/works/OL52267W,en,"merged from 1 source rows (openlibrary); author death year from Wikidata (Q42511); PD via life+70 rule (death year 1946 + 71 <= 2026), independent of publication year"
the-time-machine__wells-h-g__1895,The Time Machine,"Wells, H. G.",,false,1895,openlibrary,https://openlibrary.org/works/OL52267W,en,merged from 1 source rows (openlibrary); pd_basis=pub_year<=1930
the-tin-woodman-of-oz__baum-l-frank__1918,The Tin Woodman of Oz,"Baum, L. Frank",,false,1918,openlibrary,https://openlibrary.org/works/OL262381W,en,merged from 1 source rows (openlibrary); pd_basis=pub_year<=1930
the-titan__dreiser-theodore__1914,The Titan,"Dreiser, Theodore",,false,1914,openlibrary,https://openlibrary.org/works/OL100238W,en,merged from 1 source rows (openlibrary); pd_basis=pub_year<=1930
the-titan__theodore-dreiser__1914,The Titan,Theodore Dreiser,1945,false,1914,openlibrary,https://openlibrary.org/works/OL100238W,en,"merged from 1 source rows (openlibrary); author death year from Wikidata (Q486096); PD via life+70 rule (death year 1945 + 71 <= 2026), independent of publication year"
the-torrents-of-spring__turgenev-ivan-sergeevich__unk,The Torrents of Spring,"Turgenev, Ivan Sergeevich",1883,false,,gutenberg,https://www.gutenberg.org/ebooks/9911,en,"merged from 1 source rows (gutenberg); Open Library match discarded: returned 1897, which is more than 5 years after author's death (1883) -- likely an indexed reprint rather than the original edition; needs manual research"
the-tragedy-of-titus-andronicus__edmond-rostand__1892,The Tragedy of Titus Andronicus,Edmond Rostand,1918,false,1892,openlibrary,https://openlibrary.org/works/OL23316229W,en,"merged from 1 source rows (openlibrary); author death year from Wikidata (Q202749); PD via life+70 rule (death year 1918 + 71 <= 2026), independent of publication year"
the-tragedy-of-titus-andronicus__eugene-o-neill__1892,The Tragedy of Titus Andronicus,Eugene O'Neill,1953,false,1892,openlibrary,https://openlibrary.org/works/OL23316229W,en,"merged from 1 source rows (openlibrary); author death year from Wikidata (Q93157); PD via life+70 rule (death year 1953 + 71 <= 2026), independent of publication year"
the-tragedy-of-titus-andronicus__henry-ford__1892,The Tragedy of Titus Andronicus,Henry Ford,1947,false,1892,openlibrary,https://openlibrary.org/works/OL23316229W,en,"merged from 1 source rows (openlibrary); author death year from Wikidata (Q8768); PD via life+70 rule (death year 1947 + 71 <= 2026), independent of publication year"
the-tragedy-of-titus-andronicus__john-muir__1892,The Tragedy of Titus Andronicus,John Muir,1914,false,1892,openlibrary,https://openlibrary.org/works/OL23316229W,en,"merged from 1 source rows (openlibrary); author death year from Wikidata (Q379580); PD via life+70 rule (death year 1914 + 71 <= 2026), independent of publication year"
the-train__julian-tuwim__1991,The train,Julian Tuwim,1953,false,1991,openlibrary,https://openlibrary.org/works/OL3390479W,en,"merged from 1 source rows (openlibrary); author death year from Wikidata (Q376278); PD via life+70 rule (death year 1953 + 71 <= 2026), independent of publication year"
the-travels-of-marco-polo-volume-1__polo-marco__unk,The Travels of Marco Polo — Volume 1,"Polo, Marco",1324,false,,gutenberg,https://www.gutenberg.org/ebooks/10636,en,"merged from 1 source rows (gutenberg); classical/ancient work (author died before 1400) -- original composition predates reliable publication-year records, not looked up automatically; needs manual research; 1 additional co-author(s) not recorded, primary author only"
the-treasure-of-pearls-a-romance-of-adventures-in-california__aimard-gustave__unk,The Treasure of Pearls: A Romance of Adventures in California,"Aimard, Gustave",1883,false,,gutenberg,https://www.gutenberg.org/ebooks/46276,en,merged from 1 source rows (gutenberg); publication year not found via Open Library; needs manual research
the-trouble-at-pinelands-b-a-detective-story__poate-ernest-m__unk,The trouble at Pinelands : $b A detective story,"Poate, Ernest M.",1935,false,,gutenberg,https://www.gutenberg.org/ebooks/78103,en,merged from 1 source rows (gutenberg); publication year not found via Open Library; needs manual research
the-trumpet-of-the-last-judgement-against-hegel-the-atheist-and-antichrist__bruno-bauer__unk,The trumpet of the last judgement against Hegel the atheist and antichrist,Bruno Bauer,1882,false,,openlibrary,https://openlibrary.org/works/OL13119082W,en,"merged from 1 source rows (openlibrary); author death year from Wikidata (Q76878); PD via life+70 rule (death year 1882 + 71 <= 2026), independent of publication year; publication year (1989) discarded as implausible (>50 years after author's death, likely a modern reprint/collected edition indexed by Open Library as 'first publish year'); needs manual research"
the-turn-of-the-screw__james-henry__1898,The Turn of the Screw,"James, Henry",1916,false,1898,gutenberg+openlibrary,https://www.gutenberg.org/ebooks/209,en,merged from 2 source rows (gutenberg+openlibrary); publication year via Open Library (earliest edition found; not independently verified); pd_basis=pub_year<=1930
the-turning-point__klaus-mann__1942,The turning point,Klaus Mann,1949,false,1942,openlibrary,https://openlibrary.org/works/OL1316677W,en,"merged from 1 source rows (openlibrary); author death year from Wikidata (Q77087); PD via life+70 rule (death year 1949 + 71 <= 2026), independent of publication year"
the-twelve__alexander-blok__1900,The twelve,Alexander Blok,1921,false,1900,openlibrary,https://openlibrary.org/works/OL758994W,en,"merged from 1 source rows (openlibrary); author death year from Wikidata (Q164765); PD via life+70 rule (death year 1921 + 71 <= 2026), independent of publication year"
the-two-magics-the-turn-of-the-screw-covering-end__james-henry__1898,"The Two Magics: The Turn of the Screw, Covering End","James, Henry",1916,false,1898,gutenberg,https://www.gutenberg.org/ebooks/42486,en,merged from 1 source rows (gutenberg); publication year via Open Library (earliest edition found; not independently verified)
the-ubu-plays__alfred-jarry__unk,The Ubu plays,Alfred Jarry,1907,false,,openlibrary,https://openlibrary.org/works/OL1264516W,en,"merged from 1 source rows (openlibrary); author death year from Wikidata (Q7841); PD via life+70 rule (death year 1907 + 71 <= 2026), independent of publication year; publication year (1968) discarded as implausible (>50 years after author's death, likely a modern reprint/collected edition indexed by Open Library as 'first publish year'); needs manual research"
the-ultimate-weapon__campbell-john-w-jr-john-wood__unk,The Ultimate Weapon,"Campbell, John W., Jr. (John Wood)",1971,false,,gutenberg,https://www.gutenberg.org/ebooks/23790,en,"merged from 1 source rows (gutenberg); Open Library match discarded: returned 1977, which is more than 5 years after author's death (1971) -- likely an indexed reprint rather than the original edition; needs manual research"
the-uncommercial-traveller__dickens-charles__1776,The uncommercial traveller,"Dickens, Charles",,false,1776,openlibrary,https://openlibrary.org/works/OL14868771W,en,merged from 1 source rows (openlibrary); pd_basis=pub_year<=1930
the-undying-spirit-of-france__maurice-barres__1917,The undying spirit of France,Maurice Barrès,1923,false,1917,openlibrary,https://openlibrary.org/works/OL1138610W,en,"merged from 1 source rows (openlibrary); author death year from Wikidata (Q314957); PD via life+70 rule (death year 1923 + 71 <= 2026), independent of publication year"
the-united-states-and-peace__william-howard-taft__1914,The United States and peace,William Howard Taft,1930,false,1914,openlibrary,https://openlibrary.org/works/OL1497484W,en,"merged from 1 source rows (openlibrary); author death year from Wikidata (Q35648); PD via life+70 rule (death year 1930 + 71 <= 2026), independent of publication year"
the-united-states-in-literature-with-three-long-stories-seventh-edition__edna-st-vincent-millay__1952,The United States in Literature [with three long stories] -- Seventh Edition,Edna St. Vincent Millay,1950,false,1952,openlibrary,https://openlibrary.org/works/OL15164554W,en,"merged from 1 source rows (openlibrary); author death year from Wikidata (Q62134); PD via life+70 rule (death year 1950 + 71 <= 2026), independent of publication year"
the-united-states-in-literature-with-three-long-stories-seventh-edition__louisa-adams__unk,The United States in Literature [with three long stories] -- Seventh Edition,Louisa Adams,1852,false,,openlibrary,https://openlibrary.org/works/OL15164554W,en,"merged from 1 source rows (openlibrary); author death year from Wikidata (Q233660); PD via life+70 rule (death year 1852 + 71 <= 2026), independent of publication year; publication year (1952) discarded as implausible (>50 years after author's death, likely a modern reprint/collected edition indexed by Open Library as 'first publish year'); needs manual research"
the-universe-around-us__james-hopwood-jeans__1929,The universe around us,James Hopwood Jeans,1946,false,1929,openlibrary,https://openlibrary.org/works/OL1558235W,en,"merged from 1 source rows (openlibrary); author death year from Wikidata (Q315545); PD via life+70 rule (death year 1946 + 71 <= 2026), independent of publication year"
the-unknown-seven-b-a-detective-story__landon-herman__unk,The unknown seven : $b A detective story,"Landon, Herman",1960,false,,gutenberg,https://www.gutenberg.org/ebooks/78010,en,merged from 1 source rows (gutenberg); publication year not found via Open Library; needs manual research
the-untamed__robert-owen__unk,The Untamed,Robert Owen,1858,false,,openlibrary,https://openlibrary.org/works/OL8074904W,en,"merged from 1 source rows (openlibrary); author death year from Wikidata (Q179374); PD via life+70 rule (death year 1858 + 71 <= 2026), independent of publication year; publication year (1918) discarded as implausible (>50 years after author's death, likely a modern reprint/collected edition indexed by Open Library as 'first publish year'); needs manual research"
the-valley-of-fear__doyle-arthur-conan__1914,The Valley of Fear,"Doyle, Arthur Conan",1930,false,1914,gutenberg+openlibrary,https://www.gutenberg.org/ebooks/3289,en,merged from 2 source rows (gutenberg+openlibrary); publication year via Open Library (earliest edition found; not independently verified); pd_basis=pub_year<=1930
the-vampire-archives__jan-neruda__unk,The Vampire Archives,Jan Neruda,1891,false,,openlibrary,https://openlibrary.org/works/OL16708011W,en,"merged from 1 source rows (openlibrary); author death year from Wikidata (Q156321); PD via life+70 rule (death year 1891 + 71 <= 2026), independent of publication year; publication year (2009) discarded as implausible (>50 years after author's death, likely a modern reprint/collected edition indexed by Open Library as 'first publish year'); needs manual research"
the-vampire-archives__robert-ley__unk,The Vampire Archives,Robert Ley,1945,false,,openlibrary,https://openlibrary.org/works/OL16708011W,en,"merged from 1 source rows (openlibrary); author death year from Wikidata (Q58645); PD via life+70 rule (death year 1945 + 71 <= 2026), independent of publication year; publication year (2009) discarded as implausible (>50 years after author's death, likely a modern reprint/collected edition indexed by Open Library as 'first publish year'); needs manual research"
the-vatican-decrees-in-their-bearing-on-civil-allegiance__william-ewart-gladstone__1874,The Vatican decrees in their bearing on civil allegiance,William Ewart Gladstone,1898,false,1874,openlibrary,https://openlibrary.org/works/OL1135036W,en,"merged from 1 source rows (openlibrary); author death year from Wikidata (Q160852); PD via life+70 rule (death year 1898 + 71 <= 2026), independent of publication year"
the-village__ivan-bunin__1910,The Village,Ivan Bunin,1953,false,1910,openlibrary,https://openlibrary.org/works/OL603367W,en,"merged from 1 source rows (openlibrary); author death year from Wikidata (Q46602); PD via life+70 rule (death year 1953 + 71 <= 2026), independent of publication year"
the-violet-fairy-book-large-print__lang-andrew__1901,The Violet Fairy Book (Large Print),"Lang, Andrew",,false,1901,openlibrary,https://openlibrary.org/works/OL1088883W,en,merged from 1 source rows (openlibrary); pd_basis=pub_year<=1930
the-vision-of-desire__pedler-margaret__1922,The Vision of Desire,"Pedler, Margaret",1948,false,1922,gutenberg,https://www.gutenberg.org/ebooks/7855,en,merged from 1 source rows (gutenberg); publication year via Open Library (earliest edition found; not independently verified)
the-wandering-jew__eugene-sue__1845,The Wandering Jew,Eugène Sue,1857,false,1845,openlibrary,https://openlibrary.org/works/OL8524982W,en,"merged from 1 source rows (openlibrary); author death year from Wikidata (Q315220); PD via life+70 rule (death year 1857 + 71 <= 2026), independent of publication year"
the-war-of-the-polish-succession__vajiravudh__1901,The war of the Polish succession,Vajiravudh,1925,false,1901,openlibrary,https://openlibrary.org/works/OL1022707W,en,"merged from 1 source rows (openlibrary); author death year from Wikidata (Q161389); PD via life+70 rule (death year 1925 + 71 <= 2026), independent of publication year"
the-war-of-the-worlds__h-g-wells__unk,The War of the Worlds,H. G. Wells,1946,false,,openlibrary,https://openlibrary.org/works/OL52114W,en,"merged from 1 source rows (openlibrary); author death year from Wikidata (Q42511); PD via life+70 rule (death year 1946 + 71 <= 2026), independent of publication year; publication year (0) discarded post-merge as implausible (more than 100 years before death (1946), implausible for a single lifetime); needs manual research"
the-warden__anthony-trollope__1809,The Warden,Anthony Trollope,1882,false,1809,openlibrary,https://openlibrary.org/works/OL109882W,en,"merged from 1 source rows (openlibrary); author death year from Wikidata (Q318399); PD via life+70 rule (death year 1882 + 71 <= 2026), independent of publication year"
the-warden__trollope-anthony__1809,The Warden,"Trollope, Anthony",,false,1809,openlibrary,https://openlibrary.org/works/OL109882W,en,merged from 1 source rows (openlibrary); pd_basis=pub_year<=1930
the-warlord-of-mars__burroughs-edgar-rice__1914,The warlord of Mars,"Burroughs, Edgar Rice",1950,false,1914,gutenberg,https://www.gutenberg.org/ebooks/68,en,merged from 1 source rows (gutenberg); publication year via Open Library (earliest edition found; not independently verified)
the-warlord-of-mars-3__burroughs-edgar-rice__1914,The warlord of Mars #3,"Burroughs, Edgar Rice",,false,1914,openlibrary,https://openlibrary.org/works/OL1418137W,en,merged from 1 source rows (openlibrary); pd_basis=pub_year<=1930
the-warlord-of-mars-3__edgar-rice-burroughs__1914,The warlord of Mars #3,Edgar Rice Burroughs,1950,false,1914,openlibrary,https://openlibrary.org/works/OL1418137W,en,"merged from 1 source rows (openlibrary); author death year from Wikidata (Q148234); PD via life+70 rule (death year 1950 + 71 <= 2026), independent of publication year"
the-waterloo-roll-call-with-biographical-notes-and-anecdotes__dalton-charles__unk,The Waterloo Roll Call: With Biographical Notes and Anecdotes,"Dalton, Charles",1913,false,,gutenberg,https://www.gutenberg.org/ebooks/51143,en,merged from 1 source rows (gutenberg); publication year not found via Open Library; needs manual research
the-waving-rye__johannes-v-jensen__1958,The waving rye,Johannes V. Jensen,1950,false,1958,openlibrary,https://openlibrary.org/works/OL1132508W,en,"merged from 1 source rows (openlibrary); author death year from Wikidata (Q159552); PD via life+70 rule (death year 1950 + 71 <= 2026), independent of publication year"
the-way-of-all-flesh__samuel-butler__1900,The way of all flesh,Samuel Butler,1902,false,1900,openlibrary,https://openlibrary.org/works/OL22372W,en,"merged from 1 source rows (openlibrary); author death year from Wikidata (Q312829); PD via life+70 rule (death year 1902 + 71 <= 2026), independent of publication year"
the-weird-of-the-wanderer-b-being-the-papyrus-records-of-some-incidents-in-one-of-the-previous-lives-of-mr-nicholas-crabbe__rolfe-frederick__unk,The weird of the wanderer : $b Being the papyrus records of some incidents in one of the previous lives of  Mr. Nicholas Crabbe,"Rolfe, Frederick",1913,false,,gutenberg,https://www.gutenberg.org/ebooks/78126,en,"merged from 1 source rows (gutenberg); publication year not found via Open Library; needs manual research; 1 additional co-author(s) not recorded, primary author only"
the-well-at-the-world-s-end__william-morris__1892,The Well at the World's End,William Morris,1896,false,1892,openlibrary,https://openlibrary.org/works/OL47750W,en,"merged from 1 source rows (openlibrary); author death year from Wikidata (Q182589); PD via life+70 rule (death year 1896 + 71 <= 2026), independent of publication year"
the-wheel-of-earth__sandburg-helga__1958,The wheel of earth,"Sandburg, Helga",2014,false,1958,gutenberg,https://www.gutenberg.org/ebooks/78102,en,merged from 1 source rows (gutenberg); publication year via Open Library (earliest edition found; not independently verified)
the-white-army__anton-denikin__1930,The White Army,Anton Denikin,1947,false,1930,openlibrary,https://openlibrary.org/works/OL89068W,en,"merged from 1 source rows (openlibrary); author death year from Wikidata (Q108314); PD via life+70 rule (death year 1947 + 71 <= 2026), independent of publication year"
the-white-company__doyle-arthur-conan__1890,The White Company,"Doyle, Arthur Conan",,false,1890,openlibrary,https://openlibrary.org/works/OL262553W,en,merged from 1 source rows (openlibrary); pd_basis=pub_year<=1930
the-wind-in-the-willows__grahame-kenneth__1908,The Wind in the Willows,"Grahame, Kenneth",,false,1908,openlibrary,https://openlibrary.org/works/OL28570037W,en,merged from 1 source rows (openlibrary); pd_basis=pub_year<=1930
the-wind-in-the-willows__kenneth-grahame__1908,The Wind in the Willows,Kenneth Grahame,1932,false,1908,openlibrary,https://openlibrary.org/works/OL28570037W,en,"merged from 1 source rows (openlibrary); author death year from Wikidata (Q314897); PD via life+70 rule (death year 1932 + 71 <= 2026), independent of publication year"
the-wisdom-of-father-brown__chesterton-g-k-gilbert-keith__1913,The wisdom of Father Brown,"Chesterton, G. K. (Gilbert Keith)",1936,false,1913,gutenberg,https://www.gutenberg.org/ebooks/223,en,merged from 1 source rows (gutenberg); publication year via Open Library (earliest edition found; not independently verified)
the-wisdom-of-father-brown__chesterton-gilbert-keith__1913,The Wisdom of Father Brown,"Chesterton, Gilbert Keith",,false,1913,openlibrary,https://openlibrary.org/works/OL76483W,en,merged from 1 source rows (openlibrary); pd_basis=pub_year<=1930
the-woman-in-white__collins-wilkie__1859,The Woman in White,"Collins, Wilkie",1889,false,1859,gutenberg+openlibrary,https://www.gutenberg.org/ebooks/583,en,"merged from 2 source rows (gutenberg+openlibrary); Open Library match discarded: returned 1800, which predates author's birth year (1824) -- likely a mismatched search result; needs manual research; pd_basis=pub_year<=1930"
the-woman-s-bible__elizabeth-cady-stanton__1890,The woman's Bible,Elizabeth Cady Stanton,1902,false,1890,openlibrary,https://openlibrary.org/works/OL1496666W,en,"merged from 1 source rows (openlibrary); author death year from Wikidata (Q465335); PD via life+70 rule (death year 1902 + 71 <= 2026), independent of publication year"
the-wonderful-wizard-of-oz__baum-l-frank__1899,The Wonderful Wizard of Oz,"Baum, L. Frank",,false,1899,openlibrary,https://openlibrary.org/works/OL18417W,en,merged from 1 source rows (openlibrary); pd_basis=pub_year<=1930
the-wonderful-wizard-of-oz__baum-l-frank-lyman-frank__unk,The Wonderful Wizard of Oz,"Baum, L. Frank (Lyman Frank)",1919,false,,gutenberg,https://www.gutenberg.org/ebooks/55,en,"merged from 1 source rows (gutenberg); Open Library match discarded: returned 1970, which is more than 5 years after author's death (1919) -- likely an indexed reprint rather than the original edition; needs manual research"
the-wonderful-wizard-of-oz__l-frank-baum__1899,The Wonderful Wizard of Oz,L. Frank Baum,1919,false,1899,openlibrary,https://openlibrary.org/works/OL18417W,en,"merged from 1 source rows (openlibrary); author death year from Wikidata (Q207544); PD via life+70 rule (death year 1919 + 71 <= 2026), independent of publication year"
the-wood-beyond-the-world__william-morris__1894,The wood beyond the world,William Morris,1896,false,1894,openlibrary,https://openlibrary.org/works/OL47752W,en,"merged from 1 source rows (openlibrary); author death year from Wikidata (Q182589); PD via life+70 rule (death year 1896 + 71 <= 2026), independent of publication year"
the-woodlanders__hardy-thomas__1800,The Woodlanders,"Hardy, Thomas",,false,1800,openlibrary,https://openlibrary.org/works/OL44990W,en,merged from 1 source rows (openlibrary); pd_basis=pub_year<=1930
the-workers-opposition__alexandra-kollontai__1921,The workers' opposition,Alexandra Kollontai,1952,false,1921,openlibrary,https://openlibrary.org/works/OL8374773W,en,"merged from 1 source rows (openlibrary); author death year from Wikidata (Q179558); PD via life+70 rule (death year 1952 + 71 <= 2026), independent of publication year"
the-working-man-s-programme__ferdinand-lassalle__1884,The working man's programme,Ferdinand Lassalle,1864,false,1884,openlibrary,https://openlibrary.org/works/OL1105413W,en,"merged from 1 source rows (openlibrary); author death year from Wikidata (Q75784); PD via life+70 rule (death year 1864 + 71 <= 2026), independent of publication year"
the-works-of-edgar-allan-poe-volume-1__poe-edgar-allan__unk,The Works of Edgar Allan Poe — Volume 1,"Poe, Edgar Allan",1849,false,,gutenberg,https://www.gutenberg.org/ebooks/2147,en,"merged from 1 source rows (gutenberg); Open Library match discarded: returned 1965, which is more than 5 years after author's death (1849) -- likely an indexed reprint rather than the original edition; needs manual research"
the-works-of-edgar-allan-poe-volume-2__poe-edgar-allan__unk,The Works of Edgar Allan Poe — Volume 2,"Poe, Edgar Allan",1849,false,,gutenberg,https://www.gutenberg.org/ebooks/2148,en,"merged from 1 source rows (gutenberg); Open Library match discarded: returned 2013, which is more than 5 years after author's death (1849) -- likely an indexed reprint rather than the original edition; needs manual research"
the-works-of-james-abram-garfield__james-a-garfield__1882,The works of James Abram Garfield,James A. Garfield,1881,false,1882,openlibrary,https://openlibrary.org/works/OL1504799W,en,"merged from 1 source rows (openlibrary); author death year from Wikidata (Q34597); PD via life+70 rule (death year 1881 + 71 <= 2026), independent of publication year"
the-works-of-lord-byron-vol-4__byron-george-gordon-byron-baron__unk,The Works of Lord Byron. Vol. 4,"Byron, George Gordon Byron, Baron",1824,false,,gutenberg,https://www.gutenberg.org/ebooks/20158,en,merged from 1 source rows (gutenberg); publication year not found via Open Library; needs manual research
the-works-of-robert-g-ingersoll__robert-green-ingersoll__1900,The works of Robert G. Ingersoll,Robert Green Ingersoll,1899,false,1900,openlibrary,https://openlibrary.org/works/OL1769911W,en,"merged from 1 source rows (openlibrary); author death year from Wikidata (Q469882); PD via life+70 rule (death year 1899 + 71 <= 2026), independent of publication year"
the-works-of-robert-louis-stevenson-swanston-edition-vol-20__stevenson-robert-louis__unk,"The Works of Robert Louis Stevenson - Swanston Edition, Vol. 20","Stevenson, Robert Louis",1894,false,,gutenberg,https://www.gutenberg.org/ebooks/30849,en,merged from 1 source rows (gutenberg); publication year not found via Open Library; needs manual research
the-world-s-famous-orations__william-jennings-bryan__1906,The world's famous orations,William Jennings Bryan,1925,false,1906,openlibrary,https://openlibrary.org/works/OL18000973W,en,"merged from 1 source rows (openlibrary); author death year from Wikidata (Q205282); PD via life+70 rule (death year 1925 + 71 <= 2026), independent of publication year"
the-world-s-famous-orations-volume-10__william-jennings-bryan__unk,The World's Famous Orations; Volume 10,William Jennings Bryan,1925,false,,openlibrary,https://openlibrary.org/works/OL24469824W,en,"merged from 1 source rows (openlibrary); author death year from Wikidata (Q205282); PD via life+70 rule (death year 1925 + 71 <= 2026), independent of publication year; publication year (2018) discarded as implausible (>50 years after author's death, likely a modern reprint/collected edition indexed by Open Library as 'first publish year'); needs manual research"
the-wouldbegoods__nesbit-edith__1901,The Wouldbegoods,"Nesbit, Edith",,false,1901,openlibrary,https://openlibrary.org/works/OL99543W,en,merged from 1 source rows (openlibrary); pd_basis=pub_year<=1930
the-writings-of-abraham-lincoln__abraham-lincoln__1888,The writings of Abraham Lincoln,Abraham Lincoln,1865,false,1888,openlibrary,https://openlibrary.org/works/OL7972888W,en,"merged from 1 source rows (openlibrary); author death year from Wikidata (Q91); PD via life+70 rule (death year 1865 + 71 <= 2026), independent of publication year"
the-yellow-crayon__oppenheim-e-phillips-edward-phillips__1903,The Yellow Crayon,"Oppenheim, E. Phillips (Edward Phillips)",1946,false,1903,gutenberg,https://www.gutenberg.org/ebooks/1849,en,merged from 1 source rows (gutenberg); publication year via Open Library (earliest edition found; not independently verified)
the-yellow-fairy-book__lang-andrew__1894,The Yellow Fairy Book,"Lang, Andrew",,false,1894,openlibrary,https://openlibrary.org/works/OL1088888W,en,merged from 1 source rows (openlibrary); pd_basis=pub_year<=1930
the-yellow-wallpaper__charlotte-perkins-gilman__1892,The Yellow Wallpaper,Charlotte Perkins Gilman,1935,false,1892,openlibrary,https://openlibrary.org/works/OL2772007W,en,"merged from 1 source rows (openlibrary); author death year from Wikidata (Q287752); PD via life+70 rule (death year 1935 + 71 <= 2026), independent of publication year"
the-yellow-wallpaper__gilman-charlotte-perkins__1892,The Yellow Wallpaper,"Gilman, Charlotte Perkins",,false,1892,openlibrary,https://openlibrary.org/works/OL2772007W,en,merged from 1 source rows (openlibrary); pd_basis=pub_year<=1930
the-yeoman-adventurer__gough-george-w__1916,The Yeoman Adventurer,"Gough, George W.",,false,1916,gutenberg,https://www.gutenberg.org/ebooks/7326,en,merged from 1 source rows (gutenberg); publication year via Open Library (earliest edition found; not independently verified); author death year unknown (Gutendex has no record)
the-young-buglers__henty-g-a__1880,The Young Buglers,"Henty, G. A.",,false,1880,openlibrary,https://openlibrary.org/works/OL1794677W,en,merged from 1 source rows (openlibrary); pd_basis=pub_year<=1930
the-young-visiters-or-mr-salteena-s-plan__ashford-daisy__1919,"The Young Visiters or, Mr. Salteena's Plan","Ashford, Daisy",1972,false,1919,gutenberg,https://www.gutenberg.org/ebooks/21415,en,merged from 1 source rows (gutenberg); publication year via Open Library (earliest edition found; not independently verified)
the-zeppelin-s-passenger__oppenheim-e-phillips-edward-phillips__1918,The Zeppelin's Passenger,"Oppenheim, E. Phillips (Edward Phillips)",1946,false,1918,gutenberg,https://www.gutenberg.org/ebooks/1931,en,merged from 1 source rows (gutenberg); publication year via Open Library (earliest edition found; not independently verified)
thelma__corelli-marie__unk,Thelma,"Corelli, Marie",1924,false,,gutenberg,https://www.gutenberg.org/ebooks/3823,en,"merged from 1 source rows (gutenberg); Open Library match discarded: returned 1800, which predates author's birth year (1855) -- likely a mismatched search result; needs manual research"
theo-van-doesburg__theo-van-doesburg__1947,Theo van Doesburg,Theo van Doesburg,1931,false,1947,openlibrary,https://openlibrary.org/works/OL19268054W,en,"merged from 1 source rows (openlibrary); author death year from Wikidata (Q160422); PD via life+70 rule (death year 1931 + 71 <= 2026), independent of publication year"
thirty-years-of-psychical-research__charles-richet__1923,Thirty years of psychical research,Charles Richet,1935,false,1923,openlibrary,https://openlibrary.org/works/OL1133776W,en,"merged from 1 source rows (openlibrary); author death year from Wikidata (Q214851); PD via life+70 rule (death year 1935 + 71 <= 2026), independent of publication year"
this-side-of-paradise__f-scott-fitzgerald__1920,This Side of Paradise,F. Scott Fitzgerald,1940,false,1920,openlibrary,https://openlibrary.org/works/OL468488W,en,"merged from 1 source rows (openlibrary); author death year from Wikidata (Q93354); PD via life+70 rule (death year 1940 + 71 <= 2026), independent of publication year"
this-side-of-paradise__fitzgerald-f-scott__1920,This Side of Paradise,"Fitzgerald, F. Scott",,false,1920,openlibrary,https://openlibrary.org/works/OL468488W,en,merged from 1 source rows (openlibrary); pd_basis=pub_year<=1930
thomas-more-and-his-utopia__karl-kautsky__1927,Thomas More and his Utopia,Karl Kautsky,1938,false,1927,openlibrary,https://openlibrary.org/works/OL1095819W,en,"merged from 1 source rows (openlibrary); author death year from Wikidata (Q76586); PD via life+70 rule (death year 1938 + 71 <= 2026), independent of publication year"
thoughts-of-marcus-aurelius-antoninus__marcus-aurelius-emperor-of-rome__unk,Thoughts of Marcus Aurelius Antoninus,"Marcus Aurelius, Emperor of Rome",180,false,,gutenberg,https://www.gutenberg.org/ebooks/15877,en,"merged from 1 source rows (gutenberg); classical/ancient work (author died before 1400) -- original composition predates reliable publication-year records, not looked up automatically; needs manual research"
thoughts-on-ireland__camillo-benso-di-cavour__1868,Thoughts on Ireland,Camillo Benso di Cavour,1861,false,1868,openlibrary,https://openlibrary.org/works/OL74909W,en,"merged from 1 source rows (openlibrary); author death year from Wikidata (Q166092); PD via life+70 rule (death year 1861 + 71 <= 2026), independent of publication year"
three-comedies__bjrnstjerne-bjrnson__1912,Three Comedies,Bjørnstjerne Bjørnson,1910,false,1912,openlibrary,https://openlibrary.org/works/OL1084994W,en,"merged from 1 source rows (openlibrary); author death year from Wikidata (Q46405); PD via life+70 rule (death year 1910 + 71 <= 2026), independent of publication year"
three-hundred-aesops-fables-translated-by-george-fyler-townsend__aesop__2018,Three hundred Aesop’s fables: Translated by George Fyler Townsend,Aesop,,false,2018,gutenberg,https://www.gutenberg.org/ebooks/21,en,merged from 1 source rows (gutenberg); publication year via Open Library (earliest edition found; not independently verified); author death year unknown (Gutendex has no record)
three-lives__gertrude-stein__1909,Three Lives,Gertrude Stein,1946,false,1909,openlibrary,https://openlibrary.org/works/OL35383W,en,"merged from 1 source rows (openlibrary); author death year from Wikidata (Q188385); PD via life+70 rule (death year 1946 + 71 <= 2026), independent of publication year"
three-men-in-a-boat-to-say-nothing-of-the-dog__jerome-k-jerome__1889,Three Men in a Boat (to say nothing of the dog),Jerome K. Jerome,1927,false,1889,openlibrary,https://openlibrary.org/works/OL1793164W,en,"merged from 1 source rows (openlibrary); author death year from Wikidata (Q218698); PD via life+70 rule (death year 1927 + 71 <= 2026), independent of publication year"
three-men-in-a-boat-to-say-nothing-of-the-dog__jerome-jerome-klapka__1889,Three Men in a Boat (to say nothing of the dog),"Jérôme, Jerome Klapka",,false,1889,openlibrary,https://openlibrary.org/works/OL1793164W,en,merged from 1 source rows (openlibrary); pd_basis=pub_year<=1930
three-men-on-the-bummel__jerome-k-jerome__1900,Three Men on the Bummel,Jerome K. Jerome,1927,false,1900,openlibrary,https://openlibrary.org/works/OL40946456W,en,"merged from 1 source rows (openlibrary); author death year from Wikidata (Q218698); PD via life+70 rule (death year 1927 + 71 <= 2026), independent of publication year"
three-men-on-the-bummel__jerome-jerome-klapka__1900,Three Men on the Bummel,"Jérôme, Jerome Klapka",,false,1900,openlibrary,https://openlibrary.org/works/OL40946456W,en,merged from 1 source rows (openlibrary); pd_basis=pub_year<=1930
three-millions-b-or-the-way-of-the-world__optic-oliver__unk,"Three millions! : $b or, The way of the world","Optic, Oliver",1897,false,,gutenberg,https://www.gutenberg.org/ebooks/76553,en,merged from 1 source rows (gutenberg); publication year not found via Open Library; needs manual research
three-plays__else-lasker-schuler__unk,Three plays,Else Lasker-Schüler,1945,false,,openlibrary,https://openlibrary.org/works/OL550699W,en,"merged from 1 source rows (openlibrary); author death year from Wikidata (Q58033); PD via life+70 rule (death year 1945 + 71 <= 2026), independent of publication year; publication year (2005) discarded as implausible (>50 years after author's death, likely a modern reprint/collected edition indexed by Open Library as 'first publish year'); needs manual research"
through-the-brazilian-wilderness__theodore-roosevelt__1904,Through the Brazilian wilderness,Theodore Roosevelt,1919,false,1904,openlibrary,https://openlibrary.org/works/OL20525W,en,"merged from 1 source rows (openlibrary); author death year from Wikidata (Q33866); PD via life+70 rule (death year 1919 + 71 <= 2026), independent of publication year"
through-the-dark-continent__henry-morton-stanley__1878,Through the Dark continent,Henry Morton Stanley,1904,false,1878,openlibrary,https://openlibrary.org/works/OL1104859W,en,"merged from 1 source rows (openlibrary); author death year from Wikidata (Q171421); PD via life+70 rule (death year 1904 + 71 <= 2026), independent of publication year"
through-the-looking-glass__carroll-lewis__1865,Through the Looking-Glass,"Carroll, Lewis",,false,1865,openlibrary,https://openlibrary.org/works/OL151406W,en,merged from 1 source rows (openlibrary); pd_basis=pub_year<=1930
through-the-looking-glass__hans-christian-andersen__1865,Through the Looking-Glass,Hans Christian Andersen,1875,false,1865,openlibrary,https://openlibrary.org/works/OL151406W,en,"merged from 1 source rows (openlibrary); author death year from Wikidata (Q5673); PD via life+70 rule (death year 1875 + 71 <= 2026), independent of publication year"
through-the-looking-glass__henry-james__1865,Through the Looking-Glass,Henry James,1916,false,1865,openlibrary,https://openlibrary.org/works/OL151406W,en,"merged from 1 source rows (openlibrary); author death year from Wikidata (Q170509); PD via life+70 rule (death year 1916 + 71 <= 2026), independent of publication year"
through-the-looking-glass__lewis-carroll__1865,Through the Looking-Glass,Lewis Carroll,1898,false,1865,openlibrary,https://openlibrary.org/works/OL151406W,en,"merged from 1 source rows (openlibrary); author death year from Wikidata (Q38082); PD via life+70 rule (death year 1898 + 71 <= 2026), independent of publication year"
through-the-looking-glass__william-james__1865,Through the Looking-Glass,William James,1910,false,1865,openlibrary,https://openlibrary.org/works/OL151406W,en,"merged from 1 source rows (openlibrary); author death year from Wikidata (Q125249); PD via life+70 rule (death year 1910 + 71 <= 2026), independent of publication year"
through-the-magic-door__doyle-arthur-conan__1907,Through the Magic Door,"Doyle, Arthur Conan",,false,1907,openlibrary,https://openlibrary.org/works/OL262572W,en,merged from 1 source rows (openlibrary); pd_basis=pub_year<=1930
thus-spoke-ataturk__mustafa-kemal-ataturk__1943,Thus spoke Atatürk,Mustafa Kemal Atatürk,1938,false,1943,openlibrary,https://openlibrary.org/works/OL31723480W,en,"merged from 1 source rows (openlibrary); author death year from Wikidata (Q5152); PD via life+70 rule (death year 1938 + 71 <= 2026), independent of publication year"
thuvia-maid-of-mars__burroughs-edgar-rice__1916,"Thuvia, maid of Mars","Burroughs, Edgar Rice",1950,false,1916,gutenberg,https://www.gutenberg.org/ebooks/72,en,merged from 1 source rows (gutenberg); publication year via Open Library (earliest edition found; not independently verified)
tik-tok-of-oz__baum-l-frank__1914,Tik-Tok of Oz,"Baum, L. Frank",,false,1914,openlibrary,https://openlibrary.org/works/OL18414W,en,merged from 1 source rows (openlibrary); pd_basis=pub_year<=1930
timar-s-two-worlds__mor-jokai__1888,Timar's two worlds,Mór Jókai,1904,false,1888,openlibrary,https://openlibrary.org/works/OL861207W,en,"merged from 1 source rows (openlibrary); author death year from Wikidata (Q379621); PD via life+70 rule (death year 1904 + 71 <= 2026), independent of publication year"
time-crime__piper-h-beam__unk,Time Crime,"Piper, H. Beam",1964,false,,gutenberg,https://www.gutenberg.org/ebooks/18151,en,"merged from 1 source rows (gutenberg); Open Library match discarded: returned 2006, which is more than 5 years after author's death (1964) -- likely an indexed reprint rather than the original edition; needs manual research"
timon-of-athens__shakespeare-william__1734,Timon of Athens,"Shakespeare, William",,false,1734,openlibrary,https://openlibrary.org/works/OL362223W,en,merged from 1 source rows (openlibrary); pd_basis=pub_year<=1930
tiryns__heinrich-schliemann__1885,Tiryns,Heinrich Schliemann,1890,false,1885,openlibrary,https://openlibrary.org/works/OL1176333W,en,"merged from 1 source rows (openlibrary); author death year from Wikidata (Q57106); PD via life+70 rule (death year 1890 + 71 <= 2026), independent of publication year"
to-the-last-man__grey-zane__1921,To the Last Man,"Grey, Zane",,false,1921,openlibrary,https://openlibrary.org/works/OL485543W,en,merged from 1 source rows (openlibrary); pd_basis=pub_year<=1930
to-the-lighthouse__virginia-woolf__1927,To the Lighthouse,Virginia Woolf,1941,false,1927,openlibrary,https://openlibrary.org/works/OL39396W,en,"merged from 1 source rows (openlibrary); author death year from Wikidata (Q40909); PD via life+70 rule (death year 1941 + 71 <= 2026), independent of publication year"
to-the-lighthouse__woolf-virginia__1927,To the Lighthouse,"Woolf, Virginia",,false,1927,openlibrary,https://openlibrary.org/works/OL39396W,en,merged from 1 source rows (openlibrary); pd_basis=pub_year<=1930
today-i-wrote-nothing__daniil-kharms__unk,Today I wrote nothing,Daniil Kharms,1942,false,,openlibrary,https://openlibrary.org/works/OL865269W,en,"merged from 1 source rows (openlibrary); author death year from Wikidata (Q266127); PD via life+70 rule (death year 1942 + 71 <= 2026), independent of publication year; publication year (2007) discarded as implausible (>50 years after author's death, likely a modern reprint/collected edition indexed by Open Library as 'first publish year'); needs manual research"
tom-sawyer-abroad__twain-mark__1894,Tom Sawyer Abroad,"Twain, Mark",,false,1894,openlibrary,https://openlibrary.org/works/OL413674W,en,merged from 1 source rows (openlibrary); pd_basis=pub_year<=1930
tom-sawyer-detective__twain-mark__1897,"Tom Sawyer, Detective","Twain, Mark",,false,1897,openlibrary,https://openlibrary.org/works/OL54147W,en,merged from 1 source rows (openlibrary); pd_basis=pub_year<=1930
tono-bungay__wells-h-g__1890,Tono-Bungay,"Wells, H. G.",,false,1890,openlibrary,https://openlibrary.org/works/OL52269W,en,merged from 1 source rows (openlibrary); pd_basis=pub_year<=1930
torchy-and-vee__ford-sewell__1919,Torchy and Vee,"Ford, Sewell",1946,false,1919,gutenberg,https://www.gutenberg.org/ebooks/20628,en,merged from 1 source rows (gutenberg); publication year via Open Library (earliest edition found; not independently verified)
tovarna-na-absolutno__karel-capek__1922,Továrna na absolutno,Karel Čapek,1938,false,1922,openlibrary,https://openlibrary.org/works/OL575636W,en,"merged from 1 source rows (openlibrary); author death year from Wikidata (Q155855); PD via life+70 rule (death year 1938 + 71 <= 2026), independent of publication year"
travels-in-arabia-deserta__t-e-lawrence__1888,Travels in Arabia Deserta,T. E. Lawrence,1935,false,1888,openlibrary,https://openlibrary.org/works/OL2295102W,en,"merged from 1 source rows (openlibrary); author death year from Wikidata (Q170596); PD via life+70 rule (death year 1935 + 71 <= 2026), independent of publication year"
travels-in-manchuria-and-mongolia__akiko-yosano__unk,Travels in Manchuria and Mongolia,Akiko Yosano,1942,false,,openlibrary,https://openlibrary.org/works/OL8900176W,en,"merged from 1 source rows (openlibrary); author death year from Wikidata (Q464104); PD via life+70 rule (death year 1942 + 71 <= 2026), independent of publication year; publication year (2001) discarded as implausible (>50 years after author's death, likely a modern reprint/collected edition indexed by Open Library as 'first publish year'); needs manual research"
tre-bukkene-bruse__peter-christen-asbjrnsen__unk,Tre bukkene Bruse,Peter Christen Asbjørnsen,1885,false,,openlibrary,https://openlibrary.org/works/OL2384810W,en,"merged from 1 source rows (openlibrary); author death year from Wikidata (Q355485); PD via life+70 rule (death year 1885 + 71 <= 2026), independent of publication year; publication year (1940) discarded as implausible (>50 years after author's death, likely a modern reprint/collected edition indexed by Open Library as 'first publish year'); needs manual research"
treasure-island__robert-louis-stevenson__1880,Treasure Island,Robert Louis Stevenson,1894,false,1880,openlibrary,https://openlibrary.org/works/OL24034W,en,"merged from 1 source rows (openlibrary); author death year from Wikidata (Q1512); PD via life+70 rule (death year 1894 + 71 <= 2026), independent of publication year"
treasure-island__stevenson-robert-louis__1880,Treasure Island,"Stevenson, Robert Louis",1894,false,1880,gutenberg+openlibrary,https://www.gutenberg.org/ebooks/120,en,merged from 2 source rows (gutenberg+openlibrary); publication year via Open Library (earliest edition found; not independently verified); pd_basis=pub_year<=1930
treatise-on-natural-philosophy__william-thomson-1st-baron-kelvin__1867,Treatise on natural philosophy,"William Thomson, 1st Baron Kelvin",1907,false,1867,openlibrary,https://openlibrary.org/works/OL5962006W,en,"merged from 1 source rows (openlibrary); author death year from Wikidata (Q122701); PD via life+70 rule (death year 1907 + 71 <= 2026), independent of publication year"
trent-s-last-case__bentley-e-c__1900,Trent's Last Case,"Bentley, E. C.",,false,1900,openlibrary,https://openlibrary.org/works/OL1315930W,en,merged from 1 source rows (openlibrary); pd_basis=pub_year<=1930
trial-by-water__wright-sewell-peaslee__unk,Trial by water,"Wright, Sewell Peaslee",1970,false,,gutenberg,https://www.gutenberg.org/ebooks/76668,en,merged from 1 source rows (gutenberg); publication year not found via Open Library; needs manual research
tribes-and-the-states__william-james-sidis__unk,Tribes and the States,William James Sidis,1944,false,,openlibrary,https://openlibrary.org/works/OL30882293W,en,"merged from 1 source rows (openlibrary); author death year from Wikidata (Q313603); PD via life+70 rule (death year 1944 + 71 <= 2026), independent of publication year; publication year (2021) discarded as implausible (>50 years after author's death, likely a modern reprint/collected edition indexed by Open Library as 'first publish year'); needs manual research"
trilce__cesar-vallejo__1922,Trilce,César Vallejo,1938,false,1922,openlibrary,https://openlibrary.org/works/OL990922W,en,"merged from 1 source rows (openlibrary); author death year from Wikidata (Q222744); PD via life+70 rule (death year 1938 + 71 <= 2026), independent of publication year"
trionfo-della-morte__gabriele-d-annunzio__1896,Trionfo della morte,Gabriele D'Annunzio,1938,false,1896,openlibrary,https://openlibrary.org/works/OL576097W,en,"merged from 1 source rows (openlibrary); author death year from Wikidata (Q193236); PD via life+70 rule (death year 1938 + 71 <= 2026), independent of publication year"
triplanetary__smith-e-e-edward-elmer__1948,Triplanetary,"Smith, E. E. (Edward Elmer)",1965,false,1948,gutenberg,https://www.gutenberg.org/ebooks/20782,en,merged from 1 source rows (gutenberg); publication year via Open Library (earliest edition found; not independently verified)
tristia__osip-mandelstam__1922,Tristia,Osip Mandelstam,1938,false,1922,openlibrary,https://openlibrary.org/works/OL916329W,en,"merged from 1 source rows (openlibrary); author death year from Wikidata (Q189950); PD via life+70 rule (death year 1938 + 71 <= 2026), independent of publication year"
troilus-and-cressida__shakespeare-william__1609,Troilus and Cressida,"Shakespeare, William",,false,1609,openlibrary,https://openlibrary.org/works/OL362685W,en,merged from 1 source rows (openlibrary); pd_basis=pub_year<=1930
troja__heinrich-schliemann__1884,Troja,Heinrich Schliemann,1890,false,1884,openlibrary,https://openlibrary.org/works/OL1176332W,en,"merged from 1 source rows (openlibrary); author death year from Wikidata (Q57106); PD via life+70 rule (death year 1890 + 71 <= 2026), independent of publication year"
trojanische-alterthumer__heinrich-schliemann__1874,Trojanische Alterthümer,Heinrich Schliemann,1890,false,1874,openlibrary,https://openlibrary.org/works/OL1176334W,en,"merged from 1 source rows (openlibrary); author death year from Wikidata (Q57106); PD via life+70 rule (death year 1890 + 71 <= 2026), independent of publication year"
true-and-false-democracy__nicholas-murray-butler__1907,True and false democracy,Nicholas Murray Butler,1947,false,1907,openlibrary,https://openlibrary.org/works/OL1110094W,en,"merged from 1 source rows (openlibrary); author death year from Wikidata (Q271517); PD via life+70 rule (death year 1947 + 71 <= 2026), independent of publication year"
tutti-gli-scritti__camillo-benso-di-cavour__unk,Tutti gli scritti,Camillo Benso di Cavour,1861,false,,openlibrary,https://openlibrary.org/works/OL398012W,en,"merged from 1 source rows (openlibrary); author death year from Wikidata (Q166092); PD via life+70 rule (death year 1861 + 71 <= 2026), independent of publication year; publication year (1976) discarded as implausible (>50 years after author's death, likely a modern reprint/collected edition indexed by Open Library as 'first publish year'); needs manual research"
twelfth-night__andre-gide__unk,Twelfth night,André Gide,1951,false,,openlibrary,https://openlibrary.org/works/OL362210W,en,"merged from 1 source rows (openlibrary); author death year from Wikidata (Q47484); PD via life+70 rule (death year 1951 + 71 <= 2026), independent of publication year; publication year (2008) discarded as implausible (>50 years after author's death, likely a modern reprint/collected edition indexed by Open Library as 'first publish year'); needs manual research"
twelfth-night__edmond-rostand__unk,Twelfth Night,Edmond Rostand,1918,false,,openlibrary,https://openlibrary.org/works/OL31984120W,en,"merged from 1 source rows (openlibrary); author death year from Wikidata (Q202749); PD via life+70 rule (death year 1918 + 71 <= 2026), independent of publication year; publication year (1997) discarded as implausible (>50 years after author's death, likely a modern reprint/collected edition indexed by Open Library as 'first publish year'); needs manual research"
twelfth-night__eugene-o-neill__1997,Twelfth Night,Eugene O'Neill,1953,false,1997,openlibrary,https://openlibrary.org/works/OL31984120W,en,"merged from 1 source rows (openlibrary); author death year from Wikidata (Q93157); PD via life+70 rule (death year 1953 + 71 <= 2026), independent of publication year"
twelfth-night__henry-adams__unk,Twelfth Night,Henry Adams,1918,false,,openlibrary,https://openlibrary.org/works/OL31984120W,en,"merged from 1 source rows (openlibrary); author death year from Wikidata (Q458390); PD via life+70 rule (death year 1918 + 71 <= 2026), independent of publication year; publication year (1997) discarded as implausible (>50 years after author's death, likely a modern reprint/collected edition indexed by Open Library as 'first publish year'); needs manual research"
twelfth-night__henry-ford__1997,Twelfth Night,Henry Ford,1947,false,1997,openlibrary,https://openlibrary.org/works/OL31984120W,en,"merged from 1 source rows (openlibrary); author death year from Wikidata (Q8768); PD via life+70 rule (death year 1947 + 71 <= 2026), independent of publication year"
twelfth-night__henry-wilson__unk,Twelfth Night,Henry Wilson,1875,false,,openlibrary,https://openlibrary.org/works/OL31984120W,en,"merged from 1 source rows (openlibrary); author death year from Wikidata (Q313302); PD via life+70 rule (death year 1875 + 71 <= 2026), independent of publication year; publication year (1997) discarded as implausible (>50 years after author's death, likely a modern reprint/collected edition indexed by Open Library as 'first publish year'); needs manual research"
twelfth-night__john-muir__unk,Twelfth Night,John Muir,1914,false,,openlibrary,https://openlibrary.org/works/OL31984120W,en,"merged from 1 source rows (openlibrary); author death year from Wikidata (Q379580); PD via life+70 rule (death year 1914 + 71 <= 2026), independent of publication year; publication year (1997) discarded as implausible (>50 years after author's death, likely a modern reprint/collected edition indexed by Open Library as 'first publish year'); needs manual research"
twelfth-night-or-what-you-will__shakespeare-william__1734,"Twelfth Night, or What You Will","Shakespeare, William",,false,1734,openlibrary,https://openlibrary.org/works/OL362694W,en,merged from 1 source rows (openlibrary); pd_basis=pub_year<=1930
twelve-miniatures__cesar-cui__unk,Twelve Miniatures,César Cui,1918,false,,openlibrary,https://openlibrary.org/works/OL9495747W,en,"merged from 1 source rows (openlibrary); author death year from Wikidata (Q208546); PD via life+70 rule (death year 1918 + 71 <= 2026), independent of publication year; publication year (2001) discarded as implausible (>50 years after author's death, likely a modern reprint/collected edition indexed by Open Library as 'first publish year'); needs manual research"
twelve-years-a-slave__northup-solomon__1853,Twelve years a slave,"Northup, Solomon",,false,1853,openlibrary,https://openlibrary.org/works/OL78871W,en,merged from 1 source rows (openlibrary); pd_basis=pub_year<=1930
twenty-thousand-leagues-under-the-sea__verne-jules__1875,Twenty Thousand Leagues under the Sea,"Verne, Jules",1905,false,1875,gutenberg,https://www.gutenberg.org/ebooks/164,en,merged from 1 source rows (gutenberg); publication year via Open Library (earliest edition found; not independently verified)
twenty-years-after__dumas-alexandre__1845,Twenty years after,"Dumas, Alexandre",1870,false,1845,gutenberg,https://www.gutenberg.org/ebooks/1259,en,"merged from 1 source rows (gutenberg); publication year via Open Library (earliest edition found; not independently verified); 1 additional co-author(s) not recorded, primary author only"
twice-told-tales__hawthorne-nathaniel__1800,Twice-Told Tales,"Hawthorne, Nathaniel",,false,1800,openlibrary,https://openlibrary.org/works/OL455489W,en,merged from 1 source rows (openlibrary); pd_basis=pub_year<=1930
two-gentlemen-of-verona__shakespeare-william__1632,Two Gentlemen of Verona,"Shakespeare, William",,false,1632,openlibrary,https://openlibrary.org/works/OL362671W,en,merged from 1 source rows (openlibrary); pd_basis=pub_year<=1930
two-on-a-tower__hardy-thomas__unk,Two on a Tower,"Hardy, Thomas",1928,false,,gutenberg,https://www.gutenberg.org/ebooks/3146,en,"merged from 1 source rows (gutenberg); Open Library match discarded: returned 1800, which predates author's birth year (1840) -- likely a mismatched search result; needs manual research"
tyon-orja__eino-leino__unk,Tyon Orja,Eino Leino,1926,false,,openlibrary,https://openlibrary.org/works/OL40568843W,en,"merged from 1 source rows (openlibrary); author death year from Wikidata (Q360079); PD via life+70 rule (death year 1926 + 71 <= 2026), independent of publication year; publication year (2016) discarded as implausible (>50 years after author's death, likely a modern reprint/collected edition indexed by Open Library as 'first publish year'); needs manual research"
typee__herman-melville__1840,Typee,Herman Melville,1891,false,1840,openlibrary,https://openlibrary.org/works/OL102748W,en,"merged from 1 source rows (openlibrary); author death year from Wikidata (Q4985); PD via life+70 rule (death year 1891 + 71 <= 2026), independent of publication year"
ubu-roi__alfred-jarry__1896,Ubu roi,Alfred Jarry,1907,false,1896,openlibrary,https://openlibrary.org/works/OL1264521W,en,"merged from 1 source rows (openlibrary); author death year from Wikidata (Q7841); PD via life+70 rule (death year 1907 + 71 <= 2026), independent of publication year"
ulrich-von-hutten__david-strauss__1858,Ulrich von Hutten,David Strauss,1874,false,1858,openlibrary,https://openlibrary.org/works/OL1317504W,en,"merged from 1 source rows (openlibrary); author death year from Wikidata (Q57219); PD via life+70 rule (death year 1874 + 71 <= 2026), independent of publication year"
ulysses__james-joyce__1914,Ulysses,James Joyce,1941,false,1914,openlibrary,https://openlibrary.org/works/OL86318W,en,"merged from 1 source rows (openlibrary); author death year from Wikidata (Q6882); PD via life+70 rule (death year 1941 + 71 <= 2026), independent of publication year"
ulysses__joyce-james__1914,Ulysses,"Joyce, James",1941,false,1914,gutenberg+openlibrary,https://www.gutenberg.org/ebooks/4300,en,merged from 2 source rows (gutenberg+openlibrary); publication year via Open Library (earliest edition found; not independently verified); pd_basis=pub_year<=1930
uncle-tom-s-cabin__harriet-beecher-stowe__1850,Uncle Tom's Cabin,Harriet Beecher Stowe,1896,false,1850,openlibrary,https://openlibrary.org/works/OL152161W,en,"merged from 1 source rows (openlibrary); author death year from Wikidata (Q102513); PD via life+70 rule (death year 1896 + 71 <= 2026), independent of publication year"
uncle-tom-s-cabin__stowe-harriet__1852,Uncle Tom's Cabin,"Stowe, Harriet",,false,1852,openlibrary,https://openlibrary.org/works/OL29204473W,en,merged from 1 source rows (openlibrary); pd_basis=pub_year<=1930
uncle-tom-s-cabin__stowe-harriet-beecher__1850,Uncle Tom's Cabin,"Stowe, Harriet Beecher",1896,false,1850,gutenberg+openlibrary,https://www.gutenberg.org/ebooks/203,en,"merged from 2 source rows (gutenberg+openlibrary); Open Library match discarded: returned 1800, which predates author's birth year (1811) -- likely a mismatched search result; needs manual research; pd_basis=pub_year<=1930"
under-fire__henri-barbusse__1917,Under Fire,Henri Barbusse,1935,false,1917,openlibrary,https://openlibrary.org/works/OL29685495W,en,"merged from 1 source rows (openlibrary); author death year from Wikidata (Q18404); PD via life+70 rule (death year 1935 + 71 <= 2026), independent of publication year"
under-milk-wood__dylan-thomas__1950,Under Milk Wood,Dylan Thomas,1953,false,1950,openlibrary,https://openlibrary.org/works/OL1358969W,en,"merged from 1 source rows (openlibrary); author death year from Wikidata (Q191023); PD via life+70 rule (death year 1953 + 71 <= 2026), independent of publication year"
under-the-blows-of-the-counterrevolution__nestor-makhno__unk,Under the blows of the counterrevolution,Nestor Makhno,1934,false,,openlibrary,https://openlibrary.org/works/OL16412333W,en,"merged from 1 source rows (openlibrary); author death year from Wikidata (Q47900); PD via life+70 rule (death year 1934 + 71 <= 2026), independent of publication year; publication year (2009) discarded as implausible (>50 years after author's death, likely a modern reprint/collected edition indexed by Open Library as 'first publish year'); needs manual research"
under-the-greenwood-tree-or-the-mellstock-quire__hardy-thomas__1872,"Under the Greenwood Tree or, The Mellstock quire","Hardy, Thomas",,false,1872,openlibrary,https://openlibrary.org/works/OL44973W,en,merged from 1 source rows (openlibrary); pd_basis=pub_year<=1930
under-the-red-dragon-a-novel__grant-james__unk,Under the Red Dragon: A Novel,"Grant, James",1887,false,,gutenberg,https://www.gutenberg.org/ebooks/53874,en,merged from 1 source rows (gutenberg); publication year not found via Open Library; needs manual research
under-the-yoke__ivan-vazov__1955,Under the yoke,Ivan Vazov,1921,false,1955,openlibrary,https://openlibrary.org/works/OL33277791W,en,"merged from 1 source rows (openlibrary); author death year from Wikidata (Q310630); PD via life+70 rule (death year 1921 + 71 <= 2026), independent of publication year"
undine__la-motte-fouque-friedrich-heinrich-karl-freiherr-de__1800,Undine,"La Motte-Fouqué, Friedrich Heinrich Karl, Freiherr de",1843,false,1800,gutenberg,https://www.gutenberg.org/ebooks/2825,en,merged from 1 source rows (gutenberg); publication year via Open Library (earliest edition found; not independently verified)
ungeduld-des-herzens__stefan-zweig__1927,Ungeduld des Herzens,Stefan Zweig,1942,false,1927,openlibrary,https://openlibrary.org/works/OL28434W,en,"merged from 1 source rows (openlibrary); author death year from Wikidata (Q78491); PD via life+70 rule (death year 1942 + 71 <= 2026), independent of publication year"
unity-of-good__mary-baker-eddy__1905,Unity of good,Mary Baker Eddy,1910,false,1905,openlibrary,https://openlibrary.org/works/OL2526910W,en,"merged from 1 source rows (openlibrary); author death year from Wikidata (Q235069); PD via life+70 rule (death year 1910 + 71 <= 2026), independent of publication year"
unnatural-death__sayers-dorothy-l-dorothy-leigh__1927,Unnatural death,"Sayers, Dorothy L. (Dorothy Leigh)",1957,false,1927,gutenberg,https://www.gutenberg.org/ebooks/70008,en,merged from 1 source rows (gutenberg); publication year via Open Library (earliest edition found; not independently verified)
unpolitische-lieder__august-heinrich-hoffmann-von-fallersleben__unk,Unpolitische Lieder,August Heinrich Hoffmann von Fallersleben,1874,false,,openlibrary,https://openlibrary.org/works/OL36072190W,en,"merged from 1 source rows (openlibrary); author death year from Wikidata (Q76938); PD via life+70 rule (death year 1874 + 71 <= 2026), independent of publication year; publication year (2012) discarded as implausible (>50 years after author's death, likely a modern reprint/collected edition indexed by Open Library as 'first publish year'); needs manual research"
up-from-slavery__booker-t-washington__1900,Up from Slavery,Booker T. Washington,1915,false,1900,openlibrary,https://openlibrary.org/works/OL357501W,en,"merged from 1 source rows (openlibrary); author death year from Wikidata (Q319871); PD via life+70 rule (death year 1915 + 71 <= 2026), independent of publication year"
up-from-slavery__washington-booker-t__1900,Up from Slavery,"Washington, Booker T.",,false,1900,openlibrary,https://openlibrary.org/works/OL357501W,en,merged from 1 source rows (openlibrary); pd_basis=pub_year<=1930
up-from-slavery-an-autobiography__washington-booker-t__unk,Up from Slavery: An Autobiography,"Washington, Booker T.",1915,false,,gutenberg,https://www.gutenberg.org/ebooks/2376,en,"merged from 1 source rows (gutenberg); Open Library match discarded: returned 1966, which is more than 5 years after author's death (1915) -- likely an indexed reprint rather than the original edition; needs manual research"
up-the-years-from-bloomsbury__george-arliss__1927,Up the years from Bloomsbury,George Arliss,1946,false,1927,openlibrary,https://openlibrary.org/works/OL5036772W,en,"merged from 1 source rows (openlibrary); author death year from Wikidata (Q182229); PD via life+70 rule (death year 1946 + 71 <= 2026), independent of publication year"
uranie__camille-flammarion__unk,Uranie,Camille Flammarion,1925,false,,openlibrary,https://openlibrary.org/works/OL39704238W,en,"merged from 1 source rows (openlibrary); author death year from Wikidata (Q295524); PD via life+70 rule (death year 1925 + 71 <= 2026), independent of publication year; publication year (2011) discarded as implausible (>50 years after author's death, likely a modern reprint/collected edition indexed by Open Library as 'first publish year'); needs manual research"
ursprung-des-deutschen-trauerspiels__walter-benjamin__1963,Ursprung des deutschen Trauerspiels,Walter Benjamin,1940,false,1963,openlibrary,https://openlibrary.org/works/OL156212W,en,"merged from 1 source rows (openlibrary); author death year from Wikidata (Q61078); PD via life+70 rule (death year 1940 + 71 <= 2026), independent of publication year"
utopia__more-thomas-saint__1516,Utopia,"More, Thomas, Saint",1535,false,1516,gutenberg,https://www.gutenberg.org/ebooks/2130,en,merged from 1 source rows (gutenberg); publication year via Open Library (earliest edition found; not independently verified)
vaines-tendresses-etudes-et-portraits-litteraires-premier-serie__sully-prudhomme__unk,"Vaines Tendresses Études et Portraits Littéraires, Premier Série",Sully Prudhomme,1907,false,,openlibrary,https://openlibrary.org/works/OL36056494W,en,"merged from 1 source rows (openlibrary); author death year from Wikidata (Q42247); PD via life+70 rule (death year 1907 + 71 <= 2026), independent of publication year; publication year (2012) discarded as implausible (>50 years after author's death, likely a modern reprint/collected edition indexed by Open Library as 'first publish year'); needs manual research"
vanity-fair__thackeray-william-makepeace__unk,Vanity Fair,"Thackeray, William Makepeace",1863,false,,gutenberg,https://www.gutenberg.org/ebooks/599,en,"merged from 1 source rows (gutenberg); Open Library match discarded: returned 1800, which predates author's birth year (1811) -- likely a mismatched search result; needs manual research"
vanity-fair__william-makepeace-thackeray__1800,Vanity Fair,William Makepeace Thackeray,1863,false,1800,openlibrary,https://openlibrary.org/works/OL16313W,en,"merged from 1 source rows (openlibrary); author death year from Wikidata (Q167768); PD via life+70 rule (death year 1863 + 71 <= 2026), independent of publication year"
vasilisa-the-wise__anatoly-lunacharsky__unk,Vasilisa the Wise,Anatoly Lunacharsky,1933,false,,openlibrary,https://openlibrary.org/works/OL24370590W,en,"merged from 1 source rows (openlibrary); author death year from Wikidata (Q18809); PD via life+70 rule (death year 1933 + 71 <= 2026), independent of publication year; publication year (2017) discarded as implausible (>50 years after author's death, likely a modern reprint/collected edition indexed by Open Library as 'first publish year'); needs manual research"
vaticanism__william-ewart-gladstone__1875,Vaticanism,William Ewart Gladstone,1898,false,1875,openlibrary,https://openlibrary.org/works/OL1135035W,en,"merged from 1 source rows (openlibrary); author death year from Wikidata (Q160852); PD via life+70 rule (death year 1898 + 71 <= 2026), independent of publication year"
vegas-fard-kring-asien-och-europa__adolf-erik-nordenskiold__1880,Vegas färd kring Asien och Europa,Adolf Erik Nordenskiöld,1901,false,1880,openlibrary,https://openlibrary.org/works/OL1184551W,en,"merged from 1 source rows (openlibrary); author death year from Wikidata (Q156749); PD via life+70 rule (death year 1901 + 71 <= 2026), independent of publication year"
venus-in-furs__leopold-von-sacher-masoch__unk,Venus in Furs,Leopold von Sacher-Masoch,1895,false,,openlibrary,https://openlibrary.org/works/OL39676507W,en,"merged from 1 source rows (openlibrary); author death year from Wikidata (Q78474); PD via life+70 rule (death year 1895 + 71 <= 2026), independent of publication year; publication year (2009) discarded as implausible (>50 years after author's death, likely a modern reprint/collected edition indexed by Open Library as 'first publish year'); needs manual research"
versions-from-fyodor-tyutchev-1803-1873__fyodor-tyutchev__unk,"Versions from Fyodor Tyutchev, 1803-1873",Fyodor Tyutchev,1873,false,,openlibrary,https://openlibrary.org/works/OL663714W,en,"merged from 1 source rows (openlibrary); author death year from Wikidata (Q37217); PD via life+70 rule (death year 1873 + 71 <= 2026), independent of publication year; publication year (1960) discarded as implausible (>50 years after author's death, likely a modern reprint/collected edition indexed by Open Library as 'first publish year'); needs manual research"
vice-president-fairbanks__charles-w-fairbanks__1907,Vice-President Fairbanks,Charles W. Fairbanks,1918,false,1907,openlibrary,https://openlibrary.org/works/OL2501175W,en,"merged from 1 source rows (openlibrary); author death year from Wikidata (Q270539); PD via life+70 rule (death year 1918 + 71 <= 2026), independent of publication year"
vie-de-jesus__ernest-renan__1863,Vie de Jésus,Ernest Renan,1892,false,1863,openlibrary,https://openlibrary.org/works/OL1068555W,en,"merged from 1 source rows (openlibrary); author death year from Wikidata (Q157155); PD via life+70 rule (death year 1892 + 71 <= 2026), independent of publication year"
villette-a-novel__bronte-charlotte__1853,"Villette, a novel","Brontë, Charlotte",,false,1853,openlibrary,https://openlibrary.org/works/OL1095403W,en,merged from 1 source rows (openlibrary); pd_basis=pub_year<=1930
vingt-mille-lieues-sous-les-mers__verne-jules__1870,Vingt mille lieues sous les mers,"Verne, Jules",,false,1870,openlibrary,https://openlibrary.org/works/OL1099280W,en,merged from 1 source rows (openlibrary); pd_basis=pub_year<=1930
vita-dei-campi__giovanni-verga__1892,Vita dei campi,Giovanni Verga,1922,false,1892,openlibrary,https://openlibrary.org/works/OL479230W,en,"merged from 1 source rows (openlibrary); author death year from Wikidata (Q271814); PD via life+70 rule (death year 1922 + 71 <= 2026), independent of publication year"
vita-nuova__dante-gabriel-rossetti__1829,Vita nuova,Dante Gabriel Rossetti,1882,false,1829,openlibrary,https://openlibrary.org/works/OL93228W,en,"merged from 1 source rows (openlibrary); author death year from Wikidata (Q186748); PD via life+70 rule (death year 1882 + 71 <= 2026), independent of publication year"
vivants-et-les-morts__anna-de-noailles__unk,Vivants et les Morts,Anna de Noailles,1933,false,,openlibrary,https://openlibrary.org/works/OL36065175W,en,"merged from 1 source rows (openlibrary); author death year from Wikidata (Q6050); PD via life+70 rule (death year 1933 + 71 <= 2026), independent of publication year; publication year (2012) discarded as implausible (>50 years after author's death, likely a modern reprint/collected edition indexed by Open Library as 'first publish year'); needs manual research"
viviparous-quadrupeds-of-north-america__john-james-audubon__1845,Viviparous quadrupeds of North America,John James Audubon,1851,false,1845,openlibrary,https://openlibrary.org/works/OL82769W,en,"merged from 1 source rows (openlibrary); author death year from Wikidata (Q182882); PD via life+70 rule (death year 1851 + 71 <= 2026), independent of publication year"
vladimir-ilich-lenin__vladimir-mayakovsky__1934,Vladimir Ilʹich Lenin,Vladimir Mayakovsky,1930,false,1934,openlibrary,https://openlibrary.org/works/OL2141395W,en,"merged from 1 source rows (openlibrary); author death year from Wikidata (Q132964); PD via life+70 rule (death year 1930 + 71 <= 2026), independent of publication year"
vne-zemli__konstantin-tsiolkovsky__1958,Vne Zemli,Konstantin Tsiolkovsky,1935,false,1958,openlibrary,https://openlibrary.org/works/OL2886384W,en,"merged from 1 source rows (openlibrary); author death year from Wikidata (Q41239); PD via life+70 rule (death year 1935 + 71 <= 2026), independent of publication year"
vol-de-nuit__antoine-de-saint-exupery__1931,Vol de nuit,Antoine de Saint-Exupéry,1944,false,1931,openlibrary,https://openlibrary.org/works/OL10267W,en,"merged from 1 source rows (openlibrary); author death year from Wikidata (Q2908); PD via life+70 rule (death year 1944 + 71 <= 2026), independent of publication year"
volupte__charles-augustin-sainte-beuve__1840,Volupté,Charles-Augustin Sainte-Beuve,1869,false,1840,openlibrary,https://openlibrary.org/works/OL1329891W,en,"merged from 1 source rows (openlibrary); author death year from Wikidata (Q1063392); PD via life+70 rule (death year 1869 + 71 <= 2026), independent of publication year"
von-bagdad-nach-stambul__karl-may__1882,Von Bagdad nach Stambul,Karl May,1912,false,1882,openlibrary,https://openlibrary.org/works/OL83011W,en,"merged from 1 source rows (openlibrary); author death year from Wikidata (Q22714); PD via life+70 rule (death year 1912 + 71 <= 2026), independent of publication year"
von-der-weltseele__friedrich-wilhelm-joseph-schelling__unk,Von Der Weltseele,Friedrich Wilhelm Joseph Schelling,1854,false,,openlibrary,https://openlibrary.org/works/OL24401446W,en,"merged from 1 source rows (openlibrary); author death year from Wikidata (Q60070); PD via life+70 rule (death year 1854 + 71 <= 2026), independent of publication year; publication year (2018) discarded as implausible (>50 years after author's death, likely a modern reprint/collected edition indexed by Open Library as 'first publish year'); needs manual research"
voskresenie__leo-tolstoy__1899,Voskresenīe,Leo Tolstoy,1910,false,1899,openlibrary,https://openlibrary.org/works/OL457760W,en,"merged from 1 source rows (openlibrary); author death year from Wikidata (Q7243); PD via life+70 rule (death year 1910 + 71 <= 2026), independent of publication year"
voskresshie-bogi__dmitry-merezhkovsky__1900,Voskresshie bogi,Dmitry Merezhkovsky,1941,false,1900,openlibrary,https://openlibrary.org/works/OL826549W,en,"merged from 1 source rows (openlibrary); author death year from Wikidata (Q326459); PD via life+70 rule (death year 1941 + 71 <= 2026), independent of publication year"
vospominaniia-o-lenine__nadezhda-krupskaya__1930,Vospominanii︠a︡ o Lenine,Nadezhda Krupskaya,1939,false,1930,openlibrary,https://openlibrary.org/works/OL2090151W,en,"merged from 1 source rows (openlibrary); author death year from Wikidata (Q215637); PD via life+70 rule (death year 1939 + 71 <= 2026), independent of publication year"
voyage-of-the-vega-round-asia-and-europe__adolf-erik-nordenskiold__unk,Voyage of the Vega Round Asia and Europe,Adolf Erik Nordenskiöld,1901,false,,openlibrary,https://openlibrary.org/works/OL25672211W,en,"merged from 1 source rows (openlibrary); author death year from Wikidata (Q156749); PD via life+70 rule (death year 1901 + 71 <= 2026), independent of publication year; publication year (2012) discarded as implausible (>50 years after author's death, likely a modern reprint/collected edition indexed by Open Library as 'first publish year'); needs manual research"
voyage-out__virginia-woolf__1915,Voyage Out,Virginia Woolf,1941,false,1915,openlibrary,https://openlibrary.org/works/OL27064817W,en,"merged from 1 source rows (openlibrary); author death year from Wikidata (Q40909); PD via life+70 rule (death year 1941 + 71 <= 2026), independent of publication year"
voyage-out__woolf-virginia__1915,Voyage Out,"Woolf, Virginia",,false,1915,openlibrary,https://openlibrary.org/works/OL27064817W,en,merged from 1 source rows (openlibrary); pd_basis=pub_year<=1930
valka-s-mloky__karel-capek__1936,Válka s mloky,Karel Čapek,1938,false,1936,openlibrary,https://openlibrary.org/works/OL575639W,en,"merged from 1 source rows (openlibrary); author death year from Wikidata (Q155855); PD via life+70 rule (death year 1938 + 71 <= 2026), independent of publication year"
w-pustyni-i-w-puszczy__henryk-sienkiewicz__1912,W pustyni i w puszczy,Henryk Sienkiewicz,1916,false,1912,openlibrary,https://openlibrary.org/works/OL503489W,en,"merged from 1 source rows (openlibrary); author death year from Wikidata (Q41502); PD via life+70 rule (death year 1916 + 71 <= 2026), independent of publication year"
walden__henry-david-thoreau__1854,Walden,Henry David Thoreau,1862,false,1854,openlibrary,https://openlibrary.org/works/OL55649W,en,"merged from 1 source rows (openlibrary); author death year from Wikidata (Q131149); PD via life+70 rule (death year 1862 + 71 <= 2026), independent of publication year"
walden__thoreau-henry-david__1854,Walden,"Thoreau, Henry David",,false,1854,openlibrary,https://openlibrary.org/works/OL55649W,en,merged from 1 source rows (openlibrary); pd_basis=pub_year<=1930
walls-and-bars__eugene-v-debs__1927,Walls and bars,Eugene V. Debs,1926,false,1927,openlibrary,https://openlibrary.org/works/OL3591935W,en,"merged from 1 source rows (openlibrary); author death year from Wikidata (Q334993); PD via life+70 rule (death year 1926 + 71 <= 2026), independent of publication year"
walpurgisnacht__gustav-meyrink__1917,Walpurgisnacht,Gustav Meyrink,1932,false,1917,openlibrary,https://openlibrary.org/works/OL3416326W,en,"merged from 1 source rows (openlibrary); author death year from Wikidata (Q78511); PD via life+70 rule (death year 1932 + 71 <= 2026), independent of publication year"
wanderfoot-the-dream-ship__stockley-cynthia__1913,Wanderfoot (The Dream Ship),"Stockley, Cynthia",1936,false,1913,gutenberg,https://www.gutenberg.org/ebooks/40059,en,merged from 1 source rows (gutenberg); publication year via Open Library (earliest edition found; not independently verified)
war-and-peace__leo-tolstoy__1864,War and Peace,Leo Tolstoy,1910,false,1864,openlibrary,https://openlibrary.org/works/OL267171W,en,"merged from 1 source rows (openlibrary); author death year from Wikidata (Q7243); PD via life+70 rule (death year 1910 + 71 <= 2026), independent of publication year"
war-and-peace__tolstoy-leo-graf__1864,War and Peace,"Tolstoy, Leo, graf",1910,false,1864,gutenberg,https://www.gutenberg.org/ebooks/2600,en,merged from 1 source rows (gutenberg); publication year via Open Library (earliest edition found; not independently verified)
war-memoirs__david-lloyd-george__1933,War Memoirs,David Lloyd George,1945,false,1933,openlibrary,https://openlibrary.org/works/OL3870820W,en,"merged from 1 source rows (openlibrary); author death year from Wikidata (Q134982); PD via life+70 rule (death year 1945 + 71 <= 2026), independent of publication year"
war-memoirs-of-david-lloyd-george__david-lloyd-george__1933,War memoirs of David Lloyd George,David Lloyd George,1945,false,1933,openlibrary,https://openlibrary.org/works/OL3870821W,en,"merged from 1 source rows (openlibrary); author death year from Wikidata (Q134982); PD via life+70 rule (death year 1945 + 71 <= 2026), independent of publication year"
war-progress-and-the-end-of-history-including-a-short-story-of-the-anti-christ-three-discussions__vladimir-solovyov__unk,"War, Progress, and the End of History, Including a Short Story of the Anti-Christ. Three Discussions",Vladimir Solovyov,1900,false,,openlibrary,https://openlibrary.org/works/OL24363036W,en,"merged from 1 source rows (openlibrary); author death year from Wikidata (Q282280); PD via life+70 rule (death year 1900 + 71 <= 2026), independent of publication year; publication year (2018) discarded as implausible (>50 years after author's death, likely a modern reprint/collected edition indexed by Open Library as 'first publish year'); needs manual research"
war-time-speeches__jan-christiaan-smuts__1917,War-time speeches,Jan Christiaan Smuts,1950,false,1917,openlibrary,https://openlibrary.org/works/OL1179671W,en,"merged from 1 source rows (openlibrary); author death year from Wikidata (Q214321); PD via life+70 rule (death year 1950 + 71 <= 2026), independent of publication year"
washington-confidential__lait-jack__1951,Washington Confidential,"Lait, Jack",1954,false,1951,gutenberg,https://www.gutenberg.org/ebooks/63469,en,"merged from 1 source rows (gutenberg); publication year via Open Library (earliest edition found; not independently verified); 1 additional co-author(s) not recorded, primary author only"
watchers__richard-owen__unk,Watchers,Richard Owen,1892,false,,openlibrary,https://openlibrary.org/works/OL263297W,en,"merged from 1 source rows (openlibrary); author death year from Wikidata (Q151556); PD via life+70 rule (death year 1892 + 71 <= 2026), independent of publication year; publication year (1987) discarded as implausible (>50 years after author's death, likely a modern reprint/collected edition indexed by Open Library as 'first publish year'); needs manual research"
waverley-or-tis-sixty-years-since__scott-sir-walter__1800,"Waverley; or, 'Tis sixty years since ...","Scott, Sir Walter",,false,1800,openlibrary,https://openlibrary.org/works/OL31616714W,en,merged from 1 source rows (openlibrary); pd_basis=pub_year<=1930
waverunner__alexander-grin__unk,Waverunner,Alexander Grin,1932,false,,openlibrary,https://openlibrary.org/works/OL40101529W,en,"merged from 1 source rows (openlibrary); author death year from Wikidata (Q213997); PD via life+70 rule (death year 1932 + 71 <= 2026), independent of publication year; publication year (2012) discarded as implausible (>50 years after author's death, likely a modern reprint/collected edition indexed by Open Library as 'first publish year'); needs manual research"
weird-tales-volume-1-number-1-march-1923-the-unique-magazine__various__unk,"Weird Tales, Volume 1, Number 1, March 1923: The unique magazine",Various,,false,,gutenberg,https://www.gutenberg.org/ebooks/68957,en,merged from 1 source rows (gutenberg); publication year not found via Open Library; needs manual research; author death year unknown (Gutendex has no record)
weird-tales-volume-1-number-4-june-1923-the-unique-magazine__various__unk,"Weird Tales, Volume 1, Number 4, June, 1923: The unique magazine",Various,,false,,gutenberg,https://www.gutenberg.org/ebooks/69608,en,merged from 1 source rows (gutenberg); publication year not found via Open Library; needs manual research; author death year unknown (Gutendex has no record)
weltalter__friedrich-wilhelm-joseph-schelling__unk,Weltalter,Friedrich Wilhelm Joseph Schelling,1854,false,,openlibrary,https://openlibrary.org/works/OL510114W,en,"merged from 1 source rows (openlibrary); author death year from Wikidata (Q60070); PD via life+70 rule (death year 1854 + 71 <= 2026), independent of publication year; publication year (1942) discarded as implausible (>50 years after author's death, likely a modern reprint/collected edition indexed by Open Library as 'first publish year'); needs manual research"
werke-in-einem-band__joseph-von-eichendorff__unk,Werke in einem Band,Joseph von Eichendorff,1857,false,,openlibrary,https://openlibrary.org/works/OL685380W,en,"merged from 1 source rows (openlibrary); author death year from Wikidata (Q77204); PD via life+70 rule (death year 1857 + 71 <= 2026), independent of publication year; publication year (1951) discarded as implausible (>50 years after author's death, likely a modern reprint/collected edition indexed by Open Library as 'first publish year'); needs manual research"
werke-und-briefe__bettina-von-arnim__unk,Werke und Briefe,Bettina von Arnim,1859,false,,openlibrary,https://openlibrary.org/works/OL1989817W,en,"merged from 1 source rows (openlibrary); author death year from Wikidata (Q57236); PD via life+70 rule (death year 1859 + 71 <= 2026), independent of publication year; publication year (1959) discarded as implausible (>50 years after author's death, likely a modern reprint/collected edition indexed by Open Library as 'first publish year'); needs manual research"
wesen-des-christenthums__ludwig-feuerbach__1854,Wesen des Christenthums,Ludwig Feuerbach,1872,false,1854,openlibrary,https://openlibrary.org/works/OL1443040W,en,"merged from 1 source rows (openlibrary); author death year from Wikidata (Q76422); PD via life+70 rule (death year 1872 + 71 <= 2026), independent of publication year"
west-ostlicher-divan__friedrich-hebbel__1820,West-Östlicher Divan,Friedrich Hebbel,1863,false,1820,openlibrary,https://openlibrary.org/works/OL52659W,en,"merged from 1 source rows (openlibrary); author death year from Wikidata (Q57182); PD via life+70 rule (death year 1863 + 71 <= 2026), independent of publication year"
west-ostlicher-divan__friedrich-ruckert__1820,West-Östlicher Divan,Friedrich Rückert,1866,false,1820,openlibrary,https://openlibrary.org/works/OL52659W,en,"merged from 1 source rows (openlibrary); author death year from Wikidata (Q60644); PD via life+70 rule (death year 1866 + 71 <= 2026), independent of publication year"
west-ostlicher-divan__georg-brandes__unk,West-Östlicher Divan,Georg Brandes,1927,false,,openlibrary,https://openlibrary.org/works/OL52659W,en,"merged from 1 source rows (openlibrary); author death year from Wikidata (Q316045); PD via life+70 rule (death year 1927 + 71 <= 2026), independent of publication year; publication year (1820) discarded post-merge as implausible (more than 100 years before death (1927), implausible for a single lifetime); needs manual research"
west-ostlicher-divan__theodor-storm__1820,West-Östlicher Divan,Theodor Storm,1888,false,1820,openlibrary,https://openlibrary.org/works/OL52659W,en,"merged from 1 source rows (openlibrary); author death year from Wikidata (Q26993); PD via life+70 rule (death year 1888 + 71 <= 2026), independent of publication year"
what-katy-did__coolidge-susan__1873,What Katy Did,"Coolidge, Susan",,false,1873,openlibrary,https://openlibrary.org/works/OL5114586W,en,merged from 1 source rows (openlibrary); pd_basis=pub_year<=1930
what-will-people-say-a-novel__hughes-rupert__unk,What Will People Say? A Novel,"Hughes, Rupert",1956,false,,gutenberg,https://www.gutenberg.org/ebooks/38311,en,"merged from 1 source rows (gutenberg); Open Library match discarded: returned 2016, which is more than 5 years after author's death (1956) -- likely an indexed reprint rather than the original edition; needs manual research"
what-s-to-be-done__nikolay-chernyshevsky__unk,What's to Be Done?,Nikolay Chernyshevsky,1889,false,,openlibrary,https://openlibrary.org/works/OL24546468W,en,"merged from 1 source rows (openlibrary); author death year from Wikidata (Q192331); PD via life+70 rule (death year 1889 + 71 <= 2026), independent of publication year; publication year (2018) discarded as implausible (>50 years after author's death, likely a modern reprint/collected edition indexed by Open Library as 'first publish year'); needs manual research"
wheels__wilfred-owen__1967,Wheels,Wilfred Owen,1918,false,1967,openlibrary,https://openlibrary.org/works/OL659564W,en,"merged from 1 source rows (openlibrary); author death year from Wikidata (Q212719); PD via life+70 rule (death year 1918 + 71 <= 2026), independent of publication year"
when-the-mountain-fell__charles-ferdinand-ramuz__1947,When the Mountain Fell,Charles Ferdinand Ramuz,1947,false,1947,openlibrary,https://openlibrary.org/works/OL1246225W,en,"merged from 1 source rows (openlibrary); author death year from Wikidata (Q123635); PD via life+70 rule (death year 1947 + 71 <= 2026), independent of publication year"
where-angels-fear-to-tread__forster-e-m__1920,Where Angels Fear to Tread,"Forster, E. M.",,false,1920,openlibrary,https://openlibrary.org/works/OL88876W,en,merged from 1 source rows (openlibrary); pd_basis=pub_year<=1930
whisperer-in-darkness__h-p-lovecraft__unk,Whisperer in Darkness,H. P. Lovecraft,1937,false,,openlibrary,https://openlibrary.org/works/OL30034492W,en,"merged from 1 source rows (openlibrary); author death year from Wikidata (Q169566); PD via life+70 rule (death year 1937 + 71 <= 2026), independent of publication year; publication year (2019) discarded as implausible (>50 years after author's death, likely a modern reprint/collected edition indexed by Open Library as 'first publish year'); needs manual research"
whispers-from-eternity__paramahansa-yogananda__1935,Whispers from Eternity,Paramahansa Yogananda,1952,false,1935,openlibrary,https://openlibrary.org/works/OL528093W,en,"merged from 1 source rows (openlibrary); author death year from Wikidata (Q312549); PD via life+70 rule (death year 1952 + 71 <= 2026), independent of publication year"
white-fang__london-jack__1905,White Fang,"London, Jack",1916,false,1905,gutenberg+openlibrary,https://www.gutenberg.org/ebooks/910,en,merged from 2 source rows (gutenberg+openlibrary); publication year via Open Library (earliest edition found; not independently verified); pd_basis=pub_year<=1930
whitsongs__eino-leino__unk,Whitsongs,Eino Leino,1926,false,,openlibrary,https://openlibrary.org/works/OL870969W,en,"merged from 1 source rows (openlibrary); author death year from Wikidata (Q360079); PD via life+70 rule (death year 1926 + 71 <= 2026), independent of publication year; publication year (1978) discarded as implausible (>50 years after author's death, likely a modern reprint/collected edition indexed by Open Library as 'first publish year'); needs manual research"
whose-body__sayers-dorothy-l__1923,Whose Body?,"Sayers, Dorothy L.",,false,1923,openlibrary,https://openlibrary.org/works/OL2234917W,en,merged from 1 source rows (openlibrary); pd_basis=pub_year<=1930
whose-body-a-lord-peter-wimsey-novel__sayers-dorothy-l-dorothy-leigh__unk,Whose Body? A Lord Peter Wimsey Novel,"Sayers, Dorothy L. (Dorothy Leigh)",1957,false,,gutenberg,https://www.gutenberg.org/ebooks/58820,en,merged from 1 source rows (gutenberg); publication year not found via Open Library; needs manual research
why-should-we-change-our-form-of-government__nicholas-murray-butler__1912,Why should we change our form of government?,Nicholas Murray Butler,1947,false,1912,openlibrary,https://openlibrary.org/works/OL1110093W,en,"merged from 1 source rows (openlibrary); author death year from Wikidata (Q271517); PD via life+70 rule (death year 1947 + 71 <= 2026), independent of publication year"
why-sinclair-lewis-got-the-nobel-prize__erik-axel-karlfeldt__1931,Why Sinclair Lewis got the Nobel prize,Erik Axel Karlfeldt,1931,false,1931,openlibrary,https://openlibrary.org/works/OL3132614W,en,"merged from 1 source rows (openlibrary); author death year from Wikidata (Q134641); PD via life+70 rule (death year 1931 + 71 <= 2026), independent of publication year"
wildfire__grey-zane__1916,Wildfire,"Grey, Zane",,false,1916,openlibrary,https://openlibrary.org/works/OL485558W,en,merged from 1 source rows (openlibrary); pd_basis=pub_year<=1930
will-to-love__maximilian-kolbe__unk,Will to love,Maximilian Kolbe,1941,false,,openlibrary,https://openlibrary.org/works/OL8674364W,en,"merged from 1 source rows (openlibrary); author death year from Wikidata (Q153850); PD via life+70 rule (death year 1941 + 71 <= 2026), independent of publication year; publication year (1998) discarded as implausible (>50 years after author's death, likely a modern reprint/collected edition indexed by Open Library as 'first publish year'); needs manual research"
william-h-seward-s-travels-around-the-world__william-h-seward__1873,William H. Seward's travels around the world,William H. Seward,1872,false,1873,openlibrary,https://openlibrary.org/works/OL240403W,en,"merged from 1 source rows (openlibrary); author death year from Wikidata (Q297308); PD via life+70 rule (death year 1872 + 71 <= 2026), independent of publication year"
winds-of-doctrines__george-santayana__1913,Winds of doctrines,George Santayana,1952,false,1913,openlibrary,https://openlibrary.org/works/OL1862137W,en,"merged from 1 source rows (openlibrary); author death year from Wikidata (Q237833); PD via life+70 rule (death year 1952 + 71 <= 2026), independent of publication year"
winnetou__karl-may__1893,Winnetou,Karl May,1912,false,1893,openlibrary,https://openlibrary.org/works/OL83012W,en,"merged from 1 source rows (openlibrary); author death year from Wikidata (Q22714); PD via life+70 rule (death year 1912 + 71 <= 2026), independent of publication year"
winter-s-tale__shakespeare-william__1735,Winter's Tale,"Shakespeare, William",,false,1735,openlibrary,https://openlibrary.org/works/OL362687W,en,merged from 1 source rows (openlibrary); pd_basis=pub_year<=1930
winter-s-tale-adaptation__eugene-o-neill__1869,Winter's Tale (adaptation),Eugene O'Neill,1953,false,1869,openlibrary,https://openlibrary.org/works/OL20752814W,en,"merged from 1 source rows (openlibrary); author death year from Wikidata (Q93157); PD via life+70 rule (death year 1953 + 71 <= 2026), independent of publication year"
winter-s-tale-adaptation__john-muir__1869,Winter's Tale (adaptation),John Muir,1914,false,1869,openlibrary,https://openlibrary.org/works/OL20752814W,en,"merged from 1 source rows (openlibrary); author death year from Wikidata (Q379580); PD via life+70 rule (death year 1914 + 71 <= 2026), independent of publication year"
with-her-in-ourland__gilman-charlotte-perkins__1916,With her in Ourland,"Gilman, Charlotte Perkins",,false,1916,openlibrary,https://openlibrary.org/works/OL152238W,en,merged from 1 source rows (openlibrary); pd_basis=pub_year<=1930
witkacy__stanisaw-ignacy-witkiewicz__unk,Witkacy,Stanisław Ignacy Witkiewicz,1939,false,,openlibrary,https://openlibrary.org/works/OL23771239W,en,"merged from 1 source rows (openlibrary); author death year from Wikidata (Q381238); PD via life+70 rule (death year 1939 + 71 <= 2026), independent of publication year; publication year (1996) discarded as implausible (>50 years after author's death, likely a modern reprint/collected edition indexed by Open Library as 'first publish year'); needs manual research"
wizard__janifer-laurence-m__1985,Wizard,"Janifer, Laurence M.",2002,false,1985,gutenberg,https://www.gutenberg.org/ebooks/24375,en,merged from 1 source rows (gutenberg); publication year via Open Library (earliest edition found; not independently verified)
woman-in-the-nineteenth-century__margaret-fuller__1845,Woman in the nineteenth century,Margaret Fuller,1850,false,1845,openlibrary,https://openlibrary.org/works/OL76891W,en,"merged from 1 source rows (openlibrary); author death year from Wikidata (Q257953); PD via life+70 rule (death year 1850 + 71 <= 2026), independent of publication year"
women-and-economics__gilman-charlotte-perkins__1898,Women and economics,"Gilman, Charlotte Perkins",,false,1898,openlibrary,https://openlibrary.org/works/OL2772026W,en,merged from 1 source rows (openlibrary); pd_basis=pub_year<=1930
women-in-love__d-h-lawrence__1877,Women in Love,D. H. Lawrence,1930,false,1877,openlibrary,https://openlibrary.org/works/OL81294W,en,"merged from 1 source rows (openlibrary); author death year from Wikidata (Q34970); PD via life+70 rule (death year 1930 + 71 <= 2026), independent of publication year"
women-in-love__lawrence-d-h__1877,Women in Love,"Lawrence, D. H.",,false,1877,openlibrary,https://openlibrary.org/works/OL81294W,en,merged from 1 source rows (openlibrary); pd_basis=pub_year<=1930
women-who-wrote__edith-stein__unk,Women Who Wrote,Edith Stein,1942,false,,openlibrary,https://openlibrary.org/works/OL21893333W,en,"merged from 1 source rows (openlibrary); author death year from Wikidata (Q76749); PD via life+70 rule (death year 1942 + 71 <= 2026), independent of publication year; publication year (2020) discarded as implausible (>50 years after author's death, likely a modern reprint/collected edition indexed by Open Library as 'first publish year'); needs manual research"
words-of-ages__louisa-adams__unk,Words of Ages,Louisa Adams,1852,false,,openlibrary,https://openlibrary.org/works/OL14876177W,en,"merged from 1 source rows (openlibrary); author death year from Wikidata (Q233660); PD via life+70 rule (death year 1852 + 71 <= 2026), independent of publication year; publication year (2000) discarded as implausible (>50 years after author's death, likely a modern reprint/collected edition indexed by Open Library as 'first publish year'); needs manual research"
working-man-s-programme__ferdinand-lassalle__unk,Working Man's Programme,Ferdinand Lassalle,1864,false,,openlibrary,https://openlibrary.org/works/OL28489772W,en,"merged from 1 source rows (openlibrary); author death year from Wikidata (Q75784); PD via life+70 rule (death year 1864 + 71 <= 2026), independent of publication year; publication year (2018) discarded as implausible (>50 years after author's death, likely a modern reprint/collected edition indexed by Open Library as 'first publish year'); needs manual research"
works__ilia-chavchavadze__unk,Works,Ilia Chavchavadze,1907,false,,openlibrary,https://openlibrary.org/works/OL16199866W,en,"merged from 1 source rows (openlibrary); author death year from Wikidata (Q333411); PD via life+70 rule (death year 1907 + 71 <= 2026), independent of publication year; publication year (1987) discarded as implausible (>50 years after author's death, likely a modern reprint/collected edition indexed by Open Library as 'first publish year'); needs manual research"
works-awakening-beyond-the-bayou-desiree-s-baby-kiss-locket-ma-ame-pelagie-pair-of-silk-stockings-reflection-respectable-woman__kate-chopin__unk,Works (Awakening / Beyond the Bayou / Desiree's Baby / Kiss / Locket / Ma'ame Pelagie / Pair of Silk Stockings / Reflection / Respectable Woman),Kate Chopin,1904,false,,openlibrary,https://openlibrary.org/works/OL65438W,en,"merged from 1 source rows (openlibrary); author death year from Wikidata (Q230476); PD via life+70 rule (death year 1904 + 71 <= 2026), independent of publication year; publication year (1981) discarded as implausible (>50 years after author's death, likely a modern reprint/collected edition indexed by Open Library as 'first publish year'); needs manual research"
works-of-daniel-webster__daniel-webster__unk,Works of Daniel Webster ...,Daniel Webster,1852,false,,openlibrary,https://openlibrary.org/works/OL22225510W,en,"merged from 1 source rows (openlibrary); author death year from Wikidata (Q106231); PD via life+70 rule (death year 1852 + 71 <= 2026), independent of publication year; publication year (2015) discarded as implausible (>50 years after author's death, likely a modern reprint/collected edition indexed by Open Library as 'first publish year'); needs manual research"
works-of-robert-g-ingersoll__robert-green-ingersoll__unk,Works of Robert G. Ingersoll,Robert Green Ingersoll,1899,false,,openlibrary,https://openlibrary.org/works/OL8518526W,en,"merged from 1 source rows (openlibrary); author death year from Wikidata (Q469882); PD via life+70 rule (death year 1899 + 71 <= 2026), independent of publication year; publication year (1998) discarded as implausible (>50 years after author's death, likely a modern reprint/collected edition indexed by Open Library as 'first publish year'); needs manual research"
works__daniel-webster__1851,Works.,Daniel Webster,1852,false,1851,openlibrary,https://openlibrary.org/works/OL467808W,en,"merged from 1 source rows (openlibrary); author death year from Wikidata (Q106231); PD via life+70 rule (death year 1852 + 71 <= 2026), independent of publication year"
world-s-famous-orations__william-jennings-bryan__1906,World's Famous Orations,William Jennings Bryan,1925,false,1906,openlibrary,https://openlibrary.org/works/OL34281004W,en,"merged from 1 source rows (openlibrary); author death year from Wikidata (Q205282); PD via life+70 rule (death year 1925 + 71 <= 2026), independent of publication year"
wuthering-heights__bronte-emily__1846-2,Wuthering Heights,"Brontë, Emily",,false,1846,openlibrary,https://openlibrary.org/works/OL21177W,en,merged from 1 source rows (openlibrary); pd_basis=pub_year<=1930
wuthering-heights__bronte-emily__1846,Wuthering Heights,"Brontë, Emily",1848,false,1846,gutenberg,https://www.gutenberg.org/ebooks/768,en,merged from 1 source rows (gutenberg); publication year via Open Library (earliest edition found; not independently verified)
wyoming-birds-and-their-value-to-agriculture__benjamin-harrison__unk,Wyoming Birds and Their Value to Agriculture,Benjamin Harrison,1901,false,,openlibrary,https://openlibrary.org/works/OL24917702W,en,"merged from 1 source rows (openlibrary); author death year from Wikidata (Q35678); PD via life+70 rule (death year 1901 + 71 <= 2026), independent of publication year; publication year (2018) discarded as implausible (>50 years after author's death, likely a modern reprint/collected edition indexed by Open Library as 'first publish year'); needs manual research"
yama__aleksandr-kuprin__1977,Yama,Aleksandr Kuprin,1938,false,1977,openlibrary,https://openlibrary.org/works/OL8592998W,en,"merged from 1 source rows (openlibrary); author death year from Wikidata (Q271457); PD via life+70 rule (death year 1938 + 71 <= 2026), independent of publication year"
your-diamond-dreams-cut-open-my-arteries__else-lasker-schuler__1982,Your diamond dreams cut open my arteries,Else Lasker-Schüler,1945,false,1982,openlibrary,https://openlibrary.org/works/OL550701W,en,"merged from 1 source rows (openlibrary); author death year from Wikidata (Q58033); PD via life+70 rule (death year 1945 + 71 <= 2026), independent of publication year"
yuri-andropov-a-secret-passage-into-the-kremlin__vladimir-solovyov__unk,"Yuri Andropov, a secret passage into the Kremlin",Vladimir Solovyov,1900,false,,openlibrary,https://openlibrary.org/works/OL887634W,en,"merged from 1 source rows (openlibrary); author death year from Wikidata (Q282280); PD via life+70 rule (death year 1900 + 71 <= 2026), independent of publication year; publication year (1983) discarded as implausible (>50 years after author's death, likely a modern reprint/collected edition indexed by Open Library as 'first publish year'); needs manual research"
zahradnikuv-rok__josef-capek__1929,Zahradníkův rok,Josef Čapek,1945,false,1929,openlibrary,https://openlibrary.org/works/OL575638W,en,"merged from 1 source rows (openlibrary); author death year from Wikidata (Q454568); PD via life+70 rule (death year 1945 + 71 <= 2026), independent of publication year"
zakhar-berkut__ivan-franko__1902,Zakhar Berkut,Ivan Franko,1916,false,1902,openlibrary,https://openlibrary.org/works/OL856502W,en,"merged from 1 source rows (openlibrary); author death year from Wikidata (Q332462); PD via life+70 rule (death year 1916 + 71 <= 2026), independent of publication year"
zanoni__edward-bulwer-lytton__1842,Zanoni,Edward Bulwer-Lytton,1873,false,1842,openlibrary,https://openlibrary.org/works/OL61849W,en,"merged from 1 source rows (openlibrary); author death year from Wikidata (Q318462); PD via life+70 rule (death year 1873 + 71 <= 2026), independent of publication year"
zapiski-okhotnika__ivan-turgenev__1895,Zapiski okhotnika,Ivan Turgenev,1883,false,1895,openlibrary,https://openlibrary.org/works/OL43369W,en,"merged from 1 source rows (openlibrary); author death year from Wikidata (Q42831); PD via life+70 rule (death year 1883 + 71 <= 2026), independent of publication year"
zhivye-litsa__zinaida-gippius__1971,Zhivye lit͡s︡a,Zinaida Gippius,1945,false,1971,openlibrary,https://openlibrary.org/works/OL1723910W,en,"merged from 1 source rows (openlibrary); author death year from Wikidata (Q61940); PD via life+70 rule (death year 1945 + 71 <= 2026), independent of publication year"
zhongguo-xiao-shuo-shi-lue__lu-xun__1952,Zhongguo xiao shuo shi lue,Lu Xun,1936,false,1952,openlibrary,https://openlibrary.org/works/OL4468489W,en,"merged from 1 source rows (openlibrary); author death year from Wikidata (Q23114); PD via life+70 rule (death year 1936 + 71 <= 2026), independent of publication year"
zur-geschichte-der-proletarischen-frauenbewegung-deutschlands__clara-zetkin__unk,Zur Geschichte der Proletarischen Frauenbewegung Deutschlands,Clara Zetkin,1933,false,,openlibrary,https://openlibrary.org/works/OL34211768W,en,"merged from 1 source rows (openlibrary); author death year from Wikidata (Q75823); PD via life+70 rule (death year 1933 + 71 <= 2026), independent of publication year; publication year (2012) discarded as implausible (>50 years after author's death, likely a modern reprint/collected edition indexed by Open Library as 'first publish year'); needs manual research"
a-l-ombre-des-jeunes-filles-en-fleurs__marcel-proust__unk,À l'ombre des jeunes filles en fleurs,Marcel Proust,1922,false,,openlibrary,https://openlibrary.org/works/OL29549062W,en,"merged from 1 source rows (openlibrary); author death year from Wikidata (Q7199); PD via life+70 rule (death year 1922 + 71 <= 2026), independent of publication year; publication year (1657) discarded post-merge as implausible (more than 100 years before death (1922), implausible for a single lifetime); needs manual research"
a-rebours__huysmans-joris-karl__1884,À rebours,"Huysmans, Joris-Karl",,false,1884,openlibrary,https://openlibrary.org/works/OL2239396W,en,merged from 1 source rows (openlibrary); pd_basis=pub_year<=1930
a-rebours__joris-karl-huysmans__1884,À rebours,Joris-Karl Huysmans,1907,false,1884,openlibrary,https://openlibrary.org/works/OL2239396W,en,"merged from 1 source rows (openlibrary); author death year from Wikidata (Q210798); PD via life+70 rule (death year 1907 + 71 <= 2026), independent of publication year"
a-terre-et-en-l-air-memoires-du-geant__nadar__unk,À terre et en l'air - Mémoires du Géant,Nadar,1910,false,,openlibrary,https://openlibrary.org/works/OL24725971W,en,"merged from 1 source rows (openlibrary); author death year from Wikidata (Q40116); PD via life+70 rule (death year 1910 + 71 <= 2026), independent of publication year; publication year (2015) discarded as implausible (>50 years after author's death, likely a modern reprint/collected edition indexed by Open Library as 'first publish year'); needs manual research"
iosagan-agus-sgealta-eile__patrick-pearse__1907,"Íosagán, agus sgéalta eile",Patrick Pearse,1916,false,1907,openlibrary,https://openlibrary.org/works/OL2320411W,en,"merged from 1 source rows (openlibrary); author death year from Wikidata (Q274143); PD via life+70 rule (death year 1916 + 71 <= 2026), independent of publication year"
uber-die-spezielle-und-die-allgemeine-relativitatstheorie__albert-einstein__1917,Über die spezielle und die allgemeine Relativitätstheorie,Albert Einstein,1955,false,1917,openlibrary,https://openlibrary.org/works/OL1214190W,en,"merged from 1 source rows (openlibrary); author death year from Wikidata (Q937); PD via life+70 rule (death year 1955 + 71 <= 2026), independent of publication year"
uvres-completes__stephane-mallarme__1945,Œuvres complètes,Stéphane Mallarmé,1898,false,1945,openlibrary,https://openlibrary.org/works/OL574545W,en,"merged from 1 source rows (openlibrary); author death year from Wikidata (Q767); PD via life+70 rule (death year 1898 + 71 <= 2026), independent of publication year"
uvres-de-leconte-de-lisle__charles-marie-rene-leconte-de-lisle__1881,Œuvres de Leconte de Lisle,Charles Marie René Leconte de Lisle,1894,false,1881,openlibrary,https://openlibrary.org/works/OL4412972W,en,"merged from 1 source rows (openlibrary); author death year from Wikidata (Q309704); PD via life+70 rule (death year 1894 + 71 <= 2026), independent of publication year"
uvres-de-sully-prudhomme__sully-prudhomme__1900,Œuvres de Sully Prudhomme,Sully Prudhomme,1907,false,1900,openlibrary,https://openlibrary.org/works/OL5202369W,en,"merged from 1 source rows (openlibrary); author death year from Wikidata (Q42247); PD via life+70 rule (death year 1907 + 71 <= 2026), independent of publication year"
unknown__georgi-plekhanov__1894,Анархизм и социализм,Georgi Plekhanov,1918,false,1894,openlibrary,https://openlibrary.org/works/OL24474658W,en,"merged from 1 source rows (openlibrary); author death year from Wikidata (Q182905); PD via life+70 rule (death year 1918 + 71 <= 2026), independent of publication year"
unknown__leo-tolstoy__1876,Анна Каренина,Leo Tolstoy,1910,false,1876,openlibrary,https://openlibrary.org/works/OL267096W,en,"merged from 1 source rows (openlibrary); author death year from Wikidata (Q7243); PD via life+70 rule (death year 1910 + 71 <= 2026), independent of publication year"
unknown__mikhail-bulgakov__1969,Белая гвардия,Mikhail Bulgakov,1940,false,1969,openlibrary,https://openlibrary.org/works/OL260421W,en,"merged from 1 source rows (openlibrary); author death year from Wikidata (Q835); PD via life+70 rule (death year 1940 + 71 <= 2026), independent of publication year"
unknown__anton-chekhov__1918,Вишневый сад,Anton Chekhov,1904,false,1918,openlibrary,https://openlibrary.org/works/OL55417W,en,"merged from 1 source rows (openlibrary); author death year from Wikidata (Q5685); PD via life+70 rule (death year 1904 + 71 <= 2026), independent of publication year"
unknown__anton-chekhov__1897,Дядя Ваня,Anton Chekhov,1904,false,1897,openlibrary,https://openlibrary.org/works/OL55527W,en,"merged from 1 source rows (openlibrary); author death year from Wikidata (Q5685); PD via life+70 rule (death year 1904 + 71 <= 2026), independent of publication year"
unknown__fyodor-dostoyevsky__1864,Записки изъ подполья,Fyodor Dostoyevsky,1881,false,1864,openlibrary,https://openlibrary.org/works/OL21025633W,en,"merged from 1 source rows (openlibrary); author death year from Wikidata (Q991); PD via life+70 rule (death year 1881 + 71 <= 2026), independent of publication year"
unknown__ivan-franko__1922,Зів'яле листя,Ivan Franko,1916,false,1922,openlibrary,https://openlibrary.org/works/OL856498W,en,"merged from 1 source rows (openlibrary); author death year from Wikidata (Q332462); PD via life+70 rule (death year 1916 + 71 <= 2026), independent of publication year"
unknown__fyodor-dostoyevsky__1874,Идиот,Fyodor Dostoyevsky,1881,false,1874,openlibrary,https://openlibrary.org/works/OL166925W,en,"merged from 1 source rows (openlibrary); author death year from Wikidata (Q991); PD via life+70 rule (death year 1881 + 71 <= 2026), independent of publication year"
unknown__leon-trotsky__1931,История русской революции,Leon Trotsky,1940,false,1931,openlibrary,https://openlibrary.org/works/OL539186W,en,"merged from 1 source rows (openlibrary); author death year from Wikidata (Q33391); PD via life+70 rule (death year 1940 + 71 <= 2026), independent of publication year"
unknown__nikolai-ostrovsky__1936,Как закалялась сталь,Nikolai Ostrovsky,1936,false,1936,openlibrary,https://openlibrary.org/works/OL5174423W,en,"merged from 1 source rows (openlibrary); author death year from Wikidata (Q271853); PD via life+70 rule (death year 1936 + 71 <= 2026), independent of publication year"
unknown__taras-shevchenko__1860,Катерина,Taras Shevchenko,1861,false,1860,openlibrary,https://openlibrary.org/works/OL15276800W,en,"merged from 1 source rows (openlibrary); author death year from Wikidata (Q134958); PD via life+70 rule (death year 1861 + 71 <= 2026), independent of publication year"
unknown__taras-shevchenko__1840,Кобзар,Taras Shevchenko,1861,false,1840,openlibrary,https://openlibrary.org/works/OL717725W,en,"merged from 1 source rows (openlibrary); author death year from Wikidata (Q134958); PD via life+70 rule (death year 1861 + 71 <= 2026), independent of publication year"
unknown__mikhail-bulgakov__1966,Мастер и Маргарита,Mikhail Bulgakov,1940,false,1966,openlibrary,https://openlibrary.org/works/OL676009W,en,"merged from 1 source rows (openlibrary); author death year from Wikidata (Q835); PD via life+70 rule (death year 1940 + 71 <= 2026), independent of publication year"
unknown__ivan-franko__1905,Мойсей,Ivan Franko,1916,false,1905,openlibrary,https://openlibrary.org/works/OL856403W,en,"merged from 1 source rows (openlibrary); author death year from Wikidata (Q332462); PD via life+70 rule (death year 1916 + 71 <= 2026), independent of publication year"
unknown__yevgeny-zamyatin__1924,Мы,Yevgeny Zamyatin,1937,false,1924,openlibrary,https://openlibrary.org/works/OL10215W,en,"merged from 1 source rows (openlibrary); author death year from Wikidata (Q204868); PD via life+70 rule (death year 1937 + 71 <= 2026), independent of publication year"
unknown__ivan-goncharov__1913,Обломов,Ivan Goncharov,1891,false,1913,openlibrary,https://openlibrary.org/works/OL1139063W,en,"merged from 1 source rows (openlibrary); author death year from Wikidata (Q189665); PD via life+70 rule (death year 1891 + 71 <= 2026), independent of publication year"
unknown__ivan-turgenev__1867,Отцы и дети,Ivan Turgenev,1883,false,1867,openlibrary,https://openlibrary.org/works/OL43370W,en,"merged from 1 source rows (openlibrary); author death year from Wikidata (Q42831); PD via life+70 rule (death year 1883 + 71 <= 2026), independent of publication year"
unknown__leon-trotsky__1930,Перманентная революция,Leon Trotsky,1940,false,1930,openlibrary,https://openlibrary.org/works/OL538910W,en,"merged from 1 source rows (openlibrary); author death year from Wikidata (Q33391); PD via life+70 rule (death year 1940 + 71 <= 2026), independent of publication year"
unknown__ivan-vazov__1912,Под игото,Ivan Vazov,1921,false,1912,openlibrary,https://openlibrary.org/works/OL1118216W,en,"merged from 1 source rows (openlibrary); author death year from Wikidata (Q310630); PD via life+70 rule (death year 1921 + 71 <= 2026), independent of publication year"
unknown__fyodor-dostoyevsky__1866,Преступление и наказание,Fyodor Dostoyevsky,1881,false,1866,openlibrary,https://openlibrary.org/works/OL166894W,en,"merged from 1 source rows (openlibrary); author death year from Wikidata (Q991); PD via life+70 rule (death year 1881 + 71 <= 2026), independent of publication year"
unknown__aleksey-tolstoy__1930,Пётр Первый,Aleksey Tolstoy,1945,false,1930,openlibrary,https://openlibrary.org/works/OL1249815W,en,"merged from 1 source rows (openlibrary); author death year from Wikidata (Q192279); PD via life+70 rule (death year 1945 + 71 <= 2026), independent of publication year"
unknown__aleksey-tolstoy__1968,Репка,Aleksey Tolstoy,1945,false,1968,openlibrary,https://openlibrary.org/works/OL1249795W,en,"merged from 1 source rows (openlibrary); author death year from Wikidata (Q192279); PD via life+70 rule (death year 1945 + 71 <= 2026), independent of publication year"
unknown__andrei-bely__1910,Серебряный голубь,Andrei Bely,1934,false,1910,openlibrary,https://openlibrary.org/works/OL175544W,en,"merged from 1 source rows (openlibrary); author death year from Wikidata (Q212632); PD via life+70 rule (death year 1934 + 71 <= 2026), independent of publication year"
unknown__dmitry-merezhkovsky__1901,Смерть богов,Dmitry Merezhkovsky,1941,false,1901,openlibrary,https://openlibrary.org/works/OL15237702W,en,"merged from 1 source rows (openlibrary); author death year from Wikidata (Q326459); PD via life+70 rule (death year 1941 + 71 <= 2026), independent of publication year"
unknown__mikhail-bulgakov__1968,Собачье сердце,Mikhail Bulgakov,1940,false,1968,openlibrary,https://openlibrary.org/works/OL260422W,en,"merged from 1 source rows (openlibrary); author death year from Wikidata (Q835); PD via life+70 rule (death year 1940 + 71 <= 2026), independent of publication year"
unknown__anton-chekhov__1915,Чайка,Anton Chekhov,1904,false,1915,openlibrary,https://openlibrary.org/works/OL55403W,en,"merged from 1 source rows (openlibrary); author death year from Wikidata (Q5685); PD via life+70 rule (death year 1904 + 71 <= 2026), independent of publication year"
unknown__rabindranath-tagore__1924,গোরা,Rabindranath Tagore,1941,false,1924,openlibrary,https://openlibrary.org/works/OL308963W,en,"merged from 1 source rows (openlibrary); author death year from Wikidata (Q7241); PD via life+70 rule (death year 1941 + 71 <= 2026), independent of publication year"
unknown__osamu-dazai__1948,人間失格,Osamu Dazai,1948,false,1948,openlibrary,https://openlibrary.org/works/OL3923952W,en,"merged from 1 source rows (openlibrary); author death year from Wikidata (Q317685); PD via life+70 rule (death year 1948 + 71 <= 2026), independent of publication year"
unknown__natsume-soseki__1905,吾輩は猫である,Natsume Sōseki,1916,false,1905,openlibrary,https://openlibrary.org/works/OL1174971W,en,"merged from 1 source rows (openlibrary); author death year from Wikidata (Q180903); PD via life+70 rule (death year 1916 + 71 <= 2026), independent of publication year"
unknown__lu-xun__1973,野草,Lu Xun,1936,false,1973,openlibrary,https://openlibrary.org/works/OL4468488W,en,"merged from 1 source rows (openlibrary); author death year from Wikidata (Q23114); PD via life+70 rule (death year 1936 + 71 <= 2026), independent of publication year"
