book_id,title,author,author_death_year,author_death_year_disputed,publication_year,source,source_url,language,notes
moby-dick-or-the-whale__melville-herman__1851,"Moby Dick; Or, The Whale","Melville, Herman",1891,false,1851,gutenberg,https://www.gutenberg.org/ebooks/2701,en,publication year via Open Library (earliest edition found; not independently verified)
pride-and-prejudice__austen-jane__1813,Pride and Prejudice,"Austen, Jane",1817,false,1813,gutenberg,https://www.gutenberg.org/ebooks/1342,en,publication year via Open Library (earliest edition found; not independently verified)
a-room-with-a-view__forster-e-m-edward-morgan__1905,A Room with a View,"Forster, E. M. (Edward Morgan)",1970,false,1905,gutenberg,https://www.gutenberg.org/ebooks/2641,en,publication year via Open Library (earliest edition found; not independently verified)
the-odyssey-rendered-into-english-prose-for-the-use-of-those-who-cannot-read-the-original__homer__unk,The Odyssey: Rendered into English prose for the use of those who cannot read the original,Homer,-650,false,,gutenberg,https://www.gutenberg.org/ebooks/1727,en,"classical/ancient work (author died before 1400) -- original composition predates reliable publication-year records, not looked up automatically; needs manual research"
romeo-and-juliet__shakespeare-william__1595,Romeo and Juliet,"Shakespeare, William",1616,false,1595,gutenberg,https://www.gutenberg.org/ebooks/1513,en,publication year via Open Library (earliest edition found; not independently verified)
crime-and-punishment__dostoyevsky-fyodor__1866,Crime and Punishment,"Dostoyevsky, Fyodor",1881,false,1866,gutenberg,https://www.gutenberg.org/ebooks/2554,en,publication year via Open Library (earliest edition found; not independently verified)
the-mysteries-of-udolpho__radcliffe-ann-ward__1794,The Mysteries of Udolpho,"Radcliffe, Ann Ward",1823,false,1794,gutenberg,https://www.gutenberg.org/ebooks/3268,en,publication year via Open Library (earliest edition found; not independently verified)
carmen__merimee-prosper__unk,Carmen,"Mérimée, Prosper",1870,false,,gutenberg,https://www.gutenberg.org/ebooks/2465,en,"Open Library match discarded: returned 1800, which predates author's birth year (1803) -- likely a mismatched search result; needs manual research"
the-secret-of-chimneys__christie-agatha__1925,The Secret of Chimneys,"Christie, Agatha",1976,false,1925,gutenberg,https://www.gutenberg.org/ebooks/65238,en,publication year via Open Library (earliest edition found; not independently verified)
sense-and-sensibility__austen-jane__1811,Sense and Sensibility,"Austen, Jane",1817,false,1811,gutenberg,https://www.gutenberg.org/ebooks/21839,en,publication year via Open Library (earliest edition found; not independently verified)
the-green-mummy__hume-fergus__1908,The Green Mummy,"Hume, Fergus",1932,false,1908,gutenberg,https://www.gutenberg.org/ebooks/2868,en,publication year via Open Library (earliest edition found; not independently verified)
the-adventures-of-sherlock-holmes__doyle-arthur-conan__1892,The Adventures of Sherlock Holmes,"Doyle, Arthur Conan",1930,false,1892,gutenberg,https://www.gutenberg.org/ebooks/1661,en,publication year via Open Library (earliest edition found; not independently verified)
jane-eyre-an-autobiography__bronte-charlotte__1848,Jane Eyre: An Autobiography,"Brontë, Charlotte",1855,false,1848,gutenberg,https://www.gutenberg.org/ebooks/1260,en,publication year via Open Library (earliest edition found; not independently verified)
a-honeymoon-in-space__griffith-george-chetwynd__unk,A Honeymoon in Space,"Griffith, George Chetwynd",1906,false,,gutenberg,https://www.gutenberg.org/ebooks/19476,en,"Open Library match discarded: returned 1975, which is more than 5 years after author's death (1906) -- likely an indexed reprint rather than the original edition; needs manual research"
bidwell-s-travels-from-wall-street-to-london-prison-fifteen-years-in-solitude__bidwell-austin__2013,"Bidwell's Travels, from Wall Street to London Prison: Fifteen Years in Solitude","Bidwell, Austin",,false,2013,gutenberg,https://www.gutenberg.org/ebooks/24739,en,publication year via Open Library (earliest edition found; not independently verified); author death year unknown (Gutendex has no record)
the-misplaced-battleship__harrison-harry__2015,The Misplaced Battleship,"Harrison, Harry",2012,false,2015,gutenberg,https://www.gutenberg.org/ebooks/22541,en,publication year via Open Library (earliest edition found; not independently verified)
the-blue-castle-a-novel__montgomery-l-m-lucy-maud__1926,The Blue Castle: a novel,"Montgomery, L. M. (Lucy Maud)",1942,false,1926,gutenberg,https://www.gutenberg.org/ebooks/67979,en,publication year via Open Library (earliest edition found; not independently verified)
my-life-volume-1__wagner-richard__unk,My Life — Volume 1,"Wagner, Richard",1883,false,,gutenberg,https://www.gutenberg.org/ebooks/5197,en,"Open Library match discarded: returned 2006, which is more than 5 years after author's death (1883) -- likely an indexed reprint rather than the original edition; needs manual research"
alice-s-adventures-in-wonderland__carroll-lewis__unk,Alice's Adventures in Wonderland,"Carroll, Lewis",1898,false,,gutenberg,https://www.gutenberg.org/ebooks/11,en,"Open Library match discarded: returned 1800, which predates author's birth year (1832) -- likely a mismatched search result; needs manual research"
the-complete-works-of-william-shakespeare__shakespeare-william__1584,The Complete Works of William Shakespeare,"Shakespeare, William",1616,false,1584,gutenberg,https://www.gutenberg.org/ebooks/100,en,publication year via Open Library (earliest edition found; not independently verified)
the-monk-a-romance__lewis-m-g-matthew-gregory__unk,The Monk: A Romance,"Lewis, M. G. (Matthew Gregory)",1818,false,,gutenberg,https://www.gutenberg.org/ebooks/601,en,"Open Library match discarded: returned 2013, which is more than 5 years after author's death (1818) -- likely an indexed reprint rather than the original edition; needs manual research"
the-lady-of-the-lake__scott-walter__1800,The Lady of the Lake,"Scott, Walter",1832,false,1800,gutenberg,https://www.gutenberg.org/ebooks/3011,en,publication year via Open Library (earliest edition found; not independently verified)
dracula__stoker-bram__1897,Dracula,"Stoker, Bram",1912,false,1897,gutenberg,https://www.gutenberg.org/ebooks/345,en,publication year via Open Library (earliest edition found; not independently verified)
the-man-who-was-thursday-a-nightmare__chesterton-g-k-gilbert-keith__unk,The Man Who Was Thursday: A Nightmare,"Chesterton, G. K. (Gilbert Keith)",1936,false,,gutenberg,https://www.gutenberg.org/ebooks/1695,en,publication year not found via Open Library; needs manual research
the-extraordinary-adventures-of-arsene-lupin-gentleman-burglar__leblanc-maurice__unk,"The Extraordinary Adventures of Arsène Lupin, Gentleman-Burglar","Leblanc, Maurice",1941,false,,gutenberg,https://www.gutenberg.org/ebooks/6133,en,"Open Library match discarded: returned 1971, which is more than 5 years after author's death (1941) -- likely an indexed reprint rather than the original edition; needs manual research"
the-string-of-pearls-or-the-barber-of-fleet-street-a-domestic-romance__prest-thomas-peckett__unk,"The String of Pearls; Or, The Barber of Fleet Street. A Domestic Romance.","Prest, Thomas Peckett",1859,false,,gutenberg,https://www.gutenberg.org/ebooks/59828,en,"publication year not found via Open Library; needs manual research; 1 additional co-author(s) not recorded, primary author only"
meditations__marcus-aurelius-emperor-of-rome__unk,Meditations,"Marcus Aurelius, Emperor of Rome",180,false,,gutenberg,https://www.gutenberg.org/ebooks/2680,en,"classical/ancient work (author died before 1400) -- original composition predates reliable publication-year records, not looked up automatically; needs manual research"
the-yeoman-adventurer__gough-george-w__1916,The Yeoman Adventurer,"Gough, George W.",,false,1916,gutenberg,https://www.gutenberg.org/ebooks/7326,en,publication year via Open Library (earliest edition found; not independently verified); author death year unknown (Gutendex has no record)
middlemarch__eliot-george__unk,Middlemarch,"Eliot, George",1880,false,,gutenberg,https://www.gutenberg.org/ebooks/145,en,"Open Library match discarded: returned 1800, which predates author's birth year (1819) -- likely a mismatched search result; needs manual research"
four-arthurian-romances__chretien-de-troyes-active-12th-century__2016,Four Arthurian Romances,"Chrétien, de Troyes, active 12th century",,false,2016,gutenberg,https://www.gutenberg.org/ebooks/831,en,publication year via Open Library (earliest edition found; not independently verified); author death year unknown (Gutendex has no record)
thuvia-maid-of-mars__burroughs-edgar-rice__1916,"Thuvia, maid of Mars","Burroughs, Edgar Rice",1950,false,1916,gutenberg,https://www.gutenberg.org/ebooks/72,en,publication year via Open Library (earliest edition found; not independently verified)
manon-lescaut__prevost-abbe__1734,Manon Lescaut,"Prévost, abbé",1763,false,1734,gutenberg,https://www.gutenberg.org/ebooks/468,en,publication year via Open Library (earliest edition found; not independently verified)
eloisa-b-or-a-series-of-original-letters__rousseau-jean-jacques__unk,"Eloisa : $b or, A series of original letters","Rousseau, Jean-Jacques",1778,false,,gutenberg,https://www.gutenberg.org/ebooks/76639,en,publication year not found via Open Library; needs manual research
the-strange-case-of-dr-jekyll-and-mr-hyde__stevenson-robert-louis__1875,The strange case of Dr. Jekyll and Mr. Hyde,"Stevenson, Robert Louis",1894,false,1875,gutenberg,https://www.gutenberg.org/ebooks/43,en,publication year via Open Library (earliest edition found; not independently verified)
the-king-in-yellow__chambers-robert-w-robert-william__1895,The King in Yellow,"Chambers, Robert W. (Robert William)",1933,false,1895,gutenberg,https://www.gutenberg.org/ebooks/8492,en,publication year via Open Library (earliest edition found; not independently verified)
the-home-book-of-verse-volume-2__stevenson-burton-egbert__unk,The Home Book of Verse — Volume 2,"Stevenson, Burton Egbert",1962,false,,gutenberg,https://www.gutenberg.org/ebooks/2620,en,"Open Library match discarded: returned 2009, which is more than 5 years after author's death (1962) -- likely an indexed reprint rather than the original edition; needs manual research"
lorna-doone-a-romance-of-exmoor__blackmore-r-d-richard-doddridge__1855,Lorna Doone: A Romance of Exmoor,"Blackmore, R. D. (Richard Doddridge)",1900,false,1855,gutenberg,https://www.gutenberg.org/ebooks/17460,en,publication year via Open Library (earliest edition found; not independently verified)
the-love-letters-of-mary-wollstonecraft-to-gilbert-imlay__wollstonecraft-mary__unk,The Love Letters of Mary Wollstonecraft to Gilbert Imlay,"Wollstonecraft, Mary",1797,false,,gutenberg,https://www.gutenberg.org/ebooks/34413,en,"Open Library match discarded: returned 1908, which is more than 5 years after author's death (1797) -- likely an indexed reprint rather than the original edition; needs manual research"
a-farewell-to-arms__hemingway-ernest__1929,A farewell to arms,"Hemingway, Ernest",1961,false,1929,gutenberg,https://www.gutenberg.org/ebooks/75201,en,publication year via Open Library (earliest edition found; not independently verified)
the-count-of-monte-cristo__dumas-alexandre__unk,The Count of Monte Cristo,"Dumas, Alexandre",1870,false,,gutenberg,https://www.gutenberg.org/ebooks/1184,en,"Open Library match discarded: returned 1800, which predates author's birth year (1802) -- likely a mismatched search result; needs manual research; 1 additional co-author(s) not recorded, primary author only"
hypnerotomachia-the-strife-of-loue-in-a-dreame__colonna-francesco__unk,Hypnerotomachia: The Strife of Loue in a Dreame,"Colonna, Francesco",1527,false,,gutenberg,https://www.gutenberg.org/ebooks/18459,en,"Open Library match discarded: returned 1592, which is more than 5 years after author's death (1527) -- likely an indexed reprint rather than the original edition; needs manual research"
autobiography-of-benjamin-franklin__franklin-benjamin__unk,Autobiography of Benjamin Franklin,"Franklin, Benjamin",1790,false,,gutenberg,https://www.gutenberg.org/ebooks/20203,en,"Open Library match discarded: returned 1706, which predates author's birth year (1706) -- likely a mismatched search result; needs manual research"
the-mystery-of-edwin-drood__dickens-charles__unk,The Mystery of Edwin Drood,"Dickens, Charles",1870,false,,gutenberg,https://www.gutenberg.org/ebooks/564,en,"Open Library match discarded: returned 1800, which predates author's birth year (1812) -- likely a mismatched search result; needs manual research"
the-prairie-wife__stringer-arthur__1915,The Prairie Wife,"Stringer, Arthur",1950,false,1915,gutenberg,https://www.gutenberg.org/ebooks/18875,en,publication year via Open Library (earliest edition found; not independently verified)
the-confessions-of-st-augustine__augustine-of-hippo-saint__unk,The Confessions of St. Augustine,"Augustine, of Hippo, Saint",430,false,,gutenberg,https://www.gutenberg.org/ebooks/3296,en,"classical/ancient work (author died before 1400) -- original composition predates reliable publication-year records, not looked up automatically; needs manual research"
modern-english-biography-volume-2-of-4-i-q__boase-frederic__unk,"Modern English biography, volume 2 (of 4), I-Q","Boase, Frederic",1916,false,,gutenberg,https://www.gutenberg.org/ebooks/71046,en,publication year not found via Open Library; needs manual research
twenty-years-after__dumas-alexandre__1845,Twenty years after,"Dumas, Alexandre",1870,false,1845,gutenberg,https://www.gutenberg.org/ebooks/1259,en,"publication year via Open Library (earliest edition found; not independently verified); 1 additional co-author(s) not recorded, primary author only"
chambers-s-edinburgh-journal-no-452-volume-18-new-series-august-28-1852__various__unk,"Chambers's Edinburgh Journal, No. 452: Volume 18, New Series, August 28, 1852",Various,,false,,gutenberg,https://www.gutenberg.org/ebooks/22187,en,publication year not found via Open Library; needs manual research; author death year unknown (Gutendex has no record)
a-journey-to-the-centre-of-the-earth__verne-jules__unk,A Journey to the Centre of the Earth,"Verne, Jules",1905,false,,gutenberg,https://www.gutenberg.org/ebooks/18857,en,"Open Library match discarded: returned 1959, which is more than 5 years after author's death (1905) -- likely an indexed reprint rather than the original edition; needs manual research"
the-history-of-sir-richard-calmady-a-romance__malet-lucas__unk,The History of Sir Richard Calmady: A Romance,"Malet, Lucas",1931,false,,gutenberg,https://www.gutenberg.org/ebooks/23784,en,publication year not found via Open Library; needs manual research
the-romance-of-tristan-and-iseult__bedier-joseph__1904,The Romance of Tristan and Iseult,"Bédier, Joseph",1938,false,1904,gutenberg,https://www.gutenberg.org/ebooks/14244,en,publication year via Open Library (earliest edition found; not independently verified)
life-on-the-mississippi__twain-mark__1875,Life on the Mississippi,"Twain, Mark",1910,false,1875,gutenberg,https://www.gutenberg.org/ebooks/245,en,publication year via Open Library (earliest edition found; not independently verified)
the-interesting-narrative-of-the-life-of-olaudah-equiano-or-gustavus-vassa-the-african-written-by-himself__equiano-olaudah__unk,"The Interesting Narrative of the Life of Olaudah Equiano, Or Gustavus Vassa, The African: Written By Himself","Equiano, Olaudah",1797,false,,gutenberg,https://www.gutenberg.org/ebooks/15399,en,"Open Library match discarded: returned 2017, which is more than 5 years after author's death (1797) -- likely an indexed reprint rather than the original edition; needs manual research"
the-rover-boys-on-the-farm-or-last-days-at-putnam-hall__stratemeyer-edward__1908,"The Rover Boys on the Farm; or, Last Days at Putnam Hall","Stratemeyer, Edward",1930,false,1908,gutenberg,https://www.gutenberg.org/ebooks/22163,en,publication year via Open Library (earliest edition found; not independently verified)
the-blue-lagoon-a-romance__stacpoole-h-de-vere-henry-de-vere__unk,The Blue Lagoon: A Romance,"Stacpoole, H. De Vere (Henry De Vere)",1951,false,,gutenberg,https://www.gutenberg.org/ebooks/393,en,publication year not found via Open Library; needs manual research
henrietta-temple-a-love-story__disraeli-benjamin-earl-of-beaconsfield__1837,Henrietta Temple: A Love Story,"Disraeli, Benjamin, Earl of Beaconsfield",1881,false,1837,gutenberg,https://www.gutenberg.org/ebooks/19771,en,publication year via Open Library (earliest edition found; not independently verified)
catriona__stevenson-robert-louis__1892,Catriona,"Stevenson, Robert Louis",1894,false,1892,gutenberg,https://www.gutenberg.org/ebooks/589,en,publication year via Open Library (earliest edition found; not independently verified)
gulliver-s-travels-into-several-remote-regions-of-the-world__swift-jonathan__unk,Gulliver's Travels into Several Remote Regions of the World,"Swift, Jonathan",1745,false,,gutenberg,https://www.gutenberg.org/ebooks/17157,en,"Open Library match discarded: returned 1875, which is more than 5 years after author's death (1745) -- likely an indexed reprint rather than the original edition; needs manual research"
the-green-mouse__chambers-robert-w-robert-william__1910,The Green Mouse,"Chambers, Robert W. (Robert William)",1933,false,1910,gutenberg,https://www.gutenberg.org/ebooks/10441,en,publication year via Open Library (earliest edition found; not independently verified)
the-hand-in-the-dark__rees-arthur-j-arthur-john__1920,The Hand in the Dark,"Rees, Arthur J. (Arthur John)",1942,false,1920,gutenberg,https://www.gutenberg.org/ebooks/20546,en,publication year via Open Library (earliest edition found; not independently verified)
a-study-in-scarlet__doyle-arthur-conan__unk,A Study in Scarlet,"Doyle, Arthur Conan",1930,false,,gutenberg,https://www.gutenberg.org/ebooks/244,en,"Open Library match discarded: returned 1800, which predates author's birth year (1859) -- likely a mismatched search result; needs manual research"
time-crime__piper-h-beam__unk,Time Crime,"Piper, H. Beam",1964,false,,gutenberg,https://www.gutenberg.org/ebooks/18151,en,"Open Library match discarded: returned 2006, which is more than 5 years after author's death (1964) -- likely an indexed reprint rather than the original edition; needs manual research"
little-women-or-meg-jo-beth-and-amy__alcott-louisa-may__1869,"Little Women; Or, Meg, Jo, Beth, and Amy","Alcott, Louisa May",1888,false,1869,gutenberg,https://www.gutenberg.org/ebooks/37106,en,publication year via Open Library (earliest edition found; not independently verified)
lone-star-planet__piper-h-beam__1961,Lone Star Planet,"Piper, H. Beam",1964,false,1961,gutenberg,https://www.gutenberg.org/ebooks/20121,en,"publication year via Open Library (earliest edition found; not independently verified); 1 additional co-author(s) not recorded, primary author only"
torchy-and-vee__ford-sewell__1919,Torchy and Vee,"Ford, Sewell",1946,false,1919,gutenberg,https://www.gutenberg.org/ebooks/20628,en,publication year via Open Library (earliest edition found; not independently verified)
erotica-romana__goethe-johann-wolfgang-von__1832,Erotica Romana,"Goethe, Johann Wolfgang von",1832,false,1832,gutenberg,https://www.gutenberg.org/ebooks/7889,en,publication year via Open Library (earliest edition found; not independently verified)
i-am-a-woman__bannon-ann__1959,I am a woman,"Bannon, Ann",,false,1959,gutenberg,https://www.gutenberg.org/ebooks/76178,en,publication year via Open Library (earliest edition found; not independently verified); author death year unknown (Gutendex has no record)
the-empty-house-and-other-ghost-stories__blackwood-algernon__1906,The Empty House and Other Ghost Stories,"Blackwood, Algernon",1951,false,1906,gutenberg,https://www.gutenberg.org/ebooks/14471,en,publication year via Open Library (earliest edition found; not independently verified)
the-countess-of-pembroke-s-arcadia__sidney-philip__1590,The Countess of Pembroke's Arcadia,"Sidney, Philip",1586,false,1590,gutenberg,https://www.gutenberg.org/ebooks/70854,en,publication year via Open Library (earliest edition found; not independently verified)
the-gay-cockade__bailey-temple__1921,The Gay Cockade,"Bailey, Temple",1953,false,1921,gutenberg,https://www.gutenberg.org/ebooks/16433,en,publication year via Open Library (earliest edition found; not independently verified)
the-hound-of-the-baskervilles__doyle-arthur-conan__1900,The Hound of the Baskervilles,"Doyle, Arthur Conan",1930,false,1900,gutenberg,https://www.gutenberg.org/ebooks/2852,en,publication year via Open Library (earliest edition found; not independently verified)
the-damned-thing-1898-from-in-the-midst-of-life__bierce-ambrose__unk,"The Damned Thing: 1898, From ""In the Midst of Life""","Bierce, Ambrose",1913,false,,gutenberg,https://www.gutenberg.org/ebooks/23172,en,publication year not found via Open Library; needs manual research
the-real-adventure__webster-henry-kitchell__1916,The Real Adventure,"Webster, Henry Kitchell",1932,false,1916,gutenberg,https://www.gutenberg.org/ebooks/15384,en,publication year via Open Library (earliest edition found; not independently verified)
the-ambulance-made-two-trips__leinster-murray__unk,The Ambulance Made Two Trips,"Leinster, Murray",1975,false,,gutenberg,https://www.gutenberg.org/ebooks/24149,en,publication year not found via Open Library; needs manual research
the-big-fix__smith-george-o-george-oliver__unk,The Big Fix,"Smith, George O. (George Oliver)",1981,false,,gutenberg,https://www.gutenberg.org/ebooks/23599,en,publication year not found via Open Library; needs manual research
the-daughter-of-anderson-crow__mccutcheon-george-barr__1907,The Daughter of Anderson Crow,"McCutcheon, George Barr",1928,false,1907,gutenberg,https://www.gutenberg.org/ebooks/14818,en,publication year via Open Library (earliest edition found; not independently verified)
eighty-years-and-more-reminiscences-1815-1897__stanton-elizabeth-cady__1897,Eighty Years and More; Reminiscences 1815-1897,"Stanton, Elizabeth Cady",1902,false,1897,gutenberg,https://www.gutenberg.org/ebooks/11982,en,publication year via Open Library (earliest edition found; not independently verified)
the-works-of-edgar-allan-poe-volume-2__poe-edgar-allan__unk,The Works of Edgar Allan Poe — Volume 2,"Poe, Edgar Allan",1849,false,,gutenberg,https://www.gutenberg.org/ebooks/2148,en,"Open Library match discarded: returned 2013, which is more than 5 years after author's death (1849) -- likely an indexed reprint rather than the original edition; needs manual research"
narrative-of-the-life-of-frederick-douglass-an-american-slave__douglass-frederick__1845,"Narrative of the Life of Frederick Douglass, an American Slave","Douglass, Frederick",1895,false,1845,gutenberg,https://www.gutenberg.org/ebooks/23,en,publication year via Open Library (earliest edition found; not independently verified)
by-advice-of-counsel__train-arthur-cheney__1914,By Advice of Counsel,"Train, Arthur Cheney",1945,false,1914,gutenberg,https://www.gutenberg.org/ebooks/11987,en,publication year via Open Library (earliest edition found; not independently verified)
love-and-freindship-sic__austen-jane__unk,Love and Freindship [sic],"Austen, Jane",1817,false,,gutenberg,https://www.gutenberg.org/ebooks/1212,en,"Open Library match discarded: returned 1978, which is more than 5 years after author's death (1817) -- likely an indexed reprint rather than the original edition; needs manual research"
friday-the-thirteenth-a-novel__lawson-thomas-william__unk,"Friday, the Thirteenth: A Novel","Lawson, Thomas William",1925,false,,gutenberg,https://www.gutenberg.org/ebooks/12345,en,publication year not found via Open Library; needs manual research
sonnets-from-the-portuguese__browning-elizabeth-barrett__1826,Sonnets from the Portuguese,"Browning, Elizabeth Barrett",1861,false,1826,gutenberg,https://www.gutenberg.org/ebooks/2002,en,publication year via Open Library (earliest edition found; not independently verified)
complete-short-works-of-george-meredith__meredith-george__unk,Complete Short Works of George Meredith,"Meredith, George",1909,false,,gutenberg,https://www.gutenberg.org/ebooks/4499,en,"Open Library match discarded: returned 2006, which is more than 5 years after author's death (1909) -- likely an indexed reprint rather than the original edition; needs manual research"
camille-la-dame-aux-camilias__dumas-alexandre__unk,Camille (La Dame aux Camilias),"Dumas, Alexandre",1895,false,,gutenberg,https://www.gutenberg.org/ebooks/1608,en,publication year not found via Open Library; needs manual research
a-pair-of-blue-eyes__hardy-thomas__unk,A pair of blue eyes,"Hardy, Thomas",1928,false,,gutenberg,https://www.gutenberg.org/ebooks/224,en,"Open Library match discarded: returned 1800, which predates author's birth year (1840) -- likely a mismatched search result; needs manual research"
as-you-like-it__shakespeare-william__unk,As You Like It,"Shakespeare, William",1616,false,,gutenberg,https://www.gutenberg.org/ebooks/1523,en,"Open Library match discarded: returned 1734, which is more than 5 years after author's death (1616) -- likely an indexed reprint rather than the original edition; needs manual research"
india-s-love-lyrics__hope-laurence__1902,India's Love Lyrics,"Hope, Laurence",1904,false,1902,gutenberg,https://www.gutenberg.org/ebooks/8197,en,publication year via Open Library (earliest edition found; not independently verified)
undine__la-motte-fouque-friedrich-heinrich-karl-freiherr-de__1800,Undine,"La Motte-Fouqué, Friedrich Heinrich Karl, Freiherr de",1843,false,1800,gutenberg,https://www.gutenberg.org/ebooks/2825,en,publication year via Open Library (earliest edition found; not independently verified)
the-merry-adventures-of-robin-hood__pyle-howard__1883,The Merry Adventures of Robin Hood,"Pyle, Howard",1911,false,1883,gutenberg,https://www.gutenberg.org/ebooks/10148,en,publication year via Open Library (earliest edition found; not independently verified)
incidents-in-the-life-of-a-slave-girl-written-by-herself__jacobs-harriet-a-harriet-ann__unk,"Incidents in the Life of a Slave Girl, Written by Herself","Jacobs, Harriet A. (Harriet Ann)",1897,false,,gutenberg,https://www.gutenberg.org/ebooks/11030,en,"Open Library match discarded: returned 2006, which is more than 5 years after author's death (1897) -- likely an indexed reprint rather than the original edition; needs manual research"
the-red-lily-complete__france-anatole__unk,The Red Lily — Complete,"France, Anatole",1924,false,,gutenberg,https://www.gutenberg.org/ebooks/3922,en,"Open Library match discarded: returned 2006, which is more than 5 years after author's death (1924) -- likely an indexed reprint rather than the original edition; needs manual research"
monte-cristo-s-daughter__flagg-edmund__1886,Monte-Cristo's Daughter,"Flagg, Edmund",1890,false,1886,gutenberg,https://www.gutenberg.org/ebooks/23184,en,publication year via Open Library (earliest edition found; not independently verified)
around-the-world-in-eighty-days__verne-jules__1873,Around the World in Eighty Days,"Verne, Jules",1905,false,1873,gutenberg,https://www.gutenberg.org/ebooks/103,en,publication year via Open Library (earliest edition found; not independently verified)
the-landloper-the-romance-of-a-man-on-foot__day-holman__unk,The Landloper: The Romance of a Man on Foot,"Day, Holman",1935,false,,gutenberg,https://www.gutenberg.org/ebooks/4712,en,"Open Library match discarded: returned 2020, which is more than 5 years after author's death (1935) -- likely an indexed reprint rather than the original edition; needs manual research"
a-romance-of-billy-goat-hill__rice-alice-caldwell-hegan__1912,A Romance of Billy-Goat Hill,"Rice, Alice Caldwell Hegan",1942,false,1912,gutenberg,https://www.gutenberg.org/ebooks/6635,en,publication year via Open Library (earliest edition found; not independently verified)
the-works-of-edgar-allan-poe-volume-1__poe-edgar-allan__unk,The Works of Edgar Allan Poe — Volume 1,"Poe, Edgar Allan",1849,false,,gutenberg,https://www.gutenberg.org/ebooks/2147,en,"Open Library match discarded: returned 1965, which is more than 5 years after author's death (1849) -- likely an indexed reprint rather than the original edition; needs manual research"
the-innocence-of-father-brown__chesterton-g-k-gilbert-keith__unk,The innocence of Father Brown,"Chesterton, G. K. (Gilbert Keith)",1936,false,,gutenberg,https://www.gutenberg.org/ebooks/204,en,"Open Library match discarded: returned 1583, which predates author's birth year (1874) -- likely a mismatched search result; needs manual research"
autobiography-of-a-yogi__yogananda-paramahansa__1946,Autobiography of a Yogi,"Yogananda, Paramahansa",1952,false,1946,gutenberg,https://www.gutenberg.org/ebooks/7452,en,publication year via Open Library (earliest edition found; not independently verified)
the-house-on-the-borderland__hodgson-william-hope__unk,The House on the Borderland,"Hodgson, William Hope",1918,false,,gutenberg,https://www.gutenberg.org/ebooks/10002,en,"Open Library match discarded: returned 1946, which is more than 5 years after author's death (1918) -- likely an indexed reprint rather than the original edition; needs manual research"
lady-audley-s-secret__braddon-m-e-mary-elizabeth__1862,Lady Audley's Secret,"Braddon, M. E. (Mary Elizabeth)",1915,false,1862,gutenberg,https://www.gutenberg.org/ebooks/8954,en,publication year via Open Library (earliest edition found; not independently verified)
the-lives-of-the-twelve-caesars-complete__suetonius__2006,"The Lives of the Twelve Caesars, Complete",Suetonius,,false,2006,gutenberg,https://www.gutenberg.org/ebooks/6400,en,publication year via Open Library (earliest edition found; not independently verified); author death year unknown (Gutendex has no record)
the-car-of-destiny__williamson-c-n-charles-norris__unk,The Car of Destiny,"Williamson, C. N. (Charles Norris)",1920,false,,gutenberg,https://www.gutenberg.org/ebooks/23500,en,"publication year not found via Open Library; needs manual research; 1 additional co-author(s) not recorded, primary author only"
the-sign-of-the-four__doyle-arthur-conan__1889,The Sign of the Four,"Doyle, Arthur Conan",1930,false,1889,gutenberg,https://www.gutenberg.org/ebooks/2097,en,publication year via Open Library (earliest edition found; not independently verified)
the-turn-of-the-screw__james-henry__1898,The Turn of the Screw,"James, Henry",1916,false,1898,gutenberg,https://www.gutenberg.org/ebooks/209,en,publication year via Open Library (earliest edition found; not independently verified)
the-sorrows-of-young-werther__goethe-johann-wolfgang-von__unk,The Sorrows of Young Werther,"Goethe, Johann Wolfgang von",1832,false,,gutenberg,https://www.gutenberg.org/ebooks/2527,en,"Open Library match discarded: returned 1882, which is more than 5 years after author's death (1832) -- likely an indexed reprint rather than the original edition; needs manual research"
the-wisdom-of-father-brown__chesterton-g-k-gilbert-keith__1913,The wisdom of Father Brown,"Chesterton, G. K. (Gilbert Keith)",1936,false,1913,gutenberg,https://www.gutenberg.org/ebooks/223,en,publication year via Open Library (earliest edition found; not independently verified)
the-diary-of-samuel-pepys-complete__pepys-samuel__unk,The Diary of Samuel Pepys — Complete,"Pepys, Samuel",1703,false,,gutenberg,https://www.gutenberg.org/ebooks/4200,en,publication year not found via Open Library; needs manual research
the-czar-s-spy-the-mystery-of-a-silent-love__le-queux-william__unk,The Czar's Spy: The Mystery of a Silent Love,"Le Queux, William",1927,false,,gutenberg,https://www.gutenberg.org/ebooks/10102,en,publication year not found via Open Library; needs manual research
the-return-of-sherlock-holmes__doyle-arthur-conan__1903,The Return of Sherlock Holmes,"Doyle, Arthur Conan",1930,false,1903,gutenberg,https://www.gutenberg.org/ebooks/108,en,publication year via Open Library (earliest edition found; not independently verified)
the-mysterious-affair-at-styles__christie-agatha__1920,The Mysterious Affair at Styles,"Christie, Agatha",1976,false,1920,gutenberg,https://www.gutenberg.org/ebooks/863,en,publication year via Open Library (earliest edition found; not independently verified)
the-memoirs-of-sherlock-holmes__doyle-arthur-conan__1894,The Memoirs of Sherlock Holmes,"Doyle, Arthur Conan",1930,false,1894,gutenberg,https://www.gutenberg.org/ebooks/834,en,publication year via Open Library (earliest edition found; not independently verified)
frankenstein-or-the-modern-prometheus__shelley-mary-wollstonecraft__1818,"Frankenstein; or, the modern prometheus","Shelley, Mary Wollstonecraft",1851,false,1818,gutenberg,https://www.gutenberg.org/ebooks/84,en,publication year via Open Library (earliest edition found; not independently verified)
the-phantom-of-the-opera__leroux-gaston__1910,The Phantom of the Opera,"Leroux, Gaston",1927,false,1910,gutenberg,https://www.gutenberg.org/ebooks/175,en,publication year via Open Library (earliest edition found; not independently verified)
the-germany-and-the-agricola-of-tacitus__tacitus-cornelius__unk,The Germany and the Agricola of Tacitus,"Tacitus, Cornelius",117,false,,gutenberg,https://www.gutenberg.org/ebooks/7524,en,"classical/ancient work (author died before 1400) -- original composition predates reliable publication-year records, not looked up automatically; needs manual research"
set-in-silver__williamson-c-n-charles-norris__unk,Set in Silver,"Williamson, C. N. (Charles Norris)",1920,false,,gutenberg,https://www.gutenberg.org/ebooks/19412,en,"Open Library match discarded: returned 2012, which is more than 5 years after author's death (1920) -- likely an indexed reprint rather than the original edition; needs manual research; 1 additional co-author(s) not recorded, primary author only"
the-heather-moon__williamson-c-n-charles-norris__unk,The Heather-Moon,"Williamson, C. N. (Charles Norris)",1920,false,,gutenberg,https://www.gutenberg.org/ebooks/19742,en,"publication year not found via Open Library; needs manual research; 1 additional co-author(s) not recorded, primary author only"
the-woman-in-white__collins-wilkie__unk,The Woman in White,"Collins, Wilkie",1889,false,,gutenberg,https://www.gutenberg.org/ebooks/583,en,"Open Library match discarded: returned 1800, which predates author's birth year (1824) -- likely a mismatched search result; needs manual research"
a-midsummer-night-s-dream__shakespeare-william__1600,A Midsummer Night's Dream,"Shakespeare, William",1616,false,1600,gutenberg,https://www.gutenberg.org/ebooks/1514,en,publication year via Open Library (earliest edition found; not independently verified)
the-entailed-hat-or-patty-cannon-s-times__townsend-george-alfred__unk,"The Entailed Hat; Or, Patty Cannon's Times","Townsend, George Alfred",1914,false,,gutenberg,https://www.gutenberg.org/ebooks/19146,en,publication year not found via Open Library; needs manual research
de-profundis__wilde-oscar__1897,De Profundis,"Wilde, Oscar",1900,false,1897,gutenberg,https://www.gutenberg.org/ebooks/921,en,publication year via Open Library (earliest edition found; not independently verified)
the-moonstone__collins-wilkie__unk,The Moonstone,"Collins, Wilkie",1889,false,,gutenberg,https://www.gutenberg.org/ebooks/155,en,"Open Library match discarded: returned 1800, which predates author's birth year (1824) -- likely a mismatched search result; needs manual research"
the-murder-of-roger-ackroyd__christie-agatha__1926,The murder of Roger Ackroyd,"Christie, Agatha",1976,false,1926,gutenberg,https://www.gutenberg.org/ebooks/69087,en,publication year via Open Library (earliest edition found; not independently verified)
trial-by-water__wright-sewell-peaslee__unk,Trial by water,"Wright, Sewell Peaslee",1970,false,,gutenberg,https://www.gutenberg.org/ebooks/76668,en,publication year not found via Open Library; needs manual research
the-secret-adversary__christie-agatha__1922,The Secret Adversary,"Christie, Agatha",1976,false,1922,gutenberg,https://www.gutenberg.org/ebooks/1155,en,publication year via Open Library (earliest edition found; not independently verified)
the-valley-of-fear__doyle-arthur-conan__1914,The Valley of Fear,"Doyle, Arthur Conan",1930,false,1914,gutenberg,https://www.gutenberg.org/ebooks/3289,en,publication year via Open Library (earliest edition found; not independently verified)
biographia-literaria__coleridge-samuel-taylor__1817,Biographia Literaria,"Coleridge, Samuel Taylor",1834,false,1817,gutenberg,https://www.gutenberg.org/ebooks/6081,en,publication year via Open Library (earliest edition found; not independently verified)
his-last-bow-b-some-later-reminiscences-of-sherlock-holmes__doyle-arthur-conan__unk,His last bow : $b Some later reminiscences of Sherlock Holmes,"Doyle, Arthur Conan",1930,false,,gutenberg,https://www.gutenberg.org/ebooks/2350,en,publication year not found via Open Library; needs manual research
celebrated-crimes-complete__dumas-alexandre__unk,Celebrated Crimes (Complete),"Dumas, Alexandre",1870,false,,gutenberg,https://www.gutenberg.org/ebooks/2760,en,"Open Library match discarded: returned 2003, which is more than 5 years after author's death (1870) -- likely an indexed reprint rather than the original edition; needs manual research"
oliver-twist-vol-2-of-3__dickens-charles__unk,"Oliver Twist, Vol. 2 (of 3)","Dickens, Charles",1870,false,,gutenberg,https://www.gutenberg.org/ebooks/47530,en,"Open Library match discarded: returned 2016, which is more than 5 years after author's death (1870) -- likely an indexed reprint rather than the original edition; needs manual research"
anarchism-and-other-essays__goldman-emma__1910,Anarchism and Other Essays,"Goldman, Emma",1940,false,1910,gutenberg,https://www.gutenberg.org/ebooks/2162,en,publication year via Open Library (earliest edition found; not independently verified)
the-adventures-of-tom-sawyer-complete__twain-mark__1875,"The Adventures of Tom Sawyer, Complete","Twain, Mark",1910,false,1875,gutenberg,https://www.gutenberg.org/ebooks/74,en,publication year via Open Library (earliest edition found; not independently verified)
paul-clifford-complete__lytton-edward-bulwer-lytton-baron__unk,Paul Clifford — Complete,"Lytton, Edward Bulwer Lytton, Baron",1873,false,,gutenberg,https://www.gutenberg.org/ebooks/7735,en,publication year not found via Open Library; needs manual research
life-and-letters-of-charles-darwin-volume-1__darwin-charles__unk,Life and Letters of Charles Darwin — Volume 1,"Darwin, Charles",1882,false,,gutenberg,https://www.gutenberg.org/ebooks/2087,en,"Open Library match discarded: returned 2007, which is more than 5 years after author's death (1882) -- likely an indexed reprint rather than the original edition; needs manual research"
ghost-stories-of-an-antiquary__james-m-r-montague-rhodes__1904,Ghost Stories of an Antiquary,"James, M. R. (Montague Rhodes)",1936,false,1904,gutenberg,https://www.gutenberg.org/ebooks/8486,en,publication year via Open Library (earliest edition found; not independently verified)
reminiscences-of-a-stock-operator__lefevre-edwin__1923,Reminiscences of a Stock Operator,"Lefevre, Edwin",1943,false,1923,gutenberg,https://www.gutenberg.org/ebooks/60979,en,publication year via Open Library (earliest edition found; not independently verified)
the-riddle-of-the-sands__childers-erskine__1903,The Riddle of the Sands,"Childers, Erskine",1922,false,1903,gutenberg,https://www.gutenberg.org/ebooks/2360,en,publication year via Open Library (earliest edition found; not independently verified)
more-letters-of-charles-darwin-volume-1-a-record-of-his-work-in-a-series-of-hitherto-unpublished-letters__darwin-charles__unk,More Letters of Charles Darwin — Volume 1: A Record of His Work in a Series of Hitherto Unpublished Letters,"Darwin, Charles",1882,false,,gutenberg,https://www.gutenberg.org/ebooks/2739,en,publication year not found via Open Library; needs manual research
the-secret-agent-a-simple-tale__conrad-joseph__1924,The Secret Agent: A Simple Tale,"Conrad, Joseph",1924,false,1924,gutenberg,https://www.gutenberg.org/ebooks/974,en,publication year via Open Library (earliest edition found; not independently verified)
the-thirty-nine-steps__buchan-john__1915,The Thirty-Nine Steps,"Buchan, John",1940,false,1915,gutenberg,https://www.gutenberg.org/ebooks/558,en,publication year via Open Library (earliest edition found; not independently verified)
the-mystery-of-the-yellow-room__leroux-gaston__1928,The Mystery of the Yellow Room,"Leroux, Gaston",1927,false,1928,gutenberg,https://www.gutenberg.org/ebooks/1685,en,publication year via Open Library (earliest edition found; not independently verified)
the-call-of-cthulhu__lovecraft-h-p-howard-phillips__1928,The call of Cthulhu,"Lovecraft, H. P. (Howard Phillips)",1937,false,1928,gutenberg,https://www.gutenberg.org/ebooks/68283,en,publication year via Open Library (earliest edition found; not independently verified)
the-red-house-mystery__milne-a-a-alan-alexander__1922,The Red House Mystery,"Milne, A. A. (Alan Alexander)",1956,false,1922,gutenberg,https://www.gutenberg.org/ebooks/1872,en,publication year via Open Library (earliest edition found; not independently verified)
the-cask-of-amontillado__poe-edgar-allan__1846,The Cask of Amontillado,"Poe, Edgar Allan",1849,false,1846,gutenberg,https://www.gutenberg.org/ebooks/1063,en,publication year via Open Library (earliest edition found; not independently verified)
the-great-god-pan__machen-arthur__1894,The Great God Pan,"Machen, Arthur",1947,false,1894,gutenberg,https://www.gutenberg.org/ebooks/389,en,publication year via Open Library (earliest edition found; not independently verified)
children-of-the-whirlwind__scott-leroy__1921,Children of the Whirlwind,"Scott, Leroy",1929,false,1921,gutenberg,https://www.gutenberg.org/ebooks/3321,en,publication year via Open Library (earliest edition found; not independently verified)
tales-of-terror-and-mystery__doyle-arthur-conan__1919,Tales of Terror and Mystery,"Doyle, Arthur Conan",1930,false,1919,gutenberg,https://www.gutenberg.org/ebooks/537,en,publication year via Open Library (earliest edition found; not independently verified)
the-roll-of-honour-volume-1-b-a-biographical-record-of-all-members-of-his-majesty-s-naval-and-military-forces-who-have-fallen-in-the-war__ruvigny-et-raineval-melville-henry-massue-marquis-de__unk,"The Roll of Honour, Volume 1 : $b A biographical record of all members of His Majesty's naval  and military forces who have fallen in the war","Ruvigny et Raineval, Melville Henry Massue, marquis de",1921,false,,gutenberg,https://www.gutenberg.org/ebooks/75883,en,publication year not found via Open Library; needs manual research
love-at-arms-b-being-a-narrative-excerpted-from-the-chronicles-of-urbino-during-the-dominion-of-the-high-and-mighty-messer-guidobaldo-da-montefeltro__sabatini-rafael__unk,"Love-at-arms : $b being a narrative excerpted from the chronicles of Urbino, during the dominion of the high and mighty Messer Guidobaldo da Montefeltro","Sabatini, Rafael",1950,false,,gutenberg,https://www.gutenberg.org/ebooks/3530,en,publication year not found via Open Library; needs manual research
the-zeppelin-s-passenger__oppenheim-e-phillips-edward-phillips__1918,The Zeppelin's Passenger,"Oppenheim, E. Phillips (Edward Phillips)",1946,false,1918,gutenberg,https://www.gutenberg.org/ebooks/1931,en,publication year via Open Library (earliest edition found; not independently verified)
the-secret-of-the-night__leroux-gaston__1914,The Secret of the Night,"Leroux, Gaston",1927,false,1914,gutenberg,https://www.gutenberg.org/ebooks/1686,en,publication year via Open Library (earliest edition found; not independently verified)
the-phantom-rickshaw-and-other-ghost-stories__kipling-rudyard__1899,"The Phantom 'Rickshaw, and Other Ghost Stories","Kipling, Rudyard",1936,false,1899,gutenberg,https://www.gutenberg.org/ebooks/2806,en,publication year via Open Library (earliest edition found; not independently verified)
the-grand-babylon-hotel__bennett-arnold__1902,The Grand Babylon Hôtel,"Bennett, Arnold",1931,false,1902,gutenberg,https://www.gutenberg.org/ebooks/2813,en,publication year via Open Library (earliest edition found; not independently verified)
ann-veronica-a-modern-love-story__wells-h-g-herbert-george__unk,Ann Veronica: A Modern Love Story,"Wells, H. G. (Herbert George)",1946,false,,gutenberg,https://www.gutenberg.org/ebooks/524,en,"Open Library match discarded: returned 2014, which is more than 5 years after author's death (1946) -- likely an indexed reprint rather than the original edition; needs manual research"
mr-standfast__buchan-john__1918,Mr. Standfast,"Buchan, John",1940,false,1918,gutenberg,https://www.gutenberg.org/ebooks/560,en,publication year via Open Library (earliest edition found; not independently verified)
love-s-labour-s-lost__shakespeare-william__1598,Love's Labour's Lost,"Shakespeare, William",1616,false,1598,gutenberg,https://www.gutenberg.org/ebooks/1510,en,publication year via Open Library (earliest edition found; not independently verified)
the-city-of-god-volume-i__augustine-of-hippo-saint__unk,"The City of God, Volume I","Augustine, of Hippo, Saint",430,false,,gutenberg,https://www.gutenberg.org/ebooks/45304,en,"classical/ancient work (author died before 1400) -- original composition predates reliable publication-year records, not looked up automatically; needs manual research"
narrative-of-the-captivity-and-restoration-of-mrs-mary-rowlandson__rowlandson-mary-white__unk,Narrative of the Captivity and Restoration of Mrs. Mary Rowlandson,"Rowlandson, Mary White",1711,false,,gutenberg,https://www.gutenberg.org/ebooks/851,en,publication year not found via Open Library; needs manual research
the-yellow-crayon__oppenheim-e-phillips-edward-phillips__1903,The Yellow Crayon,"Oppenheim, E. Phillips (Edward Phillips)",1946,false,1903,gutenberg,https://www.gutenberg.org/ebooks/1849,en,publication year via Open Library (earliest edition found; not independently verified)
the-insidious-dr-fu-manchu__rohmer-sax__1913,The Insidious Dr. Fu Manchu,"Rohmer, Sax",1959,false,1913,gutenberg,https://www.gutenberg.org/ebooks/173,en,publication year via Open Library (earliest edition found; not independently verified)
poirot-investigates__christie-agatha__1924,Poirot Investigates,"Christie, Agatha",1976,false,1924,gutenberg,https://www.gutenberg.org/ebooks/61262,en,publication year via Open Library (earliest edition found; not independently verified)
under-the-red-dragon-a-novel__grant-james__unk,Under the Red Dragon: A Novel,"Grant, James",1887,false,,gutenberg,https://www.gutenberg.org/ebooks/53874,en,publication year not found via Open Library; needs manual research
the-case-book-of-sherlock-holmes__doyle-arthur-conan__1927,The case-book of Sherlock Holmes,"Doyle, Arthur Conan",1930,false,1927,gutenberg,https://www.gutenberg.org/ebooks/69700,en,publication year via Open Library (earliest edition found; not independently verified)
the-man-in-the-brown-suit__christie-agatha__1924,The Man in the Brown Suit,"Christie, Agatha",1976,false,1924,gutenberg,https://www.gutenberg.org/ebooks/61168,en,publication year via Open Library (earliest edition found; not independently verified)
at-the-mountains-of-madness__lovecraft-h-p-howard-phillips__unk,At the mountains of madness,"Lovecraft, H. P. (Howard Phillips)",1937,false,,gutenberg,https://www.gutenberg.org/ebooks/70652,en,"Open Library match discarded: returned 1964, which is more than 5 years after author's death (1937) -- likely an indexed reprint rather than the original edition; needs manual research"
washington-confidential__lait-jack__1951,Washington Confidential,"Lait, Jack",1954,false,1951,gutenberg,https://www.gutenberg.org/ebooks/63469,en,"publication year via Open Library (earliest edition found; not independently verified); 1 additional co-author(s) not recorded, primary author only"
the-seven-dials-mystery__christie-agatha__1920,The Seven Dials mystery,"Christie, Agatha",1976,false,1920,gutenberg,https://www.gutenberg.org/ebooks/75288,en,publication year via Open Library (earliest edition found; not independently verified)
the-plymouth-express-affair__christie-agatha__unk,The Plymouth Express Affair,"Christie, Agatha",1976,false,,gutenberg,https://www.gutenberg.org/ebooks/66446,en,"Open Library match discarded: returned 2012, which is more than 5 years after author's death (1976) -- likely an indexed reprint rather than the original edition; needs manual research"
the-hunter-s-lodge-case__christie-agatha__unk,The Hunter's Lodge Case,"Christie, Agatha",1976,false,,gutenberg,https://www.gutenberg.org/ebooks/67160,en,publication year not found via Open Library; needs manual research
the-knights-of-the-cross-or-krzyzacy-historical-romance__sienkiewicz-henryk__unk,"The Knights of the Cross, or, Krzyzacy: Historical Romance","Sienkiewicz, Henryk",1916,false,,gutenberg,https://www.gutenberg.org/ebooks/9473,en,"Open Library match discarded: returned 2009, which is more than 5 years after author's death (1916) -- likely an indexed reprint rather than the original edition; needs manual research"
weird-tales-volume-1-number-4-june-1923-the-unique-magazine__various__unk,"Weird Tales, Volume 1, Number 4, June, 1923: The unique magazine",Various,,false,,gutenberg,https://www.gutenberg.org/ebooks/69608,en,publication year not found via Open Library; needs manual research; author death year unknown (Gutendex has no record)
the-missing-will__christie-agatha__unk,The Missing Will,"Christie, Agatha",1976,false,,gutenberg,https://www.gutenberg.org/ebooks/67173,en,"Open Library match discarded: returned 2013, which is more than 5 years after author's death (1976) -- likely an indexed reprint rather than the original edition; needs manual research"
the-torrents-of-spring__turgenev-ivan-sergeevich__unk,The Torrents of Spring,"Turgenev, Ivan Sergeevich",1883,false,,gutenberg,https://www.gutenberg.org/ebooks/9911,en,"Open Library match discarded: returned 1897, which is more than 5 years after author's death (1883) -- likely an indexed reprint rather than the original edition; needs manual research"
the-big-four__christie-agatha__1927,The Big Four,"Christie, Agatha",1976,false,1927,gutenberg,https://www.gutenberg.org/ebooks/70114,en,publication year via Open Library (earliest edition found; not independently verified)
the-mystery-of-the-blue-train__christie-agatha__1928,The mystery of the Blue Train,"Christie, Agatha",1976,false,1928,gutenberg,https://www.gutenberg.org/ebooks/72824,en,publication year via Open Library (earliest edition found; not independently verified)
the-sex-life-of-the-gods__knerr-m-e-michael-e__unk,The Sex Life of the Gods,"Knerr, M. E. (Michael E.)",1999,false,,gutenberg,https://www.gutenberg.org/ebooks/40284,en,publication year not found via Open Library; needs manual research
weird-tales-volume-1-number-1-march-1923-the-unique-magazine__various__unk,"Weird Tales, Volume 1, Number 1, March 1923: The unique magazine",Various,,false,,gutenberg,https://www.gutenberg.org/ebooks/68957,en,publication year not found via Open Library; needs manual research; author death year unknown (Gutendex has no record)
unnatural-death__sayers-dorothy-l-dorothy-leigh__1927,Unnatural death,"Sayers, Dorothy L. (Dorothy Leigh)",1957,false,1927,gutenberg,https://www.gutenberg.org/ebooks/70008,en,publication year via Open Library (earliest edition found; not independently verified)
changeling-and-other-stories__byrne-donn__1920,"Changeling, and Other Stories","Byrne, Donn",1928,false,1920,gutenberg,https://www.gutenberg.org/ebooks/59892,en,publication year via Open Library (earliest edition found; not independently verified)
treasure-island__stevenson-robert-louis__1880,Treasure Island,"Stevenson, Robert Louis",1894,false,1880,gutenberg,https://www.gutenberg.org/ebooks/120,en,publication year via Open Library (earliest edition found; not independently verified)
adventures-of-huckleberry-finn__twain-mark__1876,Adventures of Huckleberry Finn,"Twain, Mark",1910,false,1876,gutenberg,https://www.gutenberg.org/ebooks/76,en,publication year via Open Library (earliest edition found; not independently verified)
the-wonderful-wizard-of-oz__baum-l-frank-lyman-frank__unk,The Wonderful Wizard of Oz,"Baum, L. Frank (Lyman Frank)",1919,false,,gutenberg,https://www.gutenberg.org/ebooks/55,en,"Open Library match discarded: returned 1970, which is more than 5 years after author's death (1919) -- likely an indexed reprint rather than the original edition; needs manual research"
the-enchanted-april__von-arnim-elizabeth__1922,The Enchanted April,"Von Arnim, Elizabeth",1941,false,1922,gutenberg,https://www.gutenberg.org/ebooks/16389,en,publication year via Open Library (earliest edition found; not independently verified)
the-man-upstairs-and-other-stories__wodehouse-p-g-pelham-grenville__1926,The Man Upstairs and Other Stories,"Wodehouse, P. G. (Pelham Grenville)",1975,false,1926,gutenberg,https://www.gutenberg.org/ebooks/6768,en,publication year via Open Library (earliest edition found; not independently verified)
one-woman-being-the-second-part-of-a-romance-of-sussex__ollivant-alfred__unk,One Woman: Being the Second Part of a Romance of Sussex,"Ollivant, Alfred",1927,false,,gutenberg,https://www.gutenberg.org/ebooks/57641,en,publication year not found via Open Library; needs manual research
only-a-girl-s-love__garvice-charles__unk,Only a girl's love,"Garvice, Charles",1920,false,,gutenberg,https://www.gutenberg.org/ebooks/53416,en,"Open Library match discarded: returned 1980, which is more than 5 years after author's death (1920) -- likely an indexed reprint rather than the original edition; needs manual research"
desperate-remedies__hardy-thomas__unk,Desperate Remedies,"Hardy, Thomas",1928,false,,gutenberg,https://www.gutenberg.org/ebooks/3044,en,"Open Library match discarded: returned 1800, which predates author's birth year (1840) -- likely a mismatched search result; needs manual research"
famous-affinities-of-history-the-romance-of-devotion-vol-1-4-complete__orr-lyndon__2012,"Famous Affinities of History: The Romance of Devotion. Vol 1-4, Complete","Orr, Lyndon",,false,2012,gutenberg,https://www.gutenberg.org/ebooks/4693,en,publication year via Open Library (earliest edition found; not independently verified); author death year unknown (Gutendex has no record)
two-on-a-tower__hardy-thomas__unk,Two on a Tower,"Hardy, Thomas",1928,false,,gutenberg,https://www.gutenberg.org/ebooks/3146,en,"Open Library match discarded: returned 1800, which predates author's birth year (1840) -- likely a mismatched search result; needs manual research"
king-arthur-and-the-knights-of-the-round-table__malory-thomas-sir__unk,King Arthur and the Knights of the Round Table,"Malory, Thomas, Sir",1471,false,,gutenberg,https://www.gutenberg.org/ebooks/36462,en,"Open Library match discarded: returned 1858, which is more than 5 years after author's death (1471) -- likely an indexed reprint rather than the original edition; needs manual research"
a-heart-song-of-to-day-disturbed-by-fire-from-the-unruly-member-a-novel__savigny-annie-g-annie-gregg__unk,A Heart-Song of To-day (Disturbed by Fire from the 'Unruly Member'): A Novel,"Savigny, Annie G. (Annie Gregg)",1901,false,,gutenberg,https://www.gutenberg.org/ebooks/7184,en,publication year not found via Open Library; needs manual research
one-of-the-six-hundred-a-novel__grant-james__unk,One of the Six Hundred: A Novel,"Grant, James",1887,false,,gutenberg,https://www.gutenberg.org/ebooks/55179,en,"Open Library match discarded: returned 2011, which is more than 5 years after author's death (1887) -- likely an indexed reprint rather than the original edition; needs manual research"
the-murder-on-the-links__christie-agatha__1923,The Murder on the Links,"Christie, Agatha",1976,false,1923,gutenberg,https://www.gutenberg.org/ebooks/58866,en,publication year via Open Library (earliest edition found; not independently verified)
the-amazing-marriage-complete__meredith-george__unk,The Amazing Marriage — Complete,"Meredith, George",1909,false,,gutenberg,https://www.gutenberg.org/ebooks/4488,en,"Open Library match discarded: returned 2006, which is more than 5 years after author's death (1909) -- likely an indexed reprint rather than the original edition; needs manual research"
the-brothers-karamazov__dostoyevsky-fyodor__unk,The Brothers Karamazov,"Dostoyevsky, Fyodor",1881,false,,gutenberg,https://www.gutenberg.org/ebooks/28054,en,"Open Library match discarded: returned 1899, which is more than 5 years after author's death (1881) -- likely an indexed reprint rather than the original edition; needs manual research"
the-complete-project-gutenberg-works-of-jane-austen-a-linked-index-of-all-pg-editions-of-jane-austen__austen-jane__unk,The Complete Project Gutenberg Works of Jane Austen: A Linked Index of all PG Editions of Jane Austen,"Austen, Jane",1817,false,,gutenberg,https://www.gutenberg.org/ebooks/31100,en,publication year not found via Open Library; needs manual research
the-anabasis-of-alexander-b-or-the-history-of-the-wars-and-conquests-of-alexander-the-great__arrian__unk,"The Anabasis of Alexander : $b or, The history of the wars and conquests of Alexander the Great",Arrian,175,false,,gutenberg,https://www.gutenberg.org/ebooks/46976,en,"classical/ancient work (author died before 1400) -- original composition predates reliable publication-year records, not looked up automatically; needs manual research"
the-iliad__homer__unk,The Iliad,Homer,-650,false,,gutenberg,https://www.gutenberg.org/ebooks/6130,en,"classical/ancient work (author died before 1400) -- original composition predates reliable publication-year records, not looked up automatically; needs manual research"
the-great-gatsby__fitzgerald-f-scott-francis-scott__1920,The Great Gatsby,"Fitzgerald, F. Scott (Francis Scott)",1940,false,1920,gutenberg,https://www.gutenberg.org/ebooks/64317,en,publication year via Open Library (earliest edition found; not independently verified)
wuthering-heights__bronte-emily__1846,Wuthering Heights,"Brontë, Emily",1848,false,1846,gutenberg,https://www.gutenberg.org/ebooks/768,en,publication year via Open Library (earliest edition found; not independently verified)
the-hero-of-the-people-a-historical-romance-of-love-liberty-and-loyalty__dumas-alexandre__unk,"The Hero of the People: A Historical Romance of Love, Liberty and Loyalty","Dumas, Alexandre",1870,false,,gutenberg,https://www.gutenberg.org/ebooks/42681,en,"Open Library match discarded: returned 2019, which is more than 5 years after author's death (1870) -- likely an indexed reprint rather than the original edition; needs manual research"
the-treasure-of-pearls-a-romance-of-adventures-in-california__aimard-gustave__unk,The Treasure of Pearls: A Romance of Adventures in California,"Aimard, Gustave",1883,false,,gutenberg,https://www.gutenberg.org/ebooks/46276,en,publication year not found via Open Library; needs manual research
that-which-hath-wings-a-novel-of-the-day__dehan-richard__1918,That Which Hath Wings: A Novel of the Day,"Dehan, Richard",1932,false,1918,gutenberg,https://www.gutenberg.org/ebooks/51428,en,publication year via Open Library (earliest edition found; not independently verified)
linnet-a-romance__allen-grant__unk,Linnet: A Romance,"Allen, Grant",1899,false,,gutenberg,https://www.gutenberg.org/ebooks/48296,en,"Open Library match discarded: returned 2015, which is more than 5 years after author's death (1899) -- likely an indexed reprint rather than the original edition; needs manual research"
whose-body-a-lord-peter-wimsey-novel__sayers-dorothy-l-dorothy-leigh__unk,Whose Body? A Lord Peter Wimsey Novel,"Sayers, Dorothy L. (Dorothy Leigh)",1957,false,,gutenberg,https://www.gutenberg.org/ebooks/58820,en,publication year not found via Open Library; needs manual research
the-pirate-andrew-lang-edition__scott-walter__unk,The Pirate: Andrew Lang Edition,"Scott, Walter",1832,false,,gutenberg,https://www.gutenberg.org/ebooks/42389,en,publication year not found via Open Library; needs manual research
ecce-homo-complete-works-volume-seventeen__nietzsche-friedrich-wilhelm__unk,"Ecce Homo: Complete Works, Volume Seventeen","Nietzsche, Friedrich Wilhelm",1900,false,,gutenberg,https://www.gutenberg.org/ebooks/52190,en,"Open Library match discarded: returned 2018, which is more than 5 years after author's death (1900) -- likely an indexed reprint rather than the original edition; needs manual research"
forest-days-a-romance-of-old-times__james-g-p-r-george-payne-rainsford__unk,Forest Days: A Romance of Old Times,"James, G. P. R. (George Payne Rainsford)",1860,false,,gutenberg,https://www.gutenberg.org/ebooks/49987,en,publication year not found via Open Library; needs manual research
peter-pan-b-peter-and-wendy__barrie-j-m-james-matthew__unk,Peter Pan : $b [Peter and Wendy],"Barrie, J. M. (James Matthew)",1937,false,,gutenberg,https://www.gutenberg.org/ebooks/16,en,publication year not found via Open Library; needs manual research
tarrano-the-conqueror__cummings-ray__1930,Tarrano the Conqueror,"Cummings, Ray",1957,false,1930,gutenberg,https://www.gutenberg.org/ebooks/21638,en,publication year via Open Library (earliest edition found; not independently verified)
the-adventures-of-ferdinand-count-fathom-complete__smollett-t-tobias__unk,The Adventures of Ferdinand Count Fathom — Complete,"Smollett, T. (Tobias)",1771,false,,gutenberg,https://www.gutenberg.org/ebooks/6761,en,publication year not found via Open Library; needs manual research
cameron-of-lochiel__aubert-de-gaspe-philippe__unk,Cameron of Lochiel,"Aubert de Gaspé, Philippe",1871,false,,gutenberg,https://www.gutenberg.org/ebooks/53154,en,"Open Library match discarded: returned 1905, which is more than 5 years after author's death (1871) -- likely an indexed reprint rather than the original edition; needs manual research"
the-problem-of-cell-13__futrelle-jacques__1905,The problem of Cell 13,"Futrelle, Jacques",1912,false,1905,gutenberg,https://www.gutenberg.org/ebooks/57669,en,publication year via Open Library (earliest edition found; not independently verified)
grimms-fairy-tales__grimm-jacob__1800,Grimms' Fairy Tales,"Grimm, Jacob",1863,false,1800,gutenberg,https://www.gutenberg.org/ebooks/2591,en,"publication year via Open Library (earliest edition found; not independently verified); 1 additional co-author(s) not recorded, primary author only"
cranford__gaskell-elizabeth-cleghorn__1853,Cranford,"Gaskell, Elizabeth Cleghorn",1865,false,1853,gutenberg,https://www.gutenberg.org/ebooks/394,en,publication year via Open Library (earliest edition found; not independently verified)
susan-b-anthony-rebel-crusader-humanitarian__lutz-alma__2007,"Susan B. Anthony: Rebel, Crusader, Humanitarian","Lutz, Alma",,false,2007,gutenberg,https://www.gutenberg.org/ebooks/20439,en,publication year via Open Library (earliest edition found; not independently verified); author death year unknown (Gutendex has no record)
the-2006-cia-world-factbook__united-states-central-intelligence-agency__unk,The 2006 CIA World Factbook,United States. Central Intelligence Agency,,false,,gutenberg,https://www.gutenberg.org/ebooks/27509,en,publication year not found via Open Library; needs manual research; author death year unknown (Gutendex has no record)
she-who-sleeps-b-a-romance-of-new-york-and-the-nile__rohmer-sax__unk,She who sleeps : $b A romance of New York and the Nile,"Rohmer, Sax",1959,false,,gutenberg,https://www.gutenberg.org/ebooks/77092,en,publication year not found via Open Library; needs manual research
that-girl-montana__ryan-marah-ellis__1901,That Girl Montana,"Ryan, Marah Ellis",1934,false,1901,gutenberg,https://www.gutenberg.org/ebooks/27475,en,publication year via Open Library (earliest edition found; not independently verified)
history-of-tom-jones-a-foundling__fielding-henry__1749,"History of Tom Jones, a Foundling","Fielding, Henry",1754,false,1749,gutenberg,https://www.gutenberg.org/ebooks/6593,en,publication year via Open Library (earliest edition found; not independently verified)
what-will-people-say-a-novel__hughes-rupert__unk,What Will People Say? A Novel,"Hughes, Rupert",1956,false,,gutenberg,https://www.gutenberg.org/ebooks/38311,en,"Open Library match discarded: returned 2016, which is more than 5 years after author's death (1956) -- likely an indexed reprint rather than the original edition; needs manual research"
the-expedition-of-humphry-clinker__smollett-t-tobias__1771,The Expedition of Humphry Clinker,"Smollett, T. (Tobias)",1771,false,1771,gutenberg,https://www.gutenberg.org/ebooks/2160,en,publication year via Open Library (earliest edition found; not independently verified)
robert-orange-being-a-continuation-of-the-history-of-robert-orange__hobbes-john-oliver__unk,Robert Orange: Being a Continuation of the History of Robert Orange,"Hobbes, John Oliver",1906,false,,gutenberg,https://www.gutenberg.org/ebooks/27997,en,publication year not found via Open Library; needs manual research
the-passionate-elopement__mackenzie-compton__1910,The Passionate Elopement,"MacKenzie, Compton",1972,false,1910,gutenberg,https://www.gutenberg.org/ebooks/38177,en,publication year via Open Library (earliest edition found; not independently verified)
modern-english-biography-volume-1-of-4-a-h__boase-frederic__unk,"Modern English biography, volume 1 (of 4), A-H","Boase, Frederic",1916,false,,gutenberg,https://www.gutenberg.org/ebooks/55059,en,publication year not found via Open Library; needs manual research
a-pickle-for-the-knowing-ones__dexter-timothy__1802,A Pickle for the Knowing Ones,"Dexter, Timothy",1806,false,1802,gutenberg,https://www.gutenberg.org/ebooks/43453,en,publication year via Open Library (earliest edition found; not independently verified)
the-adventures-of-roderick-random__smollett-t-tobias__1776,The Adventures of Roderick Random,"Smollett, T. (Tobias)",1771,false,1776,gutenberg,https://www.gutenberg.org/ebooks/4085,en,publication year via Open Library (earliest edition found; not independently verified)
adventures-of-sherlock-holmes-illustrated__doyle-arthur-conan__unk,Adventures of Sherlock Holmes: Illustrated,"Doyle, Arthur Conan",1930,false,,gutenberg,https://www.gutenberg.org/ebooks/48320,en,"Open Library match discarded: returned 1984, which is more than 5 years after author's death (1930) -- likely an indexed reprint rather than the original edition; needs manual research"
rizal-s-own-story-of-his-life__rizal-jose__unk,Rizal's own story of his life,"Rizal, José",1896,false,,gutenberg,https://www.gutenberg.org/ebooks/48438,en,"Open Library match discarded: returned 1918, which is more than 5 years after author's death (1896) -- likely an indexed reprint rather than the original edition; needs manual research"
plague-ship__norton-andre__1956,Plague Ship,"Norton, Andre",2005,false,1956,gutenberg,https://www.gutenberg.org/ebooks/16921,en,publication year via Open Library (earliest edition found; not independently verified)
the-waterloo-roll-call-with-biographical-notes-and-anecdotes__dalton-charles__unk,The Waterloo Roll Call: With Biographical Notes and Anecdotes,"Dalton, Charles",1913,false,,gutenberg,https://www.gutenberg.org/ebooks/51143,en,publication year not found via Open Library; needs manual research
the-metamorphoses-of-ovid-books-i-vii__ovid__unk,"The Metamorphoses of Ovid, Books I-VII",Ovid,17,false,,gutenberg,https://www.gutenberg.org/ebooks/21765,en,"classical/ancient work (author died before 1400) -- original composition predates reliable publication-year records, not looked up automatically; needs manual research"
selected-works-of-voltairine-de-cleyre__de-cleyre-voltairine__1914,Selected Works of Voltairine de Cleyre,"De Cleyre, Voltairine",1912,false,1914,gutenberg,https://www.gutenberg.org/ebooks/43098,en,publication year via Open Library (earliest edition found; not independently verified)
napoleon-s-letters-to-josephine-1796-1812-for-the-first-time-collected-and-translated-with-notes-social-historical-and-chronological-from-contemporary-sources__napoleon-i-emperor-of-the-french__unk,"Napoleon's Letters to Josephine, 1796-1812: For the First Time Collected and Translated, with Notes Social, Historical, and Chronological, from Contemporary Sources","Napoleon I, Emperor of the French",1821,false,,gutenberg,https://www.gutenberg.org/ebooks/37499,en,publication year not found via Open Library; needs manual research
blow-the-man-down-a-romance-of-the-coast__day-holman__unk,Blow The Man Down: A Romance Of The Coast,"Day, Holman",1935,false,,gutenberg,https://www.gutenberg.org/ebooks/24793,en,"Open Library match discarded: returned 2012, which is more than 5 years after author's death (1935) -- likely an indexed reprint rather than the original edition; needs manual research"
the-lives-and-opinions-of-eminent-philosophers__diogenes-laertius__1853,The Lives and Opinions of Eminent Philosophers,Diogenes Laertius,,false,1853,gutenberg,https://www.gutenberg.org/ebooks/57342,en,publication year via Open Library (earliest edition found; not independently verified); author death year unknown (Gutendex has no record)
doctor-cupid-a-novel__broughton-rhoda__unk,Doctor Cupid: A Novel,"Broughton, Rhoda",1920,false,,gutenberg,https://www.gutenberg.org/ebooks/35548,en,publication year not found via Open Library; needs manual research
the-boy-with-wings__ruck-berta__1916,The Boy with Wings,"Ruck, Berta",1978,false,1916,gutenberg,https://www.gutenberg.org/ebooks/36223,en,publication year via Open Library (earliest edition found; not independently verified)
my-life-and-loves-vol-1-of-4__harris-frank__unk,"My Life and Loves, Vol. 1 (of 4)","Harris, Frank",1931,false,,gutenberg,https://www.gutenberg.org/ebooks/59827,en,publication year not found via Open Library; needs manual research
the-ultimate-weapon__campbell-john-w-jr-john-wood__unk,The Ultimate Weapon,"Campbell, John W., Jr. (John Wood)",1971,false,,gutenberg,https://www.gutenberg.org/ebooks/23790,en,"Open Library match discarded: returned 1977, which is more than 5 years after author's death (1971) -- likely an indexed reprint rather than the original edition; needs manual research"
on-the-cross-a-romance-of-the-passion-play-at-oberammergau__hillern-wilhelmine-von__unk,On the Cross: A Romance of the Passion Play at Oberammergau,"Hillern, Wilhelmine von",1916,false,,gutenberg,https://www.gutenberg.org/ebooks/36725,en,publication year not found via Open Library; needs manual research
the-travels-of-marco-polo-volume-1__polo-marco__unk,The Travels of Marco Polo — Volume 1,"Polo, Marco",1324,false,,gutenberg,https://www.gutenberg.org/ebooks/10636,en,"classical/ancient work (author died before 1400) -- original composition predates reliable publication-year records, not looked up automatically; needs manual research; 1 additional co-author(s) not recorded, primary author only"
a-little-english-gallery__guiney-louise-imogen__1894,A Little English Gallery,"Guiney, Louise Imogen",1920,false,1894,gutenberg,https://www.gutenberg.org/ebooks/54219,en,publication year via Open Library (earliest edition found; not independently verified)
the-dunwich-horror__lovecraft-h-p-howard-phillips__unk,The Dunwich horror,"Lovecraft, H. P. (Howard Phillips)",1937,false,,gutenberg,https://www.gutenberg.org/ebooks/50133,en,"Open Library match discarded: returned 1945, which is more than 5 years after author's death (1937) -- likely an indexed reprint rather than the original edition; needs manual research"
the-strand-magazine-vol-27-february-1904-no-159__various__unk,"The Strand Magazine, Vol. 27, February 1904, No. 159.",Various,,false,,gutenberg,https://www.gutenberg.org/ebooks/47642,en,publication year not found via Open Library; needs manual research; author death year unknown (Gutendex has no record)
the-life-of-florence-nightingale-vol-2-of-2__cook-edward-tyas-sir__unk,"The Life of Florence Nightingale, vol. 2 of 2","Cook, Edward Tyas, Sir",1919,false,,gutenberg,https://www.gutenberg.org/ebooks/40058,en,publication year not found via Open Library; needs manual research
space-station-1__long-frank-belknap__1957,Space Station 1,"Long, Frank Belknap",1994,false,1957,gutenberg,https://www.gutenberg.org/ebooks/50290,en,publication year via Open Library (earliest edition found; not independently verified)
the-three-musketeers__dumas-alexandre__unk,The three musketeers,"Dumas, Alexandre",1870,false,,gutenberg,https://www.gutenberg.org/ebooks/1257,en,"Open Library match discarded: returned 1800, which predates author's birth year (1802) -- likely a mismatched search result; needs manual research; 1 additional co-author(s) not recorded, primary author only"
the-mysteries-of-london-v-4-4__reynolds-george-w-m-george-william-macarthur__unk,"The Mysteries of London, v. 4/4","Reynolds, George W. M. (George William MacArthur)",1879,false,,gutenberg,https://www.gutenberg.org/ebooks/51649,en,publication year not found via Open Library; needs manual research
one-wonderful-night-a-romance-of-new-york__tracy-louis__1912,One Wonderful Night: A Romance of New York,"Tracy, Louis",1928,false,1912,gutenberg,https://www.gutenberg.org/ebooks/19707,en,publication year via Open Library (earliest edition found; not independently verified)
gulliver-s-travels-into-several-remote-nations-of-the-world__swift-jonathan__unk,Gulliver's Travels into Several Remote Nations of the World,"Swift, Jonathan",1745,false,,gutenberg,https://www.gutenberg.org/ebooks/829,en,"Open Library match discarded: returned 1759, which is more than 5 years after author's death (1745) -- likely an indexed reprint rather than the original edition; needs manual research"
supermind__garrett-randall__unk,Supermind,"Garrett, Randall",1987,false,,gutenberg,https://www.gutenberg.org/ebooks/22342,en,"Open Library match discarded: returned 2007, which is more than 5 years after author's death (1987) -- likely an indexed reprint rather than the original edition; needs manual research; 1 additional co-author(s) not recorded, primary author only"
minute-mysteries-detectograms__ripley-h-a-harold-austin__1932,Minute Mysteries [Detectograms],"Ripley, H. A. (Harold Austin)",,false,1932,gutenberg,https://www.gutenberg.org/ebooks/50603,en,publication year via Open Library (earliest edition found; not independently verified); author death year unknown (Gutendex has no record)
twenty-thousand-leagues-under-the-sea__verne-jules__1875,Twenty Thousand Leagues under the Sea,"Verne, Jules",1905,false,1875,gutenberg,https://www.gutenberg.org/ebooks/164,en,publication year via Open Library (earliest edition found; not independently verified)
a-case-in-camera__onions-oliver__1920,A Case in Camera,"Onions, Oliver",1961,false,1920,gutenberg,https://www.gutenberg.org/ebooks/43063,en,publication year via Open Library (earliest edition found; not independently verified)
the-jungle-book__kipling-rudyard__1887,The Jungle Book,"Kipling, Rudyard",1936,false,1887,gutenberg,https://www.gutenberg.org/ebooks/236,en,publication year via Open Library (earliest edition found; not independently verified)
some-jewish-witnesses-for-christ__bernstein-aaron__1909,Some Jewish Witnesses For Christ,"Bernstein, Aaron",1912,false,1909,gutenberg,https://www.gutenberg.org/ebooks/37734,en,publication year via Open Library (earliest edition found; not independently verified)
the-colors-of-space__bradley-marion-zimmer__1963,The Colors of Space,"Bradley, Marion Zimmer",1999,false,1963,gutenberg,https://www.gutenberg.org/ebooks/20796,en,publication year via Open Library (earliest edition found; not independently verified)
golden-days-for-boys-and-girls-vol-xii-jan-3-1891__various__unk,"Golden Days for Boys and Girls, Vol. XII, Jan. 3, 1891",Various,,false,,gutenberg,https://www.gutenberg.org/ebooks/17199,en,publication year not found via Open Library; needs manual research; author death year unknown (Gutendex has no record)
a-martian-odyssey__weinbaum-stanley-g-stanley-grauman__unk,A Martian Odyssey,"Weinbaum, Stanley G. (Stanley Grauman)",1935,false,,gutenberg,https://www.gutenberg.org/ebooks/23731,en,"Open Library match discarded: returned 1949, which is more than 5 years after author's death (1935) -- likely an indexed reprint rather than the original edition; needs manual research"
triplanetary__smith-e-e-edward-elmer__1948,Triplanetary,"Smith, E. E. (Edward Elmer)",1965,false,1948,gutenberg,https://www.gutenberg.org/ebooks/20782,en,publication year via Open Library (earliest edition found; not independently verified)
emily-bronte__robinson-a-mary-f-agnes-mary-frances__1883,Emily Brontë,"Robinson, A. Mary F. (Agnes Mary Frances)",1944,false,1883,gutenberg,https://www.gutenberg.org/ebooks/25789,en,publication year via Open Library (earliest edition found; not independently verified)
the-revolt-on-venus__rockwell-carey__1954,The Revolt on Venus,"Rockwell, Carey",,false,1954,gutenberg,https://www.gutenberg.org/ebooks/19027,en,publication year via Open Library (earliest edition found; not independently verified); author death year unknown (Gutendex has no record)
the-battle-of-the-strong-a-romance-of-two-kingdoms-volume-6__parker-gilbert__unk,The Battle of the Strong: A Romance of Two Kingdoms — Volume 6,"Parker, Gilbert",1932,false,,gutenberg,https://www.gutenberg.org/ebooks/6235,en,"Open Library match discarded: returned 2011, which is more than 5 years after author's death (1932) -- likely an indexed reprint rather than the original edition; needs manual research"
kidnapped__stevenson-robert-louis__unk,Kidnapped,"Stevenson, Robert Louis",1894,false,,gutenberg,https://www.gutenberg.org/ebooks/421,en,"Open Library match discarded: returned 1659, which predates author's birth year (1850) -- likely a mismatched search result; needs manual research"
the-air-pirate__thorne-guy__1920,The Air Pirate,"Thorne, Guy",1923,false,1920,gutenberg,https://www.gutenberg.org/ebooks/40361,en,publication year via Open Library (earliest edition found; not independently verified)
the-call-of-the-wild__london-jack__1903,The call of the wild,"London, Jack",1916,false,1903,gutenberg,https://www.gutenberg.org/ebooks/215,en,publication year via Open Library (earliest edition found; not independently verified)
the-love-letters-of-henry-viii-to-anne-boleyn-with-notes__henry-viii-king-of-england__unk,The Love Letters of Henry VIII to Anne Boleyn; With Notes,"Henry VIII, King of England",1547,false,,gutenberg,https://www.gutenberg.org/ebooks/32155,en,"Open Library match discarded: returned 1906, which is more than 5 years after author's death (1547) -- likely an indexed reprint rather than the original edition; needs manual research"
a-journey-into-the-interior-of-the-earth__verne-jules__unk,A Journey into the Interior of the Earth,"Verne, Jules",1905,false,,gutenberg,https://www.gutenberg.org/ebooks/3748,en,"Open Library match discarded: returned 2014, which is more than 5 years after author's death (1905) -- likely an indexed reprint rather than the original edition; needs manual research"
personal-memoirs-of-u-s-grant-complete__grant-ulysses-s-ulysses-simpson__unk,"Personal Memoirs of U. S. Grant, Complete","Grant, Ulysses S. (Ulysses Simpson)",1885,false,,gutenberg,https://www.gutenberg.org/ebooks/4367,en,publication year not found via Open Library; needs manual research
moods__alcott-louisa-may__1864,Moods,"Alcott, Louisa May",1888,false,1864,gutenberg,https://www.gutenberg.org/ebooks/28203,en,publication year via Open Library (earliest edition found; not independently verified)
memoirs-of-the-author-of-a-vindication-of-the-rights-of-woman__godwin-william__1798,Memoirs of the Author of a Vindication of the Rights of Woman,"Godwin, William",1836,false,1798,gutenberg,https://www.gutenberg.org/ebooks/16199,en,publication year via Open Library (earliest edition found; not independently verified)
plutarch-s-morals__plutarch__unk,Plutarch's Morals,Plutarch,119,false,,gutenberg,https://www.gutenberg.org/ebooks/23639,en,"classical/ancient work (author died before 1400) -- original composition predates reliable publication-year records, not looked up automatically; needs manual research"
the-railway-children__nesbit-e-edith__unk,The Railway Children,"Nesbit, E. (Edith)",1924,false,,gutenberg,https://www.gutenberg.org/ebooks/1874,en,publication year not found via Open Library; needs manual research
wizard__janifer-laurence-m__1985,Wizard,"Janifer, Laurence M.",2002,false,1985,gutenberg,https://www.gutenberg.org/ebooks/24375,en,publication year via Open Library (earliest edition found; not independently verified)
the-life-and-adventures-of-robinson-crusoe__defoe-daniel__1719,The Life and Adventures of Robinson Crusoe,"Defoe, Daniel",1731,false,1719,gutenberg,https://www.gutenberg.org/ebooks/521,en,publication year via Open Library (earliest edition found; not independently verified)
the-gay-adventure-a-romance__bird-richard__unk,The Gay Adventure: A Romance,"Bird, Richard",1965,false,,gutenberg,https://www.gutenberg.org/ebooks/33823,en,publication year not found via Open Library; needs manual research
anabasis__xenophon__unk,Anabasis,Xenophon,-355,false,,gutenberg,https://www.gutenberg.org/ebooks/1170,en,"classical/ancient work (author died before 1400) -- original composition predates reliable publication-year records, not looked up automatically; needs manual research"
the-belle-of-bowling-green__barr-amelia-e__1904,The Belle of Bowling Green,"Barr, Amelia E.",1919,false,1904,gutenberg,https://www.gutenberg.org/ebooks/76576,en,publication year via Open Library (earliest edition found; not independently verified)
helen-vardon-s-confession__freeman-r-austin-richard-austin__unk,Helen Vardon's confession,"Freeman, R. Austin (Richard Austin)",1943,false,,gutenberg,https://www.gutenberg.org/ebooks/76728,en,"Open Library match discarded: returned 2001, which is more than 5 years after author's death (1943) -- likely an indexed reprint rather than the original edition; needs manual research"
the-camp-fire-girls-solve-a-mystery-or-the-christmas-adventure-at-carver-house__frey-hildegard-g__unk,"The Camp Fire Girls Solve a Mystery; Or, The Christmas Adventure at Carver House","Frey, Hildegard G.",1957,false,,gutenberg,https://www.gutenberg.org/ebooks/38983,en,"Open Library match discarded: returned 2013, which is more than 5 years after author's death (1957) -- likely an indexed reprint rather than the original edition; needs manual research"
barry-locke-half-back__barbour-ralph-henry__1925,"Barry Locke, half-back","Barbour, Ralph Henry",1944,false,1925,gutenberg,https://www.gutenberg.org/ebooks/78118,en,publication year via Open Library (earliest edition found; not independently verified)
cynthia-s-chauffeur__tracy-louis__1910,Cynthia's Chauffeur,"Tracy, Louis",1928,false,1910,gutenberg,https://www.gutenberg.org/ebooks/31472,en,publication year via Open Library (earliest edition found; not independently verified)
the-crack-of-doom__cromie-robert__1895,The Crack of Doom,"Cromie, Robert",1907,false,1895,gutenberg,https://www.gutenberg.org/ebooks/26563,en,publication year via Open Library (earliest edition found; not independently verified)
dainty-s-cruel-rivals-or-the-fatal-birthday__miller-alex-mcveigh-mrs__unk,"Dainty's Cruel Rivals; Or, The Fatal Birthday","Miller, Alex. McVeigh, Mrs.",1937,false,,gutenberg,https://www.gutenberg.org/ebooks/31257,en,publication year not found via Open Library; needs manual research
the-silent-barrier__tracy-louis__1909,The Silent Barrier,"Tracy, Louis",1928,false,1909,gutenberg,https://www.gutenberg.org/ebooks/31635,en,publication year via Open Library (earliest edition found; not independently verified)
spoon-river-anthology__masters-edgar-lee__1914,Spoon River Anthology,"Masters, Edgar Lee",1950,false,1914,gutenberg,https://www.gutenberg.org/ebooks/26471,en,publication year via Open Library (earliest edition found; not independently verified)
the-prince-and-the-pauper__twain-mark__1881,The Prince and the Pauper,"Twain, Mark",1910,false,1881,gutenberg,https://www.gutenberg.org/ebooks/1837,en,publication year via Open Library (earliest edition found; not independently verified)
don-juan__byron-george-gordon-byron-baron__1800,Don Juan,"Byron, George Gordon Byron, Baron",1824,false,1800,gutenberg,https://www.gutenberg.org/ebooks/21700,en,publication year via Open Library (earliest edition found; not independently verified)
the-tale-of-peter-rabbit__potter-beatrix__1900,The Tale of Peter Rabbit,"Potter, Beatrix",1943,false,1900,gutenberg,https://www.gutenberg.org/ebooks/14838,en,publication year via Open Library (earliest edition found; not independently verified)
a-princess-of-mars__burroughs-edgar-rice__1912,A princess of Mars,"Burroughs, Edgar Rice",1950,false,1912,gutenberg,https://www.gutenberg.org/ebooks/62,en,publication year via Open Library (earliest edition found; not independently verified)
white-fang__london-jack__1905,White Fang,"London, Jack",1916,false,1905,gutenberg,https://www.gutenberg.org/ebooks/910,en,publication year via Open Library (earliest edition found; not independently verified)
harriet-martineau__miller-florence-fenwick__1884,Harriet Martineau,"Miller, Florence Fenwick",1936,false,1884,gutenberg,https://www.gutenberg.org/ebooks/36965,en,publication year via Open Library (earliest edition found; not independently verified)
the-mysterious-island__verne-jules__1875,The Mysterious Island,"Verne, Jules",1905,false,1875,gutenberg,https://www.gutenberg.org/ebooks/1268,en,publication year via Open Library (earliest edition found; not independently verified)
the-memoirs-of-the-conquistador-bernal-diaz-del-castillo-vol-1-of-2-written-by-himself-containing-a-true-and-full-account-of-the-discovery-and-conquest-of-mexico-and-new-spain__diaz-del-castillo-bernal__unk,"The Memoirs of the Conquistador Bernal Diaz del Castillo, Vol 1 (of 2): Written by Himself Containing a True and Full Account of the Discovery and Conquest of Mexico and New Spain.","Díaz del Castillo, Bernal",1584,false,,gutenberg,https://www.gutenberg.org/ebooks/32474,en,publication year not found via Open Library; needs manual research
the-kama-sutra-of-vatsyayana-translated-from-the-sanscrit-in-seven-parts-with-preface-introduction-and-concluding-remarks__vatsyayana__unk,"The Kama Sutra of Vatsyayana: Translated From the Sanscrit in Seven Parts With Preface, Introduction and Concluding Remarks",Vatsyayana,,false,,gutenberg,https://www.gutenberg.org/ebooks/27827,en,publication year not found via Open Library; needs manual research; author death year unknown (Gutendex has no record)
chaucer-s-works-volume-2-boethius-and-troilus__chaucer-geoffrey__unk,"Chaucer's Works, Volume 2 — Boethius and Troilus","Chaucer, Geoffrey",1400,false,,gutenberg,https://www.gutenberg.org/ebooks/44833,en,publication year not found via Open Library; needs manual research
cruel-as-the-grave__southworth-emma-dorothy-eliza-nevitte__unk,Cruel as the grave,"Southworth, Emma Dorothy Eliza Nevitte",1899,false,,gutenberg,https://www.gutenberg.org/ebooks/23789,en,"Open Library match discarded: returned 1800, which predates author's birth year (1819) -- likely a mismatched search result; needs manual research"
quintus-claudius-a-romance-of-imperial-rome-volume-1__eckstein-ernst__unk,Quintus Claudius: A Romance of Imperial Rome. Volume 1,"Eckstein, Ernst",1900,false,,gutenberg,https://www.gutenberg.org/ebooks/47221,en,publication year not found via Open Library; needs manual research
the-last-of-the-mohicans-a-narrative-of-1757__cooper-james-fenimore__1800,The Last of the Mohicans; A narrative of 1757,"Cooper, James Fenimore",1851,false,1800,gutenberg,https://www.gutenberg.org/ebooks/940,en,publication year via Open Library (earliest edition found; not independently verified)
aladdin-co-a-romance-of-yankee-magic__quick-herbert__unk,Aladdin & Co.: A Romance of Yankee Magic,"Quick, Herbert",1925,false,,gutenberg,https://www.gutenberg.org/ebooks/23745,en,publication year not found via Open Library; needs manual research
mademoiselle-de-maupin-volume-1-of-2__gautier-theophile__unk,"Mademoiselle de Maupin, Volume 1 (of 2)","Gautier, Théophile",1872,false,,gutenberg,https://www.gutenberg.org/ebooks/48893,en,publication year not found via Open Library; needs manual research
the-girl-philippa__chambers-robert-w-robert-william__1916,The Girl Philippa,"Chambers, Robert W. (Robert William)",1933,false,1916,gutenberg,https://www.gutenberg.org/ebooks/52404,en,publication year via Open Library (earliest edition found; not independently verified)
the-lost-world__doyle-arthur-conan__1900,The Lost World,"Doyle, Arthur Conan",1930,false,1900,gutenberg,https://www.gutenberg.org/ebooks/139,en,publication year via Open Library (earliest edition found; not independently verified)
thoughts-of-marcus-aurelius-antoninus__marcus-aurelius-emperor-of-rome__unk,Thoughts of Marcus Aurelius Antoninus,"Marcus Aurelius, Emperor of Rome",180,false,,gutenberg,https://www.gutenberg.org/ebooks/15877,en,"classical/ancient work (author died before 1400) -- original composition predates reliable publication-year records, not looked up automatically; needs manual research"
aesop-s-fables-a-new-translation__aesop__1708,Aesop's Fables; a new translation,Aesop,,false,1708,gutenberg,https://www.gutenberg.org/ebooks/11339,en,publication year via Open Library (earliest edition found; not independently verified); author death year unknown (Gutendex has no record)
the-secret-garden__burnett-frances-hodgson__1911,The Secret Garden,"Burnett, Frances Hodgson",1924,false,1911,gutenberg,https://www.gutenberg.org/ebooks/113,en,publication year via Open Library (earliest edition found; not independently verified)
shakespeare-s-family__stopes-c-c-charlotte-carmichael__1901,Shakespeare's family,"Stopes, C. C. (Charlotte Carmichael)",1929,false,1901,gutenberg,https://www.gutenberg.org/ebooks/26315,en,publication year via Open Library (earliest edition found; not independently verified)
the-legend-of-sleepy-hollow__irving-washington__1820,The Legend of Sleepy Hollow,"Irving, Washington",1859,false,1820,gutenberg,https://www.gutenberg.org/ebooks/41,en,publication year via Open Library (earliest edition found; not independently verified)
the-chessmen-of-mars__burroughs-edgar-rice__1922,The Chessmen of Mars,"Burroughs, Edgar Rice",1950,false,1922,gutenberg,https://www.gutenberg.org/ebooks/1153,en,publication year via Open Library (earliest edition found; not independently verified)
a-connecticut-yankee-in-king-arthur-s-court__twain-mark__1889,A Connecticut Yankee in King Arthur's Court,"Twain, Mark",1910,false,1889,gutenberg,https://www.gutenberg.org/ebooks/86,en,publication year via Open Library (earliest edition found; not independently verified)
spenser-s-the-faerie-queene-book-i__spenser-edmund__unk,"Spenser's The Faerie Queene, Book I","Spenser, Edmund",1599,false,,gutenberg,https://www.gutenberg.org/ebooks/15272,en,"Open Library match discarded: returned 1867, which is more than 5 years after author's death (1599) -- likely an indexed reprint rather than the original edition; needs manual research"
david-copperfield__dickens-charles__unk,David Copperfield,"Dickens, Charles",1870,false,,gutenberg,https://www.gutenberg.org/ebooks/766,en,"Open Library match discarded: returned 1800, which predates author's birth year (1812) -- likely a mismatched search result; needs manual research"
the-decameron-of-giovanni-boccaccio__boccaccio-giovanni__unk,The Decameron of Giovanni Boccaccio,"Boccaccio, Giovanni",1375,false,,gutenberg,https://www.gutenberg.org/ebooks/23700,en,"classical/ancient work (author died before 1400) -- original composition predates reliable publication-year records, not looked up automatically; needs manual research"
the-gods-of-mars__burroughs-edgar-rice__1918,The gods of Mars,"Burroughs, Edgar Rice",1950,false,1918,gutenberg,https://www.gutenberg.org/ebooks/64,en,publication year via Open Library (earliest edition found; not independently verified)
the-consolation-of-philosophy__boethius__unk,The Consolation of Philosophy,Boethius,524,false,,gutenberg,https://www.gutenberg.org/ebooks/14328,en,"classical/ancient work (author died before 1400) -- original composition predates reliable publication-year records, not looked up automatically; needs manual research"
le-morte-d-arthur-volume-1__malory-thomas-sir__unk,Le Morte d'Arthur: Volume 1,"Malory, Thomas, Sir",1471,false,,gutenberg,https://www.gutenberg.org/ebooks/1251,en,"Open Library match discarded: returned 1916, which is more than 5 years after author's death (1471) -- likely an indexed reprint rather than the original edition; needs manual research"
the-warlord-of-mars__burroughs-edgar-rice__1914,The warlord of Mars,"Burroughs, Edgar Rice",1950,false,1914,gutenberg,https://www.gutenberg.org/ebooks/68,en,publication year via Open Library (earliest edition found; not independently verified)
off-on-a-comet-a-journey-through-planetary-space__verne-jules__unk,Off on a Comet! a Journey through Planetary Space,"Verne, Jules",1905,false,,gutenberg,https://www.gutenberg.org/ebooks/1353,en,"Open Library match discarded: returned 2006, which is more than 5 years after author's death (1905) -- likely an indexed reprint rather than the original edition; needs manual research"
the-passionate-friends__wells-h-g-herbert-george__1910,The Passionate Friends,"Wells, H. G. (Herbert George)",1946,false,1910,gutenberg,https://www.gutenberg.org/ebooks/30340,en,publication year via Open Library (earliest edition found; not independently verified)
peter-the-brazen-a-mystery-story-of-modern-china__worts-george-f-george-frank__2013,Peter the Brazen: A Mystery Story of Modern China,"Worts, George F. (George Frank)",,false,2013,gutenberg,https://www.gutenberg.org/ebooks/28780,en,publication year via Open Library (earliest edition found; not independently verified); author death year unknown (Gutendex has no record)
ulysses__joyce-james__1914,Ulysses,"Joyce, James",1941,false,1914,gutenberg,https://www.gutenberg.org/ebooks/4300,en,publication year via Open Library (earliest edition found; not independently verified)
cicero-s-tusculan-disputations-also-treatises-on-the-nature-of-the-gods-and-on-the-commonwealth__cicero-marcus-tullius__unk,"Cicero's Tusculan Disputations: Also, Treatises On The Nature Of The Gods, And On The Commonwealth","Cicero, Marcus Tullius",-43,false,,gutenberg,https://www.gutenberg.org/ebooks/14988,en,"classical/ancient work (author died before 1400) -- original composition predates reliable publication-year records, not looked up automatically; needs manual research"
the-shunned-house__lovecraft-h-p-howard-phillips__1928,The Shunned House,"Lovecraft, H. P. (Howard Phillips)",1937,false,1928,gutenberg,https://www.gutenberg.org/ebooks/31469,en,publication year via Open Library (earliest edition found; not independently verified)
the-letters-of-queen-victoria-vol-1-1837-1843-b-a-selection-from-her-majesty-s-correspondence-between-the-years-1837-and-1861__victoria-queen-of-great-britain__unk,"The letters of Queen Victoria, vol. 1, 1837-1843 : $b A selection from Her Majesty's correspondence between the years 1837 and 1861.","Victoria, Queen of Great Britain",1901,false,,gutenberg,https://www.gutenberg.org/ebooks/20023,en,publication year not found via Open Library; needs manual research
the-red-seal__lincoln-natalie-sumner__1920,The Red Seal,"Lincoln, Natalie Sumner",1935,false,1920,gutenberg,https://www.gutenberg.org/ebooks/1747,en,publication year via Open Library (earliest edition found; not independently verified)
the-history-of-don-quixote-volume-1-complete__cervantes-saavedra-miguel-de__unk,"The History of Don Quixote, Volume 1, Complete","Cervantes Saavedra, Miguel de",1616,false,,gutenberg,https://www.gutenberg.org/ebooks/5921,en,publication year not found via Open Library; needs manual research
the-works-of-robert-louis-stevenson-swanston-edition-vol-20__stevenson-robert-louis__unk,"The Works of Robert Louis Stevenson - Swanston Edition, Vol. 20","Stevenson, Robert Louis",1894,false,,gutenberg,https://www.gutenberg.org/ebooks/30849,en,publication year not found via Open Library; needs manual research
the-land-that-time-forgot__burroughs-edgar-rice__1918,The Land That Time Forgot,"Burroughs, Edgar Rice",1950,false,1918,gutenberg,https://www.gutenberg.org/ebooks/551,en,publication year via Open Library (earliest edition found; not independently verified)
the-lost-continent__burroughs-edgar-rice__1916,The Lost Continent,"Burroughs, Edgar Rice",1950,false,1916,gutenberg,https://www.gutenberg.org/ebooks/149,en,publication year via Open Library (earliest edition found; not independently verified)
occasion-for-disaster__garrett-randall__unk,Occasion ... for Disaster,"Garrett, Randall",1987,false,,gutenberg,https://www.gutenberg.org/ebooks/30434,en,"Open Library match discarded: returned 2014, which is more than 5 years after author's death (1987) -- likely an indexed reprint rather than the original edition; needs manual research; 1 additional co-author(s) not recorded, primary author only"
symposium__plato__unk,Symposium,Plato,-348,false,,gutenberg,https://www.gutenberg.org/ebooks/1600,en,"classical/ancient work (author died before 1400) -- original composition predates reliable publication-year records, not looked up automatically; needs manual research"
lives-of-fair-and-gallant-ladies-vol-1__brantome-pierre-de-bourdeille__unk,Lives of Fair and Gallant Ladies. Vol 1,"Brantôme, Pierre de Bourdeille",1614,false,,gutenberg,https://www.gutenberg.org/ebooks/67025,en,publication year not found via Open Library; needs manual research
plutarch-s-lives-volume-3-of-4__plutarch__unk,"Plutarch's Lives, Volume 3 (of 4)",Plutarch,119,false,,gutenberg,https://www.gutenberg.org/ebooks/14140,en,"classical/ancient work (author died before 1400) -- original composition predates reliable publication-year records, not looked up automatically; needs manual research"
out-of-time-s-abyss__burroughs-edgar-rice__unk,Out of Time's Abyss,"Burroughs, Edgar Rice",1950,false,,gutenberg,https://www.gutenberg.org/ebooks/553,en,"Open Library match discarded: returned 1963, which is more than 5 years after author's death (1950) -- likely an indexed reprint rather than the original edition; needs manual research"
darkwater-voices-from-within-the-veil__du-bois-w-e-b-william-edward-burghardt__1920,Darkwater: Voices from Within the Veil,"Du Bois, W. E. B. (William Edward Burghardt)",1963,false,1920,gutenberg,https://www.gutenberg.org/ebooks/15210,en,publication year via Open Library (earliest edition found; not independently verified)
the-young-visiters-or-mr-salteena-s-plan__ashford-daisy__1919,"The Young Visiters or, Mr. Salteena's Plan","Ashford, Daisy",1972,false,1919,gutenberg,https://www.gutenberg.org/ebooks/21415,en,publication year via Open Library (earliest edition found; not independently verified)
life-of-st-francis-of-assisi__sabatier-paul__1894,Life of St. Francis of Assisi,"Sabatier, Paul",1928,false,1894,gutenberg,https://www.gutenberg.org/ebooks/18787,en,publication year via Open Library (earliest edition found; not independently verified)
the-works-of-lord-byron-vol-4__byron-george-gordon-byron-baron__unk,The Works of Lord Byron. Vol. 4,"Byron, George Gordon Byron, Baron",1824,false,,gutenberg,https://www.gutenberg.org/ebooks/20158,en,publication year not found via Open Library; needs manual research
the-2003-cia-world-factbook__united-states-central-intelligence-agency__unk,The 2003 CIA World Factbook,United States. Central Intelligence Agency,,false,,gutenberg,https://www.gutenberg.org/ebooks/27558,en,publication year not found via Open Library; needs manual research; author death year unknown (Gutendex has no record)
mrs-dalloway__woolf-virginia__1925,Mrs. Dalloway,"Woolf, Virginia",1941,false,1925,gutenberg,https://www.gutenberg.org/ebooks/71865,en,publication year via Open Library (earliest edition found; not independently verified)
the-history-of-mary-prince-a-west-indian-slave__prince-mary__1831,"The History of Mary Prince, a West Indian Slave","Prince, Mary",1833,false,1831,gutenberg,https://www.gutenberg.org/ebooks/17851,en,publication year via Open Library (earliest edition found; not independently verified)
the-girl-on-the-boat__wodehouse-p-g-pelham-grenville__1922,The Girl on the Boat,"Wodehouse, P. G. (Pelham Grenville)",1975,false,1922,gutenberg,https://www.gutenberg.org/ebooks/20717,en,publication year via Open Library (earliest edition found; not independently verified)
phaedrus__plato__unk,Phaedrus,Plato,-348,false,,gutenberg,https://www.gutenberg.org/ebooks/1636,en,"classical/ancient work (author died before 1400) -- original composition predates reliable publication-year records, not looked up automatically; needs manual research"
paradise-lost__milton-john__1667,Paradise Lost,"Milton, John",1674,false,1667,gutenberg,https://www.gutenberg.org/ebooks/20,en,publication year via Open Library (earliest edition found; not independently verified)
my-friend-the-chauffeur__williamson-c-n-charles-norris__unk,My Friend the Chauffeur,"Williamson, C. N. (Charles Norris)",1920,false,,gutenberg,https://www.gutenberg.org/ebooks/19441,en,"Open Library match discarded: returned 2012, which is more than 5 years after author's death (1920) -- likely an indexed reprint rather than the original edition; needs manual research; 1 additional co-author(s) not recorded, primary author only"
the-notebooks-of-leonardo-da-vinci-complete__leonardo-da-vinci__unk,The Notebooks of Leonardo Da Vinci — Complete,"Leonardo, da Vinci",1519,false,,gutenberg,https://www.gutenberg.org/ebooks/5000,en,"Open Library match discarded: returned 1888, which is more than 5 years after author's death (1519) -- likely an indexed reprint rather than the original edition; needs manual research"
the-journal-of-sir-walter-scott-from-the-original-manuscript-at-abbotsford__scott-walter__unk,The Journal of Sir Walter Scott: From the Original Manuscript at Abbotsford,"Scott, Walter",1832,false,,gutenberg,https://www.gutenberg.org/ebooks/14860,en,"Open Library match discarded: returned 1890, which is more than 5 years after author's death (1832) -- likely an indexed reprint rather than the original edition; needs manual research"
apology__plato__unk,Apology,Plato,-348,false,,gutenberg,https://www.gutenberg.org/ebooks/1656,en,"classical/ancient work (author died before 1400) -- original composition predates reliable publication-year records, not looked up automatically; needs manual research"
the-man-who-did-the-right-thing-a-romance__johnston-harry__unk,The Man Who Did the Right Thing: A Romance,"Johnston, Harry",1927,false,,gutenberg,https://www.gutenberg.org/ebooks/45451,en,publication year not found via Open Library; needs manual research
madame-flirt-a-romance-of-the-beggar-s-opera__pearce-charles-edward__unk,Madame Flirt: A Romance of 'The Beggar's Opera',"Pearce, Charles Edward",1924,false,,gutenberg,https://www.gutenberg.org/ebooks/18547,en,"Open Library match discarded: returned 2011, which is more than 5 years after author's death (1924) -- likely an indexed reprint rather than the original edition; needs manual research"
the-mask-a-story-of-love-and-adventure__hornblow-arthur__unk,The Mask: A Story of Love and Adventure,"Hornblow, Arthur",1942,false,,gutenberg,https://www.gutenberg.org/ebooks/20131,en,"Open Library match discarded: returned 2007, which is more than 5 years after author's death (1942) -- likely an indexed reprint rather than the original edition; needs manual research"
priscilla-s-spies__birmingham-george-a__1912,Priscilla's Spies,"Birmingham, George A.",1950,false,1912,gutenberg,https://www.gutenberg.org/ebooks/21394,en,publication year via Open Library (earliest edition found; not independently verified)
songs-of-innocence-and-of-experience__blake-william__1794,Songs of Innocence and of Experience,"Blake, William",1827,false,1794,gutenberg,https://www.gutenberg.org/ebooks/1934,en,publication year via Open Library (earliest edition found; not independently verified)
a-tale-of-two-cities__dickens-charles__unk,A Tale of Two Cities,"Dickens, Charles",1870,false,,gutenberg,https://www.gutenberg.org/ebooks/98,en,"Open Library match discarded: returned 1800, which predates author's birth year (1812) -- likely a mismatched search result; needs manual research"
the-two-magics-the-turn-of-the-screw-covering-end__james-henry__1898,"The Two Magics: The Turn of the Screw, Covering End","James, Henry",1916,false,1898,gutenberg,https://www.gutenberg.org/ebooks/42486,en,publication year via Open Library (earliest edition found; not independently verified)
the-aeneid__virgil__unk,The Aeneid,Virgil,-19,false,,gutenberg,https://www.gutenberg.org/ebooks/228,en,"classical/ancient work (author died before 1400) -- original composition predates reliable publication-year records, not looked up automatically; needs manual research"
andersen-s-fairy-tales__andersen-h-c-hans-christian__1846,Andersen's Fairy Tales,"Andersen, H. C. (Hans Christian)",1875,false,1846,gutenberg,https://www.gutenberg.org/ebooks/1597,en,publication year via Open Library (earliest edition found; not independently verified)
northanger-abbey__austen-jane__1817,Northanger Abbey,"Austen, Jane",1817,false,1817,gutenberg,https://www.gutenberg.org/ebooks/121,en,publication year via Open Library (earliest edition found; not independently verified)
the-silent-baltic-b-or-detained-near-kiel__knox-marcus__unk,"The silent Baltic : $b or, Detained near Kiel","Knox, Marcus",,false,,gutenberg,https://www.gutenberg.org/ebooks/78033,en,publication year not found via Open Library; needs manual research; author death year unknown (Gutendex has no record)
uncle-tom-s-cabin__stowe-harriet-beecher__unk,Uncle Tom's Cabin,"Stowe, Harriet Beecher",1896,false,,gutenberg,https://www.gutenberg.org/ebooks/203,en,"Open Library match discarded: returned 1800, which predates author's birth year (1811) -- likely a mismatched search result; needs manual research"
the-hawk-of-egypt__conquest-joan__1922,The Hawk of Egypt,"Conquest, Joan",1941,false,1922,gutenberg,https://www.gutenberg.org/ebooks/15721,en,publication year via Open Library (earliest edition found; not independently verified)
phaedo__plato__unk,Phaedo,Plato,-348,false,,gutenberg,https://www.gutenberg.org/ebooks/1658,en,"classical/ancient work (author died before 1400) -- original composition predates reliable publication-year records, not looked up automatically; needs manual research"
black-beauty-b-the-autobiography-of-a-horse__sewell-anna__unk,Black Beauty : $b The autobiography of a horse,"Sewell, Anna",1878,false,,gutenberg,https://www.gutenberg.org/ebooks/271,en,publication year not found via Open Library; needs manual research
the-ballad-of-the-white-horse__chesterton-g-k-gilbert-keith__1911,The Ballad of the White Horse,"Chesterton, G. K. (Gilbert Keith)",1936,false,1911,gutenberg,https://www.gutenberg.org/ebooks/1719,en,publication year via Open Library (earliest edition found; not independently verified)
notre-dame-de-paris__hugo-victor__1831,Notre-Dame de Paris,"Hugo, Victor",1885,false,1831,gutenberg,https://www.gutenberg.org/ebooks/2610,en,publication year via Open Library (earliest edition found; not independently verified)
the-canterbury-tales-and-other-poems__chaucer-geoffrey__unk,"The Canterbury Tales, and Other Poems","Chaucer, Geoffrey",1400,false,,gutenberg,https://www.gutenberg.org/ebooks/2383,en,"Open Library match discarded: returned 1881, which is more than 5 years after author's death (1400) -- likely an indexed reprint rather than the original edition; needs manual research"
lysistrata__aristophanes__unk,Lysistrata,Aristophanes,-388,false,,gutenberg,https://www.gutenberg.org/ebooks/7700,en,"classical/ancient work (author died before 1400) -- original composition predates reliable publication-year records, not looked up automatically; needs manual research"
the-life-of-charles-dickens-vol-i-iii-complete__forster-john__unk,"The Life of Charles Dickens, Vol. I-III, Complete","Forster, John",1876,false,,gutenberg,https://www.gutenberg.org/ebooks/25851,en,"Open Library match discarded: returned 2010, which is more than 5 years after author's death (1876) -- likely an indexed reprint rather than the original edition; needs manual research"
divine-comedy-longfellow-s-translation-hell__dante-alighieri__unk,"Divine Comedy, Longfellow's Translation, Hell",Dante Alighieri,1321,false,,gutenberg,https://www.gutenberg.org/ebooks/1001,en,"classical/ancient work (author died before 1400) -- original composition predates reliable publication-year records, not looked up automatically; needs manual research"
childe-harold-s-pilgrimage__byron-george-gordon-byron-baron__1800,Childe Harold's Pilgrimage,"Byron, George Gordon Byron, Baron",1824,false,1800,gutenberg,https://www.gutenberg.org/ebooks/5131,en,publication year via Open Library (earliest edition found; not independently verified)
the-adventures-of-pinocchio__collodi-carlo__1892,The Adventures of Pinocchio,"Collodi, Carlo",1890,false,1892,gutenberg,https://www.gutenberg.org/ebooks/500,en,publication year via Open Library (earliest edition found; not independently verified)
the-picture-of-dorian-gray__wilde-oscar__1890,The Picture of Dorian Gray,"Wilde, Oscar",1900,false,1890,gutenberg,https://www.gutenberg.org/ebooks/174,en,publication year via Open Library (earliest edition found; not independently verified)
three-hundred-aesops-fables-translated-by-george-fyler-townsend__aesop__2018,Three hundred Aesop’s fables: Translated by George Fyler Townsend,Aesop,,false,2018,gutenberg,https://www.gutenberg.org/ebooks/21,en,publication year via Open Library (earliest edition found; not independently verified); author death year unknown (Gutendex has no record)
just-around-the-corner-romance-en-casserole__hurst-fannie__unk,Just Around the Corner: Romance en casserole,"Hurst, Fannie",1968,false,,gutenberg,https://www.gutenberg.org/ebooks/33118,en,publication year not found via Open Library; needs manual research
up-from-slavery-an-autobiography__washington-booker-t__unk,Up from Slavery: An Autobiography,"Washington, Booker T.",1915,false,,gutenberg,https://www.gutenberg.org/ebooks/2376,en,"Open Library match discarded: returned 1966, which is more than 5 years after author's death (1915) -- likely an indexed reprint rather than the original edition; needs manual research"
vanity-fair__thackeray-william-makepeace__unk,Vanity Fair,"Thackeray, William Makepeace",1863,false,,gutenberg,https://www.gutenberg.org/ebooks/599,en,"Open Library match discarded: returned 1800, which predates author's birth year (1811) -- likely a mismatched search result; needs manual research"
the-wheel-of-earth__sandburg-helga__1958,The wheel of earth,"Sandburg, Helga",2014,false,1958,gutenberg,https://www.gutenberg.org/ebooks/78102,en,publication year via Open Library (earliest edition found; not independently verified)
the-awakening-and-selected-short-stories__chopin-kate__unk,"The Awakening, and Selected Short Stories","Chopin, Kate",1904,false,,gutenberg,https://www.gutenberg.org/ebooks/160,en,"Open Library match discarded: returned 2003, which is more than 5 years after author's death (1904) -- likely an indexed reprint rather than the original edition; needs manual research"
the-portrait-of-a-lady-volume-1__james-henry__1921,The Portrait of a Lady — Volume 1,"James, Henry",1916,false,1921,gutenberg,https://www.gutenberg.org/ebooks/2833,en,publication year via Open Library (earliest edition found; not independently verified)
the-pickwick-papers__dickens-charles__unk,The Pickwick Papers,"Dickens, Charles",1870,false,,gutenberg,https://www.gutenberg.org/ebooks/580,en,"Open Library match discarded: returned 1800, which predates author's birth year (1812) -- likely a mismatched search result; needs manual research"
the-journals-of-lewis-and-clark-1804-1806__lewis-meriwether__unk,"The Journals of Lewis and Clark, 1804-1806","Lewis, Meriwether",1809,false,,gutenberg,https://www.gutenberg.org/ebooks/8419,en,"Open Library match discarded: returned 1904, which is more than 5 years after author's death (1809) -- likely an indexed reprint rather than the original edition; needs manual research; 1 additional co-author(s) not recorded, primary author only"
nicholas-nickleby__dickens-charles__unk,Nicholas Nickleby,"Dickens, Charles",1870,false,,gutenberg,https://www.gutenberg.org/ebooks/967,en,"Open Library match discarded: returned 1800, which predates author's birth year (1812) -- likely a mismatched search result; needs manual research"
hesiod-the-homeric-hymns-and-homerica__hesiod__1914,"Hesiod, the Homeric Hymns, and Homerica",Hesiod,,false,1914,gutenberg,https://www.gutenberg.org/ebooks/348,en,publication year via Open Library (earliest edition found; not independently verified); author death year unknown (Gutendex has no record)
a-doll-s-house-a-play__ibsen-henrik__1890,A Doll's House : a play,"Ibsen, Henrik",1906,false,1890,gutenberg,https://www.gutenberg.org/ebooks/2542,en,publication year via Open Library (earliest edition found; not independently verified)
the-life-and-opinions-of-tristram-shandy-gentleman__sterne-laurence__1759,"The life and opinions of Tristram Shandy, gentleman","Sterne, Laurence",1768,false,1759,gutenberg,https://www.gutenberg.org/ebooks/1079,en,publication year via Open Library (earliest edition found; not independently verified)
on-the-nature-of-things__lucretius-carus-titus__unk,On the Nature of Things,"Lucretius Carus, Titus",-55,false,,gutenberg,https://www.gutenberg.org/ebooks/785,en,"classical/ancient work (author died before 1400) -- original composition predates reliable publication-year records, not looked up automatically; needs manual research"
gargantua-and-pantagruel__rabelais-francois__1694,Gargantua and Pantagruel,"Rabelais, François",,false,1694,gutenberg,https://www.gutenberg.org/ebooks/1200,en,publication year via Open Library (earliest edition found; not independently verified); author death year unknown (Gutendex has no record)
memoirs-of-napoleon-bonaparte-complete__bourrienne-louis-antoine-fauvelet-de__unk,Memoirs of Napoleon Bonaparte — Complete,"Bourrienne, Louis Antoine Fauvelet de",1834,false,,gutenberg,https://www.gutenberg.org/ebooks/3567,en,"Open Library match discarded: returned 2012, which is more than 5 years after author's death (1834) -- likely an indexed reprint rather than the original edition; needs manual research"
blue-grass-and-broadway__daviess-maria-thompson__1919,Blue-grass and Broadway,"Daviess, Maria Thompson",1924,false,1919,gutenberg,https://www.gutenberg.org/ebooks/29391,en,publication year via Open Library (earliest edition found; not independently verified)
the-story-of-my-life-with-her-letters-1887-1901-and-a-supplementary-account-of-her-education-including-passages-from-the-reports-and-letters-of-her-teacher-anne-mansfield-sullivan-by-john-albert-macy__keller-helen__unk,"The Story of My Life: With her letters (1887-1901) and a supplementary account of her education, including passages from the reports and letters of her teacher, Anne Mansfield Sullivan, by John Albert Macy","Keller, Helen",1968,false,,gutenberg,https://www.gutenberg.org/ebooks/2397,en,publication year not found via Open Library; needs manual research
the-confessions-of-jean-jacques-rousseau-complete__rousseau-jean-jacques__unk,The Confessions of Jean Jacques Rousseau — Complete,"Rousseau, Jean-Jacques",1778,false,,gutenberg,https://www.gutenberg.org/ebooks/3913,en,"Open Library match discarded: returned 1928, which is more than 5 years after author's death (1778) -- likely an indexed reprint rather than the original edition; needs manual research"
utopia__more-thomas-saint__1516,Utopia,"More, Thomas, Saint",1535,false,1516,gutenberg,https://www.gutenberg.org/ebooks/2130,en,publication year via Open Library (earliest edition found; not independently verified)
plutarch-lives-of-the-noble-grecians-and-romans__plutarch__unk,Plutarch: Lives of the noble Grecians and Romans,Plutarch,119,false,,gutenberg,https://www.gutenberg.org/ebooks/674,en,"classical/ancient work (author died before 1400) -- original composition predates reliable publication-year records, not looked up automatically; needs manual research"
the-red-badge-of-courage-an-episode-of-the-american-civil-war__crane-stephen__unk,The Red Badge of Courage: An Episode of the American Civil War,"Crane, Stephen",1900,false,,gutenberg,https://www.gutenberg.org/ebooks/73,en,"Open Library match discarded: returned 1951, which is more than 5 years after author's death (1900) -- likely an indexed reprint rather than the original edition; needs manual research"
baron-trump-s-marvellous-underground-journey__lockwood-ingersoll__1893,Baron Trump's Marvellous Underground Journey,"Lockwood, Ingersoll",1918,false,1893,gutenberg,https://www.gutenberg.org/ebooks/57426,en,publication year via Open Library (earliest edition found; not independently verified)
the-history-of-pendennis-volume-2-his-fortunes-and-misfortunes-his-friends-and-his-greatest-enemy__thackeray-william-makepeace__unk,"The History of Pendennis, Volume 2: His Fortunes and Misfortunes, His Friends and His Greatest Enemy","Thackeray, William Makepeace",1863,false,,gutenberg,https://www.gutenberg.org/ebooks/9904,en,publication year not found via Open Library; needs manual research
the-enchiridion__epictetus__unk,The Enchiridion,Epictetus,135,false,,gutenberg,https://www.gutenberg.org/ebooks/45109,en,"classical/ancient work (author died before 1400) -- original composition predates reliable publication-year records, not looked up automatically; needs manual research"
from-chaucer-to-tennyson-with-twenty-nine-portraits-and-selections-from-thirty-authors__beers-henry-a-henry-augustin__1894,From Chaucer to Tennyson: With Twenty-Nine Portraits and Selections from Thirty Authors,"Beers, Henry A. (Henry Augustin)",1926,false,1894,gutenberg,https://www.gutenberg.org/ebooks/11618,en,publication year via Open Library (earliest edition found; not independently verified)
complete-prose-works-specimen-days-and-collect-november-boughs-and-goodbye-my-fancy__whitman-walt__unk,"Complete Prose Works: Specimen Days and Collect, November Boughs and Goodbye My Fancy","Whitman, Walt",1892,false,,gutenberg,https://www.gutenberg.org/ebooks/8813,en,"Open Library match discarded: returned 2022, which is more than 5 years after author's death (1892) -- likely an indexed reprint rather than the original edition; needs manual research"
bambi__cooke-marjorie-benton__1914,Bambi,"Cooke, Marjorie Benton",1920,false,1914,gutenberg,https://www.gutenberg.org/ebooks/11197,en,publication year via Open Library (earliest edition found; not independently verified)
war-and-peace__tolstoy-leo-graf__1864,War and Peace,"Tolstoy, Leo, graf",1910,false,1864,gutenberg,https://www.gutenberg.org/ebooks/2600,en,publication year via Open Library (earliest edition found; not independently verified)
shakespeare-s-sonnets__shakespeare-william__unk,Shakespeare's Sonnets,"Shakespeare, William",1616,false,,gutenberg,https://www.gutenberg.org/ebooks/1041,en,"Open Library match discarded: returned 1766, which is more than 5 years after author's death (1616) -- likely an indexed reprint rather than the original edition; needs manual research"
boswell-s-life-of-johnson-abridged-and-edited-with-an-introduction-by-charles-grosvenor-osgood__boswell-james__unk,"Boswell's Life of Johnson: Abridged and edited, with an introduction by Charles Grosvenor Osgood","Boswell, James",1795,false,,gutenberg,https://www.gutenberg.org/ebooks/1564,en,"Open Library match discarded: returned 2006, which is more than 5 years after author's death (1795) -- likely an indexed reprint rather than the original edition; needs manual research"
alice-or-the-mysteries-complete__lytton-edward-bulwer-lytton-baron__unk,"Alice, or the Mysteries — Complete","Lytton, Edward Bulwer Lytton, Baron",1873,false,,gutenberg,https://www.gutenberg.org/ebooks/9774,en,"Open Library match discarded: returned 2018, which is more than 5 years after author's death (1873) -- likely an indexed reprint rather than the original edition; needs manual research"
the-satyricon-complete__petronius-arbiter__unk,The Satyricon — Complete,Petronius Arbiter,66,false,,gutenberg,https://www.gutenberg.org/ebooks/5225,en,"classical/ancient work (author died before 1400) -- original composition predates reliable publication-year records, not looked up automatically; needs manual research"
the-letters-of-wolfgang-amadeus-mozart-volume-01__mozart-wolfgang-amadeus__unk,The Letters of Wolfgang Amadeus Mozart — Volume 01,"Mozart, Wolfgang Amadeus",1791,false,,gutenberg,https://www.gutenberg.org/ebooks/5307,en,"Open Library match discarded: returned 2018, which is more than 5 years after author's death (1791) -- likely an indexed reprint rather than the original edition; needs manual research"
the-castle-of-otranto__walpole-horace__1764,The Castle of Otranto,"Walpole, Horace",1797,false,1764,gutenberg,https://www.gutenberg.org/ebooks/696,en,publication year via Open Library (earliest edition found; not independently verified)
confessions-of-an-english-opium-eater__de-quincey-thomas__1821,Confessions of an English Opium-Eater,"De Quincey, Thomas",1859,false,1821,gutenberg,https://www.gutenberg.org/ebooks/2040,en,publication year via Open Library (earliest edition found; not independently verified)
memoirs-of-louis-xiv-and-his-court-and-of-the-regency-complete__saint-simon-louis-de-rouvroy-duc-de__unk,Memoirs of Louis XIV and His Court and of the Regency — Complete,"Saint-Simon, Louis de Rouvroy, duc de",1755,false,,gutenberg,https://www.gutenberg.org/ebooks/3875,en,"Open Library match discarded: returned 2016, which is more than 5 years after author's death (1755) -- likely an indexed reprint rather than the original edition; needs manual research"
poems-and-songs-of-robert-burns__burns-robert__unk,Poems and Songs of Robert Burns,"Burns, Robert",1796,false,,gutenberg,https://www.gutenberg.org/ebooks/1279,en,"Open Library match discarded: returned 1853, which is more than 5 years after author's death (1796) -- likely an indexed reprint rather than the original edition; needs manual research"
my-bondage-and-my-freedom__douglass-frederick__unk,My Bondage and My Freedom,"Douglass, Frederick",1895,false,,gutenberg,https://www.gutenberg.org/ebooks/202,en,"Open Library match discarded: returned 1815, which predates author's birth year (1818) -- likely a mismatched search result; needs manual research"
memoirs-of-the-court-of-marie-antoinette-queen-of-france-complete-being-the-historic-memoirs-of-madam-campan-first-lady-in-waiting-to-the-queen__campan-mme-jeanne-louise-henriette__unk,"Memoirs of the Court of Marie Antoinette, Queen of France, Complete: Being the Historic Memoirs of Madam Campan, First Lady in Waiting to the Queen","Campan, Mme. (Jeanne-Louise-Henriette)",1822,false,,gutenberg,https://www.gutenberg.org/ebooks/3891,en,publication year not found via Open Library; needs manual research
lineage-life-and-labors-of-jose-rizal-philippine-patriot__craig-austin__1913,"Lineage, Life and Labors of José Rizal, Philippine Patriot","Craig, Austin",1949,false,1913,gutenberg,https://www.gutenberg.org/ebooks/6867,en,publication year via Open Library (earliest edition found; not independently verified)
the-secret-of-father-brown__chesterton-g-k-gilbert-keith__1927,The secret of Father Brown,"Chesterton, G. K. (Gilbert Keith)",1936,false,1927,gutenberg,https://www.gutenberg.org/ebooks/70175,en,publication year via Open Library (earliest edition found; not independently verified)
calculus-made-easy-being-a-very-simplest-introduction-to-those-beautiful-methods-which-are-generally-called-by-the-terrifying-names-of-the-differential-calculus-and-the-integral-calculus__thompson-silvanus-p-silvanus-phillips__unk,Calculus Made Easy: Being a very-simplest introduction to those beautiful methods which are generally called by the terrifying names of the Differential Calculus and the Integral Calculus,"Thompson, Silvanus P. (Silvanus Phillips)",1916,false,,gutenberg,https://www.gutenberg.org/ebooks/33283,en,publication year not found via Open Library; needs manual research
daughters-of-nijo-a-romance-of-japan__watanna-onoto__1904,Daughters of Nijo: A Romance of Japan,"Watanna, Onoto",1954,false,1904,gutenberg,https://www.gutenberg.org/ebooks/57763,en,publication year via Open Library (earliest edition found; not independently verified)
from-the-earth-to-the-moon-and-round-the-moon__verne-jules__1874,"From the Earth to the moon; and, round the moon","Verne, Jules",1905,false,1874,gutenberg,https://www.gutenberg.org/ebooks/83,en,publication year via Open Library (earliest edition found; not independently verified)
fifteen-thousand-useful-phrases__kleiser-grenville__1917,Fifteen Thousand Useful Phrases,"Kleiser, Grenville",1953,false,1917,gutenberg,https://www.gutenberg.org/ebooks/26225,en,publication year via Open Library (earliest edition found; not independently verified)
scenes-in-the-life-of-harriet-tubman__bradford-sarah-h-sarah-hopkins__unk,Scenes in the Life of Harriet Tubman,"Bradford, Sarah H. (Sarah Hopkins)",1912,false,,gutenberg,https://www.gutenberg.org/ebooks/57821,en,"Open Library match discarded: returned 2016, which is more than 5 years after author's death (1912) -- likely an indexed reprint rather than the original edition; needs manual research"
a-love-story__christie-william-harvey__unk,A Love Story,"Christie, William Harvey",1873,false,,gutenberg,https://www.gutenberg.org/ebooks/8883,en,publication year not found via Open Library; needs manual research
a-terrible-temptation-a-story-of-to-day__reade-charles__1871,A Terrible Temptation: A Story of To-Day,"Reade, Charles",1884,false,1871,gutenberg,https://www.gutenberg.org/ebooks/7895,en,publication year via Open Library (earliest edition found; not independently verified)
the-vision-of-desire__pedler-margaret__1922,The Vision of Desire,"Pedler, Margaret",1948,false,1922,gutenberg,https://www.gutenberg.org/ebooks/7855,en,publication year via Open Library (earliest edition found; not independently verified)
five-weeks-in-a-balloon-or-journeys-and-discoveries-in-africa-by-three-englishmen__verne-jules__1874,"Five Weeks in a Balloon: Or, Journeys and Discoveries in Africa by Three Englishmen","Verne, Jules",1905,false,1874,gutenberg,https://www.gutenberg.org/ebooks/3526,en,publication year via Open Library (earliest edition found; not independently verified)
the-letters-of-franklin-k-lane-personal-and-political__lane-franklin-k__1922,"The Letters of Franklin K. Lane, Personal and Political","Lane, Franklin K.",1921,false,1922,gutenberg,https://www.gutenberg.org/ebooks/4206,en,publication year via Open Library (earliest edition found; not independently verified)
fifty-years-in-wall-street__clews-henry__1908,Fifty years in Wall Street,"Clews, Henry",1923,false,1908,gutenberg,https://www.gutenberg.org/ebooks/70377,en,publication year via Open Library (earliest edition found; not independently verified)
the-small-house-at-allington__trollope-anthony__1864,The Small House at Allington,"Trollope, Anthony",1882,false,1864,gutenberg,https://www.gutenberg.org/ebooks/4599,en,publication year via Open Library (earliest edition found; not independently verified)
at-the-sign-of-the-cat-and-racket__balzac-honore-de__1819,At the Sign of the Cat and Racket,"Balzac, Honoré de",1850,false,1819,gutenberg,https://www.gutenberg.org/ebooks/1680,en,publication year via Open Library (earliest edition found; not independently verified)
thelma__corelli-marie__unk,Thelma,"Corelli, Marie",1924,false,,gutenberg,https://www.gutenberg.org/ebooks/3823,en,"Open Library match discarded: returned 1800, which predates author's birth year (1855) -- likely a mismatched search result; needs manual research"
society-as-i-have-found-it__mcallister-ward__1890,Society as I Have Found It,"McAllister, Ward",1895,false,1890,gutenberg,https://www.gutenberg.org/ebooks/55300,en,publication year via Open Library (earliest edition found; not independently verified)
the-prince__machiavelli-niccolo__1515,The Prince,"Machiavelli, Niccolò",1527,false,1515,gutenberg,https://www.gutenberg.org/ebooks/1232,en,publication year via Open Library (earliest edition found; not independently verified)
king-midas-a-romance__sinclair-upton__unk,King Midas: a Romance,"Sinclair, Upton",1968,false,,gutenberg,https://www.gutenberg.org/ebooks/4923,en,publication year not found via Open Library; needs manual research
color-images-from-mars-rovers-spirit-and-opportunity__webster-bob__unk,Color Images from Mars Rovers: Spirit and Opportunity,"Webster, Bob",,false,,gutenberg,https://www.gutenberg.org/ebooks/12082,en,publication year not found via Open Library; needs manual research; author death year unknown (Gutendex has no record)
love-and-life-an-old-story-in-eighteenth-century-costume__yonge-charlotte-m-charlotte-mary__unk,Love and Life: An Old Story in Eighteenth Century Costume,"Yonge, Charlotte M. (Charlotte Mary)",1901,false,,gutenberg,https://www.gutenberg.org/ebooks/5700,en,"Open Library match discarded: returned 2007, which is more than 5 years after author's death (1901) -- likely an indexed reprint rather than the original edition; needs manual research"
the-cardinal-s-snuff-box__harland-henry__1900,The Cardinal's snuff-box,"Harland, Henry",1905,false,1900,gutenberg,https://www.gutenberg.org/ebooks/5610,en,publication year via Open Library (earliest edition found; not independently verified)
oedipus-king-of-thebes-translated-into-english-rhyming-verse-with-explanatory-notes__sophocles__unk,Oedipus King of Thebes: Translated into English Rhyming Verse with Explanatory Notes,Sophocles,-406,false,,gutenberg,https://www.gutenberg.org/ebooks/27673,en,"classical/ancient work (author died before 1400) -- original composition predates reliable publication-year records, not looked up automatically; needs manual research"
the-lilac-sunbonnet-a-love-story__crockett-s-r-samuel-rutherford__1894,The Lilac Sunbonnet: A Love Story,"Crockett, S. R. (Samuel Rutherford)",1914,false,1894,gutenberg,https://www.gutenberg.org/ebooks/4918,en,publication year via Open Library (earliest edition found; not independently verified)
the-crown-of-wild-olive-also-munera-pulveris-pre-raphaelitism-aratra-pentelici-the-ethics-of-the-dust-fiction-fair-and-foul-the-elements-of-drawing__ruskin-john__unk,"The Crown of Wild Olive: also Munera Pulveris; Pre-Raphaelitism; Aratra Pentelici; The Ethics of the Dust; Fiction, Fair and Foul; The Elements of Drawing","Ruskin, John",1900,false,,gutenberg,https://www.gutenberg.org/ebooks/26716,en,"Open Library match discarded: returned 1800, which predates author's birth year (1819) -- likely a mismatched search result; needs manual research"
the-hour-of-the-dragon__howard-robert-e-robert-ervin__unk,The Hour of the Dragon,"Howard, Robert E. (Robert Ervin)",1936,false,,gutenberg,https://www.gutenberg.org/ebooks/42243,en,"Open Library match discarded: returned 1977, which is more than 5 years after author's death (1936) -- likely an indexed reprint rather than the original edition; needs manual research"
lives-of-the-most-eminent-painters-sculptors-and-architects-vol-01-of-10-cimabue-to-agnolo-gaddi__vasari-giorgio__unk,"Lives of the Most Eminent Painters Sculptors and Architects, Vol. 01 (of 10): Cimabue to Agnolo Gaddi","Vasari, Giorgio",1574,false,,gutenberg,https://www.gutenberg.org/ebooks/25326,en,publication year not found via Open Library; needs manual research
the-mysterious-mr-quin__christie-agatha__1930,The mysterious Mr. Quin,"Christie, Agatha",1976,false,1930,gutenberg,https://www.gutenberg.org/ebooks/78084,en,publication year via Open Library (earliest edition found; not independently verified)
all-in-the-day-s-work-an-autobiography__tarbell-ida-m-ida-minerva__1939,All in the Day's Work: An Autobiography,"Tarbell, Ida M. (Ida Minerva)",1944,false,1939,gutenberg,https://www.gutenberg.org/ebooks/63754,en,publication year via Open Library (earliest edition found; not independently verified)
herman-melville__mumford-lewis__1920,Herman Melville,"Mumford, Lewis",1990,false,1920,gutenberg,https://www.gutenberg.org/ebooks/78016,en,publication year via Open Library (earliest edition found; not independently verified)
a-guide-to-the-history-of-physical-education__leonard-fred-eugene__1923,A guide to the history of physical education,"Leonard, Fred Eugene",1922,false,1923,gutenberg,https://www.gutenberg.org/ebooks/78009,en,publication year via Open Library (earliest edition found; not independently verified)
the-swiss-family-robinson__wyss-johann-david__1800,The Swiss family Robinson,"Wyss, Johann David",1818,false,1800,gutenberg,https://www.gutenberg.org/ebooks/78017,en,publication year via Open Library (earliest edition found; not independently verified)
the-satyricon-volume-05-crotona-affairs__petronius-arbiter__unk,The Satyricon — Volume 05: Crotona Affairs,Petronius Arbiter,66,false,,gutenberg,https://www.gutenberg.org/ebooks/5222,en,"classical/ancient work (author died before 1400) -- original composition predates reliable publication-year records, not looked up automatically; needs manual research"
the-eclipse-of-russia__dillon-emile-joseph__1918,The eclipse of Russia,"Dillon, Emile Joseph",1933,false,1918,gutenberg,https://www.gutenberg.org/ebooks/78075,en,publication year via Open Library (earliest edition found; not independently verified)
the-dogaressas-of-venice-the-wives-of-the-doges__staley-edgcumbe__unk,The dogaressas of Venice (the wives of the doges),"Staley, Edgcumbe",1903,false,,gutenberg,https://www.gutenberg.org/ebooks/78047,en,"Open Library match discarded: returned 1910, which is more than 5 years after author's death (1903) -- likely an indexed reprint rather than the original edition; needs manual research"
1066-and-all-that-b-a-memorable-history-of-england-comprising-all-the-parts-you-can-remember-including-103-good-things-5-bad-kings-and-2-genuine-dates__sellar-walter-carruthers__unk,"1066 and all that : $b A memorable history of England, comprising all the parts you can remember, including 103 good things, 5 bad kings and 2 genuine dates","Sellar, Walter Carruthers",1951,false,,gutenberg,https://www.gutenberg.org/ebooks/78124,en,"publication year not found via Open Library; needs manual research; 1 additional co-author(s) not recorded, primary author only"
main-currents-in-american-thought-b-an-interpretation-of-american-literature-from-the-beginnings-to-1920__parrington-vernon-louis__unk,Main currents in American thought : $b An interpretation of American literature from the beginnings to 1920,"Parrington, Vernon Louis",1929,false,,gutenberg,https://www.gutenberg.org/ebooks/78025,en,publication year not found via Open Library; needs manual research
the-birth-of-tragedy-or-hellenism-and-pessimism__nietzsche-friedrich-wilhelm__unk,"The Birth of Tragedy; or, Hellenism and Pessimism","Nietzsche, Friedrich Wilhelm",1900,false,,gutenberg,https://www.gutenberg.org/ebooks/51356,en,"Open Library match discarded: returned 2018, which is more than 5 years after author's death (1900) -- likely an indexed reprint rather than the original edition; needs manual research"
the-people-of-the-black-circle__howard-robert-e-robert-ervin__unk,The People of the Black Circle,"Howard, Robert E. (Robert Ervin)",1936,false,,gutenberg,https://www.gutenberg.org/ebooks/42259,en,"Open Library match discarded: returned 1977, which is more than 5 years after author's death (1936) -- likely an indexed reprint rather than the original edition; needs manual research"
jane-seton-or-the-king-s-advocate-a-scottish-historical-romance__grant-james__1853,"Jane Seton; or, The King's Advocate: A Scottish Historical Romance","Grant, James",1887,false,1853,gutenberg,https://www.gutenberg.org/ebooks/64836,en,publication year via Open Library (earliest edition found; not independently verified)
tales-grotesque-and-curious__akutagawa-ryunosuke__1930,Tales grotesque and curious,"Akutagawa, Ryūnosuke",1927,false,1930,gutenberg,https://www.gutenberg.org/ebooks/78105,en,publication year via Open Library (earliest edition found; not independently verified)
shadows-in-zamboula__howard-robert-e-robert-ervin__unk,Shadows in Zamboula,"Howard, Robert E. (Robert Ervin)",1936,false,,gutenberg,https://www.gutenberg.org/ebooks/42196,en,"Open Library match discarded: returned 2013, which is more than 5 years after author's death (1936) -- likely an indexed reprint rather than the original edition; needs manual research"
arrian-on-coursing-b-the-cynegeticus-of-the-younger-xenophon-translated-from-the-greek-with-classical-and-practical-annotations-and-a-brief-sketch-of-the-life-and-writings-of-the-author-to-which-is-added-an-appendix-containing-some-account-of-the-canes-venatici-of-classical-antiquity__arrian__unk,"Arrian on coursing : $b the Cynegeticus of the younger Xenophon, translated from the Greek, with classical and practical annotations, and a brief sketch of the life and writings of the author. To which is added an appendix, containing some account of the Canes Venatici of classical antiquity",Arrian,175,false,,gutenberg,https://www.gutenberg.org/ebooks/78013,en,"classical/ancient work (author died before 1400) -- original composition predates reliable publication-year records, not looked up automatically; needs manual research"
the-anatomy-of-revolution__brinton-crane__1938,The anatomy of revolution,"Brinton, Crane",1968,false,1938,gutenberg,https://www.gutenberg.org/ebooks/78065,en,publication year via Open Library (earliest edition found; not independently verified)
kate-mulhall-b-a-romance-of-the-oregon-trail__meeker-ezra__unk,Kate Mulhall : $b A romance of the Oregon Trail,"Meeker, Ezra",1928,false,,gutenberg,https://www.gutenberg.org/ebooks/78040,en,publication year not found via Open Library; needs manual research
the-marvellous-land-of-snergs__wyke-smith-e-a-edward-augustine__1927,The marvellous land of Snergs,"Wyke-Smith, E. A. (Edward Augustine)",1935,false,1927,gutenberg,https://www.gutenberg.org/ebooks/78120,en,publication year via Open Library (earliest edition found; not independently verified)
the-history-of-the-norman-conquest-of-england-its-causes-and-its-results-volume-3-of-6__freeman-edward-a-edward-augustus__unk,"The history of the Norman conquest of England, its causes and its results, Volume 3 (of 6)","Freeman, Edward A. (Edward Augustus)",1892,false,,gutenberg,https://www.gutenberg.org/ebooks/78122,en,publication year not found via Open Library; needs manual research
the-cruise-of-the-nona-b-the-story-of-a-cruise-from-holyhead-to-the-wash-with-reflections-and-judgments-on-life-and-letters-men-and-manners__belloc-hilaire__unk,"The cruise of the Nona : $b The story of a cruise from Holyhead to the Wash, with reflections and judgments on life and letters, men and manners","Belloc, Hilaire",1953,false,,gutenberg,https://www.gutenberg.org/ebooks/78020,en,publication year not found via Open Library; needs manual research
shadows-in-the-moonlight__howard-robert-e-robert-ervin__unk,Shadows in the Moonlight,"Howard, Robert E. (Robert Ervin)",1936,false,,gutenberg,https://www.gutenberg.org/ebooks/42188,en,"Open Library match discarded: returned 2012, which is more than 5 years after author's death (1936) -- likely an indexed reprint rather than the original edition; needs manual research"
the-last-dragon__totheroh-dan__1927,The last dragon,"Totheroh, Dan",1976,false,1927,gutenberg,https://www.gutenberg.org/ebooks/76411,en,publication year via Open Library (earliest edition found; not independently verified)
khartoum-and-the-blue-and-white-niles-vol-2-of-2__melly-george__unk,"Khartoum, and the Blue and White Niles, Vol. 2 (of 2)","Melly, George",1894,false,,gutenberg,https://www.gutenberg.org/ebooks/78015,en,publication year not found via Open Library; needs manual research
only-a-clod__braddon-m-e-mary-elizabeth__unk,Only a clod,"Braddon, M. E. (Mary Elizabeth)",1915,false,,gutenberg,https://www.gutenberg.org/ebooks/76927,en,"Open Library match discarded: returned 1800, which predates author's birth year (1835) -- likely a mismatched search result; needs manual research"
wanderfoot-the-dream-ship__stockley-cynthia__1913,Wanderfoot (The Dream Ship),"Stockley, Cynthia",1936,false,1913,gutenberg,https://www.gutenberg.org/ebooks/40059,en,publication year via Open Library (earliest edition found; not independently verified)
tales-of-terror__donovan-dick__1899,Tales of terror,"Donovan, Dick",1934,false,1899,gutenberg,https://www.gutenberg.org/ebooks/76261,en,publication year via Open Library (earliest edition found; not independently verified)
three-millions-b-or-the-way-of-the-world__optic-oliver__unk,"Three millions! : $b or, The way of the world","Optic, Oliver",1897,false,,gutenberg,https://www.gutenberg.org/ebooks/76553,en,publication year not found via Open Library; needs manual research
the-adventures-of-an-ensign__williams-valentine__1917,The adventures of an ensign,"Williams, Valentine",1946,false,1917,gutenberg,https://www.gutenberg.org/ebooks/78078,en,publication year via Open Library (earliest edition found; not independently verified)
body-build-and-its-inheritance__davenport-charles-benedict__1923,Body-build and its inheritance,"Davenport, Charles Benedict",1944,false,1923,gutenberg,https://www.gutenberg.org/ebooks/78107,en,publication year via Open Library (earliest edition found; not independently verified)
the-black-pearl__lion-marie__unk,The black pearl,"Lion, Marie",1922,false,,gutenberg,https://www.gutenberg.org/ebooks/78087,en,publication year not found via Open Library; needs manual research
the-dream-detective__rohmer-sax__1925,The dream detective,"Rohmer, Sax",1959,false,1925,gutenberg,https://www.gutenberg.org/ebooks/77056,en,publication year via Open Library (earliest edition found; not independently verified)
field-artillery-training-1914__great-britain-war-office__1914,Field Artillery Training. 1914,Great Britain. War Office,,false,1914,gutenberg,https://www.gutenberg.org/ebooks/78053,en,publication year via Open Library (earliest edition found; not independently verified); author death year unknown (Gutendex has no record)
prraphaelite-diaries-and-letters__rossetti-dante-gabriel__unk,Præraphaelite diaries and letters,"Rossetti, Dante Gabriel",1882,false,,gutenberg,https://www.gutenberg.org/ebooks/78022,en,"Open Library match discarded: returned 1900, which is more than 5 years after author's death (1882) -- likely an indexed reprint rather than the original edition; needs manual research; 2 additional co-author(s) not recorded, primary author only"
the-loot-of-the-lazy-a__tuttle-w-c-wilbur-c__unk,The loot of the Lazy A,"Tuttle, W. C. (Wilbur C.)",1969,false,,gutenberg,https://www.gutenberg.org/ebooks/78028,en,publication year not found via Open Library; needs manual research
bushy-b-a-romance-founded-on-fact__alden-cynthia-may-westover__unk,Bushy : $b a romance founded on fact,"Alden, Cynthia May Westover",1931,false,,gutenberg,https://www.gutenberg.org/ebooks/78043,en,publication year not found via Open Library; needs manual research
khartoum-and-the-blue-and-white-niles-vol-1-of-2__melly-george__unk,"Khartoum, and the Blue and White Niles, Vol. 1 (of 2)","Melly, George",1894,false,,gutenberg,https://www.gutenberg.org/ebooks/78014,en,publication year not found via Open Library; needs manual research
boston-b-a-novel__sinclair-upton__unk,Boston : $b a novel,"Sinclair, Upton",1968,false,,gutenberg,https://www.gutenberg.org/ebooks/78039,en,publication year not found via Open Library; needs manual research
bacon-s-essays-and-wisdom-of-the-ancients__bacon-francis__unk,"Bacon's Essays, and Wisdom of the Ancients","Bacon, Francis",1626,false,,gutenberg,https://www.gutenberg.org/ebooks/56463,en,"Open Library match discarded: returned 1669, which is more than 5 years after author's death (1626) -- likely an indexed reprint rather than the original edition; needs manual research"
blackwood-s-edinburgh-magazine-volume-456-no-10-october-1853__various__unk,"Blackwood's Edinburgh magazine, volume 456, no. 10, October 1853",Various,,false,,gutenberg,https://www.gutenberg.org/ebooks/78090,en,publication year not found via Open Library; needs manual research; author death year unknown (Gutendex has no record)
the-unknown-seven-b-a-detective-story__landon-herman__unk,The unknown seven : $b A detective story,"Landon, Herman",1960,false,,gutenberg,https://www.gutenberg.org/ebooks/78010,en,publication year not found via Open Library; needs manual research
joan-and-co__bartlett-frederick-orin__unk,Joan and Co.,"Bartlett, Frederick Orin",1945,false,,gutenberg,https://www.gutenberg.org/ebooks/78046,en,"Open Library match discarded: returned 2008, which is more than 5 years after author's death (1945) -- likely an indexed reprint rather than the original edition; needs manual research"
the-magnificent-possession__asimov-isaac__1981,The magnificent possession,"Asimov, Isaac",1992,false,1981,gutenberg,https://www.gutenberg.org/ebooks/76871,en,publication year via Open Library (earliest edition found; not independently verified)
the-trouble-at-pinelands-b-a-detective-story__poate-ernest-m__unk,The trouble at Pinelands : $b A detective story,"Poate, Ernest M.",1935,false,,gutenberg,https://www.gutenberg.org/ebooks/78103,en,publication year not found via Open Library; needs manual research
on-the-duties-of-the-clergy__ambrose-saint-bishop-of-milan__unk,On the Duties of the Clergy,"Ambrose, Saint, Bishop of Milan",397,false,,gutenberg,https://www.gutenberg.org/ebooks/22789,en,"classical/ancient work (author died before 1400) -- original composition predates reliable publication-year records, not looked up automatically; needs manual research"
the-weird-of-the-wanderer-b-being-the-papyrus-records-of-some-incidents-in-one-of-the-previous-lives-of-mr-nicholas-crabbe__rolfe-frederick__unk,The weird of the wanderer : $b Being the papyrus records of some incidents in one of the previous lives of  Mr. Nicholas Crabbe,"Rolfe, Frederick",1913,false,,gutenberg,https://www.gutenberg.org/ebooks/78126,en,"publication year not found via Open Library; needs manual research; 1 additional co-author(s) not recorded, primary author only"
the-candidate-a-political-romance__altsheler-joseph-a-joseph-alexander__unk,The Candidate: A Political Romance,"Altsheler, Joseph A. (Joseph Alexander)",1919,false,,gutenberg,https://www.gutenberg.org/ebooks/25132,en,publication year not found via Open Library; needs manual research
records-of-captain-clapperton-s-last-expedition-to-africa-vol-2-of-2__lander-richard__unk,"Records of Captain Clapperton's last expedition to Africa, Vol. 2 (of 2)","Lander, Richard",1834,false,,gutenberg,https://www.gutenberg.org/ebooks/78092,en,"Open Library match discarded: returned 2007, which is more than 5 years after author's death (1834) -- likely an indexed reprint rather than the original edition; needs manual research"
democracyfalse-or-true-b-a-prologue-and-a-dream__richmond-w-b-william-blake-sir__unk,Democracy—false or true? : $b A prologue and a dream,"Richmond, W. B. (William Blake), Sir",1921,false,,gutenberg,https://www.gutenberg.org/ebooks/78117,en,publication year not found via Open Library; needs manual research
the-black-abbot__wallace-edgar__1927,The Black Abbot,"Wallace, Edgar",1932,false,1927,gutenberg,https://www.gutenberg.org/ebooks/75643,en,publication year via Open Library (earliest edition found; not independently verified)
the-dangerous-game__le-queux-william__1926,The dangerous game,"Le Queux, William",1927,false,1926,gutenberg,https://www.gutenberg.org/ebooks/78029,en,publication year via Open Library (earliest edition found; not independently verified)
fairy-dreams-b-or-wanderings-in-elf-land__austin-jane-g-jane-goodwin__unk,"Fairy dreams : $b or, Wanderings in Elf-land","Austin, Jane G. (Jane Goodwin)",1894,false,,gutenberg,https://www.gutenberg.org/ebooks/76391,en,publication year not found via Open Library; needs manual research
success__silberrad-una-l__1912,Success,"Silberrad, Una L.",1955,false,1912,gutenberg,https://www.gutenberg.org/ebooks/78012,en,publication year via Open Library (earliest edition found; not independently verified)
astronomy-for-beginners__carrington-hereward__unk,Astronomy for beginners,"Carrington, Hereward",1959,false,,gutenberg,https://www.gutenberg.org/ebooks/78112,en,publication year not found via Open Library; needs manual research
records-of-captain-clapperton-s-last-expedition-to-africa-vol-1-of-2__lander-richard__unk,"Records of Captain Clapperton's last expedition to Africa, Vol. 1 (of 2)","Lander, Richard",1834,false,,gutenberg,https://www.gutenberg.org/ebooks/78091,en,publication year not found via Open Library; needs manual research
