book_id,title,author,author_death_year,author_death_year_disputed,publication_year,source,source_url,language,notes
uber-die-spezielle-und-die-allgemeine-relativitatstheorie__albert-einstein__1917,Über die spezielle und die allgemeine Relativitätstheorie,Albert Einstein,1955,false,1917,openlibrary,https://openlibrary.org/works/OL1214190W,en,"author death year from Wikidata (Q937); PD via life+70 rule (death year 1955 + 71 <= 2026), independent of publication year"
mein-weltbild__albert-einstein__1934,Mein Weltbild,Albert Einstein,1955,false,1934,openlibrary,https://openlibrary.org/works/OL1214254W,en,"author death year from Wikidata (Q937); PD via life+70 rule (death year 1955 + 71 <= 2026), independent of publication year"
out-of-my-later-years__albert-einstein__1950,Out of my later years,Albert Einstein,1955,false,1950,openlibrary,https://openlibrary.org/works/OL1214252W,en,"author death year from Wikidata (Q937); PD via life+70 rule (death year 1955 + 71 <= 2026), independent of publication year"
manifest-der-kommunistischen-partei__karl-marx__1848,Manifest der Kommunistischen Partei,Karl Marx,1883,false,1848,openlibrary,https://openlibrary.org/works/OL629052W,en,"author death year from Wikidata (Q9061); PD via life+70 rule (death year 1883 + 71 <= 2026), independent of publication year"
das-kapital__karl-marx__1867,Das Kapital,Karl Marx,1883,false,1867,openlibrary,https://openlibrary.org/works/OL628450W,en,"author death year from Wikidata (Q9061); PD via life+70 rule (death year 1883 + 71 <= 2026), independent of publication year"
the-gettysburg-address__abraham-lincoln__1883,The Gettysburg Address,Abraham Lincoln,1865,false,1883,openlibrary,https://openlibrary.org/works/OL64760W,en,"author death year from Wikidata (Q91); PD via life+70 rule (death year 1865 + 71 <= 2026), independent of publication year"
the-writings-of-abraham-lincoln__abraham-lincoln__1888,The writings of Abraham Lincoln,Abraham Lincoln,1865,false,1888,openlibrary,https://openlibrary.org/works/OL7972888W,en,"author death year from Wikidata (Q91); PD via life+70 rule (death year 1865 + 71 <= 2026), independent of publication year"
life-and-works-of-abraham-lincoln__abraham-lincoln__1907,Life and works of Abraham Lincoln,Abraham Lincoln,1865,false,1907,openlibrary,https://openlibrary.org/works/OL72814W,en,"author death year from Wikidata (Q91); PD via life+70 rule (death year 1865 + 71 <= 2026), independent of publication year"
freedom-s-battle__mahatma-gandhi__unk,Freedom's Battle,Mahatma Gandhi,1948,false,,openlibrary,https://openlibrary.org/works/OL34613980W,en,"author death year from Wikidata (Q1001); PD via life+70 rule (death year 1948 + 71 <= 2026), independent of publication year; publication year (2012) discarded as implausible (>50 years after author's death, likely a modern reprint/collected edition); needs manual research"
third-class-in-indian-railways__mahatma-gandhi__unk,Third Class in Indian Railways,Mahatma Gandhi,1948,false,,openlibrary,https://openlibrary.org/works/OL37824921W,en,"author death year from Wikidata (Q1001); PD via life+70 rule (death year 1948 + 71 <= 2026), independent of publication year; publication year (2012) discarded as implausible (>50 years after author's death, likely a modern reprint/collected edition); needs manual research"
also-sprach-zarathustra__friedrich-nietzsche__1883,Also sprach Zarathustra,Friedrich Nietzsche,1900,false,1883,openlibrary,https://openlibrary.org/works/OL98130W,en,"author death year from Wikidata (Q9358); PD via life+70 rule (death year 1900 + 71 <= 2026), independent of publication year"
jenseits-von-gut-und-bose__friedrich-nietzsche__1885,Jenseits von Gut und Böse,Friedrich Nietzsche,1900,false,1885,openlibrary,https://openlibrary.org/works/OL98174W,en,"author death year from Wikidata (Q9358); PD via life+70 rule (death year 1900 + 71 <= 2026), independent of publication year"
der-antichrist__friedrich-nietzsche__1895,Der Antichrist,Friedrich Nietzsche,1900,false,1895,openlibrary,https://openlibrary.org/works/OL15692719W,en,"author death year from Wikidata (Q9358); PD via life+70 rule (death year 1900 + 71 <= 2026), independent of publication year"
unknown__fyodor-dostoyevsky__1866,Преступление и наказание,Fyodor Dostoyevsky,1881,false,1866,openlibrary,https://openlibrary.org/works/OL166894W,en,"author death year from Wikidata (Q991); PD via life+70 rule (death year 1881 + 71 <= 2026), independent of publication year"
unknown__fyodor-dostoyevsky__1864,Записки изъ подполья,Fyodor Dostoyevsky,1881,false,1864,openlibrary,https://openlibrary.org/works/OL21025633W,en,"author death year from Wikidata (Q991); PD via life+70 rule (death year 1881 + 71 <= 2026), independent of publication year"
unknown__fyodor-dostoyevsky__1874,Идиот,Fyodor Dostoyevsky,1881,false,1874,openlibrary,https://openlibrary.org/works/OL166925W,en,"author death year from Wikidata (Q991); PD via life+70 rule (death year 1881 + 71 <= 2026), independent of publication year"
adventures-of-huckleberry-finn__mark-twain__1876,Adventures of Huckleberry Finn,Mark Twain,1910,false,1876,openlibrary,https://openlibrary.org/works/OL53908W,en,"author death year from Wikidata (Q7245); PD via life+70 rule (death year 1910 + 71 <= 2026), independent of publication year"
the-adventures-of-tom-sawyer__mark-twain__1817,The Adventures of Tom Sawyer,Mark Twain,1910,false,1817,openlibrary,https://openlibrary.org/works/OL53919W,en,"author death year from Wikidata (Q7245); PD via life+70 rule (death year 1910 + 71 <= 2026), independent of publication year"
a-connecticut-yankee-in-king-arthur-s-court__mark-twain__1889,A Connecticut Yankee in King Arthur's Court,Mark Twain,1910,false,1889,openlibrary,https://openlibrary.org/works/OL54031W,en,"author death year from Wikidata (Q7245); PD via life+70 rule (death year 1910 + 71 <= 2026), independent of publication year"
a-christmas-carol__charles-dickens__1843,A Christmas Carol,Charles Dickens,1870,false,1843,openlibrary,https://openlibrary.org/works/OL32466W,en,"author death year from Wikidata (Q5686); PD via life+70 rule (death year 1870 + 71 <= 2026), independent of publication year"
oliver-twist__charles-dickens__1822,Oliver Twist,Charles Dickens,1870,false,1822,openlibrary,https://openlibrary.org/works/OL8193478W,en,"author death year from Wikidata (Q5686); PD via life+70 rule (death year 1870 + 71 <= 2026), independent of publication year"
a-tale-of-two-cities__charles-dickens__1800,A Tale of Two Cities,Charles Dickens,1870,false,1800,openlibrary,https://openlibrary.org/works/OL8193465W,en,"author death year from Wikidata (Q5686); PD via life+70 rule (death year 1870 + 71 <= 2026), independent of publication year"
gitanjali-song-offerings__rabindranath-tagore__1910,Gitanjali (song offerings),Rabindranath Tagore,1941,false,1910,openlibrary,https://openlibrary.org/works/OL308575W,en,"author death year from Wikidata (Q7241); PD via life+70 rule (death year 1941 + 71 <= 2026), independent of publication year"
dakaghara__rabindranath-tagore__1914,Ḍākaghara,Rabindranath Tagore,1941,false,1914,openlibrary,https://openlibrary.org/works/OL16312658W,en,"author death year from Wikidata (Q7241); PD via life+70 rule (death year 1941 + 71 <= 2026), independent of publication year"
unknown__rabindranath-tagore__1924,গোরা,Rabindranath Tagore,1941,false,1924,openlibrary,https://openlibrary.org/works/OL308963W,en,"author death year from Wikidata (Q7241); PD via life+70 rule (death year 1941 + 71 <= 2026), independent of publication year"
hans-andersen-s-fairy-tales__hans-christian-andersen__1846,Hans Andersen's Fairy Tales,Hans Christian Andersen,1875,false,1846,openlibrary,https://openlibrary.org/works/OL16249171W,en,"author death year from Wikidata (Q5673); PD via life+70 rule (death year 1875 + 71 <= 2026), independent of publication year"
metamorphosis__franz-kafka__1915,Metamorphosis,Franz Kafka,1924,false,1915,openlibrary,https://openlibrary.org/works/OL498556W,en,"author death year from Wikidata (Q905); PD via life+70 rule (death year 1924 + 71 <= 2026), independent of publication year"
der-proce__franz-kafka__1825,Der Proceß,Franz Kafka,1924,false,1825,openlibrary,https://openlibrary.org/works/OL498463W,en,"author death year from Wikidata (Q905); PD via life+70 rule (death year 1924 + 71 <= 2026), independent of publication year"
das-schlo__franz-kafka__1926,Das Schloß,Franz Kafka,1924,false,1926,openlibrary,https://openlibrary.org/works/OL498434W,en,"author death year from Wikidata (Q905); PD via life+70 rule (death year 1924 + 71 <= 2026), independent of publication year"
the-picture-of-dorian-gray__oscar-wilde__1890,The Picture of Dorian Gray,Oscar Wilde,1900,false,1890,openlibrary,https://openlibrary.org/works/OL8193416W,en,"author death year from Wikidata (Q30875); PD via life+70 rule (death year 1900 + 71 <= 2026), independent of publication year"
the-happy-prince-and-other-tales__oscar-wilde__1888,The Happy Prince and other tales,Oscar Wilde,1900,false,1888,openlibrary,https://openlibrary.org/works/OL8269770W,en,"author death year from Wikidata (Q30875); PD via life+70 rule (death year 1900 + 71 <= 2026), independent of publication year"
the-importance-of-being-earnest__oscar-wilde__1893,The Importance of Being Earnest,Oscar Wilde,1900,false,1893,openlibrary,https://openlibrary.org/works/OL27776452W,en,"author death year from Wikidata (Q30875); PD via life+70 rule (death year 1900 + 71 <= 2026), independent of publication year"
gedanken-und-erinnerungen__otto-von-bismarck__1898,Gedanken und Erinnerungen,Otto von Bismarck,1898,false,1898,openlibrary,https://openlibrary.org/works/OL1099236W,en,"author death year from Wikidata (Q8442); PD via life+70 rule (death year 1898 + 71 <= 2026), independent of publication year"
bismarck-the-man-and-the-statesman__otto-von-bismarck__1898,"Bismarck, the man and the statesman",Otto von Bismarck,1898,false,1898,openlibrary,https://openlibrary.org/works/OL1099235W,en,"author death year from Wikidata (Q8442); PD via life+70 rule (death year 1898 + 71 <= 2026), independent of publication year"
the-kaiser-vs-bismarck__otto-von-bismarck__1920,The Kaiser vs. Bismarck,Otto von Bismarck,1898,false,1920,openlibrary,https://openlibrary.org/works/OL1099224W,en,"author death year from Wikidata (Q8442); PD via life+70 rule (death year 1898 + 71 <= 2026), independent of publication year"
animal-farm__george-orwell__1945,Animal Farm,George Orwell,1950,false,1945,openlibrary,https://openlibrary.org/works/OL1168007W,en,"author death year from Wikidata (Q3335); PD via life+70 rule (death year 1950 + 71 <= 2026), independent of publication year"
nineteen-eighty-four__george-orwell__1949,Nineteen Eighty-Four,George Orwell,1950,false,1949,openlibrary,https://openlibrary.org/works/OL1168083W,en,"author death year from Wikidata (Q3335); PD via life+70 rule (death year 1950 + 71 <= 2026), independent of publication year"
homage-to-catalonia__george-orwell__1938,Homage to Catalonia,George Orwell,1950,false,1938,openlibrary,https://openlibrary.org/works/OL1168169W,en,"author death year from Wikidata (Q3335); PD via life+70 rule (death year 1950 + 71 <= 2026), independent of publication year"
dubliners__james-joyce__1914,Dubliners,James Joyce,1941,false,1914,openlibrary,https://openlibrary.org/works/OL86320W,en,"author death year from Wikidata (Q6882); PD via life+70 rule (death year 1941 + 71 <= 2026), independent of publication year"
a-portrait-of-the-artist-as-a-young-man__james-joyce__1818,A Portrait of the Artist as a Young Man,James Joyce,1941,false,1818,openlibrary,https://openlibrary.org/works/OL86343W,en,"author death year from Wikidata (Q6882); PD via life+70 rule (death year 1941 + 71 <= 2026), independent of publication year"
ulysses__james-joyce__1914,Ulysses,James Joyce,1941,false,1914,openlibrary,https://openlibrary.org/works/OL86318W,en,"author death year from Wikidata (Q6882); PD via life+70 rule (death year 1941 + 71 <= 2026), independent of publication year"
der-ritt-der-walkuren__richard-wagner__1800,Der Ritt der Walkuren,Richard Wagner,1883,false,1800,openlibrary,https://openlibrary.org/works/OL579130W,en,"author death year from Wikidata (Q1511); PD via life+70 rule (death year 1883 + 71 <= 2026), independent of publication year"
richard-wagner-uber-tristan-und-isolde__richard-wagner__1800,Richard Wagner über Tristan und Isolde,Richard Wagner,1883,false,1800,openlibrary,https://openlibrary.org/works/OL579198W,en,"author death year from Wikidata (Q1511); PD via life+70 rule (death year 1883 + 71 <= 2026), independent of publication year"
an-english-translation-of-parsifal-the-sacred-festival-drama-by-richard-wagner__richard-wagner__1879,"An English translation of Parsifal, the sacred festival drama by Richard Wagner",Richard Wagner,1883,false,1879,openlibrary,https://openlibrary.org/works/OL579103W,en,"author death year from Wikidata (Q1511); PD via life+70 rule (death year 1883 + 71 <= 2026), independent of publication year"
my-life-and-work__henry-ford__1922,My life and work,Henry Ford,1947,false,1922,openlibrary,https://openlibrary.org/works/OL4418043W,en,"author death year from Wikidata (Q8768); PD via life+70 rule (death year 1947 + 71 <= 2026), independent of publication year"
manifest-der-kommunistischen-partei__friedrich-engels__1848,Manifest der Kommunistischen Partei,Friedrich Engels,1895,false,1848,openlibrary,https://openlibrary.org/works/OL629052W,en,"author death year from Wikidata (Q34787); PD via life+70 rule (death year 1895 + 71 <= 2026), independent of publication year"
die-entwicklung-des-sozialismus-von-der-utopie-zur-wissenschaft__friedrich-engels__1880,Die Entwicklung des Sozialismus von der Utopie zur Wissenschaft,Friedrich Engels,1895,false,1880,openlibrary,https://openlibrary.org/works/OL303509W,en,"author death year from Wikidata (Q34787); PD via life+70 rule (death year 1895 + 71 <= 2026), independent of publication year"
ma-double-vie__sarah-bernhardt__1907,Ma double vie,Sarah Bernhardt,1923,false,1907,openlibrary,https://openlibrary.org/works/OL1504560W,en,"author death year from Wikidata (Q4605); PD via life+70 rule (death year 1923 + 71 <= 2026), independent of publication year"
the-idol-of-paris__sarah-bernhardt__1922,The Idol of Paris,Sarah Bernhardt,1923,false,1922,openlibrary,https://openlibrary.org/works/OL1504559W,en,"author death year from Wikidata (Q4605); PD via life+70 rule (death year 1923 + 71 <= 2026), independent of publication year"
my-double-life__sarah-bernhardt__1907,My double life,Sarah Bernhardt,1923,false,1907,openlibrary,https://openlibrary.org/works/OL12114394W,en,"author death year from Wikidata (Q4605); PD via life+70 rule (death year 1923 + 71 <= 2026), independent of publication year"
the-rough-riders__theodore-roosevelt__1894,The Rough Riders,Theodore Roosevelt,1919,false,1894,openlibrary,https://openlibrary.org/works/OL20531W,en,"author death year from Wikidata (Q33866); PD via life+70 rule (death year 1919 + 71 <= 2026), independent of publication year"
the-autobiography-of-theodore-roosevelt__theodore-roosevelt__1913,The autobiography of Theodore Roosevelt,Theodore Roosevelt,1919,false,1913,openlibrary,https://openlibrary.org/works/OL20486W,en,"author death year from Wikidata (Q33866); PD via life+70 rule (death year 1919 + 71 <= 2026), independent of publication year"
through-the-brazilian-wilderness__theodore-roosevelt__1904,Through the Brazilian wilderness,Theodore Roosevelt,1919,false,1904,openlibrary,https://openlibrary.org/works/OL20525W,en,"author death year from Wikidata (Q33866); PD via life+70 rule (death year 1919 + 71 <= 2026), independent of publication year"
the-papers-of-woodrow-wilson__woodrow-wilson__1966,The papers of Woodrow Wilson,Woodrow Wilson,1924,false,1966,openlibrary,https://openlibrary.org/works/OL1793602W,en,"author death year from Wikidata (Q34296); PD via life+70 rule (death year 1924 + 71 <= 2026), independent of publication year"
a-history-of-the-american-people__woodrow-wilson__1902,A history of the American people,Woodrow Wilson,1924,false,1902,openlibrary,https://openlibrary.org/works/OL1793601W,en,"author death year from Wikidata (Q34296); PD via life+70 rule (death year 1924 + 71 <= 2026), independent of publication year"
congressional-government__woodrow-wilson__1885,Congressional government,Woodrow Wilson,1924,false,1885,openlibrary,https://openlibrary.org/works/OL1793600W,en,"author death year from Wikidata (Q34296); PD via life+70 rule (death year 1924 + 71 <= 2026), independent of publication year"
du-cote-de-chez-swann__marcel-proust__1908,Du côté de chez Swann,Marcel Proust,1922,false,1908,openlibrary,https://openlibrary.org/works/OL30053009W,en,"author death year from Wikidata (Q7199); PD via life+70 rule (death year 1922 + 71 <= 2026), independent of publication year"
le-cote-de-guermantes__marcel-proust__1920,Le Côté de Guermantes,Marcel Proust,1922,false,1920,openlibrary,https://openlibrary.org/works/OL27213717W,en,"author death year from Wikidata (Q7199); PD via life+70 rule (death year 1922 + 71 <= 2026), independent of publication year"
a-l-ombre-des-jeunes-filles-en-fleurs__marcel-proust__1657,À l'ombre des jeunes filles en fleurs,Marcel Proust,1922,false,1657,openlibrary,https://openlibrary.org/works/OL29549062W,en,"author death year from Wikidata (Q7199); PD via life+70 rule (death year 1922 + 71 <= 2026), independent of publication year"
sydpolen__roald-amundsen__1912,Sydpolen,Roald Amundsen,1928,false,1912,openlibrary,https://openlibrary.org/works/OL4734252W,en,"author death year from Wikidata (Q926); PD via life+70 rule (death year 1928 + 71 <= 2026), independent of publication year"
south-pole__roald-amundsen__unk,South Pole,Roald Amundsen,1928,false,,openlibrary,https://openlibrary.org/works/OL29030296W,en,"author death year from Wikidata (Q926); PD via life+70 rule (death year 1928 + 71 <= 2026), independent of publication year; publication year (2000) discarded as implausible (>50 years after author's death, likely a modern reprint/collected edition); needs manual research"
aan-de-zuidpool__roald-amundsen__unk,Aan de Zuidpool,Roald Amundsen,1928,false,,openlibrary,https://openlibrary.org/works/OL36240726W,en,"author death year from Wikidata (Q926); PD via life+70 rule (death year 1928 + 71 <= 2026), independent of publication year; publication year (2016) discarded as implausible (>50 years after author's death, likely a modern reprint/collected edition); needs manual research"
le-tour-du-monde-en-quatre-vingts-jours__jules-verne__1872,Le Tour du Monde en Quatre-Vingts Jours,Jules Verne,1905,false,1872,openlibrary,https://openlibrary.org/works/OL1100007W,en,"author death year from Wikidata (Q33977); PD via life+70 rule (death year 1905 + 71 <= 2026), independent of publication year"
vingt-mille-lieues-sous-les-mers__jules-verne__1870,Vingt mille lieues sous les mers,Jules Verne,1905,false,1870,openlibrary,https://openlibrary.org/works/OL1099280W,en,"author death year from Wikidata (Q33977); PD via life+70 rule (death year 1905 + 71 <= 2026), independent of publication year"
de-la-terre-a-la-lune__jules-verne__1865,De la terre à la lune,Jules Verne,1905,false,1865,openlibrary,https://openlibrary.org/works/OL1099479W,en,"author death year from Wikidata (Q33977); PD via life+70 rule (death year 1905 + 71 <= 2026), independent of publication year"
captains-courageous__rudyard-kipling__1896,Captains Courageous,Rudyard Kipling,1936,false,1896,openlibrary,https://openlibrary.org/works/OL19842W,en,"author death year from Wikidata (Q34743); PD via life+70 rule (death year 1936 + 71 <= 2026), independent of publication year"
kim__rudyard-kipling__1901,Kim,Rudyard Kipling,1936,false,1901,openlibrary,https://openlibrary.org/works/OL19908W,en,"author death year from Wikidata (Q34743); PD via life+70 rule (death year 1936 + 71 <= 2026), independent of publication year"
the-second-jungle-book__rudyard-kipling__1887,The Second Jungle Book,Rudyard Kipling,1936,false,1887,openlibrary,https://openlibrary.org/works/OL19926W,en,"author death year from Wikidata (Q34743); PD via life+70 rule (death year 1936 + 71 <= 2026), independent of publication year"
unknown__leon-trotsky__1930,Перманентная революция,Leon Trotsky,1940,false,1930,openlibrary,https://openlibrary.org/works/OL538910W,en,"author death year from Wikidata (Q33391); PD via life+70 rule (death year 1940 + 71 <= 2026), independent of publication year"
unknown__leon-trotsky__1931,История русской революции,Leon Trotsky,1940,false,1931,openlibrary,https://openlibrary.org/works/OL539186W,en,"author death year from Wikidata (Q33391); PD via life+70 rule (death year 1940 + 71 <= 2026), independent of publication year"
selected-works__leon-trotsky__1969,Selected works,Leon Trotsky,1940,false,1969,openlibrary,https://openlibrary.org/works/OL539185W,en,"author death year from Wikidata (Q33391); PD via life+70 rule (death year 1940 + 71 <= 2026), independent of publication year"
a-study-in-scarlet__arthur-conan-doyle__1887,A Study in Scarlet,Arthur Conan Doyle,1930,false,1887,openlibrary,https://openlibrary.org/works/OL262496W,en,"author death year from Wikidata (Q35610); PD via life+70 rule (death year 1930 + 71 <= 2026), independent of publication year"
the-hound-of-the-baskervilles__arthur-conan-doyle__1900,The Hound of the Baskervilles,Arthur Conan Doyle,1930,false,1900,openlibrary,https://openlibrary.org/works/OL262454W,en,"author death year from Wikidata (Q35610); PD via life+70 rule (death year 1930 + 71 <= 2026), independent of publication year"
the-adventures-of-sherlock-holmes-12-stories__arthur-conan-doyle__1892,The Adventures of Sherlock Holmes [12 stories],Arthur Conan Doyle,1930,false,1892,openlibrary,https://openlibrary.org/works/OL262421W,en,"author death year from Wikidata (Q35610); PD via life+70 rule (death year 1930 + 71 <= 2026), independent of publication year"
mother__maxim-gorky__unk,Mother,Maxim Gorky,1936,false,,openlibrary,https://openlibrary.org/works/OL41305646W,en,"author death year from Wikidata (Q12706); PD via life+70 rule (death year 1936 + 71 <= 2026), independent of publication year; publication year (2014) discarded as implausible (>50 years after author's death, likely a modern reprint/collected edition); needs manual research"
les-fleurs-du-mal__charles-baudelaire__1855,Les fleurs du mal,Charles Baudelaire,1867,false,1855,openlibrary,https://openlibrary.org/works/OL1158921W,en,"author death year from Wikidata (Q501); PD via life+70 rule (death year 1867 + 71 <= 2026), independent of publication year"
la-traviata__giuseppe-verdi__1800,La traviata,Giuseppe Verdi,1901,false,1800,openlibrary,https://openlibrary.org/works/OL1304354W,en,"author death year from Wikidata (Q7317); PD via life+70 rule (death year 1901 + 71 <= 2026), independent of publication year"
rigoletto__giuseppe-verdi__1850,Rigoletto,Giuseppe Verdi,1901,false,1850,openlibrary,https://openlibrary.org/works/OL1304353W,en,"author death year from Wikidata (Q7317); PD via life+70 rule (death year 1901 + 71 <= 2026), independent of publication year"
falstaff__giuseppe-verdi__1893,Falstaff,Giuseppe Verdi,1901,false,1893,openlibrary,https://openlibrary.org/works/OL1304351W,en,"author death year from Wikidata (Q7317); PD via life+70 rule (death year 1901 + 71 <= 2026), independent of publication year"
course-of-six-lectures-on-the-chemical-history-of-a-candle__michael-faraday__1861,Course of six lectures on the chemical history of a candle,Michael Faraday,1867,false,1861,openlibrary,https://openlibrary.org/works/OL2008500W,en,"author death year from Wikidata (Q8750); PD via life+70 rule (death year 1867 + 71 <= 2026), independent of publication year"
experimental-researches-in-electricity__michael-faraday__1839,Experimental researches in electricity,Michael Faraday,1867,false,1839,openlibrary,https://openlibrary.org/works/OL2008499W,en,"author death year from Wikidata (Q8750); PD via life+70 rule (death year 1867 + 71 <= 2026), independent of publication year"
the-chemical-history-of-a-candle__michael-faraday__unk,The Chemical History of a Candle,Michael Faraday,1867,false,,openlibrary,https://openlibrary.org/works/OL24133408W,en,"author death year from Wikidata (Q8750); PD via life+70 rule (death year 1867 + 71 <= 2026), independent of publication year; publication year (2009) discarded as implausible (>50 years after author's death, likely a modern reprint/collected edition); needs manual research"
to-the-lighthouse__virginia-woolf__1927,To the Lighthouse,Virginia Woolf,1941,false,1927,openlibrary,https://openlibrary.org/works/OL39396W,en,"author death year from Wikidata (Q40909); PD via life+70 rule (death year 1941 + 71 <= 2026), independent of publication year"
mrs-dalloway__virginia-woolf__1925,Mrs. Dalloway,Virginia Woolf,1941,false,1925,openlibrary,https://openlibrary.org/works/OL39349W,en,"author death year from Wikidata (Q40909); PD via life+70 rule (death year 1941 + 71 <= 2026), independent of publication year"
voyage-out__virginia-woolf__1915,Voyage Out,Virginia Woolf,1941,false,1915,openlibrary,https://openlibrary.org/works/OL27064817W,en,"author death year from Wikidata (Q40909); PD via life+70 rule (death year 1941 + 71 <= 2026), independent of publication year"
la-pere-goriot__honore-de-balzac__1800,La père Goriot,Honoré de Balzac,1850,false,1800,openlibrary,https://openlibrary.org/works/OL85047W,en,"author death year from Wikidata (Q9711); PD via life+70 rule (death year 1850 + 71 <= 2026), independent of publication year"
eugenie-grandet__honore-de-balzac__1868,Eugénie Grandet,Honoré de Balzac,1850,false,1868,openlibrary,https://openlibrary.org/works/OL85243W,en,"author death year from Wikidata (Q9711); PD via life+70 rule (death year 1850 + 71 <= 2026), independent of publication year"
les-contes-drolatiques__honore-de-balzac__1855,Les contes drôlatiques,Honoré de Balzac,1850,false,1855,openlibrary,https://openlibrary.org/works/OL85056W,en,"author death year from Wikidata (Q9711); PD via life+70 rule (death year 1850 + 71 <= 2026), independent of publication year"
die-welt-als-wille-und-vorstellung__arthur-schopenhauer__1819,Die Welt als Wille und Vorstellung,Arthur Schopenhauer,1860,false,1819,openlibrary,https://openlibrary.org/works/OL1183657W,en,"author death year from Wikidata (Q38193); PD via life+70 rule (death year 1860 + 71 <= 2026), independent of publication year"
aphorismen-zur-lebensweisheit__arthur-schopenhauer__1888,Aphorismen zur Lebensweisheit,Arthur Schopenhauer,1860,false,1888,openlibrary,https://openlibrary.org/works/OL1183449W,en,"author death year from Wikidata (Q38193); PD via life+70 rule (death year 1860 + 71 <= 2026), independent of publication year"
studies-in-pessimism__arthur-schopenhauer__1890,Studies in pessimism,Arthur Schopenhauer,1860,false,1890,openlibrary,https://openlibrary.org/works/OL15222750W,en,"author death year from Wikidata (Q38193); PD via life+70 rule (death year 1860 + 71 <= 2026), independent of publication year"
les-trois-mousquetaires__alexandre-dumas__1844,Les Trois Mousquetaires,Alexandre Dumas,1870,false,1844,openlibrary,https://openlibrary.org/works/OL36861W,en,"author death year from Wikidata (Q38337); PD via life+70 rule (death year 1870 + 71 <= 2026), independent of publication year"
hrabe-monte-cristo-dil-1-a-2-trisvazkove-vydani__alexandre-dumas__1830,Hrabě Monte Cristo. Díl 1 a 2 (třísvazkové vydání),Alexandre Dumas,1870,false,1830,openlibrary,https://openlibrary.org/works/OL36287W,en,"author death year from Wikidata (Q38337); PD via life+70 rule (death year 1870 + 71 <= 2026), independent of publication year"
la-tulipe-noire__alexandre-dumas__1800,La tulipe noire,Alexandre Dumas,1870,false,1800,openlibrary,https://openlibrary.org/works/OL36854W,en,"author death year from Wikidata (Q38337); PD via life+70 rule (death year 1870 + 71 <= 2026), independent of publication year"
le-petit-prince__antoine-de-saint-exupery__1943,Le petit prince,Antoine de Saint-Exupéry,1944,false,1943,openlibrary,https://openlibrary.org/works/OL10263W,en,"author death year from Wikidata (Q2908); PD via life+70 rule (death year 1944 + 71 <= 2026), independent of publication year"
vol-de-nuit__antoine-de-saint-exupery__1931,Vol de nuit,Antoine de Saint-Exupéry,1944,false,1931,openlibrary,https://openlibrary.org/works/OL10267W,en,"author death year from Wikidata (Q2908); PD via life+70 rule (death year 1944 + 71 <= 2026), independent of publication year"
terre-des-hommes__antoine-de-saint-exupery__1936,Terre des hommes,Antoine de Saint-Exupéry,1944,false,1936,openlibrary,https://openlibrary.org/works/OL86701W,en,"author death year from Wikidata (Q2908); PD via life+70 rule (death year 1944 + 71 <= 2026), independent of publication year"
frygt-og-bven__sren-kierkegaard__1843,Frygt og Bæven,Søren Kierkegaard,1855,false,1843,openlibrary,https://openlibrary.org/works/OL112736W,en,"author death year from Wikidata (Q6512); PD via life+70 rule (death year 1855 + 71 <= 2026), independent of publication year"
enten-eller__sren-kierkegaard__1843,Enten-eller,Søren Kierkegaard,1855,false,1843,openlibrary,https://openlibrary.org/works/OL112738W,en,"author death year from Wikidata (Q6512); PD via life+70 rule (death year 1855 + 71 <= 2026), independent of publication year"
sygdommen-til-dden__sren-kierkegaard__1849,Sygdommen til døden,Søren Kierkegaard,1855,false,1849,openlibrary,https://openlibrary.org/works/OL112724W,en,"author death year from Wikidata (Q6512); PD via life+70 rule (death year 1855 + 71 <= 2026), independent of publication year"
hedda-gabler__henrik-ibsen__1890,Hedda Gabler,Henrik Ibsen,1906,false,1890,openlibrary,https://openlibrary.org/works/OL25129727W,en,"author death year from Wikidata (Q36661); PD via life+70 rule (death year 1906 + 71 <= 2026), independent of publication year"
a-doll-s-house__henrik-ibsen__1889,A Doll's House,Henrik Ibsen,1906,false,1889,openlibrary,https://openlibrary.org/works/OL16249343W,en,"author death year from Wikidata (Q36661); PD via life+70 rule (death year 1906 + 71 <= 2026), independent of publication year"
peer-gynt__henrik-ibsen__1867,Peer Gynt,Henrik Ibsen,1906,false,1867,openlibrary,https://openlibrary.org/works/OL52430W,en,"author death year from Wikidata (Q36661); PD via life+70 rule (death year 1906 + 71 <= 2026), independent of publication year"
the-time-machine__h-g-wells__1895,The Time Machine,H. G. Wells,1946,false,1895,openlibrary,https://openlibrary.org/works/OL52267W,en,"author death year from Wikidata (Q42511); PD via life+70 rule (death year 1946 + 71 <= 2026), independent of publication year"
the-invisible-man__h-g-wells__0,The Invisible Man,H. G. Wells,1946,false,0,openlibrary,https://openlibrary.org/works/OL52266W,en,"author death year from Wikidata (Q42511); PD via life+70 rule (death year 1946 + 71 <= 2026), independent of publication year"
the-war-of-the-worlds__h-g-wells__0,The War of the Worlds,H. G. Wells,1946,false,0,openlibrary,https://openlibrary.org/works/OL52114W,en,"author death year from Wikidata (Q42511); PD via life+70 rule (death year 1946 + 71 <= 2026), independent of publication year"
der-fliegende-hollander__heinrich-heine__1856,Der Fliegende Holländer,Heinrich Heine,1856,false,1856,openlibrary,https://openlibrary.org/works/OL579128W,en,"author death year from Wikidata (Q44403); PD via life+70 rule (death year 1856 + 71 <= 2026), independent of publication year"
buch-der-lieder__heinrich-heine__1800,Buch der Lieder,Heinrich Heine,1856,false,1800,openlibrary,https://openlibrary.org/works/OL1103525W,en,"author death year from Wikidata (Q44403); PD via life+70 rule (death year 1856 + 71 <= 2026), independent of publication year"
reisebilder__heinrich-heine__1830,Reisebilder,Heinrich Heine,1856,false,1830,openlibrary,https://openlibrary.org/works/OL1103524W,en,"author death year from Wikidata (Q44403); PD via life+70 rule (death year 1856 + 71 <= 2026), independent of publication year"
germinal__emile-zola__1885,Germinal,Émile Zola,1902,false,1885,openlibrary,https://openlibrary.org/works/OL118986W,en,"author death year from Wikidata (Q504); PD via life+70 rule (death year 1902 + 71 <= 2026), independent of publication year"
nana__emile-zola__1880,Nana,Émile Zola,1902,false,1880,openlibrary,https://openlibrary.org/works/OL118984W,en,"author death year from Wikidata (Q504); PD via life+70 rule (death year 1902 + 71 <= 2026), independent of publication year"
la-terre__emile-zola__1887,La terre,Émile Zola,1902,false,1887,openlibrary,https://openlibrary.org/works/OL118933W,en,"author death year from Wikidata (Q504); PD via life+70 rule (death year 1902 + 71 <= 2026), independent of publication year"
der-zauberberg__thomas-mann__1924,Der Zauberberg,Thomas Mann,1955,false,1924,openlibrary,https://openlibrary.org/works/OL14866824W,en,"author death year from Wikidata (Q37030); PD via life+70 rule (death year 1955 + 71 <= 2026), independent of publication year"
buddenbrooks__thomas-mann__1909,Buddenbrooks,Thomas Mann,1955,false,1909,openlibrary,https://openlibrary.org/works/OL14867081W,en,"author death year from Wikidata (Q37030); PD via life+70 rule (death year 1955 + 71 <= 2026), independent of publication year"
doctor-faustus__thomas-mann__1947,Doctor Faustus,Thomas Mann,1955,false,1947,openlibrary,https://openlibrary.org/works/OL14867080W,en,"author death year from Wikidata (Q37030); PD via life+70 rule (death year 1955 + 71 <= 2026), independent of publication year"
le-journal-d-une-femme-de-chambre__octave-mirbeau__1900,Le journal d'une femme de chambre,Octave Mirbeau,1917,false,1900,openlibrary,https://openlibrary.org/works/OL848885W,en,"author death year from Wikidata (Q23441); PD via life+70 rule (death year 1917 + 71 <= 2026), independent of publication year"
le-jardin-des-supplices__octave-mirbeau__1899,Le jardin des supplices,Octave Mirbeau,1917,false,1899,openlibrary,https://openlibrary.org/works/OL2441305W,en,"author death year from Wikidata (Q23441); PD via life+70 rule (death year 1917 + 71 <= 2026), independent of publication year"
le-calvaire__octave-mirbeau__1887,Le calvaire,Octave Mirbeau,1917,false,1887,openlibrary,https://openlibrary.org/works/OL2441349W,en,"author death year from Wikidata (Q23441); PD via life+70 rule (death year 1917 + 71 <= 2026), independent of publication year"
le-crime-de-sylvestre-bonnard-membre-de-l-institut__anatole-france__1882,"Le crime de Sylvestre Bonnard, membre de l'Institut",Anatole France,1924,false,1882,openlibrary,https://openlibrary.org/works/OL989046W,en,"author death year from Wikidata (Q42443); PD via life+70 rule (death year 1924 + 71 <= 2026), independent of publication year"
les-dieux-ont-soif__anatole-france__1900,Les Dieux Ont Soif,Anatole France,1924,false,1900,openlibrary,https://openlibrary.org/works/OL989065W,en,"author death year from Wikidata (Q42443); PD via life+70 rule (death year 1924 + 71 <= 2026), independent of publication year"
ile-des-pingouins__anatole-france__1908,Ile des pingouins,Anatole France,1924,false,1908,openlibrary,https://openlibrary.org/works/OL989147W,en,"author death year from Wikidata (Q42443); PD via life+70 rule (death year 1924 + 71 <= 2026), independent of publication year"
madame-bovary__gustave-flaubert__1856,Madame Bovary,Gustave Flaubert,1880,false,1856,openlibrary,https://openlibrary.org/works/OL893707W,en,"author death year from Wikidata (Q43444); PD via life+70 rule (death year 1880 + 71 <= 2026), independent of publication year"
salammbo__gustave-flaubert__1863,Salammbô,Gustave Flaubert,1880,false,1863,openlibrary,https://openlibrary.org/works/OL893958W,en,"author death year from Wikidata (Q43444); PD via life+70 rule (death year 1880 + 71 <= 2026), independent of publication year"
l-education-sentimentale__gustave-flaubert__1898,L'Éducation sentimentale,Gustave Flaubert,1880,false,1898,openlibrary,https://openlibrary.org/works/OL893802W,en,"author death year from Wikidata (Q43444); PD via life+70 rule (death year 1880 + 71 <= 2026), independent of publication year"
the-prophet__kahlil-gibran__1900,The Prophet,Kahlil Gibran,1931,false,1900,openlibrary,https://openlibrary.org/works/OL318900W,en,"author death year from Wikidata (Q47737); PD via life+70 rule (death year 1931 + 71 <= 2026), independent of publication year"
ajnihah-al-mutakassirah__kahlil-gibran__1912,Ajniḥah al-mutakassirah,Kahlil Gibran,1931,false,1912,openlibrary,https://openlibrary.org/works/OL318899W,en,"author death year from Wikidata (Q47737); PD via life+70 rule (death year 1931 + 71 <= 2026), independent of publication year"
spirits-rebellious__kahlil-gibran__1908,SPIRITS REBELLIOUS,Kahlil Gibran,1931,false,1908,openlibrary,https://openlibrary.org/works/OL318893W,en,"author death year from Wikidata (Q47737); PD via life+70 rule (death year 1931 + 71 <= 2026), independent of publication year"
personal-memoirs-of-u-s-grant-2-volumes-in-1__ulysses-s-grant__1894,Personal Memoirs of U. S. Grant (2 volumes in 1),Ulysses S. Grant,1885,false,1894,openlibrary,https://openlibrary.org/works/OL1928235W,en,"author death year from Wikidata (Q34836); PD via life+70 rule (death year 1885 + 71 <= 2026), independent of publication year"
personal-memoirs-of-u-s-grant-volume-1__ulysses-s-grant__1885,Personal Memoirs of U. S. Grant (Volume 1),Ulysses S. Grant,1885,false,1885,openlibrary,https://openlibrary.org/works/OL1928211W,en,"author death year from Wikidata (Q34836); PD via life+70 rule (death year 1885 + 71 <= 2026), independent of publication year"
personal-memoirs-of-u-s-grant-volume-2__ulysses-s-grant__1885,Personal Memoirs of U. S. Grant (Volume 2),Ulysses S. Grant,1885,false,1885,openlibrary,https://openlibrary.org/works/OL1928212W,en,"author death year from Wikidata (Q34836); PD via life+70 rule (death year 1885 + 71 <= 2026), independent of publication year"
alice-s-adventures-in-wonderland__lewis-carroll__1865,Alice's Adventures in Wonderland,Lewis Carroll,1898,false,1865,openlibrary,https://openlibrary.org/works/OL138052W,en,"author death year from Wikidata (Q38082); PD via life+70 rule (death year 1898 + 71 <= 2026), independent of publication year"
through-the-looking-glass__lewis-carroll__1865,Through the Looking-Glass,Lewis Carroll,1898,false,1865,openlibrary,https://openlibrary.org/works/OL151406W,en,"author death year from Wikidata (Q38082); PD via life+70 rule (death year 1898 + 71 <= 2026), independent of publication year"
alice-s-adventures-in-wonderland-through-the-looking-glass__lewis-carroll__1889,Alice's Adventures in Wonderland / Through the Looking Glass,Lewis Carroll,1898,false,1889,openlibrary,https://openlibrary.org/works/OL151411W,en,"author death year from Wikidata (Q38082); PD via life+70 rule (death year 1898 + 71 <= 2026), independent of publication year"
nils-holgerssons-underbara-resa-genom-sverige__selma-lagerlof__1907,Nils Holgerssons underbara resa genom Sverige,Selma Lagerlöf,1940,false,1907,openlibrary,https://openlibrary.org/works/OL644990W,en,"author death year from Wikidata (Q44519); PD via life+70 rule (death year 1940 + 71 <= 2026), independent of publication year"
jerusalem__selma-lagerlof__unk,Jerusalem,Selma Lagerlöf,1940,false,,openlibrary,https://openlibrary.org/works/OL24409927W,en,"author death year from Wikidata (Q44519); PD via life+70 rule (death year 1940 + 71 <= 2026), independent of publication year; publication year (2008) discarded as implausible (>50 years after author's death, likely a modern reprint/collected edition); needs manual research"
gosta-berling-s-saga__selma-lagerlof__1891,Gösta Berling's saga,Selma Lagerlöf,1940,false,1891,openlibrary,https://openlibrary.org/works/OL15230752W,en,"author death year from Wikidata (Q44519); PD via life+70 rule (death year 1940 + 71 <= 2026), independent of publication year"
essays__ralph-waldo-emerson__1800,Essays,Ralph Waldo Emerson,1882,false,1800,openlibrary,https://openlibrary.org/works/OL62250W,en,"author death year from Wikidata (Q48226); PD via life+70 rule (death year 1882 + 71 <= 2026), independent of publication year"
representative-men__ralph-waldo-emerson__1800,Representative men,Ralph Waldo Emerson,1882,false,1800,openlibrary,https://openlibrary.org/works/OL62248W,en,"author death year from Wikidata (Q48226); PD via life+70 rule (death year 1882 + 71 <= 2026), independent of publication year"
poems__ralph-waldo-emerson__1847,Poems,Ralph Waldo Emerson,1882,false,1847,openlibrary,https://openlibrary.org/works/OL62247W,en,"author death year from Wikidata (Q48226); PD via life+70 rule (death year 1882 + 71 <= 2026), independent of publication year"
dracula-s-guest-and-other-weird-stories__guy-de-maupassant__1914,"Dracula's guest, and other weird stories",Guy de Maupassant,1893,false,1914,openlibrary,https://openlibrary.org/works/OL85864W,en,"author death year from Wikidata (Q9327); PD via life+70 rule (death year 1893 + 71 <= 2026), independent of publication year"
mademoiselle-fifi__guy-de-maupassant__1882,Mademoiselle Fifi,Guy de Maupassant,1893,false,1882,openlibrary,https://openlibrary.org/works/OL93833W,en,"author death year from Wikidata (Q9327); PD via life+70 rule (death year 1893 + 71 <= 2026), independent of publication year"
bel-ami__guy-de-maupassant__1893,Bel-Ami,Guy de Maupassant,1893,false,1893,openlibrary,https://openlibrary.org/works/OL93842W,en,"author death year from Wikidata (Q9327); PD via life+70 rule (death year 1893 + 71 <= 2026), independent of publication year"
gitanjali-song-offerings__william-butler-yeats__1910,Gitanjali (song offerings),William Butler Yeats,1939,false,1910,openlibrary,https://openlibrary.org/works/OL308575W,en,"author death year from Wikidata (Q40213); PD via life+70 rule (death year 1939 + 71 <= 2026), independent of publication year"
poems__william-butler-yeats__1895,Poems,William Butler Yeats,1939,false,1895,openlibrary,https://openlibrary.org/works/OL38847W,en,"author death year from Wikidata (Q40213); PD via life+70 rule (death year 1939 + 71 <= 2026), independent of publication year"
the-hour-glass__william-butler-yeats__1903,The hour-glass,William Butler Yeats,1939,false,1903,openlibrary,https://openlibrary.org/works/OL38845W,en,"author death year from Wikidata (Q40213); PD via life+70 rule (death year 1939 + 71 <= 2026), independent of publication year"
treasure-island__robert-louis-stevenson__1880,Treasure Island,Robert Louis Stevenson,1894,false,1880,openlibrary,https://openlibrary.org/works/OL24034W,en,"author death year from Wikidata (Q1512); PD via life+70 rule (death year 1894 + 71 <= 2026), independent of publication year"
bram-stoker-s-dracula-omnibus__robert-louis-stevenson__1897,Bram Stoker's Dracula omnibus,Robert Louis Stevenson,1894,false,1897,openlibrary,https://openlibrary.org/works/OL85875W,en,"author death year from Wikidata (Q1512); PD via life+70 rule (death year 1894 + 71 <= 2026), independent of publication year"
the-strange-case-of-dr-jekyll-and-mr-hyde__robert-louis-stevenson__1875,The Strange Case of Dr. Jekyll and Mr. Hyde,Robert Louis Stevenson,1894,false,1875,openlibrary,https://openlibrary.org/works/OL24156W,en,"author death year from Wikidata (Q1512); PD via life+70 rule (death year 1894 + 71 <= 2026), independent of publication year"
notes-on-nursing__florence-nightingale__1859,Notes on nursing,Florence Nightingale,1910,false,1859,openlibrary,https://openlibrary.org/works/OL65713W,en,"author death year from Wikidata (Q37103); PD via life+70 rule (death year 1910 + 71 <= 2026), independent of publication year"
leaves-of-grass__walt-whitman__1855,Leaves of Grass,Walt Whitman,1892,false,1855,openlibrary,https://openlibrary.org/works/OL16333W,en,"author death year from Wikidata (Q81438); PD via life+70 rule (death year 1892 + 71 <= 2026), independent of publication year"
drum-taps__walt-whitman__1865,Drum-taps,Walt Whitman,1892,false,1865,openlibrary,https://openlibrary.org/works/OL16420W,en,"author death year from Wikidata (Q81438); PD via life+70 rule (death year 1892 + 71 <= 2026), independent of publication year"
canto-a-mi-mismo__walt-whitman__1904,Canto a Mi Mismo,Walt Whitman,1892,false,1904,openlibrary,https://openlibrary.org/works/OL16362W,en,"author death year from Wikidata (Q81438); PD via life+70 rule (death year 1892 + 71 <= 2026), independent of publication year"
on-liberty__john-stuart-mill__1859,On Liberty,John Stuart Mill,1873,false,1859,openlibrary,https://openlibrary.org/works/OL1068091W,en,"author death year from Wikidata (Q50020); PD via life+70 rule (death year 1873 + 71 <= 2026), independent of publication year"
principles-of-political-economy__john-stuart-mill__1848,Principles of Political Economy,John Stuart Mill,1873,false,1848,openlibrary,https://openlibrary.org/works/OL1068184W,en,"author death year from Wikidata (Q50020); PD via life+70 rule (death year 1873 + 71 <= 2026), independent of publication year"
a-system-of-logic-ratiocinative-and-inductive__john-stuart-mill__1843,"A System of Logic, Ratiocinative and Inductive",John Stuart Mill,1873,false,1843,openlibrary,https://openlibrary.org/works/OL1068214W,en,"author death year from Wikidata (Q50020); PD via life+70 rule (death year 1873 + 71 <= 2026), independent of publication year"
the-poems-of-emily-dickinson-volume-ii__emily-dickinson__1890,The Poems of Emily Dickinson Volume II,Emily Dickinson,1886,false,1890,openlibrary,https://openlibrary.org/works/OL51381W,en,"author death year from Wikidata (Q4441); PD via life+70 rule (death year 1886 + 71 <= 2026), independent of publication year"
letters-of-emily-dickinson__emily-dickinson__1894,Letters of Emily Dickinson,Emily Dickinson,1886,false,1894,openlibrary,https://openlibrary.org/works/OL51380W,en,"author death year from Wikidata (Q4441); PD via life+70 rule (death year 1886 + 71 <= 2026), independent of publication year"
the-seasons__emily-dickinson__1793,The seasons,Emily Dickinson,1886,false,1793,openlibrary,https://openlibrary.org/works/OL44866487W,en,"author death year from Wikidata (Q4441); PD via life+70 rule (death year 1886 + 71 <= 2026), independent of publication year"
ethics-in-service__william-howard-taft__unk,Ethics in Service,William Howard Taft,1930,false,,openlibrary,https://openlibrary.org/works/OL28500393W,en,"author death year from Wikidata (Q35648); PD via life+70 rule (death year 1930 + 71 <= 2026), independent of publication year; publication year (2009) discarded as implausible (>50 years after author's death, likely a modern reprint/collected edition); needs manual research"
popular-government__william-howard-taft__unk,Popular Government,William Howard Taft,1930,false,,openlibrary,https://openlibrary.org/works/OL21353104W,en,"author death year from Wikidata (Q35648); PD via life+70 rule (death year 1930 + 71 <= 2026), independent of publication year; publication year (2017) discarded as implausible (>50 years after author's death, likely a modern reprint/collected edition); needs manual research"
the-united-states-and-peace__william-howard-taft__1914,The United States and peace,William Howard Taft,1930,false,1914,openlibrary,https://openlibrary.org/works/OL1497484W,en,"author death year from Wikidata (Q35648); PD via life+70 rule (death year 1930 + 71 <= 2026), independent of publication year"
the-works-of-james-abram-garfield__james-a-garfield__1882,The works of James Abram Garfield,James A. Garfield,1881,false,1882,openlibrary,https://openlibrary.org/works/OL1504799W,en,"author death year from Wikidata (Q34597); PD via life+70 rule (death year 1881 + 71 <= 2026), independent of publication year"
heart-throbs-in-prose-and-verse__james-a-garfield__1905,Heart Throbs: In Prose and Verse,James A. Garfield,1881,false,1905,openlibrary,https://openlibrary.org/works/OL7547359W,en,"author death year from Wikidata (Q34597); PD via life+70 rule (death year 1881 + 71 <= 2026), independent of publication year"
garfield-hinsdale-letters__james-a-garfield__unk,Garfield-Hinsdale letters,James A. Garfield,1881,false,,openlibrary,https://openlibrary.org/works/OL1504798W,en,"author death year from Wikidata (Q34597); PD via life+70 rule (death year 1881 + 71 <= 2026), independent of publication year; publication year (1949) discarded as implausible (>50 years after author's death, likely a modern reprint/collected edition); needs manual research"
presidential-problems__grover-cleveland__1904,Presidential problems,Grover Cleveland,1908,false,1904,openlibrary,https://openlibrary.org/works/OL3278709W,en,"author death year from Wikidata (Q35171); PD via life+70 rule (death year 1908 + 71 <= 2026), independent of publication year"
state-of-the-union-addresses-of-grover-cleveland__grover-cleveland__unk,State of the Union Addresses of Grover Cleveland,Grover Cleveland,1908,false,,openlibrary,https://openlibrary.org/works/OL3278708W,en,"author death year from Wikidata (Q35171); PD via life+70 rule (death year 1908 + 71 <= 2026), independent of publication year; publication year (2004) discarded as implausible (>50 years after author's death, likely a modern reprint/collected edition); needs manual research"
fishing-and-shooting-sketches__grover-cleveland__unk,Fishing and Shooting Sketches,Grover Cleveland,1908,false,,openlibrary,https://openlibrary.org/works/OL34595539W,en,"author death year from Wikidata (Q35171); PD via life+70 rule (death year 1908 + 71 <= 2026), independent of publication year; publication year (2013) discarded as implausible (>50 years after author's death, likely a modern reprint/collected edition); needs manual research"
inquiry-into-the-origin-and-course-of-political-parties-in-the-united-states__martin-van-buren__1867,Inquiry into the Origin and Course of Political Parties in the United States,Martin Van Buren,1862,false,1867,openlibrary,https://openlibrary.org/works/OL8299343W,en,"author death year from Wikidata (Q11820); PD via life+70 rule (death year 1862 + 71 <= 2026), independent of publication year"
the-autobiography-of-martin-van-buren__martin-van-buren__unk,The Autobiography of Martin Van Buren,Martin Van Buren,1862,false,,openlibrary,https://openlibrary.org/works/OL24616623W,en,"author death year from Wikidata (Q11820); PD via life+70 rule (death year 1862 + 71 <= 2026), independent of publication year; publication year (2015) discarded as implausible (>50 years after author's death, likely a modern reprint/collected edition); needs manual research"
walden__henry-david-thoreau__1854,Walden,Henry David Thoreau,1862,false,1854,openlibrary,https://openlibrary.org/works/OL55649W,en,"author death year from Wikidata (Q131149); PD via life+70 rule (death year 1862 + 71 <= 2026), independent of publication year"
civil-disobedience__henry-david-thoreau__1800,Civil Disobedience,Henry David Thoreau,1862,false,1800,openlibrary,https://openlibrary.org/works/OL55631W,en,"author death year from Wikidata (Q131149); PD via life+70 rule (death year 1862 + 71 <= 2026), independent of publication year"
a-week-on-the-concord-and-merrimack-rivers__henry-david-thoreau__1849,A week on the Concord and Merrimack Rivers,Henry David Thoreau,1862,false,1849,openlibrary,https://openlibrary.org/works/OL55670W,en,"author death year from Wikidata (Q131149); PD via life+70 rule (death year 1862 + 71 <= 2026), independent of publication year"
the-call-of-the-wild__jack-london__1903,The Call of the Wild,Jack London,1916,false,1903,openlibrary,https://openlibrary.org/works/OL14942956W,en,"author death year from Wikidata (Q45765); PD via life+70 rule (death year 1916 + 71 <= 2026), independent of publication year"
the-iron-heel__jack-london__1907,The Iron Heel,Jack London,1916,false,1907,openlibrary,https://openlibrary.org/works/OL74502W,en,"author death year from Wikidata (Q45765); PD via life+70 rule (death year 1916 + 71 <= 2026), independent of publication year"
burning-daylight__jack-london__1910,Burning Daylight,Jack London,1916,false,1910,openlibrary,https://openlibrary.org/works/OL144821W,en,"author death year from Wikidata (Q45765); PD via life+70 rule (death year 1916 + 71 <= 2026), independent of publication year"
bodas-de-sangre__federico-garcia-lorca__1944,Bodas de sangre,Federico García Lorca,1936,false,1944,openlibrary,https://openlibrary.org/works/OL10437143W,en,"author death year from Wikidata (Q41408); PD via life+70 rule (death year 1936 + 71 <= 2026), independent of publication year"
poems__federico-garcia-lorca__1900,Poems,Federico García Lorca,1936,false,1900,openlibrary,https://openlibrary.org/works/OL722550W,en,"author death year from Wikidata (Q41408); PD via life+70 rule (death year 1936 + 71 <= 2026), independent of publication year"
the-journals-of-andre-gide-1889-1949__andre-gide__1939,"The journals of André Gide, 1889-1949",André Gide,1951,false,1939,openlibrary,https://openlibrary.org/works/OL630881W,en,"author death year from Wikidata (Q47484); PD via life+70 rule (death year 1951 + 71 <= 2026), independent of publication year"
l-immoraliste__andre-gide__1902,L'immoraliste,André Gide,1951,false,1902,openlibrary,https://openlibrary.org/works/OL631007W,en,"author death year from Wikidata (Q47484); PD via life+70 rule (death year 1951 + 71 <= 2026), independent of publication year"
la-porte-etroite__andre-gide__1907,La porte étroite,André Gide,1951,false,1907,openlibrary,https://openlibrary.org/works/OL631009W,en,"author death year from Wikidata (Q47484); PD via life+70 rule (death year 1951 + 71 <= 2026), independent of publication year"
illuminations__arthur-rimbaud__unk,Illuminations,Arthur Rimbaud,1891,false,,openlibrary,https://openlibrary.org/works/OL156818W,en,"author death year from Wikidata (Q493); PD via life+70 rule (death year 1891 + 71 <= 2026), independent of publication year; publication year (1949) discarded as implausible (>50 years after author's death, likely a modern reprint/collected edition); needs manual research"
poems__arthur-rimbaud__1939,Poems,Arthur Rimbaud,1891,false,1939,openlibrary,https://openlibrary.org/works/OL156820W,en,"author death year from Wikidata (Q493); PD via life+70 rule (death year 1891 + 71 <= 2026), independent of publication year"
arthur-rimbaud__arthur-rimbaud__1921,Arthur Rimbaud,Arthur Rimbaud,1891,false,1921,openlibrary,https://openlibrary.org/works/OL156816W,en,"author death year from Wikidata (Q493); PD via life+70 rule (death year 1891 + 71 <= 2026), independent of publication year"
cosmos__alexander-von-humboldt__1845,Cosmos,Alexander von Humboldt,1859,false,1845,openlibrary,https://openlibrary.org/works/OL1554090W,en,"author death year from Wikidata (Q6694); PD via life+70 rule (death year 1859 + 71 <= 2026), independent of publication year"
essai-politique-sur-le-royaume-de-la-nouvelle-espagne__alexander-von-humboldt__1811,Essai politique sur le royaume de la Nouvelle-Espagne,Alexander von Humboldt,1859,false,1811,openlibrary,https://openlibrary.org/works/OL1554089W,en,"author death year from Wikidata (Q6694); PD via life+70 rule (death year 1859 + 71 <= 2026), independent of publication year"
ensayo-politico-sobre-la-isla-de-cuba__alexander-von-humboldt__1826,Ensayo politico sobre la isla de Cuba,Alexander von Humboldt,1859,false,1826,openlibrary,https://openlibrary.org/works/OL1553951W,en,"author death year from Wikidata (Q6694); PD via life+70 rule (death year 1859 + 71 <= 2026), independent of publication year"
poems__william-wordsworth__1807,Poems,William Wordsworth,1850,false,1807,openlibrary,https://openlibrary.org/works/OL26386W,en,"author death year from Wikidata (Q45546); PD via life+70 rule (death year 1850 + 71 <= 2026), independent of publication year"
lyrical-ballads__william-wordsworth__1798,Lyrical Ballads,William Wordsworth,1850,false,1798,openlibrary,https://openlibrary.org/works/OL26385W,en,"author death year from Wikidata (Q45546); PD via life+70 rule (death year 1850 + 71 <= 2026), independent of publication year"
the-prelude__william-wordsworth__1850,The prelude,William Wordsworth,1850,false,1850,openlibrary,https://openlibrary.org/works/OL26384W,en,"author death year from Wikidata (Q45546); PD via life+70 rule (death year 1850 + 71 <= 2026), independent of publication year"
jean-christophe__romain-rolland__1900,Jean-Christophe,Romain Rolland,1944,false,1900,openlibrary,https://openlibrary.org/works/OL68141W,en,"author death year from Wikidata (Q47162); PD via life+70 rule (death year 1944 + 71 <= 2026), independent of publication year"
colas-breugnon__romain-rolland__1919,Colas Breugnon,Romain Rolland,1944,false,1919,openlibrary,https://openlibrary.org/works/OL68140W,en,"author death year from Wikidata (Q47162); PD via life+70 rule (death year 1944 + 71 <= 2026), independent of publication year"
musiciens-d-aujourd-hui__romain-rolland__1800,Musiciens d'aujourd'hui,Romain Rolland,1944,false,1800,openlibrary,https://openlibrary.org/works/OL68138W,en,"author death year from Wikidata (Q47162); PD via life+70 rule (death year 1944 + 71 <= 2026), independent of publication year"
quo-vadis-powiesc-z-czasow-nerona__henryk-sienkiewicz__1895,Quo Vadis? Powieść z czasów Nerona,Henryk Sienkiewicz,1916,false,1895,openlibrary,https://openlibrary.org/works/OL503424W,en,"author death year from Wikidata (Q41502); PD via life+70 rule (death year 1916 + 71 <= 2026), independent of publication year"
w-pustyni-i-w-puszczy__henryk-sienkiewicz__1912,W pustyni i w puszczy,Henryk Sienkiewicz,1916,false,1912,openlibrary,https://openlibrary.org/works/OL503489W,en,"author death year from Wikidata (Q41502); PD via life+70 rule (death year 1916 + 71 <= 2026), independent of publication year"
the-deluge__henryk-sienkiewicz__1888,The deluge,Henryk Sienkiewicz,1916,false,1888,openlibrary,https://openlibrary.org/works/OL503366W,en,"author death year from Wikidata (Q41502); PD via life+70 rule (death year 1916 + 71 <= 2026), independent of publication year"
the-mill-on-the-floss__george-eliot__1800,The Mill on the Floss,George Eliot,1880,false,1800,openlibrary,https://openlibrary.org/works/OL20938W,en,"author death year from Wikidata (Q131333); PD via life+70 rule (death year 1880 + 71 <= 2026), independent of publication year"
silas-marner__george-eliot__1800,Silas Marner,George Eliot,1880,false,1800,openlibrary,https://openlibrary.org/works/OL20874W,en,"author death year from Wikidata (Q131333); PD via life+70 rule (death year 1880 + 71 <= 2026), independent of publication year"
adam-bede__george-eliot__1800,Adam Bede,George Eliot,1880,false,1800,openlibrary,https://openlibrary.org/works/OL20935W,en,"author death year from Wikidata (Q131333); PD via life+70 rule (death year 1880 + 71 <= 2026), independent of publication year"
le-rire-essai-sur-la-signification-du-comique__henri-bergson__1901,Le rire; essai sur la signification du comique,Henri Bergson,1941,false,1901,openlibrary,https://openlibrary.org/works/OL76650W,en,"author death year from Wikidata (Q42156); PD via life+70 rule (death year 1941 + 71 <= 2026), independent of publication year"
l-evolution-creatrice__henri-bergson__1907,L'Évolution créatrice,Henri Bergson,1941,false,1907,openlibrary,https://openlibrary.org/works/OL76664W,en,"author death year from Wikidata (Q42156); PD via life+70 rule (death year 1941 + 71 <= 2026), independent of publication year"
mati-ere-et-me-moire__henri-bergson__1896,Mati ere et me moire,Henri Bergson,1941,false,1896,openlibrary,https://openlibrary.org/works/OL76658W,en,"author death year from Wikidata (Q42156); PD via life+70 rule (death year 1941 + 71 <= 2026), independent of publication year"
la-charca-del-diablo__george-sand__1846,La charca del diablo,George Sand,1876,false,1846,openlibrary,https://openlibrary.org/works/OL982018W,en,"author death year from Wikidata (Q3816); PD via life+70 rule (death year 1876 + 71 <= 2026), independent of publication year"
la-petite-fadette-classiques-francais__george-sand__1851,La Petite Fadette (Classiques Francais),George Sand,1876,false,1851,openlibrary,https://openlibrary.org/works/OL981748W,en,"author death year from Wikidata (Q3816); PD via life+70 rule (death year 1876 + 71 <= 2026), independent of publication year"
consuelo__george-sand__1842,Consuelo,George Sand,1876,false,1842,openlibrary,https://openlibrary.org/works/OL982015W,en,"author death year from Wikidata (Q3816); PD via life+70 rule (death year 1876 + 71 <= 2026), independent of publication year"
state-of-the-union-addresses-of-benjamin-harrison__benjamin-harrison__unk,State of the Union Addresses of Benjamin Harrison,Benjamin Harrison,1901,false,,openlibrary,https://openlibrary.org/works/OL206802W,en,"author death year from Wikidata (Q35678); PD via life+70 rule (death year 1901 + 71 <= 2026), independent of publication year; publication year (2004) discarded as implausible (>50 years after author's death, likely a modern reprint/collected edition); needs manual research"
acres-of-ashes-the-story-of-the-great-fire-that-swept-over-the-city-of-jacksonville-florida-on-the-afternoon-of-friday-may-3-1901__benjamin-harrison__unk,"Acres of Ashes; the Story of the Great Fire That Swept Over the City of Jacksonville, Florida, on the Afternoon of Friday, May 3, 1901 ..",Benjamin Harrison,1901,false,,openlibrary,https://openlibrary.org/works/OL24366531W,en,"author death year from Wikidata (Q35678); PD via life+70 rule (death year 1901 + 71 <= 2026), independent of publication year; publication year (2017) discarded as implausible (>50 years after author's death, likely a modern reprint/collected edition); needs manual research"
this-country-of-ours__benjamin-harrison__1897,This country of ours,Benjamin Harrison,1901,false,1897,openlibrary,https://openlibrary.org/works/OL7026826W,en,"author death year from Wikidata (Q35678); PD via life+70 rule (death year 1901 + 71 <= 2026), independent of publication year"
the-complete-works-of-swami-vivekananda__swami-vivekananda__1926,The complete works of Swami Vivekananda,Swami Vivekananda,1902,false,1926,openlibrary,https://openlibrary.org/works/OL311928W,en,"author death year from Wikidata (Q47478); PD via life+70 rule (death year 1902 + 71 <= 2026), independent of publication year"
bhakti-yoga__swami-vivekananda__1904,Bhakti-yoga,Swami Vivekananda,1902,false,1904,openlibrary,https://openlibrary.org/works/OL311927W,en,"author death year from Wikidata (Q47478); PD via life+70 rule (death year 1902 + 71 <= 2026), independent of publication year"
raja-yoga__swami-vivekananda__unk,Raja Yoga,Swami Vivekananda,1902,false,,openlibrary,https://openlibrary.org/works/OL25483143W,en,"author death year from Wikidata (Q47478); PD via life+70 rule (death year 1902 + 71 <= 2026), independent of publication year; publication year (2014) discarded as implausible (>50 years after author's death, likely a modern reprint/collected edition); needs manual research"
sult__knut-hamsun__1890,Sult,Knut Hamsun,1952,false,1890,openlibrary,https://openlibrary.org/works/OL573193W,en,"author death year from Wikidata (Q40826); PD via life+70 rule (death year 1952 + 71 <= 2026), independent of publication year"
markens-grde__knut-hamsun__1917,Markens grøde,Knut Hamsun,1952,false,1917,openlibrary,https://openlibrary.org/works/OL573191W,en,"author death year from Wikidata (Q40826); PD via life+70 rule (death year 1952 + 71 <= 2026), independent of publication year"
pan__knut-hamsun__1900,Pan,Knut Hamsun,1952,false,1900,openlibrary,https://openlibrary.org/works/OL573192W,en,"author death year from Wikidata (Q40826); PD via life+70 rule (death year 1952 + 71 <= 2026), independent of publication year"
i-malavoglia-di-giovanni-verga__luigi-pirandello__1873,I Malavoglia di Giovanni Verga,Luigi Pirandello,1936,false,1873,openlibrary,https://openlibrary.org/works/OL141870W,en,"author death year from Wikidata (Q1403); PD via life+70 rule (death year 1936 + 71 <= 2026), independent of publication year"
sei-personaggi-in-cerca-d-autore__luigi-pirandello__1900,Sei personaggi in cerca d'autore,Luigi Pirandello,1936,false,1900,openlibrary,https://openlibrary.org/works/OL100436W,en,"author death year from Wikidata (Q1403); PD via life+70 rule (death year 1936 + 71 <= 2026), independent of publication year"
jane-eyre__charlotte-bronte__1847,Jane Eyre,Charlotte Brontë,1855,false,1847,openlibrary,https://openlibrary.org/works/OL1095427W,en,"author death year from Wikidata (Q127332); PD via life+70 rule (death year 1855 + 71 <= 2026), independent of publication year"
shirley__charlotte-bronte__1800,Shirley,Charlotte Brontë,1855,false,1800,openlibrary,https://openlibrary.org/works/OL1095397W,en,"author death year from Wikidata (Q127332); PD via life+70 rule (death year 1855 + 71 <= 2026), independent of publication year"
discours-sur-l-ensemble-du-positivisme__auguste-comte__1848,Discours sur l'ensemble du positivisme,Auguste Comte,1857,false,1848,openlibrary,https://openlibrary.org/works/OL761012W,en,"author death year from Wikidata (Q12718); PD via life+70 rule (death year 1857 + 71 <= 2026), independent of publication year"
cours-de-philosophie-positive__auguste-comte__1800,Cours de philosophie positive,Auguste Comte,1857,false,1800,openlibrary,https://openlibrary.org/works/OL761014W,en,"author death year from Wikidata (Q12718); PD via life+70 rule (death year 1857 + 71 <= 2026), independent of publication year"
system-of-positive-polity__auguste-comte__1875,System of positive polity,Auguste Comte,1857,false,1875,openlibrary,https://openlibrary.org/works/OL761013W,en,"author death year from Wikidata (Q12718); PD via life+70 rule (death year 1857 + 71 <= 2026), independent of publication year"
a-travers-chants__hector-berlioz__1862,A travers chants,Hector Berlioz,1869,false,1862,openlibrary,https://openlibrary.org/works/OL1097992W,en,"author death year from Wikidata (Q1151); PD via life+70 rule (death year 1869 + 71 <= 2026), independent of publication year"
correspondence__hector-berlioz__1844,Correspondence,Hector Berlioz,1869,false,1844,openlibrary,https://openlibrary.org/works/OL1097991W,en,"author death year from Wikidata (Q1151); PD via life+70 rule (death year 1869 + 71 <= 2026), independent of publication year"
la-damnation-de-faust-h-111__hector-berlioz__1854,"La damnation de Faust, H 111",Hector Berlioz,1869,false,1854,openlibrary,https://openlibrary.org/works/OL1097990W,en,"author death year from Wikidata (Q1151); PD via life+70 rule (death year 1869 + 71 <= 2026), independent of publication year"
frankenstein-or-the-modern-prometheus__mary-shelley__1818,"Frankenstein; or, The Modern Prometheus",Mary Shelley,1851,false,1818,openlibrary,https://openlibrary.org/works/OL450063W,en,"author death year from Wikidata (Q47152); PD via life+70 rule (death year 1851 + 71 <= 2026), independent of publication year"
bram-stoker-s-dracula-omnibus__mary-shelley__1897,Bram Stoker's Dracula omnibus,Mary Shelley,1851,false,1897,openlibrary,https://openlibrary.org/works/OL85875W,en,"author death year from Wikidata (Q47152); PD via life+70 rule (death year 1851 + 71 <= 2026), independent of publication year"
the-last-man__mary-shelley__1826,The Last Man,Mary Shelley,1851,false,1826,openlibrary,https://openlibrary.org/works/OL450124W,en,"author death year from Wikidata (Q47152); PD via life+70 rule (death year 1851 + 71 <= 2026), independent of publication year"
ada__ada-lovelace__unk,Ada,Ada Lovelace,1852,false,,openlibrary,https://openlibrary.org/works/OL4132406W,en,"author death year from Wikidata (Q7259); PD via life+70 rule (death year 1852 + 71 <= 2026), independent of publication year; publication year (1992) discarded as implausible (>50 years after author's death, likely a modern reprint/collected edition); needs manual research"
jane-austen-ada-lovelace-mary-shelley-handwriting-notebook-set__ada-lovelace__unk,"Jane Austen, Ada Lovelace, Mary Shelley Handwriting Notebook Set",Ada Lovelace,1852,false,,openlibrary,https://openlibrary.org/works/OL25314796W,en,"author death year from Wikidata (Q7259); PD via life+70 rule (death year 1852 + 71 <= 2026), independent of publication year; publication year (2021) discarded as implausible (>50 years after author's death, likely a modern reprint/collected edition); needs manual research"
animal-crossing-the-arabian-desert__ada-lovelace__unk,Animal Crossing the Arabian Desert,Ada Lovelace,1852,false,,openlibrary,https://openlibrary.org/works/OL34475736W,en,"author death year from Wikidata (Q7259); PD via life+70 rule (death year 1852 + 71 <= 2026), independent of publication year; publication year (2021) discarded as implausible (>50 years after author's death, likely a modern reprint/collected edition); needs manual research"
letters-to-a-young-poet__rainer-maria-rilke__1656,Letters to a young poet,Rainer Maria Rilke,1926,false,1656,openlibrary,https://openlibrary.org/works/OL3800761W,en,"author death year from Wikidata (Q76483); PD via life+70 rule (death year 1926 + 71 <= 2026), independent of publication year"
poems__rainer-maria-rilke__1900,Poems,Rainer Maria Rilke,1926,false,1900,openlibrary,https://openlibrary.org/works/OL3800819W,en,"author death year from Wikidata (Q76483); PD via life+70 rule (death year 1926 + 71 <= 2026), independent of publication year"
duineser-elegien__rainer-maria-rilke__1923,Duineser Elegien,Rainer Maria Rilke,1926,false,1923,openlibrary,https://openlibrary.org/works/OL3801010W,en,"author death year from Wikidata (Q76483); PD via life+70 rule (death year 1926 + 71 <= 2026), independent of publication year"
la-vie-des-abeilles__maurice-maeterlinck__1900,La vie des abeilles,Maurice Maeterlinck,1949,false,1900,openlibrary,https://openlibrary.org/works/OL734341W,en,"author death year from Wikidata (Q49747); PD via life+70 rule (death year 1949 + 71 <= 2026), independent of publication year"
the-blue-bird__maurice-maeterlinck__1909,The blue bird,Maurice Maeterlinck,1949,false,1909,openlibrary,https://openlibrary.org/works/OL10449613W,en,"author death year from Wikidata (Q49747); PD via life+70 rule (death year 1949 + 71 <= 2026), independent of publication year"
pelleas-et-melisande__maurice-maeterlinck__1902,Pelléas et Mélisande,Maurice Maeterlinck,1949,false,1902,openlibrary,https://openlibrary.org/works/OL1452366W,en,"author death year from Wikidata (Q49747); PD via life+70 rule (death year 1949 + 71 <= 2026), independent of publication year"
gesammelte-schriften-uber-musik-und-musiker__robert-schumann__1876,Gesammelte Schriften über Musik und Musiker,Robert Schumann,1856,false,1876,openlibrary,https://openlibrary.org/works/OL1250991W,en,"author death year from Wikidata (Q7351); PD via life+70 rule (death year 1856 + 71 <= 2026), independent of publication year"
symphonies__robert-schumann__1800,"Symphonies,",Robert Schumann,1856,false,1800,openlibrary,https://openlibrary.org/works/OL1250990W,en,"author death year from Wikidata (Q7351); PD via life+70 rule (death year 1856 + 71 <= 2026), independent of publication year"
the-letters-of-robert-schumann__robert-schumann__unk,The Letters of Robert Schumann,Robert Schumann,1856,false,,openlibrary,https://openlibrary.org/works/OL24434957W,en,"author death year from Wikidata (Q7351); PD via life+70 rule (death year 1856 + 71 <= 2026), independent of publication year; publication year (2015) discarded as implausible (>50 years after author's death, likely a modern reprint/collected edition); needs manual research"
moby-dick__herman-melville__1851,Moby Dick,Herman Melville,1891,false,1851,openlibrary,https://openlibrary.org/works/OL102749W,en,"author death year from Wikidata (Q4985); PD via life+70 rule (death year 1891 + 71 <= 2026), independent of publication year"
typee__herman-melville__1840,Typee,Herman Melville,1891,false,1840,openlibrary,https://openlibrary.org/works/OL102748W,en,"author death year from Wikidata (Q4985); PD via life+70 rule (death year 1891 + 71 <= 2026), independent of publication year"
the-confidence-man__herman-melville__1857,The Confidence Man,Herman Melville,1891,false,1857,openlibrary,https://openlibrary.org/works/OL102721W,en,"author death year from Wikidata (Q4985); PD via life+70 rule (death year 1891 + 71 <= 2026), independent of publication year"
clelia-ovvero-il-governo-dei-preti__giuseppe-garibaldi__unk,"Clelia, ovvero, Il governo dei preti",Giuseppe Garibaldi,1882,false,,openlibrary,https://openlibrary.org/works/OL31888359W,en,"author death year from Wikidata (Q539); PD via life+70 rule (death year 1882 + 71 <= 2026), independent of publication year; publication year (2016) discarded as implausible (>50 years after author's death, likely a modern reprint/collected edition); needs manual research"
cantoni-il-volontario__giuseppe-garibaldi__unk,Cantoni il Volontario,Giuseppe Garibaldi,1882,false,,openlibrary,https://openlibrary.org/works/OL35764093W,en,"author death year from Wikidata (Q539); PD via life+70 rule (death year 1882 + 71 <= 2026), independent of publication year; publication year (2012) discarded as implausible (>50 years after author's death, likely a modern reprint/collected edition); needs manual research"
autobiography-of-giuseppe-garibaldi__giuseppe-garibaldi__unk,Autobiography of Giuseppe Garibaldi,Giuseppe Garibaldi,1882,false,,openlibrary,https://openlibrary.org/works/OL24361484W,en,"author death year from Wikidata (Q539); PD via life+70 rule (death year 1882 + 71 <= 2026), independent of publication year; publication year (1971) discarded as implausible (>50 years after author's death, likely a modern reprint/collected edition); needs manual research"
la-science-et-l-hypothese__henri-poincare__1900,La science et l'hypothèse,Henri Poincaré,1912,false,1900,openlibrary,https://openlibrary.org/works/OL708894W,en,"author death year from Wikidata (Q81082); PD via life+70 rule (death year 1912 + 71 <= 2026), independent of publication year"
la-valeur-de-la-science__henri-poincare__1905,La valeur de la science,Henri Poincaré,1912,false,1905,openlibrary,https://openlibrary.org/works/OL708887W,en,"author death year from Wikidata (Q81082); PD via life+70 rule (death year 1912 + 71 <= 2026), independent of publication year"
science-and-method-key-texts__henri-poincare__1900,Science and Method (Key Texts),Henri Poincaré,1912,false,1900,openlibrary,https://openlibrary.org/works/OL8038197W,en,"author death year from Wikidata (Q81082); PD via life+70 rule (death year 1912 + 71 <= 2026), independent of publication year"
heart-of-darkness__joseph-conrad__1899,Heart of Darkness,Joseph Conrad,1924,false,1899,openlibrary,https://openlibrary.org/works/OL38663W,en,"author death year from Wikidata (Q82925); PD via life+70 rule (death year 1924 + 71 <= 2026), independent of publication year"
lord-jim__joseph-conrad__1900,Lord Jim,Joseph Conrad,1924,false,1900,openlibrary,https://openlibrary.org/works/OL38684W,en,"author death year from Wikidata (Q82925); PD via life+70 rule (death year 1924 + 71 <= 2026), independent of publication year"
des-idees-napoleoniennes__napoleon-iii__1839,Des idées napoléoniennes,Napoleon III,1873,false,1839,openlibrary,https://openlibrary.org/works/OL1548898W,en,"author death year from Wikidata (Q7721); PD via life+70 rule (death year 1873 + 71 <= 2026), independent of publication year"
napoleonic-ideas__napoleon-iii__1859,Napoleonic ideas,Napoleon III,1873,false,1859,openlibrary,https://openlibrary.org/works/OL1548897W,en,"author death year from Wikidata (Q7721); PD via life+70 rule (death year 1873 + 71 <= 2026), independent of publication year"
history-of-julius-caesar__napoleon-iii__1865,History of Julius Caesar,Napoleon III,1873,false,1865,openlibrary,https://openlibrary.org/works/OL1548896W,en,"author death year from Wikidata (Q7721); PD via life+70 rule (death year 1873 + 71 <= 2026), independent of publication year"
a-q-zheng-zhuan__lu-xun__1926,A Q zheng zhuan,Lu Xun,1936,false,1926,openlibrary,https://openlibrary.org/works/OL4468490W,en,"author death year from Wikidata (Q23114); PD via life+70 rule (death year 1936 + 71 <= 2026), independent of publication year"
unknown__lu-xun__1973,野草,Lu Xun,1936,false,1973,openlibrary,https://openlibrary.org/works/OL4468488W,en,"author death year from Wikidata (Q23114); PD via life+70 rule (death year 1936 + 71 <= 2026), independent of publication year"
zhongguo-xiao-shuo-shi-lue__lu-xun__1952,Zhongguo xiao shuo shi lue,Lu Xun,1936,false,1952,openlibrary,https://openlibrary.org/works/OL4468489W,en,"author death year from Wikidata (Q23114); PD via life+70 rule (death year 1936 + 71 <= 2026), independent of publication year"
letters-of-franz-liszt__franz-liszt__1803,Letters of Franz Liszt,Franz Liszt,1886,false,1803,openlibrary,https://openlibrary.org/works/OL2752052W,en,"author death year from Wikidata (Q41309); PD via life+70 rule (death year 1886 + 71 <= 2026), independent of publication year"
life-of-chopin__franz-liszt__1800,Life of Chopin,Franz Liszt,1886,false,1800,openlibrary,https://openlibrary.org/works/OL15255484W,en,"author death year from Wikidata (Q41309); PD via life+70 rule (death year 1886 + 71 <= 2026), independent of publication year"
lettere-dal-carcere__antonio-gramsci__1947,Lettere dal carcere,Antonio Gramsci,1937,false,1947,openlibrary,https://openlibrary.org/works/OL77382W,en,"author death year from Wikidata (Q83003); PD via life+70 rule (death year 1937 + 71 <= 2026), independent of publication year"
the-modern-prince__antonio-gramsci__1957,The modern prince,Antonio Gramsci,1937,false,1957,openlibrary,https://openlibrary.org/works/OL77366W,en,"author death year from Wikidata (Q83003); PD via life+70 rule (death year 1937 + 71 <= 2026), independent of publication year"
antonio-gramsci__antonio-gramsci__1977,Antonio Gramsci,Antonio Gramsci,1937,false,1977,openlibrary,https://openlibrary.org/works/OL77380W,en,"author death year from Wikidata (Q83003); PD via life+70 rule (death year 1937 + 71 <= 2026), independent of publication year"
romische-geschichte__theodor-mommsen__1854,Römische Geschichte,Theodor Mommsen,1903,false,1854,openlibrary,https://openlibrary.org/works/OL11323147W,en,"author death year from Wikidata (Q25351); PD via life+70 rule (death year 1903 + 71 <= 2026), independent of publication year"
the-history-of-rome__theodor-mommsen__1873,The History of Rome,Theodor Mommsen,1903,false,1873,openlibrary,https://openlibrary.org/works/OL19577319W,en,"author death year from Wikidata (Q25351); PD via life+70 rule (death year 1903 + 71 <= 2026), independent of publication year"
the-provinces-of-the-roman-empire-from-caesar-to-diocletian__theodor-mommsen__1886,The provinces of the Roman Empire from Caesar to Diocletian,Theodor Mommsen,1903,false,1886,openlibrary,https://openlibrary.org/works/OL1194107W,en,"author death year from Wikidata (Q25351); PD via life+70 rule (death year 1903 + 71 <= 2026), independent of publication year"
schachnovelle__stefan-zweig__1943,Schachnovelle,Stefan Zweig,1942,false,1943,openlibrary,https://openlibrary.org/works/OL28429W,en,"author death year from Wikidata (Q78491); PD via life+70 rule (death year 1942 + 71 <= 2026), independent of publication year"
der-brief-einer-unbekannten__stefan-zweig__1922,Der Brief einer Unbekannten,Stefan Zweig,1942,false,1922,openlibrary,https://openlibrary.org/works/OL28403W,en,"author death year from Wikidata (Q78491); PD via life+70 rule (death year 1942 + 71 <= 2026), independent of publication year"
ungeduld-des-herzens__stefan-zweig__1927,Ungeduld des Herzens,Stefan Zweig,1942,false,1927,openlibrary,https://openlibrary.org/works/OL28434W,en,"author death year from Wikidata (Q78491); PD via life+70 rule (death year 1942 + 71 <= 2026), independent of publication year"
anarchism-and-other-essays__emma-goldman__1910,Anarchism and Other Essays,Emma Goldman,1940,false,1910,openlibrary,https://openlibrary.org/works/OL2983646W,en,"author death year from Wikidata (Q79969); PD via life+70 rule (death year 1940 + 71 <= 2026), independent of publication year"
living-my-life__emma-goldman__1931,Living my Life,Emma Goldman,1940,false,1931,openlibrary,https://openlibrary.org/works/OL2983647W,en,"author death year from Wikidata (Q79969); PD via life+70 rule (death year 1940 + 71 <= 2026), independent of publication year"
a-happy-boy__bjrnstjerne-bjrnson__1882,A Happy Boy,Bjørnstjerne Bjørnson,1910,false,1882,openlibrary,https://openlibrary.org/works/OL1084997W,en,"author death year from Wikidata (Q46405); PD via life+70 rule (death year 1910 + 71 <= 2026), independent of publication year"
arne__bjrnstjerne-bjrnson__1866,Arne,Bjørnstjerne Bjørnson,1910,false,1866,openlibrary,https://openlibrary.org/works/OL1084995W,en,"author death year from Wikidata (Q46405); PD via life+70 rule (death year 1910 + 71 <= 2026), independent of publication year"
three-comedies__bjrnstjerne-bjrnson__1912,Three Comedies,Bjørnstjerne Bjørnson,1910,false,1912,openlibrary,https://openlibrary.org/works/OL1084994W,en,"author death year from Wikidata (Q46405); PD via life+70 rule (death year 1910 + 71 <= 2026), independent of publication year"
mireille__frederic-mistral__1874,Mireille,Frédéric Mistral,1914,false,1874,openlibrary,https://openlibrary.org/works/OL24498860W,en,"author death year from Wikidata (Q42596); PD via life+70 rule (death year 1914 + 71 <= 2026), independent of publication year"
mireio__frederic-mistral__1859,Mirèio,Frédéric Mistral,1914,false,1859,openlibrary,https://openlibrary.org/works/OL43204087W,en,"author death year from Wikidata (Q42596); PD via life+70 rule (death year 1914 + 71 <= 2026), independent of publication year"
mireio__frederic-mistral__1868,Mirèio,Frédéric Mistral,1914,false,1868,openlibrary,https://openlibrary.org/works/OL3186004W,en,"author death year from Wikidata (Q42596); PD via life+70 rule (death year 1914 + 71 <= 2026), independent of publication year"
recollections__ivan-bunin__unk,Recollections,Ivan Bunin,1953,false,,openlibrary,https://openlibrary.org/works/OL37583158W,en,"author death year from Wikidata (Q46602); PD via life+70 rule (death year 1953 + 71 <= 2026), independent of publication year; publication year (2024) discarded as implausible (>50 years after author's death, likely a modern reprint/collected edition); needs manual research"
the-gentleman-from-san-francisco__ivan-bunin__1927,The Gentleman From San Francisco,Ivan Bunin,1953,false,1927,openlibrary,https://openlibrary.org/works/OL34582203W,en,"author death year from Wikidata (Q46602); PD via life+70 rule (death year 1953 + 71 <= 2026), independent of publication year"
vladimir-ilich-lenin__vladimir-mayakovsky__1934,Vladimir Ilʹich Lenin,Vladimir Mayakovsky,1930,false,1934,openlibrary,https://openlibrary.org/works/OL2141395W,en,"author death year from Wikidata (Q132964); PD via life+70 rule (death year 1930 + 71 <= 2026), independent of publication year"
poems__vladimir-mayakovsky__1940,Poems,Vladimir Mayakovsky,1930,false,1940,openlibrary,https://openlibrary.org/works/OL2141394W,en,"author death year from Wikidata (Q132964); PD via life+70 rule (death year 1930 + 71 <= 2026), independent of publication year"
the-bedbug__vladimir-mayakovsky__1960,The bedbug,Vladimir Mayakovsky,1930,false,1960,openlibrary,https://openlibrary.org/works/OL2141393W,en,"author death year from Wikidata (Q132964); PD via life+70 rule (death year 1930 + 71 <= 2026), independent of publication year"
vaines-tendresses-etudes-et-portraits-litteraires-premier-serie__sully-prudhomme__unk,"Vaines Tendresses Études et Portraits Littéraires, Premier Série",Sully Prudhomme,1907,false,,openlibrary,https://openlibrary.org/works/OL36056494W,en,"author death year from Wikidata (Q42247); PD via life+70 rule (death year 1907 + 71 <= 2026), independent of publication year; publication year (2012) discarded as implausible (>50 years after author's death, likely a modern reprint/collected edition); needs manual research"
uvres-de-sully-prudhomme__sully-prudhomme__1900,Œuvres de Sully Prudhomme,Sully Prudhomme,1907,false,1900,openlibrary,https://openlibrary.org/works/OL5202369W,en,"author death year from Wikidata (Q42247); PD via life+70 rule (death year 1907 + 71 <= 2026), independent of publication year"
nobel-prize-library__sully-prudhomme__unk,Nobel Prize Library,Sully Prudhomme,1907,false,,openlibrary,https://openlibrary.org/works/OL43289411W,en,"author death year from Wikidata (Q42247); PD via life+70 rule (death year 1907 + 71 <= 2026), independent of publication year; publication year (1971) discarded as implausible (>50 years after author's death, likely a modern reprint/collected edition); needs manual research"
odi-barbare__giosue-carducci__1877,Odi barbare,Giosuè Carducci,1907,false,1877,openlibrary,https://openlibrary.org/works/OL10341937W,en,"author death year from Wikidata (Q43440); PD via life+70 rule (death year 1907 + 71 <= 2026), independent of publication year"
poems__giosue-carducci__1907,Poems,Giosuè Carducci,1907,false,1907,openlibrary,https://openlibrary.org/works/OL10341936W,en,"author death year from Wikidata (Q43440); PD via life+70 rule (death year 1907 + 71 <= 2026), independent of publication year"
die-weber__gerhart-hauptmann__1892,Die Weber,Gerhart Hauptmann,1946,false,1892,openlibrary,https://openlibrary.org/works/OL1375598W,en,"author death year from Wikidata (Q43523); PD via life+70 rule (death year 1946 + 71 <= 2026), independent of publication year"
einsame-menschen__gerhart-hauptmann__1891,Einsame Menschen,Gerhart Hauptmann,1946,false,1891,openlibrary,https://openlibrary.org/works/OL1375597W,en,"author death year from Wikidata (Q43523); PD via life+70 rule (death year 1946 + 71 <= 2026), independent of publication year"
bahnwarter-thiel__gerhart-hauptmann__1899,Bahnwärter Thiel,Gerhart Hauptmann,1946,false,1899,openlibrary,https://openlibrary.org/works/OL1375594W,en,"author death year from Wikidata (Q43523); PD via life+70 rule (death year 1946 + 71 <= 2026), independent of publication year"
the-great-gatsby__f-scott-fitzgerald__1920,The Great Gatsby,F. Scott Fitzgerald,1940,false,1920,openlibrary,https://openlibrary.org/works/OL468431W,en,"author death year from Wikidata (Q93354); PD via life+70 rule (death year 1940 + 71 <= 2026), independent of publication year"
this-side-of-paradise__f-scott-fitzgerald__1920,This Side of Paradise,F. Scott Fitzgerald,1940,false,1920,openlibrary,https://openlibrary.org/works/OL468488W,en,"author death year from Wikidata (Q93354); PD via life+70 rule (death year 1940 + 71 <= 2026), independent of publication year"
the-beautiful-and-damned__f-scott-fitzgerald__1920,The Beautiful and Damned,F. Scott Fitzgerald,1940,false,1920,openlibrary,https://openlibrary.org/works/OL468362W,en,"author death year from Wikidata (Q93354); PD via life+70 rule (death year 1940 + 71 <= 2026), independent of publication year"
the-forsyte-saga-the-man-of-property-indian-summer-of-a-forsyte-in-chancery-awakening-to-let__john-galsworthy__1918,The Forsyte Saga (The Man of Property / Indian Summer of a Forsyte / In Chancery / Awakening / To Let),John Galsworthy,1933,false,1918,openlibrary,https://openlibrary.org/works/OL878774W,en,"author death year from Wikidata (Q82248); PD via life+70 rule (death year 1933 + 71 <= 2026), independent of publication year"
the-man-of-property__john-galsworthy__1906,The Man of Property,John Galsworthy,1933,false,1906,openlibrary,https://openlibrary.org/works/OL878793W,en,"author death year from Wikidata (Q82248); PD via life+70 rule (death year 1933 + 71 <= 2026), independent of publication year"
swan-song-forsyte-chronicles__john-galsworthy__1928,Swan Song (Forsyte Chronicles),John Galsworthy,1933,false,1928,openlibrary,https://openlibrary.org/works/OL879000W,en,"author death year from Wikidata (Q82248); PD via life+70 rule (death year 1933 + 71 <= 2026), independent of publication year"
canne-al-vento__grazia-deledda__1913,Canne al vento,Grazia Deledda,1936,false,1913,openlibrary,https://openlibrary.org/works/OL1438050W,en,"author death year from Wikidata (Q7728); PD via life+70 rule (death year 1936 + 71 <= 2026), independent of publication year"
dopo-il-divorzio__grazia-deledda__1902,Dopo il divorzio,Grazia Deledda,1936,false,1902,openlibrary,https://openlibrary.org/works/OL1437985W,en,"author death year from Wikidata (Q7728); PD via life+70 rule (death year 1936 + 71 <= 2026), independent of publication year"
cosima__grazia-deledda__1937,Cosima,Grazia Deledda,1936,false,1937,openlibrary,https://openlibrary.org/works/OL1438044W,en,"author death year from Wikidata (Q7728); PD via life+70 rule (death year 1936 + 71 <= 2026), independent of publication year"
sartor-resartus__thomas-carlyle__1800,Sartor resartus,Thomas Carlyle,1881,false,1800,openlibrary,https://openlibrary.org/works/OL1064699W,en,"author death year from Wikidata (Q151403); PD via life+70 rule (death year 1881 + 71 <= 2026), independent of publication year"
history-of-friedrich-ii-of-prussia__thomas-carlyle__1858,History of Friedrich II of Prussia,Thomas Carlyle,1881,false,1858,openlibrary,https://openlibrary.org/works/OL1064771W,en,"author death year from Wikidata (Q151403); PD via life+70 rule (death year 1881 + 71 <= 2026), independent of publication year"
the-french-revolution__thomas-carlyle__1837,The  French Revolution,Thomas Carlyle,1881,false,1837,openlibrary,https://openlibrary.org/works/OL1064769W,en,"author death year from Wikidata (Q151403); PD via life+70 rule (death year 1881 + 71 <= 2026), independent of publication year"
babbitt__sinclair-lewis__1922,Babbitt,Sinclair Lewis,1951,false,1922,openlibrary,https://openlibrary.org/works/OL51148W,en,"author death year from Wikidata (Q123469); PD via life+70 rule (death year 1951 + 71 <= 2026), independent of publication year"
main-street__sinclair-lewis__1634,MAIN STREET,Sinclair Lewis,1951,false,1634,openlibrary,https://openlibrary.org/works/OL51117W,en,"author death year from Wikidata (Q123469); PD via life+70 rule (death year 1951 + 71 <= 2026), independent of publication year"
free-air__sinclair-lewis__1919,Free air,Sinclair Lewis,1951,false,1919,openlibrary,https://openlibrary.org/works/OL51142W,en,"author death year from Wikidata (Q123469); PD via life+70 rule (death year 1951 + 71 <= 2026), independent of publication year"
poems__paul-verlaine__1902,Poems,Paul Verlaine,1896,false,1902,openlibrary,https://openlibrary.org/works/OL1276177W,en,"author death year from Wikidata (Q755); PD via life+70 rule (death year 1896 + 71 <= 2026), independent of publication year"
sagesse__paul-verlaine__1893,Sagesse,Paul Verlaine,1896,false,1893,openlibrary,https://openlibrary.org/works/OL1276176W,en,"author death year from Wikidata (Q755); PD via life+70 rule (death year 1896 + 71 <= 2026), independent of publication year"
romances-sans-paroles__paul-verlaine__1887,Romances sans paroles,Paul Verlaine,1896,false,1887,openlibrary,https://openlibrary.org/works/OL1276171W,en,"author death year from Wikidata (Q755); PD via life+70 rule (death year 1896 + 71 <= 2026), independent of publication year"
uncle-tom-s-cabin__harriet-beecher-stowe__1850,Uncle Tom's Cabin,Harriet Beecher Stowe,1896,false,1850,openlibrary,https://openlibrary.org/works/OL152161W,en,"author death year from Wikidata (Q102513); PD via life+70 rule (death year 1896 + 71 <= 2026), independent of publication year"
the-pearl-of-orr-s-island__harriet-beecher-stowe__1862,The pearl of Orr's Island,Harriet Beecher Stowe,1896,false,1862,openlibrary,https://openlibrary.org/works/OL152223W,en,"author death year from Wikidata (Q102513); PD via life+70 rule (death year 1896 + 71 <= 2026), independent of publication year"
queer-little-folks__harriet-beecher-stowe__1886,Queer Little Folks,Harriet Beecher Stowe,1896,false,1886,openlibrary,https://openlibrary.org/works/OL152211W,en,"author death year from Wikidata (Q102513); PD via life+70 rule (death year 1896 + 71 <= 2026), independent of publication year"
tess-of-the-d-urbervilles__thomas-hardy__1707,Tess of the d'Urbervilles,Thomas Hardy,1928,false,1707,openlibrary,https://openlibrary.org/works/OL44927W,en,"author death year from Wikidata (Q132805); PD via life+70 rule (death year 1928 + 71 <= 2026), independent of publication year"
the-mayor-of-casterbridge__thomas-hardy__1800,The Mayor of Casterbridge,Thomas Hardy,1928,false,1800,openlibrary,https://openlibrary.org/works/OL8193406W,en,"author death year from Wikidata (Q132805); PD via life+70 rule (death year 1928 + 71 <= 2026), independent of publication year"
jude-the-obscure__thomas-hardy__1895,Jude the Obscure,Thomas Hardy,1928,false,1895,openlibrary,https://openlibrary.org/works/OL44986W,en,"author death year from Wikidata (Q132805); PD via life+70 rule (death year 1928 + 71 <= 2026), independent of publication year"
mutual-aid__peter-kropotkin__1891,Mutual Aid,Peter Kropotkin,1921,false,1891,openlibrary,https://openlibrary.org/works/OL1105375W,en,"author death year from Wikidata (Q5752); PD via life+70 rule (death year 1921 + 71 <= 2026), independent of publication year"
la-conquete-du-pain__peter-kropotkin__1892,La conquête du pain,Peter Kropotkin,1921,false,1892,openlibrary,https://openlibrary.org/works/OL1105382W,en,"author death year from Wikidata (Q5752); PD via life+70 rule (death year 1921 + 71 <= 2026), independent of publication year"
memoirs-of-a-revolutionist__peter-kropotkin__1899,Memoirs of a Revolutionist,Peter Kropotkin,1921,false,1899,openlibrary,https://openlibrary.org/works/OL1105384W,en,"author death year from Wikidata (Q5752); PD via life+70 rule (death year 1921 + 71 <= 2026), independent of publication year"
the-scarlet-letter__nathaniel-hawthorne__1800,The Scarlet Letter,Nathaniel Hawthorne,1864,false,1800,openlibrary,https://openlibrary.org/works/OL455305W,en,"author death year from Wikidata (Q69339); PD via life+70 rule (death year 1864 + 71 <= 2026), independent of publication year"
the-blithedale-romance__nathaniel-hawthorne__1852,The Blithedale Romance,Nathaniel Hawthorne,1864,false,1852,openlibrary,https://openlibrary.org/works/OL455512W,en,"author death year from Wikidata (Q69339); PD via life+70 rule (death year 1864 + 71 <= 2026), independent of publication year"
the-house-of-seven-gables-readalong__nathaniel-hawthorne__1851,The House of Seven Gables Readalong,Nathaniel Hawthorne,1864,false,1851,openlibrary,https://openlibrary.org/works/OL455288W,en,"author death year from Wikidata (Q69339); PD via life+70 rule (death year 1864 + 71 <= 2026), independent of publication year"
dunwich-horror__h-p-lovecraft__unk,Dunwich Horror,H. P. Lovecraft,1937,false,,openlibrary,https://openlibrary.org/works/OL29994923W,en,"author death year from Wikidata (Q169566); PD via life+70 rule (death year 1937 + 71 <= 2026), independent of publication year; publication year (2019) discarded as implausible (>50 years after author's death, likely a modern reprint/collected edition); needs manual research"
shadow-over-innsmouth__h-p-lovecraft__unk,Shadow over Innsmouth,H. P. Lovecraft,1937,false,,openlibrary,https://openlibrary.org/works/OL29845952W,en,"author death year from Wikidata (Q169566); PD via life+70 rule (death year 1937 + 71 <= 2026), independent of publication year; publication year (2019) discarded as implausible (>50 years after author's death, likely a modern reprint/collected edition); needs manual research"
whisperer-in-darkness__h-p-lovecraft__unk,Whisperer in Darkness,H. P. Lovecraft,1937,false,,openlibrary,https://openlibrary.org/works/OL30034492W,en,"author death year from Wikidata (Q169566); PD via life+70 rule (death year 1937 + 71 <= 2026), independent of publication year; publication year (2019) discarded as implausible (>50 years after author's death, likely a modern reprint/collected edition); needs manual research"
kristin-lavransdatter-trilogy__sigrid-undset__1920,Kristin Lavransdatter Trilogy,Sigrid Undset,1949,false,1920,openlibrary,https://openlibrary.org/works/OL69210W,en,"author death year from Wikidata (Q80889); PD via life+70 rule (death year 1949 + 71 <= 2026), independent of publication year"
the-garland__sigrid-undset__1920,The garland,Sigrid Undset,1949,false,1920,openlibrary,https://openlibrary.org/works/OL69207W,en,"author death year from Wikidata (Q80889); PD via life+70 rule (death year 1949 + 71 <= 2026), independent of publication year"
kristin-lavransdatter-iii__sigrid-undset__1922,Kristin Lavransdatter III,Sigrid Undset,1949,false,1922,openlibrary,https://openlibrary.org/works/OL69220W,en,"author death year from Wikidata (Q80889); PD via life+70 rule (death year 1949 + 71 <= 2026), independent of publication year"
the-seven-lamps-of-architecture__john-ruskin__1800,The Seven Lamps of Architecture,John Ruskin,1900,false,1800,openlibrary,https://openlibrary.org/works/OL88638W,en,"author death year from Wikidata (Q179126); PD via life+70 rule (death year 1900 + 71 <= 2026), independent of publication year"
the-king-of-the-golden-river-or-the-black-brothers__john-ruskin__1839,"The king of the Golden River; or, The black brothers",John Ruskin,1900,false,1839,openlibrary,https://openlibrary.org/works/OL88599W,en,"author death year from Wikidata (Q179126); PD via life+70 rule (death year 1900 + 71 <= 2026), independent of publication year"
sesame-and-lilies-three-lectures__john-ruskin__1800,"Sesame and Lilies, three lectures",John Ruskin,1900,false,1800,openlibrary,https://openlibrary.org/works/OL88547W,en,"author death year from Wikidata (Q179126); PD via life+70 rule (death year 1900 + 71 <= 2026), independent of publication year"
evolution-of-france-under-the-third-republic__pierre-de-coubertin__unk,Evolution of France under the Third Republic,Pierre de Coubertin,1937,false,,openlibrary,https://openlibrary.org/works/OL28535137W,en,"author death year from Wikidata (Q82984); PD via life+70 rule (death year 1937 + 71 <= 2026), independent of publication year; publication year (2010) discarded as implausible (>50 years after author's death, likely a modern reprint/collected edition); needs manual research"
france-since-1814__pierre-de-coubertin__1900,France since 1814,Pierre de Coubertin,1937,false,1900,openlibrary,https://openlibrary.org/works/OL1532192W,en,"author death year from Wikidata (Q82984); PD via life+70 rule (death year 1937 + 71 <= 2026), independent of publication year"
olympism__pierre-de-coubertin__unk,Olympism,Pierre de Coubertin,1937,false,,openlibrary,https://openlibrary.org/works/OL1532195W,en,"author death year from Wikidata (Q82984); PD via life+70 rule (death year 1937 + 71 <= 2026), independent of publication year; publication year (2000) discarded as implausible (>50 years after author's death, likely a modern reprint/collected edition); needs manual research"
de-la-democratie-en-amerique__alexis-de-tocqueville__1835,De la démocratie en Amérique,Alexis de Tocqueville,1859,false,1835,openlibrary,https://openlibrary.org/works/OL278001W,en,"author death year from Wikidata (Q140694); PD via life+70 rule (death year 1859 + 71 <= 2026), independent of publication year"
l-ancien-regime-et-la-revolution__alexis-de-tocqueville__1856,L'ancien régime et la Révolution,Alexis de Tocqueville,1859,false,1856,openlibrary,https://openlibrary.org/works/OL487147W,en,"author death year from Wikidata (Q140694); PD via life+70 rule (death year 1859 + 71 <= 2026), independent of publication year"
souvenirs__alexis-de-tocqueville__1893,Souvenirs,Alexis de Tocqueville,1859,false,1893,openlibrary,https://openlibrary.org/works/OL487213W,en,"author death year from Wikidata (Q140694); PD via life+70 rule (death year 1859 + 71 <= 2026), independent of publication year"
the-economy-of-machinery-and-manufactures__charles-babbage__1832,The economy of machinery and manufactures,Charles Babbage,1871,false,1832,openlibrary,https://openlibrary.org/works/OL3013355W,en,"author death year from Wikidata (Q46633); PD via life+70 rule (death year 1871 + 71 <= 2026), independent of publication year"
decline-of-science-in-england__charles-babbage__1830,Decline of Science in England,Charles Babbage,1871,false,1830,openlibrary,https://openlibrary.org/works/OL3013389W,en,"author death year from Wikidata (Q46633); PD via life+70 rule (death year 1871 + 71 <= 2026), independent of publication year"
passages-from-the-life-of-a-philisopher__charles-babbage__1864,Passages from the life of a philisopher,Charles Babbage,1871,false,1864,openlibrary,https://openlibrary.org/works/OL3013373W,en,"author death year from Wikidata (Q46633); PD via life+70 rule (death year 1871 + 71 <= 2026), independent of publication year"
fram-over-polhavet__fridtjof-nansen__1897,Fram over Polhavet,Fridtjof Nansen,1930,false,1897,openlibrary,https://openlibrary.org/works/OL1362539W,en,"author death year from Wikidata (Q72292); PD via life+70 rule (death year 1930 + 71 <= 2026), independent of publication year"
the-first-crossing-of-greenland__fridtjof-nansen__1890,The first crossing of Greenland,Fridtjof Nansen,1930,false,1890,openlibrary,https://openlibrary.org/works/OL1362538W,en,"author death year from Wikidata (Q72292); PD via life+70 rule (death year 1930 + 71 <= 2026), independent of publication year"
fridtjof-nansen-s-farthest-north__fridtjof-nansen__1897,"Fridtjof Nansen's ""Farthest north""",Fridtjof Nansen,1930,false,1897,openlibrary,https://openlibrary.org/works/OL1362537W,en,"author death year from Wikidata (Q72292); PD via life+70 rule (death year 1930 + 71 <= 2026), independent of publication year"
autobiography__andrew-carnegie__1920,Autobiography,Andrew Carnegie,1919,false,1920,openlibrary,https://openlibrary.org/works/OL1532804W,en,"author death year from Wikidata (Q484265); PD via life+70 rule (death year 1919 + 71 <= 2026), independent of publication year"
autobiography-of-andrew-carnegie__andrew-carnegie__unk,Autobiography of Andrew Carnegie,Andrew Carnegie,1919,false,,openlibrary,https://openlibrary.org/works/OL40599180W,en,"author death year from Wikidata (Q484265); PD via life+70 rule (death year 1919 + 71 <= 2026), independent of publication year; publication year (2013) discarded as implausible (>50 years after author's death, likely a modern reprint/collected edition); needs manual research"
little-women__louisa-may-alcott__1848,Little Women,Louisa May Alcott,1888,false,1848,openlibrary,https://openlibrary.org/works/OL29983W,en,"author death year from Wikidata (Q185696); PD via life+70 rule (death year 1888 + 71 <= 2026), independent of publication year"
jo-s-boys__louisa-may-alcott__1886,Jo's Boys,Louisa May Alcott,1888,false,1886,openlibrary,https://openlibrary.org/works/OL26668762W,en,"author death year from Wikidata (Q185696); PD via life+70 rule (death year 1888 + 71 <= 2026), independent of publication year"
eight-cousins__louisa-may-alcott__1874,Eight cousins,Louisa May Alcott,1888,false,1874,openlibrary,https://openlibrary.org/works/OL17846238W,en,"author death year from Wikidata (Q185696); PD via life+70 rule (death year 1888 + 71 <= 2026), independent of publication year"
r-u-r-and-the-insect-play__karel-capek__1920,R.U.R. and The insect play,Karel Čapek,1938,false,1920,openlibrary,https://openlibrary.org/works/OL575625W,en,"author death year from Wikidata (Q155855); PD via life+70 rule (death year 1938 + 71 <= 2026), independent of publication year"
valka-s-mloky__karel-capek__1936,Válka s mloky,Karel Čapek,1938,false,1936,openlibrary,https://openlibrary.org/works/OL575639W,en,"author death year from Wikidata (Q155855); PD via life+70 rule (death year 1938 + 71 <= 2026), independent of publication year"
tovarna-na-absolutno__karel-capek__1922,Továrna na absolutno,Karel Čapek,1938,false,1922,openlibrary,https://openlibrary.org/works/OL575636W,en,"author death year from Wikidata (Q155855); PD via life+70 rule (death year 1938 + 71 <= 2026), independent of publication year"
democracy-and-education__john-dewey__1916,Democracy and Education,John Dewey,1952,false,1916,openlibrary,https://openlibrary.org/works/OL111359W,en,"author death year from Wikidata (Q131805); PD via life+70 rule (death year 1952 + 71 <= 2026), independent of publication year"
how-we-think__john-dewey__1909,How we think,John Dewey,1952,false,1909,openlibrary,https://openlibrary.org/works/OL111357W,en,"author death year from Wikidata (Q131805); PD via life+70 rule (death year 1952 + 71 <= 2026), independent of publication year"
human-nature-and-conduct-an-introduction-to-social-psychology__john-dewey__1922,Human Nature and Conduct An Introduction to Social Psychology,John Dewey,1952,false,1922,openlibrary,https://openlibrary.org/works/OL111293W,en,"author death year from Wikidata (Q131805); PD via life+70 rule (death year 1952 + 71 <= 2026), independent of publication year"
war-memoirs-of-david-lloyd-george__david-lloyd-george__1933,War memoirs of David Lloyd George,David Lloyd George,1945,false,1933,openlibrary,https://openlibrary.org/works/OL3870821W,en,"author death year from Wikidata (Q134982); PD via life+70 rule (death year 1945 + 71 <= 2026), independent of publication year"
war-memoirs__david-lloyd-george__1933,War Memoirs,David Lloyd George,1945,false,1933,openlibrary,https://openlibrary.org/works/OL3870820W,en,"author death year from Wikidata (Q134982); PD via life+70 rule (death year 1945 + 71 <= 2026), independent of publication year"
british-war-aims__david-lloyd-george__unk,British War Aims,David Lloyd George,1945,false,,openlibrary,https://openlibrary.org/works/OL24466118W,en,"author death year from Wikidata (Q134982); PD via life+70 rule (death year 1945 + 71 <= 2026), independent of publication year; publication year (2018) discarded as implausible (>50 years after author's death, likely a modern reprint/collected edition); needs manual research"
the-development-of-metaphysics-in-persiaa-contribution-to-the-history-of-muslim-philosophy__muhammad-iqbal__unk,The Development Of Metaphysics In PersiaA Contribution To The History Of Muslim Philosophy,Muhammad Iqbal,1938,false,,openlibrary,https://openlibrary.org/works/OL24411198W,en,"author death year from Wikidata (Q484141); PD via life+70 rule (death year 1938 + 71 <= 2026), independent of publication year; publication year (2018) discarded as implausible (>50 years after author's death, likely a modern reprint/collected edition); needs manual research"
wesen-des-christenthums__ludwig-feuerbach__1854,Wesen des Christenthums,Ludwig Feuerbach,1872,false,1854,openlibrary,https://openlibrary.org/works/OL1443040W,en,"author death year from Wikidata (Q76422); PD via life+70 rule (death year 1872 + 71 <= 2026), independent of publication year"
essence-of-christianity__ludwig-feuerbach__unk,Essence of Christianity,Ludwig Feuerbach,1872,false,,openlibrary,https://openlibrary.org/works/OL27999567W,en,"author death year from Wikidata (Q76422); PD via life+70 rule (death year 1872 + 71 <= 2026), independent of publication year; publication year (1957) discarded as implausible (>50 years after author's death, likely a modern reprint/collected edition); needs manual research"
the-essence-of-christianity__ludwig-feuerbach__1881,The Essence of Christianity,Ludwig Feuerbach,1872,false,1881,openlibrary,https://openlibrary.org/works/OL13171583W,en,"author death year from Wikidata (Q76422); PD via life+70 rule (death year 1872 + 71 <= 2026), independent of publication year"
the-legend-of-sleepy-hollow__washington-irving__1820,The Legend of Sleepy Hollow,Washington Irving,1859,false,1820,openlibrary,https://openlibrary.org/works/OL63985W,en,"author death year from Wikidata (Q181667); PD via life+70 rule (death year 1859 + 71 <= 2026), independent of publication year"
a-history-of-new-york__washington-irving__1800,A history of New York,Washington Irving,1859,false,1800,openlibrary,https://openlibrary.org/works/OL63871W,en,"author death year from Wikidata (Q181667); PD via life+70 rule (death year 1859 + 71 <= 2026), independent of publication year"
the-alhambra__washington-irving__1800,The Alhambra,Washington Irving,1859,false,1800,openlibrary,https://openlibrary.org/works/OL63996W,en,"author death year from Wikidata (Q181667); PD via life+70 rule (death year 1859 + 71 <= 2026), independent of publication year"
chopi__wadysaw-reymont__1900,Chłopi,Władysław Reymont,1925,false,1900,openlibrary,https://openlibrary.org/works/OL737772W,en,"author death year from Wikidata (Q121180); PD via life+70 rule (death year 1925 + 71 <= 2026), independent of publication year"
the-peasants__wadysaw-reymont__1924,The peasants,Władysław Reymont,1925,false,1924,openlibrary,https://openlibrary.org/works/OL737770W,en,"author death year from Wikidata (Q121180); PD via life+70 rule (death year 1925 + 71 <= 2026), independent of publication year"
peasants__wadysaw-reymont__unk,Peasants,Władysław Reymont,1925,false,,openlibrary,https://openlibrary.org/works/OL26766371W,en,"author death year from Wikidata (Q121180); PD via life+70 rule (death year 1925 + 71 <= 2026), independent of publication year; publication year (2022) discarded as implausible (>50 years after author's death, likely a modern reprint/collected edition); needs manual research"
i-malavoglia-di-giovanni-verga__gabriele-d-annunzio__1873,I Malavoglia di Giovanni Verga,Gabriele D'Annunzio,1938,false,1873,openlibrary,https://openlibrary.org/works/OL141870W,en,"author death year from Wikidata (Q193236); PD via life+70 rule (death year 1938 + 71 <= 2026), independent of publication year"
trionfo-della-morte__gabriele-d-annunzio__1896,Trionfo della morte,Gabriele D'Annunzio,1938,false,1896,openlibrary,https://openlibrary.org/works/OL576097W,en,"author death year from Wikidata (Q193236); PD via life+70 rule (death year 1938 + 71 <= 2026), independent of publication year"
la-vita-di-cola-di-rienzo__gabriele-d-annunzio__1828,La vita di Cola di Rienzo,Gabriele D'Annunzio,1938,false,1828,openlibrary,https://openlibrary.org/works/OL576131W,en,"author death year from Wikidata (Q193236); PD via life+70 rule (death year 1938 + 71 <= 2026), independent of publication year"
alcools__guillaume-apollinaire__1920,Alcools,Guillaume Apollinaire,1918,false,1920,openlibrary,https://openlibrary.org/works/OL1259810W,en,"author death year from Wikidata (Q133855); PD via life+70 rule (death year 1918 + 71 <= 2026), independent of publication year"
calligrammes__guillaume-apollinaire__1918,Calligrammes,Guillaume Apollinaire,1918,false,1918,openlibrary,https://openlibrary.org/works/OL1259809W,en,"author death year from Wikidata (Q133855); PD via life+70 rule (death year 1918 + 71 <= 2026), independent of publication year"
the-origin-of-the-red-cross__henry-dunant__unk,The Origin of the Red Cross,Henry Dunant,1910,false,,openlibrary,https://openlibrary.org/works/OL24427602W,en,"author death year from Wikidata (Q12091); PD via life+70 rule (death year 1910 + 71 <= 2026), independent of publication year; publication year (2018) discarded as implausible (>50 years after author's death, likely a modern reprint/collected edition); needs manual research"
a-memory-of-solferino__henry-dunant__1959,A memory of Solferino,Henry Dunant,1910,false,1959,openlibrary,https://openlibrary.org/works/OL19676943W,en,"author death year from Wikidata (Q12091); PD via life+70 rule (death year 1910 + 71 <= 2026), independent of publication year"
i-promessi-sposi__alessandro-manzoni__1800,I promessi sposi,Alessandro Manzoni,1873,false,1800,openlibrary,https://openlibrary.org/works/OL644386W,en,"author death year from Wikidata (Q1064); PD via life+70 rule (death year 1873 + 71 <= 2026), independent of publication year"
the-betrothed__alessandro-manzoni__unk,The Betrothed,Alessandro Manzoni,1873,false,,openlibrary,https://openlibrary.org/works/OL20159687W,en,"author death year from Wikidata (Q1064); PD via life+70 rule (death year 1873 + 71 <= 2026), independent of publication year; publication year (1983) discarded as implausible (>50 years after author's death, likely a modern reprint/collected edition); needs manual research"
for-la-batalilojn__bertha-von-suttner__1892,For la batalilojn!,Bertha von Suttner,1914,false,1892,openlibrary,https://openlibrary.org/works/OL5232182W,en,"author death year from Wikidata (Q18456); PD via life+70 rule (death year 1914 + 71 <= 2026), independent of publication year"
memoirs-of-bertha-von-suttner__bertha-von-suttner__1910,Memoirs of Bertha Von Suttner,Bertha von Suttner,1914,false,1910,openlibrary,https://openlibrary.org/works/OL22245486W,en,"author death year from Wikidata (Q18456); PD via life+70 rule (death year 1914 + 71 <= 2026), independent of publication year"
dracula__bram-stoker__1897,Dracula,Bram Stoker,1912,false,1897,openlibrary,https://openlibrary.org/works/OL85892W,en,"author death year from Wikidata (Q36184); PD via life+70 rule (death year 1912 + 71 <= 2026), independent of publication year"
the-jewel-of-seven-stars__bram-stoker__1902,The Jewel of Seven Stars,Bram Stoker,1912,false,1902,openlibrary,https://openlibrary.org/works/OL85891W,en,"author death year from Wikidata (Q36184); PD via life+70 rule (death year 1912 + 71 <= 2026), independent of publication year"
bram-stoker-s-dracula-omnibus__bram-stoker__1897,Bram Stoker's Dracula omnibus,Bram Stoker,1912,false,1897,openlibrary,https://openlibrary.org/works/OL85875W,en,"author death year from Wikidata (Q36184); PD via life+70 rule (death year 1912 + 71 <= 2026), independent of publication year"
plays__eugene-o-neill__1928,Plays,Eugene O'Neill,1953,false,1928,openlibrary,https://openlibrary.org/works/OL474431W,en,"author death year from Wikidata (Q93157); PD via life+70 rule (death year 1953 + 71 <= 2026), independent of publication year"
nine-plays-selected-by-the-author__eugene-o-neill__1921,"Nine plays, selected by the author",Eugene O'Neill,1953,false,1921,openlibrary,https://openlibrary.org/works/OL474393W,en,"author death year from Wikidata (Q93157); PD via life+70 rule (death year 1953 + 71 <= 2026), independent of publication year"
the-hairy-ape-a-comedy-of-ancient-and-modern-life__eugene-o-neill__1973,The Hairy Ape (A Comedy of Ancient and Modern Life),Eugene O'Neill,1953,false,1973,openlibrary,https://openlibrary.org/works/OL8026142W,en,"author death year from Wikidata (Q93157); PD via life+70 rule (death year 1953 + 71 <= 2026), independent of publication year"
the-malay-archipelago__alfred-russel-wallace__1869,The Malay Archipelago,Alfred Russel Wallace,1913,false,1869,openlibrary,https://openlibrary.org/works/OL1463203W,en,"author death year from Wikidata (Q160627); PD via life+70 rule (death year 1913 + 71 <= 2026), independent of publication year"
darwinism__alfred-russel-wallace__1889,Darwinism,Alfred Russel Wallace,1913,false,1889,openlibrary,https://openlibrary.org/works/OL1463200W,en,"author death year from Wikidata (Q160627); PD via life+70 rule (death year 1913 + 71 <= 2026), independent of publication year"
a-narrative-of-travels-on-the-amazon-and-rio-negro__alfred-russel-wallace__1853,A narrative of travels on the Amazon and Rio Negro,Alfred Russel Wallace,1913,false,1853,openlibrary,https://openlibrary.org/works/OL1463202W,en,"author death year from Wikidata (Q160627); PD via life+70 rule (death year 1913 + 71 <= 2026), independent of publication year"
la-dame-aux-camelias-novel__alexandre-dumas-fils__1848,La dame aux camélias [novel],Alexandre Dumas fils,1895,false,1848,openlibrary,https://openlibrary.org/works/OL259509W,en,"author death year from Wikidata (Q169150); PD via life+70 rule (death year 1895 + 71 <= 2026), independent of publication year"
la-dame-aux-camelias-play__alexandre-dumas-fils__1855,La dame aux camélias [play],Alexandre Dumas fils,1895,false,1855,openlibrary,https://openlibrary.org/works/OL1545339W,en,"author death year from Wikidata (Q169150); PD via life+70 rule (death year 1895 + 71 <= 2026), independent of publication year"
la-demi-monde__alexandre-dumas-fils__1855,La demi-monde,Alexandre Dumas fils,1895,false,1855,openlibrary,https://openlibrary.org/works/OL1545347W,en,"author death year from Wikidata (Q169150); PD via life+70 rule (death year 1895 + 71 <= 2026), independent of publication year"
graziella__alphonse-de-lamartine__1852,Graziella,Alphonse de Lamartine,1869,false,1852,openlibrary,https://openlibrary.org/works/OL75073W,en,"author death year from Wikidata (Q188697); PD via life+70 rule (death year 1869 + 71 <= 2026), independent of publication year"
jocelyn__alphonse-de-lamartine__1836,Jocelyn,Alphonse de Lamartine,1869,false,1836,openlibrary,https://openlibrary.org/works/OL75072W,en,"author death year from Wikidata (Q188697); PD via life+70 rule (death year 1869 + 71 <= 2026), independent of publication year"
histoire-de-la-revolution-de-1848__alphonse-de-lamartine__1848,Histoire de la révolution de 1848,Alphonse de Lamartine,1869,false,1848,openlibrary,https://openlibrary.org/works/OL75045W,en,"author death year from Wikidata (Q188697); PD via life+70 rule (death year 1869 + 71 <= 2026), independent of publication year"
les-lettres-de-mon-moulin__alphonse-daudet__1869,Les lettres de mon moulin,Alphonse Daudet,1897,false,1869,openlibrary,https://openlibrary.org/works/OL942495W,en,"author death year from Wikidata (Q228546); PD via life+70 rule (death year 1897 + 71 <= 2026), independent of publication year"
tartarin-de-tarascon__alphonse-daudet__1800,Tartarín de Tarascón,Alphonse Daudet,1897,false,1800,openlibrary,https://openlibrary.org/works/OL942448W,en,"author death year from Wikidata (Q228546); PD via life+70 rule (death year 1897 + 71 <= 2026), independent of publication year"
jack__alphonse-daudet__unk,Jack,Alphonse Daudet,1897,false,,openlibrary,https://openlibrary.org/works/OL32368477W,en,"author death year from Wikidata (Q228546); PD via life+70 rule (death year 1897 + 71 <= 2026), independent of publication year; publication year (2008) discarded as implausible (>50 years after author's death, likely a modern reprint/collected edition); needs manual research"
du-principe-federatif-et-de-la-necessite-de-reconstituer-le-parti-de-la-revolution__pierre-joseph-proudhon__1863,Du principe fédératif et de la nécessité de reconstituer le parti de la révolution,Pierre-Joseph Proudhon,1865,false,1863,openlibrary,https://openlibrary.org/works/OL960267W,en,"author death year from Wikidata (Q5749); PD via life+70 rule (death year 1865 + 71 <= 2026), independent of publication year"
du-principe-de-l-art-et-de-sa-destination-sociale__pierre-joseph-proudhon__1865,Du principe de l'art et de sa destination sociale,Pierre-Joseph Proudhon,1865,false,1865,openlibrary,https://openlibrary.org/works/OL960265W,en,"author death year from Wikidata (Q5749); PD via life+70 rule (death year 1865 + 71 <= 2026), independent of publication year"
women-in-love__d-h-lawrence__1877,Women in Love,D. H. Lawrence,1930,false,1877,openlibrary,https://openlibrary.org/works/OL81294W,en,"author death year from Wikidata (Q34970); PD via life+70 rule (death year 1930 + 71 <= 2026), independent of publication year"
lady-chatterley-s-lover__d-h-lawrence__1900,Lady Chatterley's Lover,D. H. Lawrence,1930,false,1900,openlibrary,https://openlibrary.org/works/OL81180W,en,"author death year from Wikidata (Q34970); PD via life+70 rule (death year 1930 + 71 <= 2026), independent of publication year"
i-malavoglia-di-giovanni-verga__d-h-lawrence__1873,I Malavoglia di Giovanni Verga,D. H. Lawrence,1930,false,1873,openlibrary,https://openlibrary.org/works/OL141870W,en,"author death year from Wikidata (Q34970); PD via life+70 rule (death year 1930 + 71 <= 2026), independent of publication year"
livro-do-desassossego__fernando-pessoa__1982,Livro do Desassossego,Fernando Pessoa,1935,false,1982,openlibrary,https://openlibrary.org/works/OL847061W,en,"author death year from Wikidata (Q173481); PD via life+70 rule (death year 1935 + 71 <= 2026), independent of publication year"
livro-de-notas__fernando-pessoa__unk,Livro de Notas,Fernando Pessoa,1935,false,,openlibrary,https://openlibrary.org/works/OL40140637W,en,"author death year from Wikidata (Q173481); PD via life+70 rule (death year 1935 + 71 <= 2026), independent of publication year; publication year (2015) discarded as implausible (>50 years after author's death, likely a modern reprint/collected edition); needs manual research"
poems__fernando-pessoa__1945,Poems,Fernando Pessoa,1935,false,1945,openlibrary,https://openlibrary.org/works/OL847252W,en,"author death year from Wikidata (Q173481); PD via life+70 rule (death year 1935 + 71 <= 2026), independent of publication year"
my-life__isadora-duncan__1927,My Life,Isadora Duncan,1927,false,1927,openlibrary,https://openlibrary.org/works/OL2229378W,en,"author death year from Wikidata (Q483512); PD via life+70 rule (death year 1927 + 71 <= 2026), independent of publication year"
the-art-of-the-dance__isadora-duncan__1928,The art of the dance,Isadora Duncan,1927,false,1928,openlibrary,https://openlibrary.org/works/OL2229377W,en,"author death year from Wikidata (Q483512); PD via life+70 rule (death year 1927 + 71 <= 2026), independent of publication year"
isadora-speaks__isadora-duncan__unk,Isadora speaks,Isadora Duncan,1927,false,,openlibrary,https://openlibrary.org/works/OL2229376W,en,"author death year from Wikidata (Q483512); PD via life+70 rule (death year 1927 + 71 <= 2026), independent of publication year; publication year (1981) discarded as implausible (>50 years after author's death, likely a modern reprint/collected edition); needs manual research"
gesammelte-werke__paul-heyse__unk,Gesammelte Werke,Paul Heyse,1914,false,,openlibrary,https://openlibrary.org/works/OL11843936W,en,"author death year from Wikidata (Q76487); PD via life+70 rule (death year 1914 + 71 <= 2026), independent of publication year; publication year (1984) discarded as implausible (>50 years after author's death, likely a modern reprint/collected edition); needs manual research"
at-the-ghost-hour__paul-heyse__unk,At the Ghost Hour,Paul Heyse,1914,false,,openlibrary,https://openlibrary.org/works/OL41595399W,en,"author death year from Wikidata (Q76487); PD via life+70 rule (death year 1914 + 71 <= 2026), independent of publication year; publication year (2015) discarded as implausible (>50 years after author's death, likely a modern reprint/collected edition); needs manual research"
madchen-von-treppi__paul-heyse__unk,Mädchen Von Treppi,Paul Heyse,1914,false,,openlibrary,https://openlibrary.org/works/OL28566613W,en,"author death year from Wikidata (Q76487); PD via life+70 rule (death year 1914 + 71 <= 2026), independent of publication year; publication year (2018) discarded as implausible (>50 years after author's death, likely a modern reprint/collected edition); needs manual research"
the-evolution-of-man__ernst-haeckel__1876,The Evolution of Man,Ernst Haeckel,1919,false,1876,openlibrary,https://openlibrary.org/works/OL11672W,en,"author death year from Wikidata (Q48246); PD via life+70 rule (death year 1919 + 71 <= 2026), independent of publication year"
history-of-creation__ernst-haeckel__unk,History of Creation,Ernst Haeckel,1919,false,,openlibrary,https://openlibrary.org/works/OL21025764W,en,"author death year from Wikidata (Q48246); PD via life+70 rule (death year 1919 + 71 <= 2026), independent of publication year; publication year (2010) discarded as implausible (>50 years after author's death, likely a modern reprint/collected edition); needs manual research"
last-words-on-evolution__ernst-haeckel__1905,Last words on evolution,Ernst Haeckel,1919,false,1905,openlibrary,https://openlibrary.org/works/OL11670W,en,"author death year from Wikidata (Q48246); PD via life+70 rule (death year 1919 + 71 <= 2026), independent of publication year"
vne-zemli__konstantin-tsiolkovsky__1958,Vne Zemli,Konstantin Tsiolkovsky,1935,false,1958,openlibrary,https://openlibrary.org/works/OL2886384W,en,"author death year from Wikidata (Q41239); PD via life+70 rule (death year 1935 + 71 <= 2026), independent of publication year"
put-k-zvezdam__konstantin-tsiolkovsky__1960,Putʹ k zvezdam,Konstantin Tsiolkovsky,1935,false,1960,openlibrary,https://openlibrary.org/works/OL2886378W,en,"author death year from Wikidata (Q41239); PD via life+70 rule (death year 1935 + 71 <= 2026), independent of publication year"
selected-works__konstantin-tsiolkovsky__unk,Selected works,Konstantin Tsiolkovsky,1935,false,,openlibrary,https://openlibrary.org/works/OL11155394W,en,"author death year from Wikidata (Q41239); PD via life+70 rule (death year 1935 + 71 <= 2026), independent of publication year; publication year (2006) discarded as implausible (>50 years after author's death, likely a modern reprint/collected edition); needs manual research"
der-judenstaat__theodor-herzl__1896,Der Judenstaat,Theodor Herzl,1904,false,1896,openlibrary,https://openlibrary.org/works/OL1573592W,en,"author death year from Wikidata (Q44003); PD via life+70 rule (death year 1904 + 71 <= 2026), independent of publication year"
old-new-land-altneuland__theodor-herzl__1900,Old New Land (Altneuland),Theodor Herzl,1904,false,1900,openlibrary,https://openlibrary.org/works/OL1573588W,en,"author death year from Wikidata (Q44003); PD via life+70 rule (death year 1904 + 71 <= 2026), independent of publication year"
the-diaries-of-theodor-herzl__theodor-herzl__unk,The diaries of Theodor Herzl,Theodor Herzl,1904,false,,openlibrary,https://openlibrary.org/works/OL1573590W,en,"author death year from Wikidata (Q44003); PD via life+70 rule (death year 1904 + 71 <= 2026), independent of publication year; publication year (1956) discarded as implausible (>50 years after author's death, likely a modern reprint/collected edition); needs manual research"
freedom-fighter__harriet-tubman__unk,Freedom fighter,Harriet Tubman,1913,false,,openlibrary,https://openlibrary.org/works/OL8252845W,en,"author death year from Wikidata (Q102870); PD via life+70 rule (death year 1913 + 71 <= 2026), independent of publication year; publication year not available from Open Library"
harriet-tubman__harriet-tubman__unk,Harriet Tubman,Harriet Tubman,1913,false,,openlibrary,https://openlibrary.org/works/OL8252846W,en,"author death year from Wikidata (Q102870); PD via life+70 rule (death year 1913 + 71 <= 2026), independent of publication year; publication year (2000) discarded as implausible (>50 years after author's death, likely a modern reprint/collected edition); needs manual research"
kandinsky__wassily-kandinsky__1947,Kandinsky,Wassily Kandinsky,1944,false,1947,openlibrary,https://openlibrary.org/works/OL30153W,en,"author death year from Wikidata (Q61064); PD via life+70 rule (death year 1944 + 71 <= 2026), independent of publication year"
concerning-the-spiritual-in-art__wassily-kandinsky__1966,Concerning the Spiritual in Art,Wassily Kandinsky,1944,false,1966,openlibrary,https://openlibrary.org/works/OL27089344W,en,"author death year from Wikidata (Q61064); PD via life+70 rule (death year 1944 + 71 <= 2026), independent of publication year"
los-intereses-creados__jacinto-benavente__1916,Los intereses creados,Jacinto Benavente,1954,false,1916,openlibrary,https://openlibrary.org/works/OL1523977W,en,"author death year from Wikidata (Q83184); PD via life+70 rule (death year 1954 + 71 <= 2026), independent of publication year"
plays__jacinto-benavente__1917,Plays,Jacinto Benavente,1954,false,1917,openlibrary,https://openlibrary.org/works/OL15239296W,en,"author death year from Wikidata (Q83184); PD via life+70 rule (death year 1954 + 71 <= 2026), independent of publication year"
los-malhechores-del-bien__jacinto-benavente__1912,Los malhechores del bien,Jacinto Benavente,1954,false,1912,openlibrary,https://openlibrary.org/works/OL1523975W,en,"author death year from Wikidata (Q83184); PD via life+70 rule (death year 1954 + 71 <= 2026), independent of publication year"
the-last-journals-of-david-livingstone-in-central-africa-from-1865-to-his-death__david-livingstone__1874,"The last journals of David Livingstone in Central Africa, from 1865 to his death",David Livingstone,1873,false,1874,openlibrary,https://openlibrary.org/works/OL3554523W,en,"author death year from Wikidata (Q48373); PD via life+70 rule (death year 1873 + 71 <= 2026), independent of publication year"
missionary-travels-and-researches-in-south-africa__david-livingstone__1833,Missionary travels and researches in South Africa,David Livingstone,1873,false,1833,openlibrary,https://openlibrary.org/works/OL3554533W,en,"author death year from Wikidata (Q48373); PD via life+70 rule (death year 1873 + 71 <= 2026), independent of publication year"
the-last-journals-of-david-livingstone-in-central-africa-from-1865-to-his-death-volume-ii__david-livingstone__1874,The Last Journals of David Livingstone in Central Africa from 1865 to His Death Volume II,David Livingstone,1873,false,1874,openlibrary,https://openlibrary.org/works/OL8148150W,en,"author death year from Wikidata (Q48373); PD via life+70 rule (death year 1873 + 71 <= 2026), independent of publication year"
the-devil-s-dictionary__ambrose-bierce__1840,The Devil's Dictionary,Ambrose Bierce,1914,false,1840,openlibrary,https://openlibrary.org/works/OL7973273W,en,"author death year from Wikidata (Q191050); PD via life+70 rule (death year 1914 + 71 <= 2026), independent of publication year"
fantastic-fables__ambrose-bierce__1899,Fantastic Fables,Ambrose Bierce,1914,false,1899,openlibrary,https://openlibrary.org/works/OL7973284W,en,"author death year from Wikidata (Q191050); PD via life+70 rule (death year 1914 + 71 <= 2026), independent of publication year"
a-cynic-looks-at-life__ambrose-bierce__1912,A Cynic Looks at Life,Ambrose Bierce,1914,false,1912,openlibrary,https://openlibrary.org/works/OL7973354W,en,"author death year from Wikidata (Q191050); PD via life+70 rule (death year 1914 + 71 <= 2026), independent of publication year"
the-turn-of-the-screw__henry-james__1898,The Turn of the Screw,Henry James,1916,false,1898,openlibrary,https://openlibrary.org/works/OL276386W,en,"author death year from Wikidata (Q170509); PD via life+70 rule (death year 1916 + 71 <= 2026), independent of publication year"
gone-with-the-wind__margaret-mitchell__1936,Gone With the Wind,Margaret Mitchell,1949,false,1936,openlibrary,https://openlibrary.org/works/OL267933W,en,"author death year from Wikidata (Q173540); PD via life+70 rule (death year 1949 + 71 <= 2026), independent of publication year"
gone-with-the-wind-2-2__margaret-mitchell__1937,Gone with the Wind [2/2],Margaret Mitchell,1949,false,1937,openlibrary,https://openlibrary.org/works/OL14873157W,en,"author death year from Wikidata (Q173540); PD via life+70 rule (death year 1949 + 71 <= 2026), independent of publication year"
gone-with-the-wind-1-2__margaret-mitchell__1955,Gone with the Wind [1/2],Margaret Mitchell,1949,false,1955,openlibrary,https://openlibrary.org/works/OL9413508W,en,"author death year from Wikidata (Q173540); PD via life+70 rule (death year 1949 + 71 <= 2026), independent of publication year"
gamiani-or-two-nights-of-excess__alfred-de-musset__1800,"Gamiani, or Two Nights of Excess",Alfred de Musset,1857,false,1800,openlibrary,https://openlibrary.org/works/OL278367W,en,"author death year from Wikidata (Q179680); PD via life+70 rule (death year 1857 + 71 <= 2026), independent of publication year"
comedies-et-proverbes__alfred-de-musset__1840,Comédies et proverbes,Alfred de Musset,1857,false,1840,openlibrary,https://openlibrary.org/works/OL15311049W,en,"author death year from Wikidata (Q179680); PD via life+70 rule (death year 1857 + 71 <= 2026), independent of publication year"
lorenzaccio__alfred-de-musset__unk,Lorenzaccio,Alfred de Musset,1857,false,,openlibrary,https://openlibrary.org/works/OL1340965W,en,"author death year from Wikidata (Q179680); PD via life+70 rule (death year 1857 + 71 <= 2026), independent of publication year; publication year (1926) discarded as implausible (>50 years after author's death, likely a modern reprint/collected edition); needs manual research"
illuminationen__walter-benjamin__1961,Illuminationen,Walter Benjamin,1940,false,1961,openlibrary,https://openlibrary.org/works/OL156213W,en,"author death year from Wikidata (Q61078); PD via life+70 rule (death year 1940 + 71 <= 2026), independent of publication year"
ursprung-des-deutschen-trauerspiels__walter-benjamin__1963,Ursprung des deutschen Trauerspiels,Walter Benjamin,1940,false,1963,openlibrary,https://openlibrary.org/works/OL156212W,en,"author death year from Wikidata (Q61078); PD via life+70 rule (death year 1940 + 71 <= 2026), independent of publication year"
das-kunstwerk-im-zeitalter-seiner-technischen-reproduzierbarkeit__walter-benjamin__1963,Das Kunstwerk im Zeitalter seiner technischen Reproduzierbarkeit,Walter Benjamin,1940,false,1963,openlibrary,https://openlibrary.org/works/OL156203W,en,"author death year from Wikidata (Q61078); PD via life+70 rule (death year 1940 + 71 <= 2026), independent of publication year"
amistad-funesta__jose-marti__1885,Amistad Funesta,José Martí,1895,false,1885,openlibrary,https://openlibrary.org/works/OL40054132W,en,"author death year from Wikidata (Q103285); PD via life+70 rule (death year 1895 + 71 <= 2026), independent of publication year"
jose-marti__jose-marti__unk,José Martí,José Martí,1895,false,,openlibrary,https://openlibrary.org/works/OL858786W,en,"author death year from Wikidata (Q103285); PD via life+70 rule (death year 1895 + 71 <= 2026), independent of publication year; publication year (1951) discarded as implausible (>50 years after author's death, likely a modern reprint/collected edition); needs manual research"
versos-sencillos__jose-marti__unk,Versos sencillos,José Martí,1895,false,,openlibrary,https://openlibrary.org/works/OL858784W,en,"author death year from Wikidata (Q103285); PD via life+70 rule (death year 1895 + 71 <= 2026), independent of publication year; publication year (1961) discarded as implausible (>50 years after author's death, likely a modern reprint/collected edition); needs manual research"
the-duties-of-man-and-other-essays__giuseppe-mazzini__1907,The duties of man and other essays,Giuseppe Mazzini,1872,false,1907,openlibrary,https://openlibrary.org/works/OL1063019W,en,"author death year from Wikidata (Q187336); PD via life+70 rule (death year 1872 + 71 <= 2026), independent of publication year"
the-living-thoughts-of-mazzini__giuseppe-mazzini__unk,The living thoughts of Mazzini,Giuseppe Mazzini,1872,false,,openlibrary,https://openlibrary.org/works/OL1063018W,en,"author death year from Wikidata (Q187336); PD via life+70 rule (death year 1872 + 71 <= 2026), independent of publication year; publication year (1939) discarded as implausible (>50 years after author's death, likely a modern reprint/collected edition); needs manual research"
duties-of-man__giuseppe-mazzini__unk,Duties of Man,Giuseppe Mazzini,1872,false,,openlibrary,https://openlibrary.org/works/OL22241581W,en,"author death year from Wikidata (Q187336); PD via life+70 rule (death year 1872 + 71 <= 2026), independent of publication year; publication year (1961) discarded as implausible (>50 years after author's death, likely a modern reprint/collected edition); needs manual research"
science-and-the-modern-world__alfred-north-whitehead__1925,Science and the modern world,Alfred North Whitehead,1947,false,1925,openlibrary,https://openlibrary.org/works/OL1133704W,en,"author death year from Wikidata (Q183372); PD via life+70 rule (death year 1947 + 71 <= 2026), independent of publication year"
the-concept-of-nature__alfred-north-whitehead__1920,The concept of nature,Alfred North Whitehead,1947,false,1920,openlibrary,https://openlibrary.org/works/OL1133703W,en,"author death year from Wikidata (Q183372); PD via life+70 rule (death year 1947 + 71 <= 2026), independent of publication year"
principia-mathematica__alfred-north-whitehead__1910,Principia mathematica,Alfred North Whitehead,1947,false,1910,openlibrary,https://openlibrary.org/works/OL1133702W,en,"author death year from Wikidata (Q183372); PD via life+70 rule (death year 1947 + 71 <= 2026), independent of publication year"
his-letters-and-journals__samuel-finley-breese-morse__1914,His letters and journals,Samuel Finley Breese Morse,1872,false,1914,openlibrary,https://openlibrary.org/works/OL5905332W,en,"author death year from Wikidata (Q75698); PD via life+70 rule (death year 1872 + 71 <= 2026), independent of publication year"
confessions-of-a-french-catholic-priest__samuel-finley-breese-morse__unk,Confessions of a French Catholic Priest,Samuel Finley Breese Morse,1872,false,,openlibrary,https://openlibrary.org/works/OL24455617W,en,"author death year from Wikidata (Q75698); PD via life+70 rule (death year 1872 + 71 <= 2026), independent of publication year; publication year (2018) discarded as implausible (>50 years after author's death, likely a modern reprint/collected edition); needs manual research"
foreign-conspiracy-against-the-liberties-of-the-united-states__samuel-finley-breese-morse__unk,Foreign Conspiracy Against the Liberties of the United States,Samuel Finley Breese Morse,1872,false,,openlibrary,https://openlibrary.org/works/OL28490691W,en,"author death year from Wikidata (Q75698); PD via life+70 rule (death year 1872 + 71 <= 2026), independent of publication year; publication year (2018) discarded as implausible (>50 years after author's death, likely a modern reprint/collected edition); needs manual research"
peter-pan__j-m-barrie__1911,Peter Pan,J. M. Barrie,1937,false,1911,openlibrary,https://openlibrary.org/works/OL462007W,en,"author death year from Wikidata (Q81796); PD via life+70 rule (death year 1937 + 71 <= 2026), independent of publication year"
margaret-ogilvy-and-others__j-m-barrie__1896,"Margaret Ogilvy, and others",J. M. Barrie,1937,false,1896,openlibrary,https://openlibrary.org/works/OL461995W,en,"author death year from Wikidata (Q81796); PD via life+70 rule (death year 1937 + 71 <= 2026), independent of publication year"
the-little-white-bird-or-adventures-in-kensington-gardens__j-m-barrie__1902,"The little white bird, or, Adventures in Kensington gardens",J. M. Barrie,1937,false,1902,openlibrary,https://openlibrary.org/works/OL461993W,en,"author death year from Wikidata (Q81796); PD via life+70 rule (death year 1937 + 71 <= 2026), independent of publication year"
the-gladstone-diaries__william-ewart-gladstone__unk,The Gladstone diaries,William Ewart Gladstone,1898,false,,openlibrary,https://openlibrary.org/works/OL1135037W,en,"author death year from Wikidata (Q160852); PD via life+70 rule (death year 1898 + 71 <= 2026), independent of publication year; publication year (1968) discarded as implausible (>50 years after author's death, likely a modern reprint/collected edition); needs manual research"
the-vatican-decrees-in-their-bearing-on-civil-allegiance__william-ewart-gladstone__1874,The Vatican decrees in their bearing on civil allegiance,William Ewart Gladstone,1898,false,1874,openlibrary,https://openlibrary.org/works/OL1135036W,en,"author death year from Wikidata (Q160852); PD via life+70 rule (death year 1898 + 71 <= 2026), independent of publication year"
vaticanism__william-ewart-gladstone__1875,Vaticanism,William Ewart Gladstone,1898,false,1875,openlibrary,https://openlibrary.org/works/OL1135035W,en,"author death year from Wikidata (Q160852); PD via life+70 rule (death year 1898 + 71 <= 2026), independent of publication year"
vanity-fair__william-makepeace-thackeray__1800,Vanity Fair,William Makepeace Thackeray,1863,false,1800,openlibrary,https://openlibrary.org/works/OL16313W,en,"author death year from Wikidata (Q167768); PD via life+70 rule (death year 1863 + 71 <= 2026), independent of publication year"
the-history-of-pendennis-his-fortunes-and-misfortunes-his-friends-and-his-greatest-enemy__william-makepeace-thackeray__1848,"The History of Pendennis, His Fortunes and Misfortunes, His Friends and His Greatest Enemy",William Makepeace Thackeray,1863,false,1848,openlibrary,https://openlibrary.org/works/OL16277W,en,"author death year from Wikidata (Q167768); PD via life+70 rule (death year 1863 + 71 <= 2026), independent of publication year"
the-art-of-public-speaking__dale-carnegie__1915,The Art of Public Speaking,Dale Carnegie,1955,false,1915,openlibrary,https://openlibrary.org/works/OL1063254W,en,"author death year from Wikidata (Q230762); PD via life+70 rule (death year 1955 + 71 <= 2026), independent of publication year"
how-to-win-friends-and-influence-people__dale-carnegie__1936,How to Win Friends and Influence People,Dale Carnegie,1955,false,1936,openlibrary,https://openlibrary.org/works/OL1063267W,en,"author death year from Wikidata (Q230762); PD via life+70 rule (death year 1955 + 71 <= 2026), independent of publication year"
public-speaking-and-influencing-men-in-business__dale-carnegie__1926,Public Speaking and Influencing Men in Business,Dale Carnegie,1955,false,1926,openlibrary,https://openlibrary.org/works/OL1063333W,en,"author death year from Wikidata (Q230762); PD via life+70 rule (death year 1955 + 71 <= 2026), independent of publication year"
the-complete-works-of-robert-browning-volume-xvi__robert-browning__1800,The complete works of Robert Browning Volume XVI,Robert Browning,1889,false,1800,openlibrary,https://openlibrary.org/works/OL634478W,en,"author death year from Wikidata (Q233265); PD via life+70 rule (death year 1889 + 71 <= 2026), independent of publication year"
robert-browning__robert-browning__1903,Robert Browning,Robert Browning,1889,false,1903,openlibrary,https://openlibrary.org/works/OL76454W,en,"author death year from Wikidata (Q233265); PD via life+70 rule (death year 1889 + 71 <= 2026), independent of publication year"
the-pied-piper-of-hamelin__robert-browning__1888,The Pied Piper of Hamelin,Robert Browning,1889,false,1888,openlibrary,https://openlibrary.org/works/OL284393W,en,"author death year from Wikidata (Q233265); PD via life+70 rule (death year 1889 + 71 <= 2026), independent of publication year"
democracy-and-social-ethics__jane-addams__1902,Democracy and Social Ethics,Jane Addams,1935,false,1902,openlibrary,https://openlibrary.org/works/OL21519431W,en,"author death year from Wikidata (Q180989); PD via life+70 rule (death year 1935 + 71 <= 2026), independent of publication year"
20-years-at-hull-house__jane-addams__1910,20 Years at Hull House,Jane Addams,1935,false,1910,openlibrary,https://openlibrary.org/works/OL1106688W,en,"author death year from Wikidata (Q180989); PD via life+70 rule (death year 1935 + 71 <= 2026), independent of publication year"
a-new-conscience-and-an-ancient-evil__jane-addams__1912,A New Conscience and an Ancient Evil,Jane Addams,1935,false,1912,openlibrary,https://openlibrary.org/works/OL1106729W,en,"author death year from Wikidata (Q180989); PD via life+70 rule (death year 1935 + 71 <= 2026), independent of publication year"
poems__marina-tsvetaeva__1974,Poems,Marina Tsvetaeva,1941,false,1974,openlibrary,https://openlibrary.org/works/OL857899W,en,"author death year from Wikidata (Q188526); PD via life+70 rule (death year 1941 + 71 <= 2026), independent of publication year"
marina-tsvetaeva__marina-tsvetaeva__1980,Marina Tsvetaeva,Marina Tsvetaeva,1941,false,1980,openlibrary,https://openlibrary.org/works/OL7997306W,en,"author death year from Wikidata (Q188526); PD via life+70 rule (death year 1941 + 71 <= 2026), independent of publication year"
krysolov__marina-tsvetaeva__1978,Krysolov,Marina Tsvetaeva,1941,false,1978,openlibrary,https://openlibrary.org/works/OL10346268W,en,"author death year from Wikidata (Q188526); PD via life+70 rule (death year 1941 + 71 <= 2026), independent of publication year"
osudy-dobreho-vojaka-svejka-za-svetove-valky__jaroslav-hasek__1926,Osudy dobrého vojáka Švejka za světové války,Jaroslav Hašek,1923,false,1926,openlibrary,https://openlibrary.org/works/OL835204W,en,"author death year from Wikidata (Q2754); PD via life+70 rule (death year 1923 + 71 <= 2026), independent of publication year"
the-red-commissar__jaroslav-hasek__unk,The red commissar,Jaroslav Hašek,1923,false,,openlibrary,https://openlibrary.org/works/OL835180W,en,"author death year from Wikidata (Q2754); PD via life+70 rule (death year 1923 + 71 <= 2026), independent of publication year; publication year (1981) discarded as implausible (>50 years after author's death, likely a modern reprint/collected edition); needs manual research"
the-good-soldier-schweik__jaroslav-hasek__1951,The Good Soldier Schweik,Jaroslav Hašek,1923,false,1951,openlibrary,https://openlibrary.org/works/OL35366933W,en,"author death year from Wikidata (Q2754); PD via life+70 rule (death year 1923 + 71 <= 2026), independent of publication year"
carmen__prosper-merimee__1800,Carmen,Prosper Mérimée,1870,false,1800,openlibrary,https://openlibrary.org/works/OL694849W,en,"author death year from Wikidata (Q160333); PD via life+70 rule (death year 1870 + 71 <= 2026), independent of publication year"
russland-und-europa__tomas-garrigue-masaryk__1919,Russland und Europa,Tomáš Garrigue Masaryk,1937,false,1919,openlibrary,https://openlibrary.org/works/OL656301W,en,"author death year from Wikidata (Q78492); PD via life+70 rule (death year 1937 + 71 <= 2026), independent of publication year"
svetova-revoluce-za-valky-a-ve-valce-1914-1918__tomas-garrigue-masaryk__1925,"Světová revoluce za války a ve válce, 1914-1918",Tomáš Garrigue Masaryk,1937,false,1925,openlibrary,https://openlibrary.org/works/OL656300W,en,"author death year from Wikidata (Q78492); PD via life+70 rule (death year 1937 + 71 <= 2026), independent of publication year"
gesprache-mit-masaryk__tomas-garrigue-masaryk__1935,Gespräche mit Masaryk,Tomáš Garrigue Masaryk,1937,false,1935,openlibrary,https://openlibrary.org/works/OL656293W,en,"author death year from Wikidata (Q78492); PD via life+70 rule (death year 1937 + 71 <= 2026), independent of publication year"
aus-metternich-s-nach-gelassenen-papieren__klemens-von-metternich__1880,Aus Metternich's nach gelassenen papieren.,Klemens von Metternich,1859,false,1880,openlibrary,https://openlibrary.org/works/OL1445569W,en,"author death year from Wikidata (Q45662); PD via life+70 rule (death year 1859 + 71 <= 2026), independent of publication year"
memoirs-of-prince-metternich__klemens-von-metternich__1880,Memoirs of Prince Metternich,Klemens von Metternich,1859,false,1880,openlibrary,https://openlibrary.org/works/OL17700421W,en,"author death year from Wikidata (Q45662); PD via life+70 rule (death year 1859 + 71 <= 2026), independent of publication year"
memoirs-of-prince-metternich-volume-1__klemens-von-metternich__unk,"Memoirs of Prince Metternich, Volume 1",Klemens von Metternich,1859,false,,openlibrary,https://openlibrary.org/works/OL24396205W,en,"author death year from Wikidata (Q45662); PD via life+70 rule (death year 1859 + 71 <= 2026), independent of publication year; publication year (2015) discarded as implausible (>50 years after author's death, likely a modern reprint/collected edition); needs manual research"
la-pesanteur-et-la-grace__simone-weil__1948,La pesanteur et la grace,Simone Weil,1943,false,1948,openlibrary,https://openlibrary.org/works/OL587614W,en,"author death year from Wikidata (Q157309); PD via life+70 rule (death year 1943 + 71 <= 2026), independent of publication year"
l-enracinement__simone-weil__1949,L'enracinement,Simone Weil,1943,false,1949,openlibrary,https://openlibrary.org/works/OL587642W,en,"author death year from Wikidata (Q157309); PD via life+70 rule (death year 1943 + 71 <= 2026), independent of publication year"
attente-de-dieu__simone-weil__1950,Attente de Dieu,Simone Weil,1943,false,1950,openlibrary,https://openlibrary.org/works/OL587641W,en,"author death year from Wikidata (Q157309); PD via life+70 rule (death year 1943 + 71 <= 2026), independent of publication year"
rashomon-and-other-stories__ryunosuke-akutagawa__1952,Rashomon and other stories,Ryūnosuke Akutagawa,1927,false,1952,openlibrary,https://openlibrary.org/works/OL4188238W,en,"author death year from Wikidata (Q186326); PD via life+70 rule (death year 1927 + 71 <= 2026), independent of publication year"
kappa__ryunosuke-akutagawa__1933,Kappa,Ryūnosuke Akutagawa,1927,false,1933,openlibrary,https://openlibrary.org/works/OL4188237W,en,"author death year from Wikidata (Q186326); PD via life+70 rule (death year 1927 + 71 <= 2026), independent of publication year"
antologia-de-la-literatura-fantastica__ryunosuke-akutagawa__1940,Antología de la literatura fantástica,Ryūnosuke Akutagawa,1927,false,1940,openlibrary,https://openlibrary.org/works/OL16538128W,en,"author death year from Wikidata (Q186326); PD via life+70 rule (death year 1927 + 71 <= 2026), independent of publication year"
karolinerna__verner-von-heidenstam__1897,Karolinerna,Verner von Heidenstam,1940,false,1897,openlibrary,https://openlibrary.org/works/OL4028515W,en,"author death year from Wikidata (Q129173); PD via life+70 rule (death year 1940 + 71 <= 2026), independent of publication year"
the-charles-men-volume-1__verner-von-heidenstam__unk,The Charles Men; Volume 1,Verner von Heidenstam,1940,false,,openlibrary,https://openlibrary.org/works/OL24456197W,en,"author death year from Wikidata (Q129173); PD via life+70 rule (death year 1940 + 71 <= 2026), independent of publication year; publication year (2018) discarded as implausible (>50 years after author's death, likely a modern reprint/collected edition); needs manual research"
the-charles-men__verner-von-heidenstam__unk,The Charles Men,Verner von Heidenstam,1940,false,,openlibrary,https://openlibrary.org/works/OL34003861W,en,"author death year from Wikidata (Q129173); PD via life+70 rule (death year 1940 + 71 <= 2026), independent of publication year; publication year (2008) discarded as implausible (>50 years after author's death, likely a modern reprint/collected edition); needs manual research"
imago__carl-spitteler__unk,Imago,Carl Spitteler,1924,false,,openlibrary,https://openlibrary.org/works/OL29069019W,en,"author death year from Wikidata (Q226525); PD via life+70 rule (death year 1924 + 71 <= 2026), independent of publication year; publication year (2012) discarded as implausible (>50 years after author's death, likely a modern reprint/collected edition); needs manual research"
lachende-wahrheiten__carl-spitteler__unk,Lachende Wahrheiten,Carl Spitteler,1924,false,,openlibrary,https://openlibrary.org/works/OL36053304W,en,"author death year from Wikidata (Q226525); PD via life+70 rule (death year 1924 + 71 <= 2026), independent of publication year; publication year (2012) discarded as implausible (>50 years after author's death, likely a modern reprint/collected edition); needs manual research"
conrad-der-leutnant__carl-spitteler__unk,Conrad der Leutnant,Carl Spitteler,1924,false,,openlibrary,https://openlibrary.org/works/OL36066509W,en,"author death year from Wikidata (Q226525); PD via life+70 rule (death year 1924 + 71 <= 2026), independent of publication year; publication year (2011) discarded as implausible (>50 years after author's death, likely a modern reprint/collected edition); needs manual research"
the-art-of-money-getting-or-golden-rules-for-money-getting__p-t-barnum__1880,"The art of money getting, or, Golden rules for money getting",P. T. Barnum,1891,false,1880,openlibrary,https://openlibrary.org/works/OL891636W,en,"author death year from Wikidata (Q223766); PD via life+70 rule (death year 1891 + 71 <= 2026), independent of publication year"
struggles-and-triumphs-or-forty-years-recollections__p-t-barnum__1869,"Struggles and triumphs, or, Forty years' recollections",P. T. Barnum,1891,false,1869,openlibrary,https://openlibrary.org/works/OL891625W,en,"author death year from Wikidata (Q223766); PD via life+70 rule (death year 1891 + 71 <= 2026), independent of publication year"
the-humbugs-of-the-world__p-t-barnum__1865,The humbugs of the world,P. T. Barnum,1891,false,1865,openlibrary,https://openlibrary.org/works/OL891646W,en,"author death year from Wikidata (Q223766); PD via life+70 rule (death year 1891 + 71 <= 2026), independent of publication year"
monsieur-teste__paul-valery__1927,Monsieur Teste,Paul Valéry,1945,false,1927,openlibrary,https://openlibrary.org/works/OL10340273W,en,"author death year from Wikidata (Q200639); PD via life+70 rule (death year 1945 + 71 <= 2026), independent of publication year"
cimetiere-marin__paul-valery__1940,Cimetière marin,Paul Valéry,1945,false,1940,openlibrary,https://openlibrary.org/works/OL741193W,en,"author death year from Wikidata (Q200639); PD via life+70 rule (death year 1945 + 71 <= 2026), independent of publication year"
charmes__paul-valery__1922,Charmes,Paul Valéry,1945,false,1922,openlibrary,https://openlibrary.org/works/OL741192W,en,"author death year from Wikidata (Q200639); PD via life+70 rule (death year 1945 + 71 <= 2026), independent of publication year"
narrative-of-the-life-of-frederick-douglass__frederick-douglass__1845,Narrative of the life of Frederick Douglass,Frederick Douglass,1895,false,1845,openlibrary,https://openlibrary.org/works/OL69178W,en,"author death year from Wikidata (Q215562); PD via life+70 rule (death year 1895 + 71 <= 2026), independent of publication year"
my-bondage-and-my-freedom__frederick-douglass__1815,My bondage and my freedom,Frederick Douglass,1895,false,1815,openlibrary,https://openlibrary.org/works/OL69179W,en,"author death year from Wikidata (Q215562); PD via life+70 rule (death year 1895 + 71 <= 2026), independent of publication year"
life-and-times-of-frederick-douglass__frederick-douglass__1881,Life and times of Frederick Douglass,Frederick Douglass,1895,false,1881,openlibrary,https://openlibrary.org/works/OL69176W,en,"author death year from Wikidata (Q215562); PD via life+70 rule (death year 1895 + 71 <= 2026), independent of publication year"
philosophische-bibliothek-zeitschrift-fur-spekulative-physik-teilband-1__friedrich-wilhelm-joseph-schelling__unk,"Philosophische Bibliothek Zeitschrift Fur Spekulative Physik, Teilband 1",Friedrich Wilhelm Joseph Schelling,1854,false,,openlibrary,https://openlibrary.org/works/OL36657025W,en,"author death year from Wikidata (Q60070); PD via life+70 rule (death year 1854 + 71 <= 2026), independent of publication year; publication year (2002) discarded as implausible (>50 years after author's death, likely a modern reprint/collected edition); needs manual research"
revival-ethics-an-investigation-of-the-facts-and-laws-of-the-moral-life-volume-ii__wilhelm-wundt__unk,Revival : Ethics : an Investigation of the Facts and Laws of the Moral Life : Volume II,Wilhelm Wundt,1920,false,,openlibrary,https://openlibrary.org/works/OL25216225W,en,"author death year from Wikidata (Q75814); PD via life+70 rule (death year 1920 + 71 <= 2026), independent of publication year; publication year (2018) discarded as implausible (>50 years after author's death, likely a modern reprint/collected edition); needs manual research"
ethik__wilhelm-wundt__1897,Ethik,Wilhelm Wundt,1920,false,1897,openlibrary,https://openlibrary.org/works/OL8098530W,en,"author death year from Wikidata (Q75814); PD via life+70 rule (death year 1920 + 71 <= 2026), independent of publication year"
grundzu-ge-der-physiologischen-psychologie__wilhelm-wundt__1903,Grundzu ge der physiologischen Psychologie,Wilhelm Wundt,1920,false,1903,openlibrary,https://openlibrary.org/works/OL8098531W,en,"author death year from Wikidata (Q75814); PD via life+70 rule (death year 1920 + 71 <= 2026), independent of publication year"
der-einzige-und-sein-eigentum__max-stirner__1845,Der Einzige und sein Eigentum,Max Stirner,1856,false,1845,openlibrary,https://openlibrary.org/works/OL1445824W,en,"author death year from Wikidata (Q76725); PD via life+70 rule (death year 1856 + 71 <= 2026), independent of publication year"
das-unwahre-prinzip-unserer-erziehung-oder__max-stirner__unk,"Das unwahre Prinzip unserer Erziehung, oder",Max Stirner,1856,false,,openlibrary,https://openlibrary.org/works/OL1445806W,en,"author death year from Wikidata (Q76725); PD via life+70 rule (death year 1856 + 71 <= 2026), independent of publication year; publication year (1911) discarded as implausible (>50 years after author's death, likely a modern reprint/collected edition); needs manual research"
the-ego-and-his-own__max-stirner__unk,The ego and his own,Max Stirner,1856,false,,openlibrary,https://openlibrary.org/works/OL45448956W,en,"author death year from Wikidata (Q76725); PD via life+70 rule (death year 1856 + 71 <= 2026), independent of publication year; publication year (1907) discarded as implausible (>50 years after author's death, likely a modern reprint/collected edition); needs manual research"
niebla__miguel-de-unamuno__1914,Niebla,Miguel de Unamuno,1936,false,1914,openlibrary,https://openlibrary.org/works/OL503589W,en,"author death year from Wikidata (Q185085); PD via life+70 rule (death year 1936 + 71 <= 2026), independent of publication year"
del-sentimiento-tragico-de-la-vida-en-los-hombres-y-en-los-pueblos__miguel-de-unamuno__1900,Del sentimiento trágico de la vida en los hombres y en los pueblos,Miguel de Unamuno,1936,false,1900,openlibrary,https://openlibrary.org/works/OL503529W,en,"author death year from Wikidata (Q185085); PD via life+70 rule (death year 1936 + 71 <= 2026), independent of publication year"
abel-sanchez__miguel-de-unamuno__1917,Abel Sánchez,Miguel de Unamuno,1936,false,1917,openlibrary,https://openlibrary.org/works/OL503503W,en,"author death year from Wikidata (Q185085); PD via life+70 rule (death year 1936 + 71 <= 2026), independent of publication year"
seven-pillars-of-wisdom__t-e-lawrence__1905,Seven Pillars of Wisdom,T. E. Lawrence,1935,false,1905,openlibrary,https://openlibrary.org/works/OL830503W,en,"author death year from Wikidata (Q170596); PD via life+70 rule (death year 1935 + 71 <= 2026), independent of publication year"
travels-in-arabia-deserta__t-e-lawrence__1888,Travels in Arabia Deserta,T. E. Lawrence,1935,false,1888,openlibrary,https://openlibrary.org/works/OL2295102W,en,"author death year from Wikidata (Q170596); PD via life+70 rule (death year 1935 + 71 <= 2026), independent of publication year"
revolt-in-the-desert__t-e-lawrence__1926,Revolt in the Desert,T. E. Lawrence,1935,false,1926,openlibrary,https://openlibrary.org/works/OL830479W,en,"author death year from Wikidata (Q170596); PD via life+70 rule (death year 1935 + 71 <= 2026), independent of publication year"
the-last-of-the-mohicans__james-fenimore-cooper__1826,The Last of the Mohicans,James Fenimore Cooper,1851,false,1826,openlibrary,https://openlibrary.org/works/OL77958W,en,"author death year from Wikidata (Q167856); PD via life+70 rule (death year 1851 + 71 <= 2026), independent of publication year"
the-deerslayer__james-fenimore-cooper__1841,The deerslayer,James Fenimore Cooper,1851,false,1841,openlibrary,https://openlibrary.org/works/OL77950W,en,"author death year from Wikidata (Q167856); PD via life+70 rule (death year 1851 + 71 <= 2026), independent of publication year"
the-pathfinder__james-fenimore-cooper__1800,The Pathfinder,James Fenimore Cooper,1851,false,1800,openlibrary,https://openlibrary.org/works/OL78009W,en,"author death year from Wikidata (Q167856); PD via life+70 rule (death year 1851 + 71 <= 2026), independent of publication year"
grundriss-der-allgemeinen-chemie__wilhelm-ostwald__1889,Grundriss der allgemeinen Chemie,Wilhelm Ostwald,1932,false,1889,openlibrary,https://openlibrary.org/works/OL1136379W,en,"author death year from Wikidata (Q12658); PD via life+70 rule (death year 1932 + 71 <= 2026), independent of publication year"
malerbriefe__wilhelm-ostwald__unk,Malerbriefe,Wilhelm Ostwald,1932,false,,openlibrary,https://openlibrary.org/works/OL28474746W,en,"author death year from Wikidata (Q12658); PD via life+70 rule (death year 1932 + 71 <= 2026), independent of publication year; publication year (2011) discarded as implausible (>50 years after author's death, likely a modern reprint/collected edition); needs manual research"
colour-science__wilhelm-ostwald__1925,Colour science,Wilhelm Ostwald,1932,false,1925,openlibrary,https://openlibrary.org/works/OL12059473W,en,"author death year from Wikidata (Q12658); PD via life+70 rule (death year 1932 + 71 <= 2026), independent of publication year"
lange-rejse__johannes-v-jensen__1922,Lange rejse,Johannes V. Jensen,1950,false,1922,openlibrary,https://openlibrary.org/works/OL1132510W,en,"author death year from Wikidata (Q159552); PD via life+70 rule (death year 1950 + 71 <= 2026), independent of publication year"
kongens-fald__johannes-v-jensen__1933,Kongens fald,Johannes V. Jensen,1950,false,1933,openlibrary,https://openlibrary.org/works/OL1132509W,en,"author death year from Wikidata (Q159552); PD via life+70 rule (death year 1950 + 71 <= 2026), independent of publication year"
the-waving-rye__johannes-v-jensen__1958,The waving rye,Johannes V. Jensen,1950,false,1958,openlibrary,https://openlibrary.org/works/OL1132508W,en,"author death year from Wikidata (Q159552); PD via life+70 rule (death year 1950 + 71 <= 2026), independent of publication year"
history-of-women-suffrage__susan-b-anthony__1881,History of Women Suffrage,Susan B. Anthony,1906,false,1881,openlibrary,https://openlibrary.org/works/OL1496663W,en,"author death year from Wikidata (Q192245); PD via life+70 rule (death year 1906 + 71 <= 2026), independent of publication year"
proceedings-of-the-twenty-sixth-annual-convention-of-the-national-american-woman-suffrage-association-held-in-washington-d-c-february-15-16-17-18-19-and-20-1894__susan-b-anthony__unk,"Proceedings Of The Twenty-sixth Annual Convention Of The National American Woman Suffrage Association, Held In Washington, D.c., February 15, 16, 17, 18, 19, And 20, 1894",Susan B. Anthony,1906,false,,openlibrary,https://openlibrary.org/works/OL24405710W,en,"author death year from Wikidata (Q192245); PD via life+70 rule (death year 1906 + 71 <= 2026), independent of publication year; publication year (2018) discarded as implausible (>50 years after author's death, likely a modern reprint/collected edition); needs manual research"
history-of-woman-suffrage-1887__susan-b-anthony__unk,History of Woman Suffrage (1887),Susan B. Anthony,1906,false,,openlibrary,https://openlibrary.org/works/OL29002069W,en,"author death year from Wikidata (Q192245); PD via life+70 rule (death year 1906 + 71 <= 2026), independent of publication year; publication year (2010) discarded as implausible (>50 years after author's death, likely a modern reprint/collected edition); needs manual research"
emanuel-or-children-of-the-soil__henrik-pontoppidan__unk,Emanuel or Children of the Soil,Henrik Pontoppidan,1943,false,,openlibrary,https://openlibrary.org/works/OL31382967W,en,"author death year from Wikidata (Q225554); PD via life+70 rule (death year 1943 + 71 <= 2026), independent of publication year; publication year (2013) discarded as implausible (>50 years after author's death, likely a modern reprint/collected edition); needs manual research"
det-forjttede-land__henrik-pontoppidan__unk,Det Forjættede Land,Henrik Pontoppidan,1943,false,,openlibrary,https://openlibrary.org/works/OL34171068W,en,"author death year from Wikidata (Q225554); PD via life+70 rule (death year 1943 + 71 <= 2026), independent of publication year; publication year (2019) discarded as implausible (>50 years after author's death, likely a modern reprint/collected edition); needs manual research"
lucky-per__henrik-pontoppidan__unk,Lucky Per,Henrik Pontoppidan,1943,false,,openlibrary,https://openlibrary.org/works/OL20149153W,en,"author death year from Wikidata (Q225554); PD via life+70 rule (death year 1943 + 71 <= 2026), independent of publication year; publication year (2010) discarded as implausible (>50 years after author's death, likely a modern reprint/collected edition); needs manual research"
poems__elizabeth-barrett-browning__1844,Poems,Elizabeth Barrett Browning,1861,false,1844,openlibrary,https://openlibrary.org/works/OL1198483W,en,"author death year from Wikidata (Q228494); PD via life+70 rule (death year 1861 + 71 <= 2026), independent of publication year"
sonnets-from-the-portuguese__elizabeth-barrett-browning__unk,Sonnets from the Portuguese,Elizabeth Barrett Browning,1861,false,,openlibrary,https://openlibrary.org/works/OL34593975W,en,"author death year from Wikidata (Q228494); PD via life+70 rule (death year 1861 + 71 <= 2026), independent of publication year; publication year (1979) discarded as implausible (>50 years after author's death, likely a modern reprint/collected edition); needs manual research"
mademoiselle-de-maupin__theophile-gautier__1834,Mademoiselle de Maupin,Théophile Gautier,1872,false,1834,openlibrary,https://openlibrary.org/works/OL10071W,en,"author death year from Wikidata (Q183713); PD via life+70 rule (death year 1872 + 71 <= 2026), independent of publication year"
capitaine-fracasse__theophile-gautier__1860,Capitaine Fracasse,Théophile Gautier,1872,false,1860,openlibrary,https://openlibrary.org/works/OL10064W,en,"author death year from Wikidata (Q183713); PD via life+70 rule (death year 1872 + 71 <= 2026), independent of publication year"
le-roman-de-la-momie__theophile-gautier__1859,Le roman de la momie,Théophile Gautier,1872,false,1859,openlibrary,https://openlibrary.org/works/OL10070W,en,"author death year from Wikidata (Q183713); PD via life+70 rule (death year 1872 + 71 <= 2026), independent of publication year"
noli-me-tangere__jose-rizal__1902,Noli Me Tangere,José Rizal,1896,false,1902,openlibrary,https://openlibrary.org/works/OL1622789W,en,"author death year from Wikidata (Q1500); PD via life+70 rule (death year 1896 + 71 <= 2026), independent of publication year"
el-filibusterismo__jose-rizal__1900,El filibusterismo,José Rizal,1896,false,1900,openlibrary,https://openlibrary.org/works/OL1622748W,en,"author death year from Wikidata (Q1500); PD via life+70 rule (death year 1896 + 71 <= 2026), independent of publication year"
an-eagle-flight__jose-rizal__1900,An eagle flight,José Rizal,1896,false,1900,openlibrary,https://openlibrary.org/works/OL1622740W,en,"author death year from Wikidata (Q1500); PD via life+70 rule (death year 1896 + 71 <= 2026), independent of publication year"
meissonier__henri-barbusse__unk,Meissonier,Henri Barbusse,1935,false,,openlibrary,https://openlibrary.org/works/OL25938184W,en,"author death year from Wikidata (Q18404); PD via life+70 rule (death year 1935 + 71 <= 2026), independent of publication year; publication year (2018) discarded as implausible (>50 years after author's death, likely a modern reprint/collected edition); needs manual research"
under-fire__henri-barbusse__1917,Under Fire,Henri Barbusse,1935,false,1917,openlibrary,https://openlibrary.org/works/OL29685495W,en,"author death year from Wikidata (Q18404); PD via life+70 rule (death year 1935 + 71 <= 2026), independent of publication year"
light__henri-barbusse__1919,Light,Henri Barbusse,1935,false,1919,openlibrary,https://openlibrary.org/works/OL29845061W,en,"author death year from Wikidata (Q18404); PD via life+70 rule (death year 1935 + 71 <= 2026), independent of publication year"
der-untergang-des-abendlandes__oswald-spengler__1918,Der Untergang des Abendlandes,Oswald Spengler,1936,false,1918,openlibrary,https://openlibrary.org/works/OL3392002W,en,"author death year from Wikidata (Q57112); PD via life+70 rule (death year 1936 + 71 <= 2026), independent of publication year"
jahre-der-entscheidung__oswald-spengler__1933,Jahre der Entscheidung,Oswald Spengler,1936,false,1933,openlibrary,https://openlibrary.org/works/OL3392001W,en,"author death year from Wikidata (Q57112); PD via life+70 rule (death year 1936 + 71 <= 2026), independent of publication year"
der-mensch-und-die-technik__oswald-spengler__1931,Der Mensch und die Technik,Oswald Spengler,1936,false,1931,openlibrary,https://openlibrary.org/works/OL3392000W,en,"author death year from Wikidata (Q57112); PD via life+70 rule (death year 1936 + 71 <= 2026), independent of publication year"
el-gran-galeoto__jose-echegaray__1880,El gran Galeoto,José Echegaray,1916,false,1880,openlibrary,https://openlibrary.org/works/OL3829420W,en,"author death year from Wikidata (Q127349); PD via life+70 rule (death year 1916 + 71 <= 2026), independent of publication year"
mariana__jose-echegaray__1890,Mariana,José Echegaray,1916,false,1890,openlibrary,https://openlibrary.org/works/OL10342656W,en,"author death year from Wikidata (Q127349); PD via life+70 rule (death year 1916 + 71 <= 2026), independent of publication year"
the-son-of-don-juan__jose-echegaray__1895,The son of Don Juan,José Echegaray,1916,false,1895,openlibrary,https://openlibrary.org/works/OL10342655W,en,"author death year from Wikidata (Q127349); PD via life+70 rule (death year 1916 + 71 <= 2026), independent of publication year"
poems__mihai-eminescu__1897,Poems,Mihai Eminescu,1889,false,1897,openlibrary,https://openlibrary.org/works/OL144849W,en,"author death year from Wikidata (Q184935); PD via life+70 rule (death year 1889 + 71 <= 2026), independent of publication year"
in-celebration-of-mihai-eminescu__mihai-eminescu__unk,In celebration of Mihai Eminescu,Mihai Eminescu,1889,false,,openlibrary,https://openlibrary.org/works/OL144843W,en,"author death year from Wikidata (Q184935); PD via life+70 rule (death year 1889 + 71 <= 2026), independent of publication year; publication year (1989) discarded as implausible (>50 years after author's death, likely a modern reprint/collected edition); needs manual research"
poems-and-prose-of-mihai-eminescu__mihai-eminescu__unk,Poems and Prose of Mihai Eminescu,Mihai Eminescu,1889,false,,openlibrary,https://openlibrary.org/works/OL21654824W,en,"author death year from Wikidata (Q184935); PD via life+70 rule (death year 1889 + 71 <= 2026), independent of publication year; publication year (2019) discarded as implausible (>50 years after author's death, likely a modern reprint/collected edition); needs manual research"
poems__stephane-mallarme__1913,Poems,Stéphane Mallarmé,1898,false,1913,openlibrary,https://openlibrary.org/works/OL574546W,en,"author death year from Wikidata (Q767); PD via life+70 rule (death year 1898 + 71 <= 2026), independent of publication year"
pages__stephane-mallarme__unk,Pages,Stéphane Mallarmé,1898,false,,openlibrary,https://openlibrary.org/works/OL36062864W,en,"author death year from Wikidata (Q767); PD via life+70 rule (death year 1898 + 71 <= 2026), independent of publication year; publication year (2012) discarded as implausible (>50 years after author's death, likely a modern reprint/collected edition); needs manual research"
uvres-completes__stephane-mallarme__1945,Œuvres complètes,Stéphane Mallarmé,1898,false,1945,openlibrary,https://openlibrary.org/works/OL574545W,en,"author death year from Wikidata (Q767); PD via life+70 rule (death year 1898 + 71 <= 2026), independent of publication year"
outlines-of-astronomy__john-frederick-william-herschel__1849,Outlines of astronomy,John Frederick William Herschel,1871,false,1849,openlibrary,https://openlibrary.org/works/OL1554712W,en,"author death year from Wikidata (Q14278); PD via life+70 rule (death year 1871 + 71 <= 2026), independent of publication year"
a-preliminary-discourse-on-the-study-of-natural-philosophy__john-frederick-william-herschel__unk,A Preliminary Discourse on the Study of Natural Philosophy,John Frederick William Herschel,1871,false,,openlibrary,https://openlibrary.org/works/OL24457703W,en,"author death year from Wikidata (Q14278); PD via life+70 rule (death year 1871 + 71 <= 2026), independent of publication year; publication year (2018) discarded as implausible (>50 years after author's death, likely a modern reprint/collected edition); needs manual research"
mondrian__piet-mondrian__1943,Mondrian,Piet Mondrian,1944,false,1943,openlibrary,https://openlibrary.org/works/OL3103605W,en,"author death year from Wikidata (Q151803); PD via life+70 rule (death year 1944 + 71 <= 2026), independent of publication year"
piet-mondrian-1872-1944__piet-mondrian__1966,"Piet Mondrian, 1872-1944",Piet Mondrian,1944,false,1966,openlibrary,https://openlibrary.org/works/OL3103604W,en,"author death year from Wikidata (Q151803); PD via life+70 rule (death year 1944 + 71 <= 2026), independent of publication year"
cheri__colette__1900,Chéri,Colette,1954,false,1900,openlibrary,https://openlibrary.org/works/OL1184871W,en,"author death year from Wikidata (Q218679); PD via life+70 rule (death year 1954 + 71 <= 2026), independent of publication year"
le-ble-en-herbe__colette__1923,Le blé en herbe,Colette,1954,false,1923,openlibrary,https://openlibrary.org/works/OL1184869W,en,"author death year from Wikidata (Q218679); PD via life+70 rule (death year 1954 + 71 <= 2026), independent of publication year"
la-vagabonde__colette__1910,La vagabonde,Colette,1954,false,1910,openlibrary,https://openlibrary.org/works/OL1184870W,en,"author death year from Wikidata (Q218679); PD via life+70 rule (death year 1954 + 71 <= 2026), independent of publication year"
ethan-frome__edith-wharton__1910,Ethan Frome,Edith Wharton,1937,false,1910,openlibrary,https://openlibrary.org/works/OL98501W,en,"author death year from Wikidata (Q276032); PD via life+70 rule (death year 1937 + 71 <= 2026), independent of publication year"
the-house-of-mirth__edith-wharton__1905,The House of Mirth,Edith Wharton,1937,false,1905,openlibrary,https://openlibrary.org/works/OL98587W,en,"author death year from Wikidata (Q276032); PD via life+70 rule (death year 1937 + 71 <= 2026), independent of publication year"
the-age-of-innocence__edith-wharton__1920,The Age of Innocence,Edith Wharton,1937,false,1920,openlibrary,https://openlibrary.org/works/OL98491W,en,"author death year from Wikidata (Q276032); PD via life+70 rule (death year 1937 + 71 <= 2026), independent of publication year"
rise-and-fall-of-the-confederate-government__jefferson-davis__unk,Rise and Fall of the Confederate Government,Jefferson Davis,1889,false,,openlibrary,https://openlibrary.org/works/OL29197609W,en,"author death year from Wikidata (Q162269); PD via life+70 rule (death year 1889 + 71 <= 2026), independent of publication year; publication year (1958) discarded as implausible (>50 years after author's death, likely a modern reprint/collected edition); needs manual research"
the-rise-and-fall-of-the-confederate-government__jefferson-davis__1881,The rise and fall of the Confederate government,Jefferson Davis,1889,false,1881,openlibrary,https://openlibrary.org/works/OL3527673W,en,"author death year from Wikidata (Q162269); PD via life+70 rule (death year 1889 + 71 <= 2026), independent of publication year"
the-papers-of-jefferson-davis__jefferson-davis__unk,The Papers of Jefferson Davis,Jefferson Davis,1889,false,,openlibrary,https://openlibrary.org/works/OL35529835W,en,"author death year from Wikidata (Q162269); PD via life+70 rule (death year 1889 + 71 <= 2026), independent of publication year; publication year (1971) discarded as implausible (>50 years after author's death, likely a modern reprint/collected edition); needs manual research"
oblomov__ivan-goncharov__unk,Oblomov,Ivan Goncharov,1891,false,,openlibrary,https://openlibrary.org/works/OL28239171W,en,"author death year from Wikidata (Q189665); PD via life+70 rule (death year 1891 + 71 <= 2026), independent of publication year; publication year (1963) discarded as implausible (>50 years after author's death, likely a modern reprint/collected edition); needs manual research"
why-sinclair-lewis-got-the-nobel-prize__erik-axel-karlfeldt__1931,Why Sinclair Lewis got the Nobel prize,Erik Axel Karlfeldt,1931,false,1931,openlibrary,https://openlibrary.org/works/OL3132614W,en,"author death year from Wikidata (Q134641); PD via life+70 rule (death year 1931 + 71 <= 2026), independent of publication year"
arcadia-borealis__erik-axel-karlfeldt__1938,Arcadia Borealis,Erik Axel Karlfeldt,1931,false,1938,openlibrary,https://openlibrary.org/works/OL37536813W,en,"author death year from Wikidata (Q134641); PD via life+70 rule (death year 1931 + 71 <= 2026), independent of publication year"
flora-och-pomona__erik-axel-karlfeldt__unk,Flora Och Pomona,Erik Axel Karlfeldt,1931,false,,openlibrary,https://openlibrary.org/works/OL34141095W,en,"author death year from Wikidata (Q134641); PD via life+70 rule (death year 1931 + 71 <= 2026), independent of publication year; publication year (2022) discarded as implausible (>50 years after author's death, likely a modern reprint/collected edition); needs manual research"
die-verwirrungen-des-zoglings-torless__robert-musil__1906,Die Verwirrungen des Zöglings Törless,Robert Musil,1942,false,1906,openlibrary,https://openlibrary.org/works/OL16335026W,en,"author death year from Wikidata (Q78487); PD via life+70 rule (death year 1942 + 71 <= 2026), independent of publication year"
der-mann-ohne-eigenschaften__robert-musil__1930,Der Mann ohne Eigenschaften,Robert Musil,1942,false,1930,openlibrary,https://openlibrary.org/works/OL1330246W,en,"author death year from Wikidata (Q78487); PD via life+70 rule (death year 1942 + 71 <= 2026), independent of publication year"
drei-frauen__robert-musil__1924,Drei Frauen,Robert Musil,1942,false,1924,openlibrary,https://openlibrary.org/works/OL1330244W,en,"author death year from Wikidata (Q78487); PD via life+70 rule (death year 1942 + 71 <= 2026), independent of publication year"
le-avventure-di-pinocchio__carlo-collodi__1883,Le avventure di Pinocchio,Carlo Collodi,1890,false,1883,openlibrary,https://openlibrary.org/works/OL1527356W,en,"author death year from Wikidata (Q199588); PD via life+70 rule (death year 1890 + 71 <= 2026), independent of publication year"
pinocchio__carlo-collodi__1921,Pinocchio,Carlo Collodi,1890,false,1921,openlibrary,https://openlibrary.org/works/OL37819848W,en,"author death year from Wikidata (Q199588); PD via life+70 rule (death year 1890 + 71 <= 2026), independent of publication year"
the-workers-opposition__alexandra-kollontai__1921,The workers' opposition,Alexandra Kollontai,1952,false,1921,openlibrary,https://openlibrary.org/works/OL8374773W,en,"author death year from Wikidata (Q179558); PD via life+70 rule (death year 1952 + 71 <= 2026), independent of publication year"
the-autobiography-of-a-sexually-emancipated-woman__alexandra-kollontai__1970,The autobiography of a sexually emancipated woman,Alexandra Kollontai,1952,false,1970,openlibrary,https://openlibrary.org/works/OL4005491W,en,"author death year from Wikidata (Q179558); PD via life+70 rule (death year 1952 + 71 <= 2026), independent of publication year"
red-love__alexandra-kollontai__1927,Red love,Alexandra Kollontai,1952,false,1927,openlibrary,https://openlibrary.org/works/OL4005507W,en,"author death year from Wikidata (Q179558); PD via life+70 rule (death year 1952 + 71 <= 2026), independent of publication year"
the-tale-of-peter-rabbit__beatrix-potter__1900,The Tale of Peter Rabbit,Beatrix Potter,1943,false,1900,openlibrary,https://openlibrary.org/works/OL108735W,en,"author death year from Wikidata (Q214565); PD via life+70 rule (death year 1943 + 71 <= 2026), independent of publication year"
the-tale-of-jemima-puddle-duck__beatrix-potter__1908,The tale of Jemima Puddle-Duck,Beatrix Potter,1943,false,1908,openlibrary,https://openlibrary.org/works/OL16067296W,en,"author death year from Wikidata (Q214565); PD via life+70 rule (death year 1943 + 71 <= 2026), independent of publication year"
familiar-letters-on-chemistry-and-its-relation-to-commerce-physiology-and-agriculture__justus-von-liebig__1843,"Familiar letters on chemistry, and its relation to commerce, physiology, and agriculture",Justus von Liebig,1873,false,1843,openlibrary,https://openlibrary.org/works/OL1470658W,en,"author death year from Wikidata (Q16571); PD via life+70 rule (death year 1873 + 71 <= 2026), independent of publication year"
animal-chemistry__justus-von-liebig__1842,Animal chemistry,Justus von Liebig,1873,false,1842,openlibrary,https://openlibrary.org/works/OL1470679W,en,"author death year from Wikidata (Q16571); PD via life+70 rule (death year 1873 + 71 <= 2026), independent of publication year"
organic-chemistry-in-its-applications-to-agriculture-and-physiology__justus-von-liebig__1840,Organic chemistry in its applications to agriculture and physiology,Justus von Liebig,1873,false,1840,openlibrary,https://openlibrary.org/works/OL1470677W,en,"author death year from Wikidata (Q16571); PD via life+70 rule (death year 1873 + 71 <= 2026), independent of publication year"
a-princess-of-mars__edgar-rice-burroughs__1912,A Princess of Mars,Edgar Rice Burroughs,1950,false,1912,openlibrary,https://openlibrary.org/works/OL1418187W,en,"author death year from Wikidata (Q148234); PD via life+70 rule (death year 1950 + 71 <= 2026), independent of publication year"
the-warlord-of-mars-3__edgar-rice-burroughs__1914,The warlord of Mars #3,Edgar Rice Burroughs,1950,false,1914,openlibrary,https://openlibrary.org/works/OL1418137W,en,"author death year from Wikidata (Q148234); PD via life+70 rule (death year 1950 + 71 <= 2026), independent of publication year"
the-gods-of-mars__edgar-rice-burroughs__1918,The Gods of Mars,Edgar Rice Burroughs,1950,false,1918,openlibrary,https://openlibrary.org/works/OL1417942W,en,"author death year from Wikidata (Q148234); PD via life+70 rule (death year 1950 + 71 <= 2026), independent of publication year"
la-rebelion-de-las-masas__jose-ortega-y-gasset__1929,La rebelión de las masas,José Ortega y Gasset,1955,false,1929,openlibrary,https://openlibrary.org/works/OL504349W,en,"author death year from Wikidata (Q153020); PD via life+70 rule (death year 1955 + 71 <= 2026), independent of publication year"
estudios-sobre-el-amor__jose-ortega-y-gasset__1939,Estudios sobre el amor,José Ortega y Gasset,1955,false,1939,openlibrary,https://openlibrary.org/works/OL504343W,en,"author death year from Wikidata (Q153020); PD via life+70 rule (death year 1955 + 71 <= 2026), independent of publication year"
espana-invertebrada__jose-ortega-y-gasset__1921,España invertebrada,José Ortega y Gasset,1955,false,1921,openlibrary,https://openlibrary.org/works/OL504329W,en,"author death year from Wikidata (Q153020); PD via life+70 rule (death year 1955 + 71 <= 2026), independent of publication year"
histoire-de-la-revolution-francaise__adolphe-thiers__1828,Histoire de la révolution française,Adolphe Thiers,1877,false,1828,openlibrary,https://openlibrary.org/works/OL1537563W,en,"author death year from Wikidata (Q5738); PD via life+70 rule (death year 1877 + 71 <= 2026), independent of publication year"
history-of-the-consulate-and-the-empire-of-france-under-napoleon__adolphe-thiers__1845,History of the consulate and the empire of France under Napoleon,Adolphe Thiers,1877,false,1845,openlibrary,https://openlibrary.org/works/OL1537561W,en,"author death year from Wikidata (Q5738); PD via life+70 rule (death year 1877 + 71 <= 2026), independent of publication year"
notes-et-souvenirs-de-m-thiers-1870-1873__adolphe-thiers__1903,"Notes et souvenirs de M. Thiers, 1870-1873",Adolphe Thiers,1877,false,1903,openlibrary,https://openlibrary.org/works/OL1537562W,en,"author death year from Wikidata (Q5738); PD via life+70 rule (death year 1877 + 71 <= 2026), independent of publication year"
christianity-as-mystical-fact-and-the-mysteries-at-antiquity__rudolf-steiner__1902,Christianity as mystical fact and the mysteries at antiquity. --,Rudolf Steiner,1925,false,1902,openlibrary,https://openlibrary.org/works/OL617981W,en,"author death year from Wikidata (Q78484); PD via life+70 rule (death year 1925 + 71 <= 2026), independent of publication year"
outline-of-occult-science__rudolf-steiner__1910,Outline of Occult Science,Rudolf Steiner,1925,false,1910,openlibrary,https://openlibrary.org/works/OL618606W,en,"author death year from Wikidata (Q78484); PD via life+70 rule (death year 1925 + 71 <= 2026), independent of publication year"
the-philosophy-of-spiritual-activity-freedom__rudolf-steiner__1921,The philosophy of spiritual activity (freedom),Rudolf Steiner,1925,false,1921,openlibrary,https://openlibrary.org/works/OL618620W,en,"author death year from Wikidata (Q78484); PD via life+70 rule (death year 1925 + 71 <= 2026), independent of publication year"
casanovas-heimfahrt__arthur-schnitzler__1900,Casanovas Heimfahrt,Arthur Schnitzler,1931,false,1900,openlibrary,https://openlibrary.org/works/OL61425W,en,"author death year from Wikidata (Q44331); PD via life+70 rule (death year 1931 + 71 <= 2026), independent of publication year"
reigen__arthur-schnitzler__1903,Reigen,Arthur Schnitzler,1931,false,1903,openlibrary,https://openlibrary.org/works/OL61422W,en,"author death year from Wikidata (Q44331); PD via life+70 rule (death year 1931 + 71 <= 2026), independent of publication year"
anatol__arthur-schnitzler__1901,Anatol,Arthur Schnitzler,1931,false,1901,openlibrary,https://openlibrary.org/works/OL61420W,en,"author death year from Wikidata (Q44331); PD via life+70 rule (death year 1931 + 71 <= 2026), independent of publication year"
harmonielehre__arnold-schoenberg__1911,Harmonielehre,Arnold Schoenberg,1951,false,1911,openlibrary,https://openlibrary.org/works/OL1394579W,en,"author death year from Wikidata (Q154770); PD via life+70 rule (death year 1951 + 71 <= 2026), independent of publication year"
style-and-idea__arnold-schoenberg__1950,Style and idea,Arnold Schoenberg,1951,false,1950,openlibrary,https://openlibrary.org/works/OL1394578W,en,"author death year from Wikidata (Q154770); PD via life+70 rule (death year 1951 + 71 <= 2026), independent of publication year"
erwartung__arnold-schoenberg__1922,Erwartung =,Arnold Schoenberg,1951,false,1922,openlibrary,https://openlibrary.org/works/OL1394576W,en,"author death year from Wikidata (Q154770); PD via life+70 rule (death year 1951 + 71 <= 2026), independent of publication year"
vita-nuova__dante-gabriel-rossetti__1829,Vita nuova,Dante Gabriel Rossetti,1882,false,1829,openlibrary,https://openlibrary.org/works/OL93228W,en,"author death year from Wikidata (Q186748); PD via life+70 rule (death year 1882 + 71 <= 2026), independent of publication year"
poems__dante-gabriel-rossetti__1870,Poems,Dante Gabriel Rossetti,1882,false,1870,openlibrary,https://openlibrary.org/works/OL50012W,en,"author death year from Wikidata (Q186748); PD via life+70 rule (death year 1882 + 71 <= 2026), independent of publication year"
dante-gabriel-rossetti__dante-gabriel-rossetti__1895,Dante Gabriel Rossetti,Dante Gabriel Rossetti,1882,false,1895,openlibrary,https://openlibrary.org/works/OL50046W,en,"author death year from Wikidata (Q186748); PD via life+70 rule (death year 1882 + 71 <= 2026), independent of publication year"
my-best-games-of-chess-1924-1937__alexander-alekhine__1939,My best games of chess 1924-1937,Alexander Alekhine,1946,false,1939,openlibrary,https://openlibrary.org/works/OL2635581W,en,"author death year from Wikidata (Q131374); PD via life+70 rule (death year 1946 + 71 <= 2026), independent of publication year"
alexander-alekhine-s-chess-games-1902-1946__alexander-alekhine__unk,"Alexander Alekhine's chess games, 1902-1946",Alexander Alekhine,1946,false,,openlibrary,https://openlibrary.org/works/OL2635564W,en,"author death year from Wikidata (Q131374); PD via life+70 rule (death year 1946 + 71 <= 2026), independent of publication year; publication year (1997) discarded as implausible (>50 years after author's death, likely a modern reprint/collected edition); needs manual research"
alekhine-s-best-games-of-chess-1938-1945__alexander-alekhine__1949,"Alekhine's best games of chess, 1938-1945",Alexander Alekhine,1946,false,1949,openlibrary,https://openlibrary.org/works/OL2635579W,en,"author death year from Wikidata (Q131374); PD via life+70 rule (death year 1946 + 71 <= 2026), independent of publication year"
estetica-come-scienza-dell-espressione-e-linguistica-generale__benedetto-croce__1902,Estetica come scienza dell' espressione e linguistica generale,Benedetto Croce,1952,false,1902,openlibrary,https://openlibrary.org/works/OL15312350W,en,"author death year from Wikidata (Q192348); PD via life+70 rule (death year 1952 + 71 <= 2026), independent of publication year"
aesthetic__benedetto-croce__1909,Aesthetic,Benedetto Croce,1952,false,1909,openlibrary,https://openlibrary.org/works/OL1107919W,en,"author death year from Wikidata (Q192348); PD via life+70 rule (death year 1952 + 71 <= 2026), independent of publication year"
materialismo-storico-ed-economia-marxistica__benedetto-croce__1914,Materialismo storico ed economia marxistica,Benedetto Croce,1952,false,1914,openlibrary,https://openlibrary.org/works/OL1107918W,en,"author death year from Wikidata (Q192348); PD via life+70 rule (death year 1952 + 71 <= 2026), independent of publication year"
wer-ist-schuld__alexander-herzen__unk,Wer Ist Schuld?,Alexander Herzen,1870,false,,openlibrary,https://openlibrary.org/works/OL36067541W,en,"author death year from Wikidata (Q201221); PD via life+70 rule (death year 1870 + 71 <= 2026), independent of publication year; publication year (2012) discarded as implausible (>50 years after author's death, likely a modern reprint/collected edition); needs manual research"
winds-of-doctrines__george-santayana__1913,Winds of doctrines,George Santayana,1952,false,1913,openlibrary,https://openlibrary.org/works/OL1862137W,en,"author death year from Wikidata (Q237833); PD via life+70 rule (death year 1952 + 71 <= 2026), independent of publication year"
egotism-in-german-philosophy__george-santayana__1916,Egotism in German philosophy,George Santayana,1952,false,1916,openlibrary,https://openlibrary.org/works/OL1862185W,en,"author death year from Wikidata (Q237833); PD via life+70 rule (death year 1952 + 71 <= 2026), independent of publication year"
character-opinion-in-the-united-states__george-santayana__1920,Character & opinion in the United States,George Santayana,1952,false,1920,openlibrary,https://openlibrary.org/works/OL1862195W,en,"author death year from Wikidata (Q237833); PD via life+70 rule (death year 1952 + 71 <= 2026), independent of publication year"
der-untertan__heinrich-mann__1900,Der Untertan,Heinrich Mann,1950,false,1900,openlibrary,https://openlibrary.org/works/OL1245570W,en,"author death year from Wikidata (Q76480); PD via life+70 rule (death year 1950 + 71 <= 2026), independent of publication year"
professor-unrat__heinrich-mann__1932,Professor Unrat,Heinrich Mann,1950,false,1932,openlibrary,https://openlibrary.org/works/OL1245569W,en,"author death year from Wikidata (Q76480); PD via life+70 rule (death year 1950 + 71 <= 2026), independent of publication year"
die-kleine-stadt__heinrich-mann__1909,Die kleine Stadt,Heinrich Mann,1950,false,1909,openlibrary,https://openlibrary.org/works/OL1245568W,en,"author death year from Wikidata (Q76480); PD via life+70 rule (death year 1950 + 71 <= 2026), independent of publication year"
vie-de-jesus__ernest-renan__1863,Vie de Jésus,Ernest Renan,1892,false,1863,openlibrary,https://openlibrary.org/works/OL1068555W,en,"author death year from Wikidata (Q157155); PD via life+70 rule (death year 1892 + 71 <= 2026), independent of publication year"
souvenirs-d-enfance-et-de-jeunesse__ernest-renan__1883,Souvenirs d'enfance et de jeunesse,Ernest Renan,1892,false,1883,openlibrary,https://openlibrary.org/works/OL1068554W,en,"author death year from Wikidata (Q157155); PD via life+70 rule (death year 1892 + 71 <= 2026), independent of publication year"
the-apostles__ernest-renan__1866,The apostles,Ernest Renan,1892,false,1866,openlibrary,https://openlibrary.org/works/OL1068552W,en,"author death year from Wikidata (Q157155); PD via life+70 rule (death year 1892 + 71 <= 2026), independent of publication year"
tender-buttons__gertrude-stein__1914,Tender Buttons,Gertrude Stein,1946,false,1914,openlibrary,https://openlibrary.org/works/OL35395W,en,"author death year from Wikidata (Q188385); PD via life+70 rule (death year 1946 + 71 <= 2026), independent of publication year"
three-lives__gertrude-stein__1909,Three Lives,Gertrude Stein,1946,false,1909,openlibrary,https://openlibrary.org/works/OL35383W,en,"author death year from Wikidata (Q188385); PD via life+70 rule (death year 1946 + 71 <= 2026), independent of publication year"
the-autobiography-of-alice-b-toklas__gertrude-stein__1933,The Autobiography of Alice B. Toklas,Gertrude Stein,1946,false,1933,openlibrary,https://openlibrary.org/works/OL37277W,en,"author death year from Wikidata (Q188385); PD via life+70 rule (death year 1946 + 71 <= 2026), independent of publication year"
my-own-story__emmeline-pankhurst__1914,My Own Story,Emmeline Pankhurst,1928,false,1914,openlibrary,https://openlibrary.org/works/OL3698983W,en,"author death year from Wikidata (Q211519); PD via life+70 rule (death year 1928 + 71 <= 2026), independent of publication year"
suffragette__emmeline-pankhurst__unk,Suffragette,Emmeline Pankhurst,1928,false,,openlibrary,https://openlibrary.org/works/OL40335124W,en,"author death year from Wikidata (Q211519); PD via life+70 rule (death year 1928 + 71 <= 2026), independent of publication year; publication year (2015) discarded as implausible (>50 years after author's death, likely a modern reprint/collected edition); needs manual research"
household-tales-by-brothers-grimm__jacob-grimm__unk,Household Tales by Brothers Grimm,Jacob Grimm,1863,false,,openlibrary,https://openlibrary.org/works/OL25660346W,en,"author death year from Wikidata (Q6701); PD via life+70 rule (death year 1863 + 71 <= 2026), independent of publication year; publication year (2010) discarded as implausible (>50 years after author's death, likely a modern reprint/collected edition); needs manual research"
rumpelstiltskin__jacob-grimm__unk,Rumpelstiltskin,Jacob Grimm,1863,false,,openlibrary,https://openlibrary.org/works/OL45368W,en,"author death year from Wikidata (Q6701); PD via life+70 rule (death year 1863 + 71 <= 2026), independent of publication year; publication year (1945) discarded as implausible (>50 years after author's death, likely a modern reprint/collected edition); needs manual research"
grimm-s-fairy-tales__jacob-grimm__unk,Grimm's Fairy Tales,Jacob Grimm,1863,false,,openlibrary,https://openlibrary.org/works/OL41047538W,en,"author death year from Wikidata (Q6701); PD via life+70 rule (death year 1863 + 71 <= 2026), independent of publication year; publication year (2014) discarded as implausible (>50 years after author's death, likely a modern reprint/collected edition); needs manual research"
contemporary-india__premchand__unk,Contemporary India,Premchand,1936,false,,openlibrary,https://openlibrary.org/works/OL21318960W,en,"author death year from Wikidata (Q174152); PD via life+70 rule (death year 1936 + 71 <= 2026), independent of publication year; publication year (2017) discarded as implausible (>50 years after author's death, likely a modern reprint/collected edition); needs manual research"
public-expenditure-management__premchand__unk,Public Expenditure Management,Premchand,1936,false,,openlibrary,https://openlibrary.org/works/OL28629147W,en,"author death year from Wikidata (Q174152); PD via life+70 rule (death year 1936 + 71 <= 2026), independent of publication year; publication year (1993) discarded as implausible (>50 years after author's death, likely a modern reprint/collected edition); needs manual research"
control-of-public-expenditure-in-india__premchand__1963,Control of public expenditure in India,Premchand,1936,false,1963,openlibrary,https://openlibrary.org/works/OL2920669W,en,"author death year from Wikidata (Q174152); PD via life+70 rule (death year 1936 + 71 <= 2026), independent of publication year"
autobiography-of-a-yogi__paramahansa-yogananda__1946,Autobiography of a Yogi,Paramahansa Yogananda,1952,false,1946,openlibrary,https://openlibrary.org/works/OL528094W,en,"author death year from Wikidata (Q312549); PD via life+70 rule (death year 1952 + 71 <= 2026), independent of publication year"
whispers-from-eternity__paramahansa-yogananda__1935,Whispers from Eternity,Paramahansa Yogananda,1952,false,1935,openlibrary,https://openlibrary.org/works/OL528093W,en,"author death year from Wikidata (Q312549); PD via life+70 rule (death year 1952 + 71 <= 2026), independent of publication year"
man-s-eternal-quest-and-other-talks__paramahansa-yogananda__1975,Man's eternal quest and other talks,Paramahansa Yogananda,1952,false,1975,openlibrary,https://openlibrary.org/works/OL528085W,en,"author death year from Wikidata (Q312549); PD via life+70 rule (death year 1952 + 71 <= 2026), independent of publication year"
la-luna-e-i-falo__cesare-pavese__1950,La luna e i falò,Cesare Pavese,1950,false,1950,openlibrary,https://openlibrary.org/works/OL10422862W,en,"author death year from Wikidata (Q2022); PD via life+70 rule (death year 1950 + 71 <= 2026), independent of publication year"
paesi-tuoi__cesare-pavese__1941,Paesi tuoi,Cesare Pavese,1950,false,1941,openlibrary,https://openlibrary.org/works/OL10422863W,en,"author death year from Wikidata (Q2022); PD via life+70 rule (death year 1950 + 71 <= 2026), independent of publication year"
dialoghi-con-leuco__cesare-pavese__1947,Dialoghi con Leucò,Cesare Pavese,1950,false,1947,openlibrary,https://openlibrary.org/works/OL135288W,en,"author death year from Wikidata (Q2022); PD via life+70 rule (death year 1950 + 71 <= 2026), independent of publication year"
naughty-bits__d-w-griffith__unk,Naughty Bits,D. W. Griffith,1948,false,,openlibrary,https://openlibrary.org/works/OL39210664W,en,"author death year from Wikidata (Q51123); PD via life+70 rule (death year 1948 + 71 <= 2026), independent of publication year; publication year (2024) discarded as implausible (>50 years after author's death, likely a modern reprint/collected edition); needs manual research"
how-i-found-livingstone__henry-morton-stanley__unk,How I Found Livingstone,Henry Morton Stanley,1904,false,,openlibrary,https://openlibrary.org/works/OL22233879W,en,"author death year from Wikidata (Q171421); PD via life+70 rule (death year 1904 + 71 <= 2026), independent of publication year; publication year (2012) discarded as implausible (>50 years after author's death, likely a modern reprint/collected edition); needs manual research"
congo-and-the-founding-of-its-free-state__henry-morton-stanley__unk,Congo and the Founding of Its Free State,Henry Morton Stanley,1904,false,,openlibrary,https://openlibrary.org/works/OL25666147W,en,"author death year from Wikidata (Q171421); PD via life+70 rule (death year 1904 + 71 <= 2026), independent of publication year; publication year (2011) discarded as implausible (>50 years after author's death, likely a modern reprint/collected edition); needs manual research"
through-the-dark-continent__henry-morton-stanley__unk,Through the Dark Continent,Henry Morton Stanley,1904,false,,openlibrary,https://openlibrary.org/works/OL24391804W,en,"author death year from Wikidata (Q171421); PD via life+70 rule (death year 1904 + 71 <= 2026), independent of publication year; publication year (2018) discarded as implausible (>50 years after author's death, likely a modern reprint/collected edition); needs manual research"
studies-in-socialism__jean-jaures__1906,Studies in socialism,Jean Jaurès,1914,false,1906,openlibrary,https://openlibrary.org/works/OL3033173W,en,"author death year from Wikidata (Q12688); PD via life+70 rule (death year 1914 + 71 <= 2026), independent of publication year"
socialist-history-of-the-french-revolution__jean-jaures__unk,Socialist History of the French Revolution,Jean Jaurès,1914,false,,openlibrary,https://openlibrary.org/works/OL27793881W,en,"author death year from Wikidata (Q12688); PD via life+70 rule (death year 1914 + 71 <= 2026), independent of publication year; publication year (2015) discarded as implausible (>50 years after author's death, likely a modern reprint/collected edition); needs manual research"
cellular-pathology-as-based-upon-physiological-and-pathological-histology__rudolf-virchow__1860,Cellular pathology as based upon physiological and pathological histology,Rudolf Virchow,1902,false,1860,openlibrary,https://openlibrary.org/works/OL43685287W,en,"author death year from Wikidata (Q76432); PD via life+70 rule (death year 1902 + 71 <= 2026), independent of publication year"
effi-briest__theodor-fontane__1894,Effi Briest,Theodor Fontane,1898,false,1894,openlibrary,https://openlibrary.org/works/OL857189W,en,"author death year from Wikidata (Q76632); PD via life+70 rule (death year 1898 + 71 <= 2026), independent of publication year"
irrungen-wirrungen__theodor-fontane__1896,"Irrungen, Wirrungen",Theodor Fontane,1898,false,1896,openlibrary,https://openlibrary.org/works/OL857311W,en,"author death year from Wikidata (Q76632); PD via life+70 rule (death year 1898 + 71 <= 2026), independent of publication year"
samtliche-werke__theodor-fontane__unk,Sämtliche Werke,Theodor Fontane,1898,false,,openlibrary,https://openlibrary.org/works/OL857352W,en,"author death year from Wikidata (Q76632); PD via life+70 rule (death year 1898 + 71 <= 2026), independent of publication year; publication year (1959) discarded as implausible (>50 years after author's death, likely a modern reprint/collected edition); needs manual research"
kalevala__elias-lonnrot__unk,Kalevala,Elias Lönnrot,1884,false,,openlibrary,https://openlibrary.org/works/OL9056278W,en,"author death year from Wikidata (Q153159); PD via life+70 rule (death year 1884 + 71 <= 2026), independent of publication year; publication year (1985) discarded as implausible (>50 years after author's death, likely a modern reprint/collected edition); needs manual research"
moonchild__aleister-crowley__unk,Moonchild,Aleister Crowley,1947,false,,openlibrary,https://openlibrary.org/works/OL29521768W,en,"author death year from Wikidata (Q172684); PD via life+70 rule (death year 1947 + 71 <= 2026), independent of publication year; publication year (2017) discarded as implausible (>50 years after author's death, likely a modern reprint/collected edition); needs manual research"
moonchild-illustrated__aleister-crowley__unk,Moonchild Illustrated,Aleister Crowley,1947,false,,openlibrary,https://openlibrary.org/works/OL27900379W,en,"author death year from Wikidata (Q172684); PD via life+70 rule (death year 1947 + 71 <= 2026), independent of publication year; publication year (2020) discarded as implausible (>50 years after author's death, likely a modern reprint/collected edition); needs manual research"
news-from-nowhere-or-an-epoch-of-rest-being-some-chapters-from-a-utopian-romance__william-morris__1890,"News from nowhere, or, An epoch of rest, being some chapters from a utopian romance",William Morris,1896,false,1890,openlibrary,https://openlibrary.org/works/OL47721W,en,"author death year from Wikidata (Q182589); PD via life+70 rule (death year 1896 + 71 <= 2026), independent of publication year"
the-wood-beyond-the-world__william-morris__1894,The wood beyond the world,William Morris,1896,false,1894,openlibrary,https://openlibrary.org/works/OL47752W,en,"author death year from Wikidata (Q182589); PD via life+70 rule (death year 1896 + 71 <= 2026), independent of publication year"
the-well-at-the-world-s-end__william-morris__1892,The Well at the World's End,William Morris,1896,false,1892,openlibrary,https://openlibrary.org/works/OL47750W,en,"author death year from Wikidata (Q182589); PD via life+70 rule (death year 1896 + 71 <= 2026), independent of publication year"
history-of-english-literature__hippolyte-taine__1871,History of English Literature,Hippolyte Taine,1893,false,1871,openlibrary,https://openlibrary.org/works/OL15310652W,en,"author death year from Wikidata (Q297726); PD via life+70 rule (death year 1893 + 71 <= 2026), independent of publication year"
les-origines-de-la-france-contemporaine__hippolyte-taine__1885,Les origines de la France contemporaine,Hippolyte Taine,1893,false,1885,openlibrary,https://openlibrary.org/works/OL1205745W,en,"author death year from Wikidata (Q297726); PD via life+70 rule (death year 1893 + 71 <= 2026), independent of publication year"
la-fontaine-et-ses-fables__hippolyte-taine__1861,La Fontaine et ses fables,Hippolyte Taine,1893,false,1861,openlibrary,https://openlibrary.org/works/OL1205744W,en,"author death year from Wikidata (Q297726); PD via life+70 rule (death year 1893 + 71 <= 2026), independent of publication year"
the-woman-s-bible__elizabeth-cady-stanton__1890,The woman's Bible,Elizabeth Cady Stanton,1902,false,1890,openlibrary,https://openlibrary.org/works/OL1496666W,en,"author death year from Wikidata (Q465335); PD via life+70 rule (death year 1902 + 71 <= 2026), independent of publication year"
history-of-women-suffrage__elizabeth-cady-stanton__1881,History of Women Suffrage,Elizabeth Cady Stanton,1902,false,1881,openlibrary,https://openlibrary.org/works/OL1496663W,en,"author death year from Wikidata (Q465335); PD via life+70 rule (death year 1902 + 71 <= 2026), independent of publication year"
eighty-years-and-more-reminiscences-1815-to-1897__elizabeth-cady-stanton__1897,Eighty Years And More Reminiscences 1815 To 1897,Elizabeth Cady Stanton,1902,false,1897,openlibrary,https://openlibrary.org/works/OL1496639W,en,"author death year from Wikidata (Q465335); PD via life+70 rule (death year 1902 + 71 <= 2026), independent of publication year"
khozhdenie-po-mukam__aleksey-tolstoy__1922,Khozhdenie po mukam,Aleksey Tolstoy,1945,false,1922,openlibrary,https://openlibrary.org/works/OL1249816W,en,"author death year from Wikidata (Q192279); PD via life+70 rule (death year 1945 + 71 <= 2026), independent of publication year"
television-and-me__john-logie-baird__unk,Television And Me,John Logie Baird,1946,false,,openlibrary,https://openlibrary.org/works/OL9012585W,en,"author death year from Wikidata (Q133544); PD via life+70 rule (death year 1946 + 71 <= 2026), independent of publication year; publication year (2004) discarded as implausible (>50 years after author's death, likely a modern reprint/collected edition); needs manual research"
sermons-soap-and-television__john-logie-baird__1988,"Sermons, soap and television",John Logie Baird,1946,false,1988,openlibrary,https://openlibrary.org/works/OL9012586W,en,"author death year from Wikidata (Q133544); PD via life+70 rule (death year 1946 + 71 <= 2026), independent of publication year"
sister-carrie__theodore-dreiser__1900,Sister Carrie,Theodore Dreiser,1945,false,1900,openlibrary,https://openlibrary.org/works/OL100203W,en,"author death year from Wikidata (Q486096); PD via life+70 rule (death year 1945 + 71 <= 2026), independent of publication year"
the-financier__theodore-dreiser__1912,The Financier,Theodore Dreiser,1945,false,1912,openlibrary,https://openlibrary.org/works/OL100237W,en,"author death year from Wikidata (Q486096); PD via life+70 rule (death year 1945 + 71 <= 2026), independent of publication year"
the-titan__theodore-dreiser__1914,The Titan,Theodore Dreiser,1945,false,1914,openlibrary,https://openlibrary.org/works/OL100238W,en,"author death year from Wikidata (Q486096); PD via life+70 rule (death year 1945 + 71 <= 2026), independent of publication year"
the-indian-struggle-1920-1942__subhas-chandra-bose__1964,"The Indian struggle, 1920-1942",Subhas Chandra Bose,1945,false,1964,openlibrary,https://openlibrary.org/works/OL341074W,en,"author death year from Wikidata (Q2153); PD via life+70 rule (death year 1945 + 71 <= 2026), independent of publication year"
azad-hind__subhas-chandra-bose__unk,Azad Hind,Subhas Chandra Bose,1945,false,,openlibrary,https://openlibrary.org/works/OL341064W,en,"author death year from Wikidata (Q2153); PD via life+70 rule (death year 1945 + 71 <= 2026), independent of publication year; publication year (2002) discarded as implausible (>50 years after author's death, likely a modern reprint/collected edition); needs manual research"
the-indian-struggle-1920-1934__subhas-chandra-bose__1935,"The Indian struggle, 1920-1934",Subhas Chandra Bose,1945,false,1935,openlibrary,https://openlibrary.org/works/OL341073W,en,"author death year from Wikidata (Q2153); PD via life+70 rule (death year 1945 + 71 <= 2026), independent of publication year"
on-the-problem-of-empathy__edith-stein__1970,On the Problem of Empathy,Edith Stein,1942,false,1970,openlibrary,https://openlibrary.org/works/OL20714274W,en,"author death year from Wikidata (Q76749); PD via life+70 rule (death year 1942 + 71 <= 2026), independent of publication year"
kreuzeswissenschaft__edith-stein__1960,Kreuzeswissenschaft,Edith Stein,1942,false,1960,openlibrary,https://openlibrary.org/works/OL658681W,en,"author death year from Wikidata (Q76749); PD via life+70 rule (death year 1942 + 71 <= 2026), independent of publication year"
la-lutte-contre-l-etat-et-autres-ecrits-1925-1932__nestor-makhno__1984,"La lutte contre l'Etat et autres écrits, 1925-1932",Nestor Makhno,1934,false,1984,openlibrary,https://openlibrary.org/works/OL2413945W,en,"author death year from Wikidata (Q47900); PD via life+70 rule (death year 1934 + 71 <= 2026), independent of publication year"
organisational-platform-of-the-libertarian-communists__nestor-makhno__unk,Organisational Platform of the Libertarian Communists,Nestor Makhno,1934,false,,openlibrary,https://openlibrary.org/works/OL26908699W,en,"author death year from Wikidata (Q47900); PD via life+70 rule (death year 1934 + 71 <= 2026), independent of publication year; publication year (2022) discarded as implausible (>50 years after author's death, likely a modern reprint/collected edition); needs manual research"
nightmare-tales__helena-blavatsky__unk,Nightmare Tales,Helena Blavatsky,1891,false,,openlibrary,https://openlibrary.org/works/OL29476559W,en,"author death year from Wikidata (Q189454); PD via life+70 rule (death year 1891 + 71 <= 2026), independent of publication year; publication year (2017) discarded as implausible (>50 years after author's death, likely a modern reprint/collected edition); needs manual research"
from-the-caves-and-jungles-of-hindostan__helena-blavatsky__unk,From the Caves and Jungles of Hindostan,Helena Blavatsky,1891,false,,openlibrary,https://openlibrary.org/works/OL40435538W,en,"author death year from Wikidata (Q189454); PD via life+70 rule (death year 1891 + 71 <= 2026), independent of publication year; publication year (2016) discarded as implausible (>50 years after author's death, likely a modern reprint/collected edition); needs manual research"
the-birds-of-america__john-james-audubon__1827,The Birds of America,John James Audubon,1851,false,1827,openlibrary,https://openlibrary.org/works/OL74757W,en,"author death year from Wikidata (Q182882); PD via life+70 rule (death year 1851 + 71 <= 2026), independent of publication year"
viviparous-quadrupeds-of-north-america__john-james-audubon__1845,Viviparous quadrupeds of North America,John James Audubon,1851,false,1845,openlibrary,https://openlibrary.org/works/OL82769W,en,"author death year from Wikidata (Q182882); PD via life+70 rule (death year 1851 + 71 <= 2026), independent of publication year"
audubon-and-his-journals__john-james-audubon__1897,Audubon and his journals,John James Audubon,1851,false,1897,openlibrary,https://openlibrary.org/works/OL82789W,en,"author death year from Wikidata (Q182882); PD via life+70 rule (death year 1851 + 71 <= 2026), independent of publication year"
rimas__gustavo-adolfo-becquer__unk,Rimas,Gustavo Adolfo Bécquer,1870,false,,openlibrary,https://openlibrary.org/works/OL227563W,en,"author death year from Wikidata (Q203715); PD via life+70 rule (death year 1870 + 71 <= 2026), independent of publication year; publication year (1983) discarded as implausible (>50 years after author's death, likely a modern reprint/collected edition); needs manual research"
romantic-legends-of-spain__gustavo-adolfo-becquer__1909,Romantic legends of Spain,Gustavo Adolfo Bécquer,1870,false,1909,openlibrary,https://openlibrary.org/works/OL629339W,en,"author death year from Wikidata (Q203715); PD via life+70 rule (death year 1870 + 71 <= 2026), independent of publication year"
legends-tales-and-poems__gustavo-adolfo-becquer__unk,"Legends, Tales And Poems",Gustavo Adolfo Bécquer,1870,false,,openlibrary,https://openlibrary.org/works/OL227561W,en,"author death year from Wikidata (Q203715); PD via life+70 rule (death year 1870 + 71 <= 2026), independent of publication year; publication year (2004) discarded as implausible (>50 years after author's death, likely a modern reprint/collected edition); needs manual research"
the-duel__aleksandr-kuprin__1961,The Duel,Aleksandr Kuprin,1938,false,1961,openlibrary,https://openlibrary.org/works/OL8730387W,en,"author death year from Wikidata (Q271457); PD via life+70 rule (death year 1938 + 71 <= 2026), independent of publication year"
yama__aleksandr-kuprin__1977,Yama,Aleksandr Kuprin,1938,false,1977,openlibrary,https://openlibrary.org/works/OL8592998W,en,"author death year from Wikidata (Q271457); PD via life+70 rule (death year 1938 + 71 <= 2026), independent of publication year"
slav-soul-and-other-stories__aleksandr-kuprin__unk,"Slav Soul, and Other Stories",Aleksandr Kuprin,1938,false,,openlibrary,https://openlibrary.org/works/OL30184718W,en,"author death year from Wikidata (Q271457); PD via life+70 rule (death year 1938 + 71 <= 2026), independent of publication year; publication year (2019) discarded as implausible (>50 years after author's death, likely a modern reprint/collected edition); needs manual research"
cinq-mars__alfred-de-vigny__1800,Cinq-Mars,Alfred de Vigny,1863,false,1800,openlibrary,https://openlibrary.org/works/OL2238296W,en,"author death year from Wikidata (Q309702); PD via life+70 rule (death year 1863 + 71 <= 2026), independent of publication year"
chatterton__alfred-de-vigny__1835,Chatterton,Alfred de Vigny,1863,false,1835,openlibrary,https://openlibrary.org/works/OL2238295W,en,"author death year from Wikidata (Q309702); PD via life+70 rule (death year 1863 + 71 <= 2026), independent of publication year"
servitude-et-grandeur-militaires__alfred-de-vigny__1800,Servitude et grandeur militaires,Alfred de Vigny,1863,false,1800,openlibrary,https://openlibrary.org/works/OL2238294W,en,"author death year from Wikidata (Q309702); PD via life+70 rule (death year 1863 + 71 <= 2026), independent of publication year"
antonin-artaud__antonin-artaud__1982,Antonin Artaud,Antonin Artaud,1948,false,1982,openlibrary,https://openlibrary.org/works/OL794777W,en,"author death year from Wikidata (Q187166); PD via life+70 rule (death year 1948 + 71 <= 2026), independent of publication year"
cenci__antonin-artaud__1969,Cenci,Antonin Artaud,1948,false,1969,openlibrary,https://openlibrary.org/works/OL794772W,en,"author death year from Wikidata (Q187166); PD via life+70 rule (death year 1948 + 71 <= 2026), independent of publication year"
artaud-on-theatre__antonin-artaud__1989,Artaud on theatre,Antonin Artaud,1948,false,1989,openlibrary,https://openlibrary.org/works/OL794771W,en,"author death year from Wikidata (Q187166); PD via life+70 rule (death year 1948 + 71 <= 2026), independent of publication year"
a-child-s-christmas-in-wales__dylan-thomas__1953,A Child's Christmas in Wales,Dylan Thomas,1953,false,1953,openlibrary,https://openlibrary.org/works/OL1358801W,en,"author death year from Wikidata (Q191023); PD via life+70 rule (death year 1953 + 71 <= 2026), independent of publication year"
collected-poems-1934-1952__dylan-thomas__1952,"Collected Poems, 1934-1952",Dylan Thomas,1953,false,1952,openlibrary,https://openlibrary.org/works/OL18466944W,en,"author death year from Wikidata (Q191023); PD via life+70 rule (death year 1953 + 71 <= 2026), independent of publication year"
under-milk-wood__dylan-thomas__1950,Under Milk Wood,Dylan Thomas,1953,false,1950,openlibrary,https://openlibrary.org/works/OL1358969W,en,"author death year from Wikidata (Q191023); PD via life+70 rule (death year 1953 + 71 <= 2026), independent of publication year"
the-wonderful-wizard-of-oz__l-frank-baum__1899,The Wonderful Wizard of Oz,L. Frank Baum,1919,false,1899,openlibrary,https://openlibrary.org/works/OL18417W,en,"author death year from Wikidata (Q207544); PD via life+70 rule (death year 1919 + 71 <= 2026), independent of publication year"
the-marvelous-land-of-oz__l-frank-baum__1904,The Marvelous Land of Oz,L. Frank Baum,1919,false,1904,openlibrary,https://openlibrary.org/works/OL18396W,en,"author death year from Wikidata (Q207544); PD via life+70 rule (death year 1919 + 71 <= 2026), independent of publication year"
ozma-of-oz__l-frank-baum__1907,Ozma of Oz,L. Frank Baum,1919,false,1907,openlibrary,https://openlibrary.org/works/OL18415W,en,"author death year from Wikidata (Q207544); PD via life+70 rule (death year 1919 + 71 <= 2026), independent of publication year"
annonce-faite-a-marie-l__paul-claudel__1912,"Annonce Faite a Marie, L'",Paul Claudel,1955,false,1912,openlibrary,https://openlibrary.org/works/OL1098844W,en,"author death year from Wikidata (Q295830); PD via life+70 rule (death year 1955 + 71 <= 2026), independent of publication year"
le-soulier-de-satin__paul-claudel__1900,Le soulier de satin,Paul Claudel,1955,false,1900,openlibrary,https://openlibrary.org/works/OL1099166W,en,"author death year from Wikidata (Q295830); PD via life+70 rule (death year 1955 + 71 <= 2026), independent of publication year"
correspondance__paul-claudel__1952,Correspondance,Paul Claudel,1955,false,1952,openlibrary,https://openlibrary.org/works/OL1098874W,en,"author death year from Wikidata (Q295830); PD via life+70 rule (death year 1955 + 71 <= 2026), independent of publication year"
the-collected-works-of-ramana-maharshi__ramana-maharshi__1963,The collected works of Ramana Maharshi,Ramana Maharshi,1950,false,1963,openlibrary,https://openlibrary.org/works/OL328635W,en,"author death year from Wikidata (Q288441); PD via life+70 rule (death year 1950 + 71 <= 2026), independent of publication year"
talks-with-sri-ramana-maharshi__ramana-maharshi__1963,Talks with Sri Ramana Maharshi,Ramana Maharshi,1950,false,1963,openlibrary,https://openlibrary.org/works/OL328634W,en,"author death year from Wikidata (Q288441); PD via life+70 rule (death year 1950 + 71 <= 2026), independent of publication year"
stendhal__leon-blum__1962,STENDHAL,Léon Blum,1950,false,1962,openlibrary,https://openlibrary.org/works/OL39086004W,en,"author death year from Wikidata (Q18434); PD via life+70 rule (death year 1950 + 71 <= 2026), independent of publication year"
a-l-echelle-humaine__leon-blum__1945,A l'échelle humaine,Léon Blum,1950,false,1945,openlibrary,https://openlibrary.org/works/OL1193752W,en,"author death year from Wikidata (Q18434); PD via life+70 rule (death year 1950 + 71 <= 2026), independent of publication year"
du-mariage__leon-blum__1937,Du mariage,Léon Blum,1950,false,1937,openlibrary,https://openlibrary.org/works/OL1193751W,en,"author death year from Wikidata (Q18434); PD via life+70 rule (death year 1950 + 71 <= 2026), independent of publication year"
biographies-of-distinguished-scientific-men__francois-arago__unk,Biographies of Distinguished Scientific Men,François Arago,1853,false,,openlibrary,https://openlibrary.org/works/OL40233362W,en,"author death year from Wikidata (Q154353); PD via life+70 rule (death year 1853 + 71 <= 2026), independent of publication year; publication year (2015) discarded as implausible (>50 years after author's death, likely a modern reprint/collected edition); needs manual research"
on-the-induction-of-electric-currents-on-the-evolution-of-electricity-from-magnetism-on-a-new-electrical-condition-of-matter-on-arago-s-magnetic-phenomena__francois-arago__unk,On the Induction of Electric Currents; on the Evolution of Electricity from Magnetism; on a New Electrical Condition of Matter; on Arago's Magnetic Phenomena,François Arago,1853,false,,openlibrary,https://openlibrary.org/works/OL34132679W,en,"author death year from Wikidata (Q154353); PD via life+70 rule (death year 1853 + 71 <= 2026), independent of publication year; publication year (2021) discarded as implausible (>50 years after author's death, likely a modern reprint/collected edition); needs manual research"
life-of-james-watt__francois-arago__unk,Life of James Watt,François Arago,1853,false,,openlibrary,https://openlibrary.org/works/OL28520282W,en,"author death year from Wikidata (Q154353); PD via life+70 rule (death year 1853 + 71 <= 2026), independent of publication year; publication year (2018) discarded as implausible (>50 years after author's death, likely a modern reprint/collected edition); needs manual research"
notes-as-vice-president-1928-1929__charles-g-dawes__1935,Notes As Vice President 1928 1929,Charles G. Dawes,1951,false,1935,openlibrary,https://openlibrary.org/works/OL34222008W,en,"author death year from Wikidata (Q184565); PD via life+70 rule (death year 1951 + 71 <= 2026), independent of publication year"
banking-system-of-the-united-states-and-its-relation-to-the-money-and-business-of-the-country__charles-g-dawes__unk,Banking System of the United States and Its Relation to the Money and Business of the Country,Charles G. Dawes,1951,false,,openlibrary,https://openlibrary.org/works/OL28472141W,en,"author death year from Wikidata (Q184565); PD via life+70 rule (death year 1951 + 71 <= 2026), independent of publication year; publication year (2018) discarded as implausible (>50 years after author's death, likely a modern reprint/collected edition); needs manual research"
journal-as-ambassador-to-great-britain__charles-g-dawes__unk,Journal As Ambassador To Great Britain,Charles G. Dawes,1951,false,,openlibrary,https://openlibrary.org/works/OL9195250W,en,"author death year from Wikidata (Q184565); PD via life+70 rule (death year 1951 + 71 <= 2026), independent of publication year; publication year (2006) discarded as implausible (>50 years after author's death, likely a modern reprint/collected edition); needs manual research"
briand-speech-competition-final-report-containing-the-french-text-of-the-speech__aristide-briand__1928,"Briand speech competition final report, containing the French text of the speech",Aristide Briand,1932,false,1928,openlibrary,https://openlibrary.org/works/OL43492824W,en,"author death year from Wikidata (Q179888); PD via life+70 rule (death year 1932 + 71 <= 2026), independent of publication year"
report-by-m-briand__aristide-briand__1928,Report by M.Briand,Aristide Briand,1932,false,1928,openlibrary,https://openlibrary.org/works/OL44024566W,en,"author death year from Wikidata (Q179888); PD via life+70 rule (death year 1932 + 71 <= 2026), independent of publication year"
address-delivered-at-geneva-switzerland-september-10-1926__aristide-briand__1926,"Address delivered at Geneva, Switzerland, September 10, 1926",Aristide Briand,1932,false,1926,openlibrary,https://openlibrary.org/works/OL45063785W,en,"author death year from Wikidata (Q179888); PD via life+70 rule (death year 1932 + 71 <= 2026), independent of publication year"
the-papers-of-john-c-calhoun__john-c-calhoun__unk,The papers of John C. Calhoun,John C. Calhoun,1850,false,,openlibrary,https://openlibrary.org/works/OL108377W,en,"author death year from Wikidata (Q207191); PD via life+70 rule (death year 1850 + 71 <= 2026), independent of publication year; publication year (1959) discarded as implausible (>50 years after author's death, likely a modern reprint/collected edition); needs manual research"
disquisition-on-government__john-c-calhoun__1851,Disquisition on government,John C. Calhoun,1850,false,1851,openlibrary,https://openlibrary.org/works/OL108375W,en,"author death year from Wikidata (Q207191); PD via life+70 rule (death year 1850 + 71 <= 2026), independent of publication year"
papers-of-john-c-calhoun__john-c-calhoun__unk,Papers of John C. Calhoun,John C. Calhoun,1850,false,,openlibrary,https://openlibrary.org/works/OL8702116W,en,"author death year from Wikidata (Q207191); PD via life+70 rule (death year 1850 + 71 <= 2026), independent of publication year; publication year (1969) discarded as implausible (>50 years after author's death, likely a modern reprint/collected edition); needs manual research"
culture-and-anarchy-an-essay-in-political-and-social-criticism__matthew-arnold__1869,Culture and anarchy; an essay in political and social criticism,Matthew Arnold,1888,false,1869,openlibrary,https://openlibrary.org/works/OL1336695W,en,"author death year from Wikidata (Q271032); PD via life+70 rule (death year 1888 + 71 <= 2026), independent of publication year"
poems__matthew-arnold__1853,Poems,Matthew Arnold,1888,false,1853,openlibrary,https://openlibrary.org/works/OL1336796W,en,"author death year from Wikidata (Q271032); PD via life+70 rule (death year 1888 + 71 <= 2026), independent of publication year"
essays__matthew-arnold__1865,Essays,Matthew Arnold,1888,false,1865,openlibrary,https://openlibrary.org/works/OL1336795W,en,"author death year from Wikidata (Q271032); PD via life+70 rule (death year 1888 + 71 <= 2026), independent of publication year"
histoire-de-france__jules-michelet__1837,Histoire de France,Jules Michelet,1874,false,1837,openlibrary,https://openlibrary.org/works/OL1262833W,en,"author death year from Wikidata (Q310791); PD via life+70 rule (death year 1874 + 71 <= 2026), independent of publication year"
histoire-de-la-revolution-francaise__jules-michelet__1879,Histoire de la Révolution Française,Jules Michelet,1874,false,1879,openlibrary,https://openlibrary.org/works/OL1262832W,en,"author death year from Wikidata (Q310791); PD via life+70 rule (death year 1874 + 71 <= 2026), independent of publication year"
satanism-and-witchcraft__jules-michelet__unk,Satanism and witchcraft,Jules Michelet,1874,false,,openlibrary,https://openlibrary.org/works/OL1262831W,en,"author death year from Wikidata (Q310791); PD via life+70 rule (death year 1874 + 71 <= 2026), independent of publication year; publication year (1939) discarded as implausible (>50 years after author's death, likely a modern reprint/collected edition); needs manual research"
poil-de-carotte__jules-renard__1894,Poil de carotte,Jules Renard,1910,false,1894,openlibrary,https://openlibrary.org/works/OL1498223W,en,"author death year from Wikidata (Q314987); PD via life+70 rule (death year 1910 + 71 <= 2026), independent of publication year"
histoires-naturelles__jules-renard__1904,Histoires naturelles,Jules Renard,1910,false,1904,openlibrary,https://openlibrary.org/works/OL1498222W,en,"author death year from Wikidata (Q314987); PD via life+70 rule (death year 1910 + 71 <= 2026), independent of publication year"
the-law__frederic-bastiat__unk,The Law,Frédéric Bastiat,1850,false,,openlibrary,https://openlibrary.org/works/OL20173100W,en,"author death year from Wikidata (Q13515); PD via life+70 rule (death year 1850 + 71 <= 2026), independent of publication year; publication year (1950) discarded as implausible (>50 years after author's death, likely a modern reprint/collected edition); needs manual research"
law__frederic-bastiat__1849,Law,Frédéric Bastiat,1850,false,1849,openlibrary,https://openlibrary.org/works/OL39680643W,en,"author death year from Wikidata (Q13515); PD via life+70 rule (death year 1850 + 71 <= 2026), independent of publication year"
la-loi__frederic-bastiat__1850,La loi,Frédéric Bastiat,1850,false,1850,openlibrary,https://openlibrary.org/works/OL2028239W,en,"author death year from Wikidata (Q13515); PD via life+70 rule (death year 1850 + 71 <= 2026), independent of publication year"
tiryns__heinrich-schliemann__1885,Tiryns,Heinrich Schliemann,1890,false,1885,openlibrary,https://openlibrary.org/works/OL1176333W,en,"author death year from Wikidata (Q57106); PD via life+70 rule (death year 1890 + 71 <= 2026), independent of publication year"
trojanische-alterthumer__heinrich-schliemann__1874,Trojanische Alterthümer,Heinrich Schliemann,1890,false,1874,openlibrary,https://openlibrary.org/works/OL1176334W,en,"author death year from Wikidata (Q57106); PD via life+70 rule (death year 1890 + 71 <= 2026), independent of publication year"
troja__heinrich-schliemann__1884,Troja,Heinrich Schliemann,1890,false,1884,openlibrary,https://openlibrary.org/works/OL1176332W,en,"author death year from Wikidata (Q57106); PD via life+70 rule (death year 1890 + 71 <= 2026), independent of publication year"
erinnerungen-eines-soldaten__heinz-guderian__1951,Erinnerungen eines Soldaten,Heinz Guderian,1954,false,1951,openlibrary,https://openlibrary.org/works/OL1294779W,en,"author death year from Wikidata (Q70560); PD via life+70 rule (death year 1954 + 71 <= 2026), independent of publication year"
panzer-leader__heinz-guderian__1952,Panzer leader,Heinz Guderian,1954,false,1952,openlibrary,https://openlibrary.org/works/OL12522951W,en,"author death year from Wikidata (Q70560); PD via life+70 rule (death year 1954 + 71 <= 2026), independent of publication year"
deutsche-geschichte-im-zeitalter-der-reformation__leopold-von-ranke__1844,Deutsche Geschichte im Zeitalter der Reformation,Leopold von Ranke,1886,false,1844,openlibrary,https://openlibrary.org/works/OL37496W,en,"author death year from Wikidata (Q77184); PD via life+70 rule (death year 1886 + 71 <= 2026), independent of publication year"
history-of-the-popes__leopold-von-ranke__1844,History of the Popes,Leopold von Ranke,1886,false,1844,openlibrary,https://openlibrary.org/works/OL37500W,en,"author death year from Wikidata (Q77184); PD via life+70 rule (death year 1886 + 71 <= 2026), independent of publication year"
denkwurdigkeiten-des-staatskanzlers-fursten-von-hardenberg__leopold-von-ranke__unk,Denkwürdigkeiten des Staatskanzlers Fürsten Von Hardenberg,Leopold von Ranke,1886,false,,openlibrary,https://openlibrary.org/works/OL37543394W,en,"author death year from Wikidata (Q77184); PD via life+70 rule (death year 1886 + 71 <= 2026), independent of publication year; publication year (2009) discarded as implausible (>50 years after author's death, likely a modern reprint/collected edition); needs manual research"
die-dritte-walpurgisnacht__karl-kraus__1952,Die dritte Walpurgisnacht,Karl Kraus,1936,false,1952,openlibrary,https://openlibrary.org/works/OL1342639W,en,"author death year from Wikidata (Q44328); PD via life+70 rule (death year 1936 + 71 <= 2026), independent of publication year"
small-animal-fracture-repair__karl-kraus__unk,Small Animal Fracture Repair,Karl Kraus,1936,false,,openlibrary,https://openlibrary.org/works/OL21319258W,en,"author death year from Wikidata (Q44328); PD via life+70 rule (death year 1936 + 71 <= 2026), independent of publication year; publication year (2016) discarded as implausible (>50 years after author's death, likely a modern reprint/collected edition); needs manual research"
die-letzten-tage-der-menschheit__karl-kraus__1919,Die letzten Tage der Menschheit,Karl Kraus,1936,false,1919,openlibrary,https://openlibrary.org/works/OL37408247W,en,"author death year from Wikidata (Q44328); PD via life+70 rule (death year 1936 + 71 <= 2026), independent of publication year"
der-tor-und-der-tod__hugo-von-hofmannsthal__1900,Der Tor und der Tod,Hugo von Hofmannsthal,1929,false,1900,openlibrary,https://openlibrary.org/works/OL752798W,en,"author death year from Wikidata (Q51513); PD via life+70 rule (death year 1929 + 71 <= 2026), independent of publication year"
jedermann__hugo-von-hofmannsthal__1912,Jedermann,Hugo von Hofmannsthal,1929,false,1912,openlibrary,https://openlibrary.org/works/OL752796W,en,"author death year from Wikidata (Q51513); PD via life+70 rule (death year 1929 + 71 <= 2026), independent of publication year"
andreas__hugo-von-hofmannsthal__1936,Andreas,Hugo von Hofmannsthal,1929,false,1936,openlibrary,https://openlibrary.org/works/OL752785W,en,"author death year from Wikidata (Q51513); PD via life+70 rule (death year 1929 + 71 <= 2026), independent of publication year"
selected-philosophical-works-volume-1__georgi-plekhanov__unk,Selected Philosophical Works Volume 1,Georgi Plekhanov,1918,false,,openlibrary,https://openlibrary.org/works/OL34582938W,en,"author death year from Wikidata (Q182905); PD via life+70 rule (death year 1918 + 71 <= 2026), independent of publication year; publication year (1974) discarded as implausible (>50 years after author's death, likely a modern reprint/collected edition); needs manual research"
the-secret-garden__frances-hodgson-burnett__1911,The Secret Garden,Frances Hodgson Burnett,1924,false,1911,openlibrary,https://openlibrary.org/works/OL69612W,en,"author death year from Wikidata (Q276028); PD via life+70 rule (death year 1924 + 71 <= 2026), independent of publication year"
little-lord-fauntleroy__frances-hodgson-burnett__1886,Little Lord Fauntleroy,Frances Hodgson Burnett,1924,false,1886,openlibrary,https://openlibrary.org/works/OL69625W,en,"author death year from Wikidata (Q276028); PD via life+70 rule (death year 1924 + 71 <= 2026), independent of publication year"
a-little-princess__frances-hodgson-burnett__1905,A Little Princess,Frances Hodgson Burnett,1924,false,1905,openlibrary,https://openlibrary.org/works/OL69630W,en,"author death year from Wikidata (Q276028); PD via life+70 rule (death year 1924 + 71 <= 2026), independent of publication year"
ludendorff-s-own-story-august-1914-november-1918__erich-ludendorff__1972,"Ludendorff's Own Story, August 1914-November 1918",Erich Ludendorff,1937,false,1972,openlibrary,https://openlibrary.org/works/OL8608603W,en,"author death year from Wikidata (Q58579); PD via life+70 rule (death year 1937 + 71 <= 2026), independent of publication year"
the-general-staff-and-its-problems-the-history-of-the-relations-between-the-high-command-and-the-german-imperial-government-as-revealed-by-official-documents-volume-2__erich-ludendorff__unk,The General Staff and Its Problems; The History of the Relations Between the High Command and the German Imperial Government as Revealed by Official Documents; Volume 2,Erich Ludendorff,1937,false,,openlibrary,https://openlibrary.org/works/OL24486564W,en,"author death year from Wikidata (Q58579); PD via life+70 rule (death year 1937 + 71 <= 2026), independent of publication year; publication year (2018) discarded as implausible (>50 years after author's death, likely a modern reprint/collected edition); needs manual research"
dona-perfecta__benito-perez-galdos__1886,Doña Perfecta,Benito Pérez Galdós,1920,false,1886,openlibrary,https://openlibrary.org/works/OL815454W,en,"author death year from Wikidata (Q189869); PD via life+70 rule (death year 1920 + 71 <= 2026), independent of publication year"
marianela__benito-perez-galdos__1883,Marianela,Benito Pérez Galdós,1920,false,1883,openlibrary,https://openlibrary.org/works/OL815453W,en,"author death year from Wikidata (Q189869); PD via life+70 rule (death year 1920 + 71 <= 2026), independent of publication year"
nazarin__benito-perez-galdos__1895,Nazaŕin,Benito Pérez Galdós,1920,false,1895,openlibrary,https://openlibrary.org/works/OL815311W,en,"author death year from Wikidata (Q189869); PD via life+70 rule (death year 1920 + 71 <= 2026), independent of publication year"
thirty-years-of-psychical-research__charles-richet__1923,Thirty Years of Psychical Research,Charles Richet,1935,false,1923,openlibrary,https://openlibrary.org/works/OL8521200W,en,"author death year from Wikidata (Q214851); PD via life+70 rule (death year 1935 + 71 <= 2026), independent of publication year"
peace-and-war__charles-richet__1906,Peace and war,Charles Richet,1935,false,1906,openlibrary,https://openlibrary.org/works/OL7895321W,en,"author death year from Wikidata (Q214851); PD via life+70 rule (death year 1935 + 71 <= 2026), independent of publication year"
the-pros-and-cons-of-vivisection__charles-richet__1908,The pros and cons of vivisection,Charles Richet,1935,false,1908,openlibrary,https://openlibrary.org/works/OL24876457W,en,"author death year from Wikidata (Q214851); PD via life+70 rule (death year 1935 + 71 <= 2026), independent of publication year"
die-frau-und-der-sozialismus__august-bebel__1879,Die Frau und der Sozialismus,August Bebel,1913,false,1879,openlibrary,https://openlibrary.org/works/OL819386W,en,"author death year from Wikidata (Q76520); PD via life+70 rule (death year 1913 + 71 <= 2026), independent of publication year"
aus-meinem-leben__august-bebel__1910,Aus meinem Leben,August Bebel,1913,false,1910,openlibrary,https://openlibrary.org/works/OL819420W,en,"author death year from Wikidata (Q76520); PD via life+70 rule (death year 1913 + 71 <= 2026), independent of publication year"
aus-meinem-leben-zweiter-teil__august-bebel__unk,Aus Meinem Leben - Zweiter Teil,August Bebel,1913,false,,openlibrary,https://openlibrary.org/works/OL28161134W,en,"author death year from Wikidata (Q76520); PD via life+70 rule (death year 1913 + 71 <= 2026), independent of publication year; publication year (2013) discarded as implausible (>50 years after author's death, likely a modern reprint/collected edition); needs manual research"
franco-german-war-of-1870-to-1871__helmuth-von-moltke-the-elder__unk,Franco German War of 1870 To 1871,Helmuth von Moltke the Elder,1891,false,,openlibrary,https://openlibrary.org/works/OL41589316W,en,"author death year from Wikidata (Q44205); PD via life+70 rule (death year 1891 + 71 <= 2026), independent of publication year; publication year (2015) discarded as implausible (>50 years after author's death, likely a modern reprint/collected edition); needs manual research"
first-footsteps-in-east-africa__richard-francis-burton__1856,First footsteps in East Africa,Richard Francis Burton,1890,false,1856,openlibrary,https://openlibrary.org/works/OL68668W,en,"author death year from Wikidata (Q125057); PD via life+70 rule (death year 1890 + 71 <= 2026), independent of publication year"
vikram-and-the-vampire__richard-francis-burton__1870,Vikram and the Vampire,Richard Francis Burton,1890,false,1870,openlibrary,https://openlibrary.org/works/OL7989179W,en,"author death year from Wikidata (Q125057); PD via life+70 rule (death year 1890 + 71 <= 2026), independent of publication year"
personal-narrative-of-a-pilgrimage-to-al-madinah-meccah__richard-francis-burton__1893,Personal narrative of a pilgrimage to al-Madinah & Meccah,Richard Francis Burton,1890,false,1893,openlibrary,https://openlibrary.org/works/OL397589W,en,"author death year from Wikidata (Q125057); PD via life+70 rule (death year 1890 + 71 <= 2026), independent of publication year"
the-phenomenon-of-man__pierre-teilhard-de-chardin__1955,The Phenomenon of Man,Pierre Teilhard de Chardin,1955,false,1955,openlibrary,https://openlibrary.org/works/OL459280W,en,"author death year from Wikidata (Q189564); PD via life+70 rule (death year 1955 + 71 <= 2026), independent of publication year"
hymne-de-l-univers__pierre-teilhard-de-chardin__1961,Hymne de l'univers,Pierre Teilhard de Chardin,1955,false,1961,openlibrary,https://openlibrary.org/works/OL459279W,en,"author death year from Wikidata (Q189564); PD via life+70 rule (death year 1955 + 71 <= 2026), independent of publication year"
le-milieu-divin__pierre-teilhard-de-chardin__1957,Le milieu divin,Pierre Teilhard de Chardin,1955,false,1957,openlibrary,https://openlibrary.org/works/OL459281W,en,"author death year from Wikidata (Q189564); PD via life+70 rule (death year 1955 + 71 <= 2026), independent of publication year"
botchan__natsume-soseki__1906,Botchan,Natsume Sōseki,1916,false,1906,openlibrary,https://openlibrary.org/works/OL40789015W,en,"author death year from Wikidata (Q180903); PD via life+70 rule (death year 1916 + 71 <= 2026), independent of publication year"
das-gemeindekind__marie-von-ebner-eschenbach__1893,Das Gemeindekind,Marie von Ebner-Eschenbach,1916,false,1893,openlibrary,https://openlibrary.org/works/OL2138924W,en,"author death year from Wikidata (Q93525); PD via life+70 rule (death year 1916 + 71 <= 2026), independent of publication year"
aphorisms__marie-von-ebner-eschenbach__1883,Aphorisms,Marie von Ebner-Eschenbach,1916,false,1883,openlibrary,https://openlibrary.org/works/OL2138920W,en,"author death year from Wikidata (Q93525); PD via life+70 rule (death year 1916 + 71 <= 2026), independent of publication year"
gemeindekind__marie-von-ebner-eschenbach__unk,Gemeindekind,Marie von Ebner-Eschenbach,1916,false,,openlibrary,https://openlibrary.org/works/OL28432235W,en,"author death year from Wikidata (Q93525); PD via life+70 rule (death year 1916 + 71 <= 2026), independent of publication year; publication year (2012) discarded as implausible (>50 years after author's death, likely a modern reprint/collected edition); needs manual research"
heidi__johanna-spyri__1880,Heidi,Johanna Spyri,1901,false,1880,openlibrary,https://openlibrary.org/works/OL28815175W,en,"author death year from Wikidata (Q123053); PD via life+70 rule (death year 1901 + 71 <= 2026), independent of publication year"
pioneer-work-in-opening-the-medical-profession-to-women__elizabeth-blackwell__unk,Pioneer Work in Opening the Medical Profession to Women,Elizabeth Blackwell,1910,false,,openlibrary,https://openlibrary.org/works/OL20595967W,en,"author death year from Wikidata (Q234572); PD via life+70 rule (death year 1910 + 71 <= 2026), independent of publication year; publication year (2015) discarded as implausible (>50 years after author's death, likely a modern reprint/collected edition); needs manual research"
essays-in-medical-sociology__elizabeth-blackwell__unk,Essays in Medical Sociology,Elizabeth Blackwell,1910,false,,openlibrary,https://openlibrary.org/works/OL28477283W,en,"author death year from Wikidata (Q234572); PD via life+70 rule (death year 1910 + 71 <= 2026), independent of publication year; publication year (2018) discarded as implausible (>50 years after author's death, likely a modern reprint/collected edition); needs manual research"
address-on-the-medical-education-of-women__elizabeth-blackwell__1864,Address on the Medical Education of Women,Elizabeth Blackwell,1910,false,1864,openlibrary,https://openlibrary.org/works/OL17111995W,en,"author death year from Wikidata (Q234572); PD via life+70 rule (death year 1910 + 71 <= 2026), independent of publication year"
erewhon__samuel-butler__1700,Erewhon,Samuel Butler,1902,false,1700,openlibrary,https://openlibrary.org/works/OL22364W,en,"author death year from Wikidata (Q312829); PD via life+70 rule (death year 1902 + 71 <= 2026), independent of publication year"
hudibras__samuel-butler__1662,Hudibras,Samuel Butler,1902,false,1662,openlibrary,https://openlibrary.org/works/OL3159983W,en,"author death year from Wikidata (Q312829); PD via life+70 rule (death year 1902 + 71 <= 2026), independent of publication year"
the-way-of-all-flesh__samuel-butler__1900,The way of all flesh,Samuel Butler,1902,false,1900,openlibrary,https://openlibrary.org/works/OL22372W,en,"author death year from Wikidata (Q312829); PD via life+70 rule (death year 1902 + 71 <= 2026), independent of publication year"
cromwell-communism__eduard-bernstein__1930,Cromwell & communism,Eduard Bernstein,1932,false,1930,openlibrary,https://openlibrary.org/works/OL1454748W,en,"author death year from Wikidata (Q75786); PD via life+70 rule (death year 1932 + 71 <= 2026), independent of publication year"
evolutionary-socialism__eduard-bernstein__1909,Evolutionary socialism,Eduard Bernstein,1932,false,1909,openlibrary,https://openlibrary.org/works/OL1454747W,en,"author death year from Wikidata (Q75786); PD via life+70 rule (death year 1932 + 71 <= 2026), independent of publication year"
ferdinand-lassalle-as-a-social-reformer__eduard-bernstein__unk,Ferdinand Lassalle as a Social Reformer,Eduard Bernstein,1932,false,,openlibrary,https://openlibrary.org/works/OL24387518W,en,"author death year from Wikidata (Q75786); PD via life+70 rule (death year 1932 + 71 <= 2026), independent of publication year; publication year (1985) discarded as implausible (>50 years after author's death, likely a modern reprint/collected edition); needs manual research"
soziale-revolution__karl-kautsky__1902,Soziale Revolution,Karl Kautsky,1938,false,1902,openlibrary,https://openlibrary.org/works/OL1095821W,en,"author death year from Wikidata (Q76586); PD via life+70 rule (death year 1938 + 71 <= 2026), independent of publication year"
terrorismus-und-kommunismus__karl-kautsky__1919,Terrorismus und Kommunismus,Karl Kautsky,1938,false,1919,openlibrary,https://openlibrary.org/works/OL1095802W,en,"author death year from Wikidata (Q76586); PD via life+70 rule (death year 1938 + 71 <= 2026), independent of publication year"
thomas-more-and-his-utopia__karl-kautsky__1927,Thomas More and his Utopia,Karl Kautsky,1938,false,1927,openlibrary,https://openlibrary.org/works/OL1095819W,en,"author death year from Wikidata (Q76586); PD via life+70 rule (death year 1938 + 71 <= 2026), independent of publication year"
apologia-pro-vita-sua__john-henry-newman__1860,Apologia pro vita sua,John Henry Newman,1890,false,1860,openlibrary,https://openlibrary.org/works/OL1144827W,en,"author death year from Wikidata (Q44490); PD via life+70 rule (death year 1890 + 71 <= 2026), independent of publication year"
the-idea-of-a-university__john-henry-newman__1873,The idea of a university,John Henry Newman,1890,false,1873,openlibrary,https://openlibrary.org/works/OL1144814W,en,"author death year from Wikidata (Q44490); PD via life+70 rule (death year 1890 + 71 <= 2026), independent of publication year"
hawaii-s-story-by-hawaii-s-queen__liliuokalani__unk,Hawaii's Story by Hawaii's Queen,Liliʻuokalani,1917,false,,openlibrary,https://openlibrary.org/works/OL41381124W,en,"author death year from Wikidata (Q107288); PD via life+70 rule (death year 1917 + 71 <= 2026), independent of publication year; publication year (2016) discarded as implausible (>50 years after author's death, likely a modern reprint/collected edition); needs manual research"
creation-of-the-world-according-to-hawaiian-tradition__liliuokalani__unk,Creation of the World According to Hawaiian Tradition,Liliʻuokalani,1917,false,,openlibrary,https://openlibrary.org/works/OL40414504W,en,"author death year from Wikidata (Q107288); PD via life+70 rule (death year 1917 + 71 <= 2026), independent of publication year; publication year (2015) discarded as implausible (>50 years after author's death, likely a modern reprint/collected edition); needs manual research"
ten-days-in-a-mad-house__nellie-bly__1905,Ten days in a mad-house,Nellie Bly,1922,false,1905,openlibrary,https://openlibrary.org/works/OL16915826W,en,"author death year from Wikidata (Q230299); PD via life+70 rule (death year 1922 + 71 <= 2026), independent of publication year"
around-the-world-in-seventy-two-days__nellie-bly__unk,Around the World in Seventy-Two Days,Nellie Bly,1922,false,,openlibrary,https://openlibrary.org/works/OL40270193W,en,"author death year from Wikidata (Q230299); PD via life+70 rule (death year 1922 + 71 <= 2026), independent of publication year; publication year (2015) discarded as implausible (>50 years after author's death, likely a modern reprint/collected edition); needs manual research"
bliss-and-other-stories__katherine-mansfield__1900,"Bliss, and other stories",Katherine Mansfield,1923,false,1900,openlibrary,https://openlibrary.org/works/OL788028W,en,"author death year from Wikidata (Q270632); PD via life+70 rule (death year 1923 + 71 <= 2026), independent of publication year"
in-a-german-pension__katherine-mansfield__1911,In a German Pension,Katherine Mansfield,1923,false,1911,openlibrary,https://openlibrary.org/works/OL788067W,en,"author death year from Wikidata (Q270632); PD via life+70 rule (death year 1923 + 71 <= 2026), independent of publication year"
the-garden-party-and-other-stories__katherine-mansfield__1922,The Garden Party and other stories,Katherine Mansfield,1923,false,1922,openlibrary,https://openlibrary.org/works/OL788054W,en,"author death year from Wikidata (Q270632); PD via life+70 rule (death year 1923 + 71 <= 2026), independent of publication year"
the-moonstone__wilkie-collins__1800,The Moonstone,Wilkie Collins,1889,false,1800,openlibrary,https://openlibrary.org/works/OL176092W,en,"author death year from Wikidata (Q210740); PD via life+70 rule (death year 1889 + 71 <= 2026), independent of publication year"
the-woman-in-white__wilkie-collins__1859,The Woman in White,Wilkie Collins,1889,false,1859,openlibrary,https://openlibrary.org/works/OL176045W,en,"author death year from Wikidata (Q210740); PD via life+70 rule (death year 1889 + 71 <= 2026), independent of publication year"
poesias-completas__antonio-machado__1917,Poesías completas,Antonio Machado,1939,false,1917,openlibrary,https://openlibrary.org/works/OL1344055W,en,"author death year from Wikidata (Q243771); PD via life+70 rule (death year 1939 + 71 <= 2026), independent of publication year"
campos-de-castilla__antonio-machado__1912,Campos de Castilla,Antonio Machado,1939,false,1912,openlibrary,https://openlibrary.org/works/OL1344024W,en,"author death year from Wikidata (Q243771); PD via life+70 rule (death year 1939 + 71 <= 2026), independent of publication year"
juan-de-mairena__antonio-machado__1936,Juan de Mairena,Antonio Machado,1939,false,1936,openlibrary,https://openlibrary.org/works/OL1344036W,en,"author death year from Wikidata (Q243771); PD via life+70 rule (death year 1939 + 71 <= 2026), independent of publication year"
pod-igoto-under-the-yoke__ivan-vazov__1912,Pod igoto  ( Under  the  yoke  ),Ivan Vazov,1921,false,1912,openlibrary,https://openlibrary.org/works/OL9126441W,en,"author death year from Wikidata (Q310630); PD via life+70 rule (death year 1921 + 71 <= 2026), independent of publication year"
winnetou__karl-may__1893,Winnetou,Karl May,1912,false,1893,openlibrary,https://openlibrary.org/works/OL83012W,en,"author death year from Wikidata (Q22714); PD via life+70 rule (death year 1912 + 71 <= 2026), independent of publication year"
durchs-wilde-kurdistan__karl-may__1949,Durchs wilde Kurdistan,Karl May,1912,false,1949,openlibrary,https://openlibrary.org/works/OL83009W,en,"author death year from Wikidata (Q22714); PD via life+70 rule (death year 1912 + 71 <= 2026), independent of publication year"
von-bagdad-nach-stambul__karl-may__1882,Von Bagdad nach Stambul,Karl May,1912,false,1882,openlibrary,https://openlibrary.org/works/OL83011W,en,"author death year from Wikidata (Q22714); PD via life+70 rule (death year 1912 + 71 <= 2026), independent of publication year"
short-stories__isaak-babel__1927,Short stories,Isaak Babel,1940,false,1927,openlibrary,https://openlibrary.org/works/OL620715W,en,"author death year from Wikidata (Q49080); PD via life+70 rule (death year 1940 + 71 <= 2026), independent of publication year"
konarmiia__isaak-babel__1927,Konarmii͡a︡,Isaak Babel,1940,false,1927,openlibrary,https://openlibrary.org/works/OL620716W,en,"author death year from Wikidata (Q49080); PD via life+70 rule (death year 1940 + 71 <= 2026), independent of publication year"
chetyre-rasskaza__isaak-babel__1981,Chetyre rasskaza,Isaak Babel,1940,false,1981,openlibrary,https://openlibrary.org/works/OL15392089W,en,"author death year from Wikidata (Q49080); PD via life+70 rule (death year 1940 + 71 <= 2026), independent of publication year"
aubes__emile-verhaeren__1898,Aubes,Emile Verhaeren,1916,false,1898,openlibrary,https://openlibrary.org/works/OL76732W,en,"author death year from Wikidata (Q193680); PD via life+70 rule (death year 1916 + 71 <= 2026), independent of publication year"
james-ensor__emile-verhaeren__1908,James Ensor,Emile Verhaeren,1916,false,1908,openlibrary,https://openlibrary.org/works/OL76736W,en,"author death year from Wikidata (Q193680); PD via life+70 rule (death year 1916 + 71 <= 2026), independent of publication year"
belgium-s-agony__emile-verhaeren__1915,Belgium's agony,Emile Verhaeren,1916,false,1915,openlibrary,https://openlibrary.org/works/OL76733W,en,"author death year from Wikidata (Q193680); PD via life+70 rule (death year 1916 + 71 <= 2026), independent of publication year"
direr__vuk-karadzic__unk,DIRER,Vuk Karadžić,1864,false,,openlibrary,https://openlibrary.org/works/OL43181954W,en,"author death year from Wikidata (Q202815); PD via life+70 rule (death year 1864 + 71 <= 2026), independent of publication year; publication year (1977) discarded as implausible (>50 years after author's death, likely a modern reprint/collected edition); needs manual research"
the-gentle-art-of-making-enemies__james-mcneill-whistler__1890,The gentle art of making enemies,James McNeill Whistler,1903,false,1890,openlibrary,https://openlibrary.org/works/OL653119W,en,"author death year from Wikidata (Q203643); PD via life+70 rule (death year 1903 + 71 <= 2026), independent of publication year"
james-mcneill-whistler__james-mcneill-whistler__1924,James McNeill Whistler,James McNeill Whistler,1903,false,1924,openlibrary,https://openlibrary.org/works/OL653117W,en,"author death year from Wikidata (Q203643); PD via life+70 rule (death year 1903 + 71 <= 2026), independent of publication year"
ten-o-clock__james-mcneill-whistler__1885,Ten o'clock,James McNeill Whistler,1903,false,1885,openlibrary,https://openlibrary.org/works/OL653118W,en,"author death year from Wikidata (Q203643); PD via life+70 rule (death year 1903 + 71 <= 2026), independent of publication year"
king-solomon-s-mines__h-rider-haggard__1876,King Solomon's Mines,H. Rider Haggard,1925,false,1876,openlibrary,https://openlibrary.org/works/OL17448W,en,"author death year from Wikidata (Q237196); PD via life+70 rule (death year 1925 + 71 <= 2026), independent of publication year"
she__h-rider-haggard__1886,She,H. Rider Haggard,1925,false,1886,openlibrary,https://openlibrary.org/works/OL17453W,en,"author death year from Wikidata (Q237196); PD via life+70 rule (death year 1925 + 71 <= 2026), independent of publication year"
allan-quatermain__h-rider-haggard__1887,Allan Quatermain,H. Rider Haggard,1925,false,1887,openlibrary,https://openlibrary.org/works/OL17465W,en,"author death year from Wikidata (Q237196); PD via life+70 rule (death year 1925 + 71 <= 2026), independent of publication year"
cuore__edmondo-de-amicis__1828,Cuore,Edmondo de Amicis,1908,false,1828,openlibrary,https://openlibrary.org/works/OL863013W,en,"author death year from Wikidata (Q240576); PD via life+70 rule (death year 1908 + 71 <= 2026), independent of publication year"
costantinopoli__edmondo-de-amicis__1878,Costantinopoli,Edmondo de Amicis,1908,false,1878,openlibrary,https://openlibrary.org/works/OL863012W,en,"author death year from Wikidata (Q240576); PD via life+70 rule (death year 1908 + 71 <= 2026), independent of publication year"
olanda__edmondo-de-amicis__1876,Olanda,Edmondo de Amicis,1908,false,1876,openlibrary,https://openlibrary.org/works/OL863011W,en,"author death year from Wikidata (Q240576); PD via life+70 rule (death year 1908 + 71 <= 2026), independent of publication year"
tale-of-the-armament-of-igor__vasily-zhukovsky__unk,Tale of the Armament of Igor,Vasily Zhukovsky,1852,false,,openlibrary,https://openlibrary.org/works/OL40956849W,en,"author death year from Wikidata (Q157623); PD via life+70 rule (death year 1852 + 71 <= 2026), independent of publication year; publication year (2016) discarded as implausible (>50 years after author's death, likely a modern reprint/collected edition); needs manual research"
divan-of-zafar__bahadur-shah-zafar__unk,Divan of Zafar,Bahadur Shah Zafar,1862,false,,openlibrary,https://openlibrary.org/works/OL29923165W,en,"author death year from Wikidata (Q127369); PD via life+70 rule (death year 1862 + 71 <= 2026), independent of publication year; publication year (2019) discarded as implausible (>50 years after author's death, likely a modern reprint/collected edition); needs manual research"
anne-of-green-gables__lucy-maud-montgomery__1908,Anne of Green Gables,Lucy Maud Montgomery,1942,false,1908,openlibrary,https://openlibrary.org/works/OL77746W,en,"author death year from Wikidata (Q273034); PD via life+70 rule (death year 1942 + 71 <= 2026), independent of publication year"
anne-s-house-of-dreams__lucy-maud-montgomery__1917,Anne's House of Dreams,Lucy Maud Montgomery,1942,false,1917,openlibrary,https://openlibrary.org/works/OL77764W,en,"author death year from Wikidata (Q273034); PD via life+70 rule (death year 1942 + 71 <= 2026), independent of publication year"
anne-of-avonlea__lucy-maud-montgomery__1909,Anne of Avonlea,Lucy Maud Montgomery,1942,false,1909,openlibrary,https://openlibrary.org/works/OL77744W,en,"author death year from Wikidata (Q273034); PD via life+70 rule (death year 1942 + 71 <= 2026), independent of publication year"
gants-tevye-der-milkhiger__sholem-aleichem__1921,Gants Ṭevye der milkhiger,Sholem Aleichem,1916,false,1921,openlibrary,https://openlibrary.org/works/OL1401583W,en,"author death year from Wikidata (Q238090); PD via life+70 rule (death year 1916 + 71 <= 2026), independent of publication year"
short-stories__sholem-aleichem__1948,Short stories,Sholem Aleichem,1916,false,1948,openlibrary,https://openlibrary.org/works/OL1401743W,en,"author death year from Wikidata (Q238090); PD via life+70 rule (death year 1916 + 71 <= 2026), independent of publication year"
blondzshendike-shtern__sholem-aleichem__1912,Blondzshẹndiḳe shṭern,Sholem Aleichem,1916,false,1912,openlibrary,https://openlibrary.org/works/OL1401538W,en,"author death year from Wikidata (Q238090); PD via life+70 rule (death year 1916 + 71 <= 2026), independent of publication year"
cocina-futurista-la-una-comida-que-evito-el-suicidio__filippo-tommaso-marinetti__1932,"Cocina Futurista, La - Una Comida Que Evito El Suicidio",Filippo Tommaso Marinetti,1944,false,1932,openlibrary,https://openlibrary.org/works/OL691433W,en,"author death year from Wikidata (Q216582); PD via life+70 rule (death year 1944 + 71 <= 2026), independent of publication year"
matarka-the-futurist__filippo-tommaso-marinetti__1909,Matarka the Futurist,Filippo Tommaso Marinetti,1944,false,1909,openlibrary,https://openlibrary.org/works/OL691458W,en,"author death year from Wikidata (Q216582); PD via life+70 rule (death year 1944 + 71 <= 2026), independent of publication year"
charm-of-egypt__filippo-tommaso-marinetti__unk,Charm of Egypt,Filippo Tommaso Marinetti,1944,false,,openlibrary,https://openlibrary.org/works/OL25457702W,en,"author death year from Wikidata (Q216582); PD via life+70 rule (death year 1944 + 71 <= 2026), independent of publication year; publication year (2020) discarded as implausible (>50 years after author's death, likely a modern reprint/collected edition); needs manual research"
satan-s-diary__leonid-andreyev__1920,Satan's diary,Leonid Andreyev,1919,false,1920,openlibrary,https://openlibrary.org/works/OL721994W,en,"author death year from Wikidata (Q310866); PD via life+70 rule (death year 1919 + 71 <= 2026), independent of publication year"
crushed-flower-and-other-stories__leonid-andreyev__1816,"Crushed Flower, and Other Stories",Leonid Andreyev,1919,false,1816,openlibrary,https://openlibrary.org/works/OL37683794W,en,"author death year from Wikidata (Q310866); PD via life+70 rule (death year 1919 + 71 <= 2026), independent of publication year"
the-seven-who-were-hanged__leonid-andreyev__unk,The Seven Who Were Hanged,Leonid Andreyev,1919,false,,openlibrary,https://openlibrary.org/works/OL24147461W,en,"author death year from Wikidata (Q310866); PD via life+70 rule (death year 1919 + 71 <= 2026), independent of publication year; publication year (2014) discarded as implausible (>50 years after author's death, likely a modern reprint/collected edition); needs manual research"
radetzkymarsch__joseph-roth__1932,Radetzkymarsch,Joseph Roth,1939,false,1932,openlibrary,https://openlibrary.org/works/OL466942W,en,"author death year from Wikidata (Q78509); PD via life+70 rule (death year 1939 + 71 <= 2026), independent of publication year"
hiob__joseph-roth__1930,Hiob,Joseph Roth,1939,false,1930,openlibrary,https://openlibrary.org/works/OL466936W,en,"author death year from Wikidata (Q78509); PD via life+70 rule (death year 1939 + 71 <= 2026), independent of publication year"
die-kapuzinergruft-roman__joseph-roth__1938,Die Kapuzinergruft. Roman,Joseph Roth,1939,false,1938,openlibrary,https://openlibrary.org/works/OL466920W,en,"author death year from Wikidata (Q78509); PD via life+70 rule (death year 1939 + 71 <= 2026), independent of publication year"
franz-von-sickingen__ferdinand-lassalle__1880,Franz von Sickingen,Ferdinand Lassalle,1864,false,1880,openlibrary,https://openlibrary.org/works/OL11111002W,en,"author death year from Wikidata (Q75784); PD via life+70 rule (death year 1864 + 71 <= 2026), independent of publication year"
working-man-s-programme__ferdinand-lassalle__unk,Working Man's Programme,Ferdinand Lassalle,1864,false,,openlibrary,https://openlibrary.org/works/OL28489772W,en,"author death year from Wikidata (Q75784); PD via life+70 rule (death year 1864 + 71 <= 2026), independent of publication year; publication year (2018) discarded as implausible (>50 years after author's death, likely a modern reprint/collected edition); needs manual research"
the-working-man-s-programme__ferdinand-lassalle__1884,The working man's programme,Ferdinand Lassalle,1864,false,1884,openlibrary,https://openlibrary.org/works/OL1105413W,en,"author death year from Wikidata (Q75784); PD via life+70 rule (death year 1864 + 71 <= 2026), independent of publication year"
the-golden-bough__james-george-frazer__1890,The Golden Bough,James George Frazer,1941,false,1890,openlibrary,https://openlibrary.org/works/OL1159648W,en,"author death year from Wikidata (Q151936); PD via life+70 rule (death year 1941 + 71 <= 2026), independent of publication year"
description-of-greece__james-george-frazer__1613,Description of Greece,James George Frazer,1941,false,1613,openlibrary,https://openlibrary.org/works/OL3401088W,en,"author death year from Wikidata (Q151936); PD via life+70 rule (death year 1941 + 71 <= 2026), independent of publication year"
folk-lore-in-the-old-testament__james-george-frazer__1907,Folk-lore in the Old Testament,James George Frazer,1941,false,1907,openlibrary,https://openlibrary.org/works/OL1159647W,en,"author death year from Wikidata (Q151936); PD via life+70 rule (death year 1941 + 71 <= 2026), independent of publication year"
povidky-malostranske__jan-neruda__1878,Povídky malostranské,Jan Neruda,1891,false,1878,openlibrary,https://openlibrary.org/works/OL775738W,en,"author death year from Wikidata (Q156321); PD via life+70 rule (death year 1891 + 71 <= 2026), independent of publication year"
the-dracula-book-of-great-vampire-stories__jan-neruda__unk,The Dracula Book of Great Vampire Stories,Jan Neruda,1891,false,,openlibrary,https://openlibrary.org/works/OL6469892W,en,"author death year from Wikidata (Q156321); PD via life+70 rule (death year 1891 + 71 <= 2026), independent of publication year; publication year (1977) discarded as implausible (>50 years after author's death, likely a modern reprint/collected edition); needs manual research"
the-vampire-archives__jan-neruda__unk,The Vampire Archives,Jan Neruda,1891,false,,openlibrary,https://openlibrary.org/works/OL16708011W,en,"author death year from Wikidata (Q156321); PD via life+70 rule (death year 1891 + 71 <= 2026), independent of publication year; publication year (2009) discarded as implausible (>50 years after author's death, likely a modern reprint/collected edition); needs manual research"
max-und-moritz__wilhelm-busch__1865,Max und Moritz,Wilhelm Busch,1908,false,1865,openlibrary,https://openlibrary.org/works/OL805278W,en,"author death year from Wikidata (Q109540); PD via life+70 rule (death year 1908 + 71 <= 2026), independent of publication year"
buzz-a-buzz__wilhelm-busch__unk,Buzz a Buzz,Wilhelm Busch,1908,false,,openlibrary,https://openlibrary.org/works/OL29868257W,en,"author death year from Wikidata (Q109540); PD via life+70 rule (death year 1908 + 71 <= 2026), independent of publication year; publication year (2019) discarded as implausible (>50 years after author's death, likely a modern reprint/collected edition); needs manual research"
plish-and-plum__wilhelm-busch__unk,Plish and Plum,Wilhelm Busch,1908,false,,openlibrary,https://openlibrary.org/works/OL29774794W,en,"author death year from Wikidata (Q109540); PD via life+70 rule (death year 1908 + 71 <= 2026), independent of publication year; publication year (2019) discarded as implausible (>50 years after author's death, likely a modern reprint/collected edition); needs manual research"
winesburg-ohio__sherwood-anderson__1919,"Winesburg, Ohio",Sherwood Anderson,1941,false,1919,openlibrary,https://openlibrary.org/works/OL15212580W,en,"author death year from Wikidata (Q233898); PD via life+70 rule (death year 1941 + 71 <= 2026), independent of publication year"
cyrano-de-bergerac__edmond-rostand__1821,Cyrano de Bergerac,Edmond Rostand,1918,false,1821,openlibrary,https://openlibrary.org/works/OL551668W,en,"author death year from Wikidata (Q202749); PD via life+70 rule (death year 1918 + 71 <= 2026), independent of publication year"
the-golden-threshold__sarojini-naidu__1905,The golden threshold,Sarojini Naidu,1949,false,1905,openlibrary,https://openlibrary.org/works/OL1759910W,en,"author death year from Wikidata (Q250165); PD via life+70 rule (death year 1949 + 71 <= 2026), independent of publication year"
the-bird-of-time__sarojini-naidu__1912,The bird of time,Sarojini Naidu,1949,false,1912,openlibrary,https://openlibrary.org/works/OL1759907W,en,"author death year from Wikidata (Q250165); PD via life+70 rule (death year 1949 + 71 <= 2026), independent of publication year"
the-sceptered-flute__sarojini-naidu__1928,The sceptered flute,Sarojini Naidu,1949,false,1928,openlibrary,https://openlibrary.org/works/OL1759903W,en,"author death year from Wikidata (Q250165); PD via life+70 rule (death year 1949 + 71 <= 2026), independent of publication year"
memorias-postumas-de-bras-cubas__machado-de-assis__1881,Memórias póstumas de Brás Cubas,Machado de Assis,1908,false,1881,openlibrary,https://openlibrary.org/works/OL1003017W,en,"author death year from Wikidata (Q311145); PD via life+70 rule (death year 1908 + 71 <= 2026), independent of publication year"
dom-casmurro__machado-de-assis__1900,Dom Casmurro,Machado de Assis,1908,false,1900,openlibrary,https://openlibrary.org/works/OL1003040W,en,"author death year from Wikidata (Q311145); PD via life+70 rule (death year 1908 + 71 <= 2026), independent of publication year"
quincas-borba__machado-de-assis__1899,Quincas Borba,Machado de Assis,1908,false,1899,openlibrary,https://openlibrary.org/works/OL1003079W,en,"author death year from Wikidata (Q311145); PD via life+70 rule (death year 1908 + 71 <= 2026), independent of publication year"
works__ilia-chavchavadze__unk,Works,Ilia Chavchavadze,1907,false,,openlibrary,https://openlibrary.org/works/OL16199866W,en,"author death year from Wikidata (Q333411); PD via life+70 rule (death year 1907 + 71 <= 2026), independent of publication year; publication year (1987) discarded as implausible (>50 years after author's death, likely a modern reprint/collected edition); needs manual research"
venus-in-furs__leopold-von-sacher-masoch__unk,Venus in Furs,Leopold von Sacher-Masoch,1895,false,,openlibrary,https://openlibrary.org/works/OL39676507W,en,"author death year from Wikidata (Q78474); PD via life+70 rule (death year 1895 + 71 <= 2026), independent of publication year; publication year (2009) discarded as implausible (>50 years after author's death, likely a modern reprint/collected edition); needs manual research"
the-soul-of-the-far-east__percival-lowell__1888,The Soul of the Far East,Percival Lowell,1916,false,1888,openlibrary,https://openlibrary.org/works/OL4442257W,en,"author death year from Wikidata (Q218575); PD via life+70 rule (death year 1916 + 71 <= 2026), independent of publication year"
occult-japan__percival-lowell__1894,Occult Japan,Percival Lowell,1916,false,1894,openlibrary,https://openlibrary.org/works/OL4442245W,en,"author death year from Wikidata (Q218575); PD via life+70 rule (death year 1916 + 71 <= 2026), independent of publication year"
mars__percival-lowell__1895,Mars,Percival Lowell,1916,false,1895,openlibrary,https://openlibrary.org/works/OL4442244W,en,"author death year from Wikidata (Q218575); PD via life+70 rule (death year 1916 + 71 <= 2026), independent of publication year"
poems__cesar-vallejo__1962,Poems,César Vallejo,1938,false,1962,openlibrary,https://openlibrary.org/works/OL990924W,en,"author death year from Wikidata (Q222744); PD via life+70 rule (death year 1938 + 71 <= 2026), independent of publication year"
heraldos-negros__cesar-vallejo__1959,Heraldos negros,César Vallejo,1938,false,1959,openlibrary,https://openlibrary.org/works/OL990923W,en,"author death year from Wikidata (Q222744); PD via life+70 rule (death year 1938 + 71 <= 2026), independent of publication year"
trilce__cesar-vallejo__1922,Trilce,César Vallejo,1938,false,1922,openlibrary,https://openlibrary.org/works/OL990922W,en,"author death year from Wikidata (Q222744); PD via life+70 rule (death year 1938 + 71 <= 2026), independent of publication year"
no-one-knows__osamu-dazai__unk,No One Knows,Osamu Dazai,1948,false,,openlibrary,https://openlibrary.org/works/OL42414144W,en,"author death year from Wikidata (Q317685); PD via life+70 rule (death year 1948 + 71 <= 2026), independent of publication year; publication year (2025) discarded as implausible (>50 years after author's death, likely a modern reprint/collected edition); needs manual research"
obras-maestras-del-japon-tomo-i__osamu-dazai__unk,Obras maestras del Japón Tomo I,Osamu Dazai,1948,false,,openlibrary,https://openlibrary.org/works/OL44590620W,en,"author death year from Wikidata (Q317685); PD via life+70 rule (death year 1948 + 71 <= 2026), independent of publication year; publication year (2025) discarded as implausible (>50 years after author's death, likely a modern reprint/collected edition); needs manual research"
histoire-de-ma-vie__louise-michel__1906,Histoire de ma vie,Louise Michel,1905,false,1906,openlibrary,https://openlibrary.org/works/OL930953W,en,"author death year from Wikidata (Q216092); PD via life+70 rule (death year 1905 + 71 <= 2026), independent of publication year"
agnes-bernauer__friedrich-hebbel__1911,Agnes Bernauer,Friedrich Hebbel,1863,false,1911,openlibrary,https://openlibrary.org/works/OL974099W,en,"author death year from Wikidata (Q57182); PD via life+70 rule (death year 1863 + 71 <= 2026), independent of publication year"
maria-magdalena__friedrich-hebbel__unk,Maria Magdalena,Friedrich Hebbel,1863,false,,openlibrary,https://openlibrary.org/works/OL974098W,en,"author death year from Wikidata (Q57182); PD via life+70 rule (death year 1863 + 71 <= 2026), independent of publication year; publication year (1944) discarded as implausible (>50 years after author's death, likely a modern reprint/collected edition); needs manual research"
herodes-und-mariamne__friedrich-hebbel__1905,Herodes und Mariamne,Friedrich Hebbel,1863,false,1905,openlibrary,https://openlibrary.org/works/OL974097W,en,"author death year from Wikidata (Q57182); PD via life+70 rule (death year 1863 + 71 <= 2026), independent of publication year"
a-terre-et-en-l-air-memoires-du-geant__nadar__unk,À terre et en l'air - Mémoires du Géant,Nadar,1910,false,,openlibrary,https://openlibrary.org/works/OL24725971W,en,"author death year from Wikidata (Q40116); PD via life+70 rule (death year 1910 + 71 <= 2026), independent of publication year; publication year (2015) discarded as implausible (>50 years after author's death, likely a modern reprint/collected edition); needs manual research"
romeo-und-julia-auf-dem-dorfe__gottfried-keller__1900,Romeo und Julia auf dem Dorfe,Gottfried Keller,1890,false,1900,openlibrary,https://openlibrary.org/works/OL1446215W,en,"author death year from Wikidata (Q122370); PD via life+70 rule (death year 1890 + 71 <= 2026), independent of publication year"
der-grune-heinrich__gottfried-keller__1800,Der grüne Heinrich,Gottfried Keller,1890,false,1800,openlibrary,https://openlibrary.org/works/OL1446214W,en,"author death year from Wikidata (Q122370); PD via life+70 rule (death year 1890 + 71 <= 2026), independent of publication year"
kleider-machen-leute__gottfried-keller__1895,Kleider machen Leute,Gottfried Keller,1890,false,1895,openlibrary,https://openlibrary.org/works/OL1446212W,en,"author death year from Wikidata (Q122370); PD via life+70 rule (death year 1890 + 71 <= 2026), independent of publication year"
robert-capa__robert-capa__1969,Robert Capa,Robert Capa,1954,false,1969,openlibrary,https://openlibrary.org/works/OL103032W,en,"author death year from Wikidata (Q152524); PD via life+70 rule (death year 1954 + 71 <= 2026), independent of publication year"
images-of-war__robert-capa__1964,Images of war,Robert Capa,1954,false,1964,openlibrary,https://openlibrary.org/works/OL103031W,en,"author death year from Wikidata (Q152524); PD via life+70 rule (death year 1954 + 71 <= 2026), independent of publication year"
max-havelaar-of-de-koffijveilingen-der-nederlansche-handelmaatschappij__multatuli__1868,Max Havelaar of de koffijveilingen der Nederlansche handelmaatschappij,Multatuli,1887,false,1868,openlibrary,https://openlibrary.org/works/OL658280W,en,"author death year from Wikidata (Q154211); PD via life+70 rule (death year 1887 + 71 <= 2026), independent of publication year"
max-havelaar__multatuli__1875,Max Havelaar,Multatuli,1887,false,1875,openlibrary,https://openlibrary.org/works/OL38786499W,en,"author death year from Wikidata (Q154211); PD via life+70 rule (death year 1887 + 71 <= 2026), independent of publication year"
duizend-en-eenige-hoofdstukken-over-specialiteiten__multatuli__1871,Duizend-en-eenige hoofdstukken over specialiteiten,Multatuli,1887,false,1871,openlibrary,https://openlibrary.org/works/OL11014982W,en,"author death year from Wikidata (Q154211); PD via life+70 rule (death year 1887 + 71 <= 2026), independent of publication year"
the-history-of-france__francois-guizot__1800,The history of France,François Guizot,1874,false,1800,openlibrary,https://openlibrary.org/works/OL1152635W,en,"author death year from Wikidata (Q157324); PD via life+70 rule (death year 1874 + 71 <= 2026), independent of publication year"
collection-des-memoires-relatifs-a-l-histoire-de-france__francois-guizot__1823,Collection des mémoires relatifs à l'histoire de France,François Guizot,1874,false,1823,openlibrary,https://openlibrary.org/works/OL1152648W,en,"author death year from Wikidata (Q157324); PD via life+70 rule (death year 1874 + 71 <= 2026), independent of publication year"
a-popular-history-of-france-from-the-earliest-times__francois-guizot__unk,A Popular History of France from the Earliest Times,François Guizot,1874,false,,openlibrary,https://openlibrary.org/works/OL8080026W,en,"author death year from Wikidata (Q157324); PD via life+70 rule (death year 1874 + 71 <= 2026), independent of publication year; publication year (2004) discarded as implausible (>50 years after author's death, likely a modern reprint/collected edition); needs manual research"
serious-drama-of-modern-history-how-danish-slesvig-was-lost__fredrik-bajer__unk,Serious Drama of Modern History : How Danish Slesvig Was Lost,Fredrik Bajer,1922,false,,openlibrary,https://openlibrary.org/works/OL28511496W,en,"author death year from Wikidata (Q191016); PD via life+70 rule (death year 1922 + 71 <= 2026), independent of publication year; publication year (2018) discarded as implausible (>50 years after author's death, likely a modern reprint/collected edition); needs manual research"
a-serious-drama-of-modern-history__fredrik-bajer__1897,A serious drama of modern history,Fredrik Bajer,1922,false,1897,openlibrary,https://openlibrary.org/works/OL7897640W,en,"author death year from Wikidata (Q191016); PD via life+70 rule (death year 1922 + 71 <= 2026), independent of publication year"
plays__alexander-ostrovsky__unk,Plays,Alexander Ostrovsky,1886,false,,openlibrary,https://openlibrary.org/works/OL20345804W,en,"author death year from Wikidata (Q171976); PD via life+70 rule (death year 1886 + 71 <= 2026), independent of publication year; publication year (1974) discarded as implausible (>50 years after author's death, likely a modern reprint/collected edition); needs manual research"
the-storm__alexander-ostrovsky__unk,The Storm,Alexander Ostrovsky,1886,false,,openlibrary,https://openlibrary.org/works/OL8589252W,en,"author death year from Wikidata (Q171976); PD via life+70 rule (death year 1886 + 71 <= 2026), independent of publication year; publication year (1988) discarded as implausible (>50 years after author's death, likely a modern reprint/collected edition); needs manual research"
larisa-and-the-merchants__alexander-ostrovsky__unk,Larisa and the Merchants,Alexander Ostrovsky,1886,false,,openlibrary,https://openlibrary.org/works/OL17473617W,en,"author death year from Wikidata (Q171976); PD via life+70 rule (death year 1886 + 71 <= 2026), independent of publication year; publication year (2013) discarded as implausible (>50 years after author's death, likely a modern reprint/collected edition); needs manual research"
the-bible-in-spain__manuel-azana__1842,The Bible in Spain,Manuel Azaña,1940,false,1842,openlibrary,https://openlibrary.org/works/OL244674W,en,"author death year from Wikidata (Q203708); PD via life+70 rule (death year 1940 + 71 <= 2026), independent of publication year"
la-velada-en-benicarlo__manuel-azana__1939,La velada en Benicarló,Manuel Azaña,1940,false,1939,openlibrary,https://openlibrary.org/works/OL1430242W,en,"author death year from Wikidata (Q203708); PD via life+70 rule (death year 1940 + 71 <= 2026), independent of publication year"
speech-delivered-by-don-manuel-azana-president-of-the-spanish-republic-in-barcelona-city-hall-on-july-18-1938__manuel-azana__1938,"Speech delivered by Don Manuel Azaña, President of the Spanish Republic, in Barcelona City Hall on July 18 1938",Manuel Azaña,1940,false,1938,openlibrary,https://openlibrary.org/works/OL1430248W,en,"author death year from Wikidata (Q203708); PD via life+70 rule (death year 1940 + 71 <= 2026), independent of publication year"
the-red-badge-of-courage__stephen-crane__1855,The Red Badge of Courage,Stephen Crane,1900,false,1855,openlibrary,https://openlibrary.org/works/OL20844W,en,"author death year from Wikidata (Q206534); PD via life+70 rule (death year 1900 + 71 <= 2026), independent of publication year"
maggie-a-girl-of-the-streets__stephen-crane__1893,"Maggie, a girl of the streets",Stephen Crane,1900,false,1893,openlibrary,https://openlibrary.org/works/OL20839W,en,"author death year from Wikidata (Q206534); PD via life+70 rule (death year 1900 + 71 <= 2026), independent of publication year"
the-revolution-in-mexico__francisco-i-madero__1911,The revolution in Mexico,Francisco I. Madero,1913,false,1911,openlibrary,https://openlibrary.org/works/OL43789820W,en,"author death year from Wikidata (Q216766); PD via life+70 rule (death year 1913 + 71 <= 2026), independent of publication year"
the-presidential-succession-of-1910__francisco-i-madero__unk,The presidential succession of 1910,Francisco I. Madero,1913,false,,openlibrary,https://openlibrary.org/works/OL1645799W,en,"author death year from Wikidata (Q216766); PD via life+70 rule (death year 1913 + 71 <= 2026), independent of publication year; publication year (1990) discarded as implausible (>50 years after author's death, likely a modern reprint/collected edition); needs manual research"
blind-musician__vladimir-korolenko__unk,Blind Musician,Vladimir Korolenko,1921,false,,openlibrary,https://openlibrary.org/works/OL27199969W,en,"author death year from Wikidata (Q335064); PD via life+70 rule (death year 1921 + 71 <= 2026), independent of publication year; publication year (2017) discarded as implausible (>50 years after author's death, likely a modern reprint/collected edition); needs manual research"
vagrant-and-other-tales__vladimir-korolenko__unk,Vagrant and Other Tales,Vladimir Korolenko,1921,false,,openlibrary,https://openlibrary.org/works/OL28634193W,en,"author death year from Wikidata (Q335064); PD via life+70 rule (death year 1921 + 71 <= 2026), independent of publication year; publication year (2011) discarded as implausible (>50 years after author's death, likely a modern reprint/collected edition); needs manual research"
makar-s-dream-and-other-stories__vladimir-korolenko__unk,Makar's Dream and Other Stories,Vladimir Korolenko,1921,false,,openlibrary,https://openlibrary.org/works/OL34093143W,en,"author death year from Wikidata (Q335064); PD via life+70 rule (death year 1921 + 71 <= 2026), independent of publication year; publication year (2015) discarded as implausible (>50 years after author's death, likely a modern reprint/collected edition); needs manual research"
das-schachspiel-systematisches-lehrbuch-fur-anfanger-und-geubte__siegbert-tarrasch__1931,Das Schachspiel. Systematisches Lehrbuch für Anfänger und Geübte.,Siegbert Tarrasch,1934,false,1931,openlibrary,https://openlibrary.org/works/OL27998867W,en,"author death year from Wikidata (Q76558); PD via life+70 rule (death year 1934 + 71 <= 2026), independent of publication year"
dreihundert-schachpartieen__siegbert-tarrasch__1895,Dreihundert Schachpartieen,Siegbert Tarrasch,1934,false,1895,openlibrary,https://openlibrary.org/works/OL25316136W,en,"author death year from Wikidata (Q76558); PD via life+70 rule (death year 1934 + 71 <= 2026), independent of publication year"
best-games-of-chess__siegbert-tarrasch__1947,Best games of chess,Siegbert Tarrasch,1934,false,1947,openlibrary,https://openlibrary.org/works/OL3601503W,en,"author death year from Wikidata (Q76558); PD via life+70 rule (death year 1934 + 71 <= 2026), independent of publication year"
abraham-lincoln-and-boston-corbett-with-personal-recollections-of-each__john-wilkes-booth__unk,"Abraham Lincoln and Boston Corbett, with Personal Recollections of Each",John Wilkes Booth,1865,false,,openlibrary,https://openlibrary.org/works/OL34093969W,en,"author death year from Wikidata (Q180914); PD via life+70 rule (death year 1865 + 71 <= 2026), independent of publication year; publication year (2022) discarded as implausible (>50 years after author's death, likely a modern reprint/collected edition); needs manual research"
shakespeare-s-historical-tragedy-of-richard-iii__john-wilkes-booth__1846,Shakespeare's historical tragedy of Richard III,John Wilkes Booth,1865,false,1846,openlibrary,https://openlibrary.org/works/OL43999087W,en,"author death year from Wikidata (Q180914); PD via life+70 rule (death year 1865 + 71 <= 2026), independent of publication year"
wilkes-booth-s-private-confession-of-the-murder-of-president-lincoln-and-his-terrible-oath-of-vengeance__john-wilkes-booth__unk,"Wilkes Booth's Private Confession of the Murder of President Lincoln, and His Terrible Oath of Vengeance",John Wilkes Booth,1865,false,,openlibrary,https://openlibrary.org/works/OL34136179W,en,"author death year from Wikidata (Q180914); PD via life+70 rule (death year 1865 + 71 <= 2026), independent of publication year; publication year (2021) discarded as implausible (>50 years after author's death, likely a modern reprint/collected edition); needs manual research"
kniaz-serebrianyi__aleksey-konstantinovich-tolstoy__1890,Kni︠a︡zʹ Serebri︠a︡nyĭ,Aleksey Konstantinovich Tolstoy,1875,false,1890,openlibrary,https://openlibrary.org/works/OL1580506W,en,"author death year from Wikidata (Q212575); PD via life+70 rule (death year 1875 + 71 <= 2026), independent of publication year"
proekt-postanovki-na-stsenu-tragedii-tsar-fedor-ioannovich__aleksey-konstantinovich-tolstoy__1869,"Proekt postanovki na st︠s︡enu tragedii ""T︠S︡arʹ Ḟedor Ĭoannovich""",Aleksey Konstantinovich Tolstoy,1875,false,1869,openlibrary,https://openlibrary.org/works/OL16790964W,en,"author death year from Wikidata (Q212575); PD via life+70 rule (death year 1875 + 71 <= 2026), independent of publication year"
the-death-of-ivan-the-terrible__aleksey-konstantinovich-tolstoy__1869,The death of Ivan the Terrible,Aleksey Konstantinovich Tolstoy,1875,false,1869,openlibrary,https://openlibrary.org/works/OL1580472W,en,"author death year from Wikidata (Q212575); PD via life+70 rule (death year 1875 + 71 <= 2026), independent of publication year"
astronomy-for-amateurs__camille-flammarion__unk,Astronomy for Amateurs,Camille Flammarion,1925,false,,openlibrary,https://openlibrary.org/works/OL38263516W,en,"author death year from Wikidata (Q295524); PD via life+70 rule (death year 1925 + 71 <= 2026), independent of publication year; publication year (2008) discarded as implausible (>50 years after author's death, likely a modern reprint/collected edition); needs manual research"
astronomie-populaire__camille-flammarion__1880,Astronomie populaire,Camille Flammarion,1925,false,1880,openlibrary,https://openlibrary.org/works/OL1101397W,en,"author death year from Wikidata (Q295524); PD via life+70 rule (death year 1925 + 71 <= 2026), independent of publication year"
uranie__camille-flammarion__unk,Uranie,Camille Flammarion,1925,false,,openlibrary,https://openlibrary.org/works/OL39704238W,en,"author death year from Wikidata (Q295524); PD via life+70 rule (death year 1925 + 71 <= 2026), independent of publication year; publication year (2011) discarded as implausible (>50 years after author's death, likely a modern reprint/collected edition); needs manual research"
up-from-slavery__booker-t-washington__1900,Up from Slavery,Booker T. Washington,1915,false,1900,openlibrary,https://openlibrary.org/works/OL357501W,en,"author death year from Wikidata (Q319871); PD via life+70 rule (death year 1915 + 71 <= 2026), independent of publication year"
my-larger-education__booker-t-washington__1900,My larger education,Booker T. Washington,1915,false,1900,openlibrary,https://openlibrary.org/works/OL357523W,en,"author death year from Wikidata (Q319871); PD via life+70 rule (death year 1915 + 71 <= 2026), independent of publication year"
frederick-douglass__booker-t-washington__1906,Frederick Douglass,Booker T. Washington,1915,false,1906,openlibrary,https://openlibrary.org/works/OL357522W,en,"author death year from Wikidata (Q319871); PD via life+70 rule (death year 1915 + 71 <= 2026), independent of publication year"
la-guerre-de-troie-n-aura-pas-lieu__jean-giraudoux__1935,La guerre de Troie n'aura pas lieu,Jean Giraudoux,1944,false,1935,openlibrary,https://openlibrary.org/works/OL1208130W,en,"author death year from Wikidata (Q309974); PD via life+70 rule (death year 1944 + 71 <= 2026), independent of publication year"
la-folle-de-chaillot__jean-giraudoux__1946,La folle de Chaillot,Jean Giraudoux,1944,false,1946,openlibrary,https://openlibrary.org/works/OL1208129W,en,"author death year from Wikidata (Q309974); PD via life+70 rule (death year 1944 + 71 <= 2026), independent of publication year"
electre__jean-giraudoux__1937,Electre,Jean Giraudoux,1944,false,1937,openlibrary,https://openlibrary.org/works/OL1208128W,en,"author death year from Wikidata (Q309974); PD via life+70 rule (death year 1944 + 71 <= 2026), independent of publication year"
corinne__charles-augustin-sainte-beuve__1786,Corinne,Charles-Augustin Sainte-Beuve,1869,false,1786,openlibrary,https://openlibrary.org/works/OL1743567W,en,"author death year from Wikidata (Q1063392); PD via life+70 rule (death year 1869 + 71 <= 2026), independent of publication year"
causeries-du-lundi__charles-augustin-sainte-beuve__1840,Causeries du lundi,Charles-Augustin Sainte-Beuve,1869,false,1840,openlibrary,https://openlibrary.org/works/OL1329890W,en,"author death year from Wikidata (Q1063392); PD via life+70 rule (death year 1869 + 71 <= 2026), independent of publication year"
volupte__charles-augustin-sainte-beuve__1840,Volupté,Charles-Augustin Sainte-Beuve,1869,false,1840,openlibrary,https://openlibrary.org/works/OL1329891W,en,"author death year from Wikidata (Q1063392); PD via life+70 rule (death year 1869 + 71 <= 2026), independent of publication year"
diary__santa-faustina-kowalska__unk,Diary,Santa Faustina Kowalska,1938,false,,openlibrary,https://openlibrary.org/works/OL8748238W,en,"author death year from Wikidata (Q18978); PD via life+70 rule (death year 1938 + 71 <= 2026), independent of publication year; publication year (2003) discarded as implausible (>50 years after author's death, likely a modern reprint/collected edition); needs manual research"
diary-of-saint-maria-faustina-kowalska__santa-faustina-kowalska__unk,Diary of Saint Maria Faustina Kowalska,Santa Faustina Kowalska,1938,false,,openlibrary,https://openlibrary.org/works/OL8748239W,en,"author death year from Wikidata (Q18978); PD via life+70 rule (death year 1938 + 71 <= 2026), independent of publication year; publication year (2005) discarded as implausible (>50 years after author's death, likely a modern reprint/collected edition); needs manual research"
diario-de-santa-maria-faustina-kowalska__santa-faustina-kowalska__unk,Diario de Santa Maria Faustina Kowalska,Santa Faustina Kowalska,1938,false,,openlibrary,https://openlibrary.org/works/OL8957019W,en,"author death year from Wikidata (Q18978); PD via life+70 rule (death year 1938 + 71 <= 2026), independent of publication year; publication year (2005) discarded as implausible (>50 years after author's death, likely a modern reprint/collected edition); needs manual research"
poems__georg-trakl__1946,Poems,Georg Trakl,1914,false,1946,openlibrary,https://openlibrary.org/works/OL1243409W,en,"author death year from Wikidata (Q78476); PD via life+70 rule (death year 1914 + 71 <= 2026), independent of publication year"
die-dichtungen__georg-trakl__1938,Die Dichtungen,Georg Trakl,1914,false,1938,openlibrary,https://openlibrary.org/works/OL17966954W,en,"author death year from Wikidata (Q78476); PD via life+70 rule (death year 1914 + 71 <= 2026), independent of publication year"
gedichte__georg-trakl__unk,Gedichte,Georg Trakl,1914,false,,openlibrary,https://openlibrary.org/works/OL36054708W,en,"author death year from Wikidata (Q78476); PD via life+70 rule (death year 1914 + 71 <= 2026), independent of publication year; publication year (2013) discarded as implausible (>50 years after author's death, likely a modern reprint/collected edition); needs manual research"
die-vierzig-tage-des-musa-dagh__franz-werfel__1933,Die vierzig Tage des Musa Dagh,Franz Werfel,1945,false,1933,openlibrary,https://openlibrary.org/works/OL1219873W,en,"author death year from Wikidata (Q78514); PD via life+70 rule (death year 1945 + 71 <= 2026), independent of publication year"
das-lied-von-bernadette__franz-werfel__1941,Das Lied von Bernadette,Franz Werfel,1945,false,1941,openlibrary,https://openlibrary.org/works/OL1219874W,en,"author death year from Wikidata (Q78514); PD via life+70 rule (death year 1945 + 71 <= 2026), independent of publication year"
die-geschwister-von-neapel__franz-werfel__1931,Die Geschwister von Neapel,Franz Werfel,1945,false,1931,openlibrary,https://openlibrary.org/works/OL1219869W,en,"author death year from Wikidata (Q78514); PD via life+70 rule (death year 1945 + 71 <= 2026), independent of publication year"
lalka__bolesaw-prus__1890,Lalka,Bolesław Prus,1912,false,1890,openlibrary,https://openlibrary.org/works/OL2852373W,en,"author death year from Wikidata (Q144439); PD via life+70 rule (death year 1912 + 71 <= 2026), independent of publication year"
faraon__bolesaw-prus__1901,Faraon,Bolesław Prus,1912,false,1901,openlibrary,https://openlibrary.org/works/OL10359683W,en,"author death year from Wikidata (Q144439); PD via life+70 rule (death year 1912 + 71 <= 2026), independent of publication year"
pharaoh__bolesaw-prus__unk,Pharaoh,Bolesław Prus,1912,false,,openlibrary,https://openlibrary.org/works/OL8545958W,en,"author death year from Wikidata (Q144439); PD via life+70 rule (death year 1912 + 71 <= 2026), independent of publication year; publication year (1991) discarded as implausible (>50 years after author's death, likely a modern reprint/collected edition); needs manual research"
aim-higher__maximilian-kolbe__unk,Aim higher!,Maximilian Kolbe,1941,false,,openlibrary,https://openlibrary.org/works/OL8674363W,en,"author death year from Wikidata (Q153850); PD via life+70 rule (death year 1941 + 71 <= 2026), independent of publication year; publication year (1994) discarded as implausible (>50 years after author's death, likely a modern reprint/collected edition); needs manual research"
will-to-love__maximilian-kolbe__unk,Will to love,Maximilian Kolbe,1941,false,,openlibrary,https://openlibrary.org/works/OL8674364W,en,"author death year from Wikidata (Q153850); PD via life+70 rule (death year 1941 + 71 <= 2026), independent of publication year; publication year (1998) discarded as implausible (>50 years after author's death, likely a modern reprint/collected edition); needs manual research"
let-yourself-be-led-by-the-immaculate__maximilian-kolbe__unk,Let Yourself Be Led by the Immaculate,Maximilian Kolbe,1941,false,,openlibrary,https://openlibrary.org/works/OL37925507W,en,"author death year from Wikidata (Q153850); PD via life+70 rule (death year 1941 + 71 <= 2026), independent of publication year; publication year (2013) discarded as implausible (>50 years after author's death, likely a modern reprint/collected edition); needs manual research"
journal-d-un-cure-de-campagne__georges-bernanos__1936,Journal d'un curé de campagne,Georges Bernanos,1948,false,1936,openlibrary,https://openlibrary.org/works/OL80356W,en,"author death year from Wikidata (Q315072); PD via life+70 rule (death year 1948 + 71 <= 2026), independent of publication year"
sous-le-soleil-de-satan__georges-bernanos__1926,Sous le soleil de Satan,Georges Bernanos,1948,false,1926,openlibrary,https://openlibrary.org/works/OL80355W,en,"author death year from Wikidata (Q315072); PD via life+70 rule (death year 1948 + 71 <= 2026), independent of publication year"
nouvelle-histoire-de-mouchette__georges-bernanos__1937,Nouvelle histoire de Mouchette,Georges Bernanos,1948,false,1937,openlibrary,https://openlibrary.org/works/OL80354W,en,"author death year from Wikidata (Q315072); PD via life+70 rule (death year 1948 + 71 <= 2026), independent of publication year"
the-education-of-henry-adams__henry-adams__1777,The education of Henry Adams,Henry Adams,1918,false,1777,openlibrary,https://openlibrary.org/works/OL24220W,en,"author death year from Wikidata (Q458390); PD via life+70 rule (death year 1918 + 71 <= 2026), independent of publication year"
mont-saint-michel-and-chartres__henry-adams__1904,Mont-Saint-Michel and Chartres,Henry Adams,1918,false,1904,openlibrary,https://openlibrary.org/works/OL24221W,en,"author death year from Wikidata (Q458390); PD via life+70 rule (death year 1918 + 71 <= 2026), independent of publication year"
democracy__henry-adams__1880,Democracy,Henry Adams,1918,false,1880,openlibrary,https://openlibrary.org/works/OL24219W,en,"author death year from Wikidata (Q458390); PD via life+70 rule (death year 1918 + 71 <= 2026), independent of publication year"
principles-of-geology__charles-lyell__1830,Principles of geology,Charles Lyell,1875,false,1830,openlibrary,https://openlibrary.org/works/OL1104997W,en,"author death year from Wikidata (Q5333); PD via life+70 rule (death year 1875 + 71 <= 2026), independent of publication year"
a-second-visit-to-the-united-states-of-north-america__charles-lyell__1849,A second visit to the United States of North America,Charles Lyell,1875,false,1849,openlibrary,https://openlibrary.org/works/OL1104996W,en,"author death year from Wikidata (Q5333); PD via life+70 rule (death year 1875 + 71 <= 2026), independent of publication year"
the-geological-evidences-of-the-antiquity-of-man__charles-lyell__1863,The geological evidences of the antiquity of man,Charles Lyell,1875,false,1863,openlibrary,https://openlibrary.org/works/OL1104995W,en,"author death year from Wikidata (Q5333); PD via life+70 rule (death year 1875 + 71 <= 2026), independent of publication year"
der-blonde-eckbert__ludwig-tieck__unk,Der blonde Eckbert,Ludwig Tieck,1853,false,,openlibrary,https://openlibrary.org/works/OL1459362W,en,"author death year from Wikidata (Q57239); PD via life+70 rule (death year 1853 + 71 <= 2026), independent of publication year; publication year (1952) discarded as implausible (>50 years after author's death, likely a modern reprint/collected edition); needs manual research"
der-gestiefelte-kater__ludwig-tieck__1797,Der gestiefelte Kater,Ludwig Tieck,1853,false,1797,openlibrary,https://openlibrary.org/works/OL1459359W,en,"author death year from Wikidata (Q57239); PD via life+70 rule (death year 1853 + 71 <= 2026), independent of publication year"
dichterleben__ludwig-tieck__unk,Dichterleben,Ludwig Tieck,1853,false,,openlibrary,https://openlibrary.org/works/OL36066202W,en,"author death year from Wikidata (Q57239); PD via life+70 rule (death year 1853 + 71 <= 2026), independent of publication year; publication year (2012) discarded as implausible (>50 years after author's death, likely a modern reprint/collected edition); needs manual research"
mephisto__klaus-mann__1936,Mephisto,Klaus Mann,1949,false,1936,openlibrary,https://openlibrary.org/works/OL1316663W,en,"author death year from Wikidata (Q77087); PD via life+70 rule (death year 1949 + 71 <= 2026), independent of publication year"
alexander-roman-der-utopie__klaus-mann__1930,"Alexander, roman der Utopie",Klaus Mann,1949,false,1930,openlibrary,https://openlibrary.org/works/OL1316655W,en,"author death year from Wikidata (Q77087); PD via life+70 rule (death year 1949 + 71 <= 2026), independent of publication year"
the-turning-point__klaus-mann__1942,The turning point,Klaus Mann,1949,false,1942,openlibrary,https://openlibrary.org/works/OL1316677W,en,"author death year from Wikidata (Q77087); PD via life+70 rule (death year 1949 + 71 <= 2026), independent of publication year"
adolf-loos__adolf-loos__unk,Adolf Loos,Adolf Loos,1933,false,,openlibrary,https://openlibrary.org/works/OL25906327W,en,"author death year from Wikidata (Q44323); PD via life+70 rule (death year 1933 + 71 <= 2026), independent of publication year; publication year (2018) discarded as implausible (>50 years after author's death, likely a modern reprint/collected edition); needs manual research"
ornament-and-crime__adolf-loos__unk,Ornament and Crime,Adolf Loos,1933,false,,openlibrary,https://openlibrary.org/works/OL21197590W,en,"author death year from Wikidata (Q44323); PD via life+70 rule (death year 1933 + 71 <= 2026), independent of publication year; publication year (2019) discarded as implausible (>50 years after author's death, likely a modern reprint/collected edition); needs manual research"
the-architecture-of-adolf-loos__adolf-loos__unk,The architecture of Adolf Loos,Adolf Loos,1933,false,,openlibrary,https://openlibrary.org/works/OL11327106W,en,"author death year from Wikidata (Q44323); PD via life+70 rule (death year 1933 + 71 <= 2026), independent of publication year; publication year (1985) discarded as implausible (>50 years after author's death, likely a modern reprint/collected edition); needs manual research"
laugh-and-live__douglas-fairbanks__1917,Laugh and Live,Douglas Fairbanks,1939,false,1917,openlibrary,https://openlibrary.org/works/OL24438898W,en,"author death year from Wikidata (Q104127); PD via life+70 rule (death year 1939 + 71 <= 2026), independent of publication year"
making-life-worth-while__douglas-fairbanks__unk,Making Life Worth While,Douglas Fairbanks,1939,false,,openlibrary,https://openlibrary.org/works/OL25307347W,en,"author death year from Wikidata (Q104127); PD via life+70 rule (death year 1939 + 71 <= 2026), independent of publication year; publication year (2008) discarded as implausible (>50 years after author's death, likely a modern reprint/collected edition); needs manual research"
russian-turmoil-memoirs__anton-denikin__unk,Russian Turmoil : Memoirs,Anton Denikin,1947,false,,openlibrary,https://openlibrary.org/works/OL21658307W,en,"author death year from Wikidata (Q108314); PD via life+70 rule (death year 1947 + 71 <= 2026), independent of publication year; publication year (2019) discarded as implausible (>50 years after author's death, likely a modern reprint/collected edition); needs manual research"
career-of-a-tsarist-officer__anton-denikin__1975,Career of a Tsarist Officer,Anton Denikin,1947,false,1975,openlibrary,https://openlibrary.org/works/OL26729970W,en,"author death year from Wikidata (Q108314); PD via life+70 rule (death year 1947 + 71 <= 2026), independent of publication year"
russian-turmoil__anton-denikin__unk,Russian Turmoil,Anton Denikin,1947,false,,openlibrary,https://openlibrary.org/works/OL41529359W,en,"author death year from Wikidata (Q108314); PD via life+70 rule (death year 1947 + 71 <= 2026), independent of publication year; publication year (2017) discarded as implausible (>50 years after author's death, likely a modern reprint/collected edition); needs manual research"
max-beckmann__max-beckmann__1931,Max Beckmann,Max Beckmann,1950,false,1931,openlibrary,https://openlibrary.org/works/OL612113W,en,"author death year from Wikidata (Q164683); PD via life+70 rule (death year 1950 + 71 <= 2026), independent of publication year"
beyond-the-black-river__robert-e-howard__unk,Beyond the Black River,Robert E. Howard,1936,false,,openlibrary,https://openlibrary.org/works/OL3384262W,en,"author death year from Wikidata (Q207640); PD via life+70 rule (death year 1936 + 71 <= 2026), independent of publication year; publication year (2007) discarded as implausible (>50 years after author's death, likely a modern reprint/collected edition); needs manual research"
a-witch-shall-be-born__robert-e-howard__1975,A Witch Shall Be Born,Robert E. Howard,1936,false,1975,openlibrary,https://openlibrary.org/works/OL2848529W,en,"author death year from Wikidata (Q207640); PD via life+70 rule (death year 1936 + 71 <= 2026), independent of publication year"
devil-in-iron__robert-e-howard__1976,Devil in Iron,Robert E. Howard,1936,false,1976,openlibrary,https://openlibrary.org/works/OL2848493W,en,"author death year from Wikidata (Q207640); PD via life+70 rule (death year 1936 + 71 <= 2026), independent of publication year"
the-clue-of-the-twisted-candle__edgar-wallace__1900,The Clue of the Twisted Candle,Edgar Wallace,1932,false,1900,openlibrary,https://openlibrary.org/works/OL1518059W,en,"author death year from Wikidata (Q271824); PD via life+70 rule (death year 1932 + 71 <= 2026), independent of publication year"
the-angel-of-terror__edgar-wallace__1923,The Angel of Terror,Edgar Wallace,1932,false,1923,openlibrary,https://openlibrary.org/works/OL1518053W,en,"author death year from Wikidata (Q271824); PD via life+70 rule (death year 1932 + 71 <= 2026), independent of publication year"
mr-justice-maxell__edgar-wallace__1920,Mr. Justice Maxell,Edgar Wallace,1932,false,1920,openlibrary,https://openlibrary.org/works/OL1517964W,en,"author death year from Wikidata (Q271824); PD via life+70 rule (death year 1932 + 71 <= 2026), independent of publication year"
i-malavoglia-di-giovanni-verga__italo-svevo__1873,I Malavoglia di Giovanni Verga,Italo Svevo,1928,false,1873,openlibrary,https://openlibrary.org/works/OL141870W,en,"author death year from Wikidata (Q216478); PD via life+70 rule (death year 1928 + 71 <= 2026), independent of publication year"
confession-of-zeno__italo-svevo__1930,Confession of Zeno,Italo Svevo,1928,false,1930,openlibrary,https://openlibrary.org/works/OL2276498W,en,"author death year from Wikidata (Q216478); PD via life+70 rule (death year 1928 + 71 <= 2026), independent of publication year"
senilita__italo-svevo__1932,Senilità,Italo Svevo,1928,false,1932,openlibrary,https://openlibrary.org/works/OL2276585W,en,"author death year from Wikidata (Q216478); PD via life+70 rule (death year 1928 + 71 <= 2026), independent of publication year"
response-in-the-living-and-non-living__jagadish-chandra-bose__unk,Response in the Living and Non-Living,Jagadish Chandra Bose,1937,false,,openlibrary,https://openlibrary.org/works/OL40634472W,en,"author death year from Wikidata (Q314267); PD via life+70 rule (death year 1937 + 71 <= 2026), independent of publication year; publication year (2015) discarded as implausible (>50 years after author's death, likely a modern reprint/collected edition); needs manual research"
second-april__edna-st-vincent-millay__unk,Second April. --,Edna St. Vincent Millay,1950,false,,openlibrary,https://openlibrary.org/works/OL37654509W,en,"author death year from Wikidata (Q62134); PD via life+70 rule (death year 1950 + 71 <= 2026), independent of publication year; publication year (2012) discarded as implausible (>50 years after author's death, likely a modern reprint/collected edition); needs manual research"
poems__edna-st-vincent-millay__1939,Poems,Edna St. Vincent Millay,1950,false,1939,openlibrary,https://openlibrary.org/works/OL11015543W,en,"author death year from Wikidata (Q62134); PD via life+70 rule (death year 1950 + 71 <= 2026), independent of publication year"
the-united-states-in-literature-with-three-long-stories-seventh-edition__edna-st-vincent-millay__1952,The United States in Literature [with three long stories] -- Seventh Edition,Edna St. Vincent Millay,1950,false,1952,openlibrary,https://openlibrary.org/works/OL15164554W,en,"author death year from Wikidata (Q62134); PD via life+70 rule (death year 1950 + 71 <= 2026), independent of publication year"
the-theory-of-the-leisure-class__thorstein-veblen__1899,The Theory of the Leisure Class,Thorstein Veblen,1929,false,1899,openlibrary,https://openlibrary.org/works/OL1868441W,en,"author death year from Wikidata (Q73646); PD via life+70 rule (death year 1929 + 71 <= 2026), independent of publication year"
the-theory-of-business-enterprise-1904__thorstein-veblen__1904,The theory of business enterprise 1904,Thorstein Veblen,1929,false,1904,openlibrary,https://openlibrary.org/works/OL1868458W,en,"author death year from Wikidata (Q73646); PD via life+70 rule (death year 1929 + 71 <= 2026), independent of publication year"
imperial-germany-and-the-industrial-revolution__thorstein-veblen__1915,Imperial Germany and the industrial revolution,Thorstein Veblen,1929,false,1915,openlibrary,https://openlibrary.org/works/OL1868472W,en,"author death year from Wikidata (Q73646); PD via life+70 rule (death year 1929 + 71 <= 2026), independent of publication year"
ernst-lubitsch-s-ninotchka-starring-greta-garbo-melvyn-douglas__ernst-lubitsch__1975,"Ernst Lubitsch's Ninotchka, starring Greta Garbo, Melvyn Douglas",Ernst Lubitsch,1947,false,1975,openlibrary,https://openlibrary.org/works/OL16033035W,en,"author death year from Wikidata (Q51562); PD via life+70 rule (death year 1947 + 71 <= 2026), independent of publication year"
ernst-lubitsch-s-ninotchka-starring-greta-garbo-melvyn-douglas__ernst-lubitsch__1976,"Ernst Lubitsch's 'Ninotchka', starring Greta Garbo, Melvyn Douglas",Ernst Lubitsch,1947,false,1976,openlibrary,https://openlibrary.org/works/OL13453215W,en,"author death year from Wikidata (Q51562); PD via life+70 rule (death year 1947 + 71 <= 2026), independent of publication year"
heaven-can-wait__ernst-lubitsch__unk,Heaven can wait,Ernst Lubitsch,1947,false,,openlibrary,https://openlibrary.org/works/OL19750806W,en,"author death year from Wikidata (Q51562); PD via life+70 rule (death year 1947 + 71 <= 2026), independent of publication year; publication year (2018) discarded as implausible (>50 years after author's death, likely a modern reprint/collected edition); needs manual research"
grundbegriffe-der-neuen-gestaltenden-kunst__theo-van-doesburg__1924,Grundbegriffe der neuen gestaltenden Kunst,Theo van Doesburg,1931,false,1924,openlibrary,https://openlibrary.org/works/OL4801367W,en,"author death year from Wikidata (Q160422); PD via life+70 rule (death year 1931 + 71 <= 2026), independent of publication year"
theo-van-doesburg__theo-van-doesburg__1947,Theo van Doesburg,Theo van Doesburg,1931,false,1947,openlibrary,https://openlibrary.org/works/OL19268054W,en,"author death year from Wikidata (Q160422); PD via life+70 rule (death year 1931 + 71 <= 2026), independent of publication year"
principles-of-neo-plastic-art__theo-van-doesburg__1969,Principles of neo-plastic art,Theo van Doesburg,1931,false,1969,openlibrary,https://openlibrary.org/works/OL8930997W,en,"author death year from Wikidata (Q160422); PD via life+70 rule (death year 1931 + 71 <= 2026), independent of publication year"
la-barraca__vicente-blasco-ibanez__1898,La barraca,Vicente Blasco Ibáñez,1928,false,1898,openlibrary,https://openlibrary.org/works/OL739861W,en,"author death year from Wikidata (Q219646); PD via life+70 rule (death year 1928 + 71 <= 2026), independent of publication year"
sangre-y-arena__vicente-blasco-ibanez__1908,Sangre y arena,Vicente Blasco Ibáñez,1928,false,1908,openlibrary,https://openlibrary.org/works/OL739860W,en,"author death year from Wikidata (Q219646); PD via life+70 rule (death year 1928 + 71 <= 2026), independent of publication year"
the-four-horsemen-of-the-apocalypse__vicente-blasco-ibanez__1911,The Four Horsemen of the Apocalypse,Vicente Blasco Ibáñez,1928,false,1911,openlibrary,https://openlibrary.org/works/OL8253768W,en,"author death year from Wikidata (Q219646); PD via life+70 rule (death year 1928 + 71 <= 2026), independent of publication year"
cosmopolis__paul-bourget__1800,Cosmopolis,Paul Bourget,1935,false,1800,openlibrary,https://openlibrary.org/works/OL1545303W,en,"author death year from Wikidata (Q198644); PD via life+70 rule (death year 1935 + 71 <= 2026), independent of publication year"
outre-mer__paul-bourget__1894,Outre-mer,Paul Bourget,1935,false,1894,openlibrary,https://openlibrary.org/works/OL1545301W,en,"author death year from Wikidata (Q198644); PD via life+70 rule (death year 1935 + 71 <= 2026), independent of publication year"
l-emigre__paul-bourget__1902,L' émigré,Paul Bourget,1935,false,1902,openlibrary,https://openlibrary.org/works/OL1545296W,en,"author death year from Wikidata (Q198644); PD via life+70 rule (death year 1935 + 71 <= 2026), independent of publication year"
recollections-of-forty-years__ferdinand-de-lesseps__unk,Recollections of Forty Years,Ferdinand de Lesseps,1894,false,,openlibrary,https://openlibrary.org/works/OL21458190W,en,"author death year from Wikidata (Q209169); PD via life+70 rule (death year 1894 + 71 <= 2026), independent of publication year; publication year (2008) discarded as implausible (>50 years after author's death, likely a modern reprint/collected edition); needs manual research"
suez-canal__ferdinand-de-lesseps__unk,Suez Canal,Ferdinand de Lesseps,1894,false,,openlibrary,https://openlibrary.org/works/OL21457079W,en,"author death year from Wikidata (Q209169); PD via life+70 rule (death year 1894 + 71 <= 2026), independent of publication year; publication year (2011) discarded as implausible (>50 years after author's death, likely a modern reprint/collected edition); needs manual research"
petersburg__andrei-bely__1979,Petersburg,Andrei Bely,1934,false,1979,openlibrary,https://openlibrary.org/works/OL7973564W,en,"author death year from Wikidata (Q212632); PD via life+70 rule (death year 1934 + 71 <= 2026), independent of publication year"
symphonies__andrei-bely__unk,Symphonies,Andrei Bely,1934,false,,openlibrary,https://openlibrary.org/works/OL25771473W,en,"author death year from Wikidata (Q212632); PD via life+70 rule (death year 1934 + 71 <= 2026), independent of publication year; publication year (2021) discarded as implausible (>50 years after author's death, likely a modern reprint/collected edition); needs manual research"
caesars-commentarii-de-bello-gallico__thomas-de-quincey__1478,Caesars Commentarii de bello Gallico,Thomas De Quincey,1859,false,1478,openlibrary,https://openlibrary.org/works/OL6286792W,en,"author death year from Wikidata (Q317160); PD via life+70 rule (death year 1859 + 71 <= 2026), independent of publication year"
c-iuli-caesari-commentariorum-de-bello-gallico-liber-ii__thomas-de-quincey__1705,C. Iuli Caesari commentariorum De bello Gallico liber II,Thomas De Quincey,1859,false,1705,openlibrary,https://openlibrary.org/works/OL1150489W,en,"author death year from Wikidata (Q317160); PD via life+70 rule (death year 1859 + 71 <= 2026), independent of publication year"
confessions-of-an-english-opium-eater__thomas-de-quincey__1822,Confessions of an English opium eater,Thomas De Quincey,1859,false,1822,openlibrary,https://openlibrary.org/works/OL46720W,en,"author death year from Wikidata (Q317160); PD via life+70 rule (death year 1859 + 71 <= 2026), independent of publication year"
gurdjieff-groups-in-america__george-gurdjieff__unk,Gurdjieff Groups in America,George Gurdjieff,1949,false,,openlibrary,https://openlibrary.org/works/OL40499634W,en,"author death year from Wikidata (Q217771); PD via life+70 rule (death year 1949 + 71 <= 2026), independent of publication year; publication year (2015) discarded as implausible (>50 years after author's death, likely a modern reprint/collected edition); needs manual research"
the-orion-or-researches-into-the-antiquity-of-the-vedas__bal-gangadhar-tilak__unk,"The Orion, Or, Researches Into the Antiquity of the Vedas",Bal Gangadhar Tilak,1920,false,,openlibrary,https://openlibrary.org/works/OL24392616W,en,"author death year from Wikidata (Q312555); PD via life+70 rule (death year 1920 + 71 <= 2026), independent of publication year; publication year (2017) discarded as implausible (>50 years after author's death, likely a modern reprint/collected edition); needs manual research"
orion-or-the-antiquity-of-the-vedas__bal-gangadhar-tilak__1893,Orion or the Antiquity of the Vedas.,Bal Gangadhar Tilak,1920,false,1893,openlibrary,https://openlibrary.org/works/OL24386704W,en,"author death year from Wikidata (Q312555); PD via life+70 rule (death year 1920 + 71 <= 2026), independent of publication year"
the-arctic-home-in-the-vedas__bal-gangadhar-tilak__1903,The Arctic home in the Vedas,Bal Gangadhar Tilak,1920,false,1903,openlibrary,https://openlibrary.org/works/OL355405W,en,"author death year from Wikidata (Q312555); PD via life+70 rule (death year 1920 + 71 <= 2026), independent of publication year"
beranger__pierre-jean-de-beranger__1850,Béranger,Pierre-Jean de Béranger,1857,false,1850,openlibrary,https://openlibrary.org/works/OL2350044W,en,"author death year from Wikidata (Q324998); PD via life+70 rule (death year 1857 + 71 <= 2026), independent of publication year"
memoirs-of-beranger__pierre-jean-de-beranger__1858,Memoirs of Béranger,Pierre-Jean de Béranger,1857,false,1858,openlibrary,https://openlibrary.org/works/OL2350041W,en,"author death year from Wikidata (Q324998); PD via life+70 rule (death year 1857 + 71 <= 2026), independent of publication year"
songs-from-beranger__pierre-jean-de-beranger__1888,Songs from Béranger,Pierre-Jean de Béranger,1857,false,1888,openlibrary,https://openlibrary.org/works/OL2350038W,en,"author death year from Wikidata (Q324998); PD via life+70 rule (death year 1857 + 71 <= 2026), independent of publication year"
the-golden-seed__maria-konopnicka__unk,The golden seed,Maria Konopnicka,1910,false,,openlibrary,https://openlibrary.org/works/OL818745W,en,"author death year from Wikidata (Q257852); PD via life+70 rule (death year 1910 + 71 <= 2026), independent of publication year; publication year (1962) discarded as implausible (>50 years after author's death, likely a modern reprint/collected edition); needs manual research"
miosierdzie-gminy__maria-konopnicka__unk,Miłosierdzie gminy =,Maria Konopnicka,1910,false,,openlibrary,https://openlibrary.org/works/OL818752W,en,"author death year from Wikidata (Q257852); PD via life+70 rule (death year 1910 + 71 <= 2026), independent of publication year; publication year (1982) discarded as implausible (>50 years after author's death, likely a modern reprint/collected edition); needs manual research"
the-brownie-scouts__maria-konopnicka__1929,The Brownie scouts,Maria Konopnicka,1910,false,1929,openlibrary,https://openlibrary.org/works/OL29263416W,en,"author death year from Wikidata (Q257852); PD via life+70 rule (death year 1910 + 71 <= 2026), independent of publication year"
poems-and-ballads__algernon-charles-swinburne__1866,Poems and ballads,Algernon Charles Swinburne,1909,false,1866,openlibrary,https://openlibrary.org/works/OL1148073W,en,"author death year from Wikidata (Q315511); PD via life+70 rule (death year 1909 + 71 <= 2026), independent of publication year"
poems__algernon-charles-swinburne__1904,Poems,Algernon Charles Swinburne,1909,false,1904,openlibrary,https://openlibrary.org/works/OL1148250W,en,"author death year from Wikidata (Q315511); PD via life+70 rule (death year 1909 + 71 <= 2026), independent of publication year"
atalanta-in-calydon__algernon-charles-swinburne__1865,Atalanta in Calydon,Algernon Charles Swinburne,1909,false,1865,openlibrary,https://openlibrary.org/works/OL1148249W,en,"author death year from Wikidata (Q315511); PD via life+70 rule (death year 1909 + 71 <= 2026), independent of publication year"
goethe-s-briefwechsel-mit-einem-kinde__bettina-von-arnim__1835,Goethe's Briefwechsel mit einem Kinde,Bettina von Arnim,1859,false,1835,openlibrary,https://openlibrary.org/works/OL1989819W,en,"author death year from Wikidata (Q57236); PD via life+70 rule (death year 1859 + 71 <= 2026), independent of publication year"
werke-und-briefe__bettina-von-arnim__unk,Werke und Briefe,Bettina von Arnim,1859,false,,openlibrary,https://openlibrary.org/works/OL1989817W,en,"author death year from Wikidata (Q57236); PD via life+70 rule (death year 1859 + 71 <= 2026), independent of publication year; publication year (1959) discarded as implausible (>50 years after author's death, likely a modern reprint/collected edition); needs manual research"
correspondence-of-fraulein-gunderode-and-bettine-von-arnim__bettina-von-arnim__unk,Correspondence of Fräulein Günderode and Bettine Von Arnim,Bettina von Arnim,1859,false,,openlibrary,https://openlibrary.org/works/OL24358268W,en,"author death year from Wikidata (Q57236); PD via life+70 rule (death year 1859 + 71 <= 2026), independent of publication year; publication year (2018) discarded as implausible (>50 years after author's death, likely a modern reprint/collected edition); needs manual research"
gemeinschaft-und-gesellschaft__ferdinand-tonnies__1912,Gemeinschaft und Gesellschaft,Ferdinand Tönnies,1936,false,1912,openlibrary,https://openlibrary.org/works/OL1354834W,en,"author death year from Wikidata (Q21163); PD via life+70 rule (death year 1936 + 71 <= 2026), independent of publication year"
custom__ferdinand-tonnies__1961,Custom,Ferdinand Tönnies,1936,false,1961,openlibrary,https://openlibrary.org/works/OL8253351W,en,"author death year from Wikidata (Q21163); PD via life+70 rule (death year 1936 + 71 <= 2026), independent of publication year"
community-and-society__ferdinand-tonnies__1977,Community and Society,Ferdinand Tönnies,1936,false,1977,openlibrary,https://openlibrary.org/works/OL8253344W,en,"author death year from Wikidata (Q21163); PD via life+70 rule (death year 1936 + 71 <= 2026), independent of publication year"
self-analysis__karen-horney__1942,Self-analysis,Karen Horney,1952,false,1942,openlibrary,https://openlibrary.org/works/OL98950W,en,"author death year from Wikidata (Q71020); PD via life+70 rule (death year 1952 + 71 <= 2026), independent of publication year"
the-neurotic-personality-of-our-time__karen-horney__1937,The neurotic personality of our time,Karen Horney,1952,false,1937,openlibrary,https://openlibrary.org/works/OL98949W,en,"author death year from Wikidata (Q71020); PD via life+70 rule (death year 1952 + 71 <= 2026), independent of publication year"
new-ways-in-psychoanalysis__karen-horney__1939,New ways in psychoanalysis,Karen Horney,1952,false,1939,openlibrary,https://openlibrary.org/works/OL98947W,en,"author death year from Wikidata (Q71020); PD via life+70 rule (death year 1952 + 71 <= 2026), independent of publication year"
mutter-und-kose-lieder__friedrich-frobel__1844,Mutter- und Kose-Lieder,Friedrich Fröbel,1852,false,1844,openlibrary,https://openlibrary.org/works/OL246219W,en,"author death year from Wikidata (Q76679); PD via life+70 rule (death year 1852 + 71 <= 2026), independent of publication year"
menschenerziehung__friedrich-frobel__1885,Menschenerziehung,Friedrich Fröbel,1852,false,1885,openlibrary,https://openlibrary.org/works/OL1771115W,en,"author death year from Wikidata (Q76679); PD via life+70 rule (death year 1852 + 71 <= 2026), independent of publication year"
autobiography-of-friedrich-froebel__friedrich-frobel__1886,Autobiography of Friedrich Froebel,Friedrich Fröbel,1852,false,1886,openlibrary,https://openlibrary.org/works/OL246218W,en,"author death year from Wikidata (Q76679); PD via life+70 rule (death year 1852 + 71 <= 2026), independent of publication year"
granny__bozena-nemcova__unk,Granny,Božena Němcová,1862,false,,openlibrary,https://openlibrary.org/works/OL8609759W,en,"author death year from Wikidata (Q157970); PD via life+70 rule (death year 1862 + 71 <= 2026), independent of publication year; publication year (1962) discarded as implausible (>50 years after author's death, likely a modern reprint/collected edition); needs manual research"
fairy-tales-from-czechoslovakia__bozena-nemcova__unk,Fairy Tales from Czechoslovakia,Božena Němcová,1862,false,,openlibrary,https://openlibrary.org/works/OL8609757W,en,"author death year from Wikidata (Q157970); PD via life+70 rule (death year 1862 + 71 <= 2026), independent of publication year; publication year (1989) discarded as implausible (>50 years after author's death, likely a modern reprint/collected edition); needs manual research"
disobedient-kids__bozena-nemcova__unk,Disobedient Kids,Božena Němcová,1862,false,,openlibrary,https://openlibrary.org/works/OL28039219W,en,"author death year from Wikidata (Q157970); PD via life+70 rule (death year 1862 + 71 <= 2026), independent of publication year; publication year (2014) discarded as implausible (>50 years after author's death, likely a modern reprint/collected edition); needs manual research"
basket-ball-its-origin-and-development__james-naismith__1941,Basket Ball Its Origin and Development,James Naismith,1939,false,1941,openlibrary,https://openlibrary.org/works/OL24359511W,en,"author death year from Wikidata (Q188962); PD via life+70 rule (death year 1939 + 71 <= 2026), independent of publication year"
james-naismith-reader__james-naismith__unk,James Naismith Reader,James Naismith,1939,false,,openlibrary,https://openlibrary.org/works/OL21691240W,en,"author death year from Wikidata (Q188962); PD via life+70 rule (death year 1939 + 71 <= 2026), independent of publication year; publication year (2021) discarded as implausible (>50 years after author's death, likely a modern reprint/collected edition); needs manual research"
basketball__james-naismith__1941,Basketball,James Naismith,1939,false,1941,openlibrary,https://openlibrary.org/works/OL2972909W,en,"author death year from Wikidata (Q188962); PD via life+70 rule (death year 1939 + 71 <= 2026), independent of publication year"
man-and-mask__feodor-chaliapin__1932,man and mask,Feodor Chaliapin,1938,false,1932,openlibrary,https://openlibrary.org/works/OL43270396W,en,"author death year from Wikidata (Q189164); PD via life+70 rule (death year 1938 + 71 <= 2026), independent of publication year"
man-and-ask__feodor-chaliapin__1932,Man and Ask,Feodor Chaliapin,1938,false,1932,openlibrary,https://openlibrary.org/works/OL43111959W,en,"author death year from Wikidata (Q189164); PD via life+70 rule (death year 1938 + 71 <= 2026), independent of publication year"
inequality-of-the-human-races__arthur-de-gobineau__unk,Inequality of the Human Races,Arthur de Gobineau,1882,false,,openlibrary,https://openlibrary.org/works/OL27107538W,en,"author death year from Wikidata (Q264918); PD via life+70 rule (death year 1882 + 71 <= 2026), independent of publication year; publication year (2016) discarded as implausible (>50 years after author's death, likely a modern reprint/collected edition); needs manual research"
asiatische-novellen__arthur-de-gobineau__unk,Asiatische Novellen,Arthur de Gobineau,1882,false,,openlibrary,https://openlibrary.org/works/OL36052349W,en,"author death year from Wikidata (Q264918); PD via life+70 rule (death year 1882 + 71 <= 2026), independent of publication year; publication year (2012) discarded as implausible (>50 years after author's death, likely a modern reprint/collected edition); needs manual research"
the-man-of-genius__cesare-lombroso__1891,The man of genius,Cesare Lombroso,1909,false,1891,openlibrary,https://openlibrary.org/works/OL612188W,en,"author death year from Wikidata (Q202420); PD via life+70 rule (death year 1909 + 71 <= 2026), independent of publication year"
the-female-offender__cesare-lombroso__1895,The female offender,Cesare Lombroso,1909,false,1895,openlibrary,https://openlibrary.org/works/OL612187W,en,"author death year from Wikidata (Q202420); PD via life+70 rule (death year 1909 + 71 <= 2026), independent of publication year"
the-man-of-genius__cesare-lombroso__unk,The Man of Genius.,Cesare Lombroso,1909,false,,openlibrary,https://openlibrary.org/works/OL24413913W,en,"author death year from Wikidata (Q202420); PD via life+70 rule (death year 1909 + 71 <= 2026), independent of publication year; publication year (2015) discarded as implausible (>50 years after author's death, likely a modern reprint/collected edition); needs manual research"
oeuvres-completes__comte-de-lautreamont__unk,Oeuvres complètes,Comte de Lautréamont,1870,false,,openlibrary,https://openlibrary.org/works/OL28206734W,en,"author death year from Wikidata (Q294181); PD via life+70 rule (death year 1870 + 71 <= 2026), independent of publication year; publication year (1946) discarded as implausible (>50 years after author's death, likely a modern reprint/collected edition); needs manual research"
chants-de-maldoror__comte-de-lautreamont__unk,Chants de Maldoror,Comte de Lautréamont,1870,false,,openlibrary,https://openlibrary.org/works/OL30823920W,en,"author death year from Wikidata (Q294181); PD via life+70 rule (death year 1870 + 71 <= 2026), independent of publication year; publication year (2017) discarded as implausible (>50 years after author's death, likely a modern reprint/collected edition); needs manual research"
the-enchanted-wanderer__nikolai-leskov__unk,The Enchanted Wanderer,Nikolai Leskov,1895,false,,openlibrary,https://openlibrary.org/works/OL17466129W,en,"author death year from Wikidata (Q209004); PD via life+70 rule (death year 1895 + 71 <= 2026), independent of publication year; publication year (1950) discarded as implausible (>50 years after author's death, likely a modern reprint/collected edition); needs manual research"
steel-flee__nikolai-leskov__unk,Steel Flee,Nikolai Leskov,1895,false,,openlibrary,https://openlibrary.org/works/OL36166581W,en,"author death year from Wikidata (Q209004); PD via life+70 rule (death year 1895 + 71 <= 2026), independent of publication year; publication year (2021) discarded as implausible (>50 years after author's death, likely a modern reprint/collected edition); needs manual research"
enchanted-wanderer-and-other-stories__nikolai-leskov__unk,Enchanted Wanderer and Other Stories,Nikolai Leskov,1895,false,,openlibrary,https://openlibrary.org/works/OL21074446W,en,"author death year from Wikidata (Q209004); PD via life+70 rule (death year 1895 + 71 <= 2026), independent of publication year; publication year (2013) discarded as implausible (>50 years after author's death, likely a modern reprint/collected edition); needs manual research"
a-rebours__joris-karl-huysmans__1884,À rebours,Joris-Karl Huysmans,1907,false,1884,openlibrary,https://openlibrary.org/works/OL2239396W,en,"author death year from Wikidata (Q210798); PD via life+70 rule (death year 1907 + 71 <= 2026), independent of publication year"
la-bas__joris-karl-huysmans__1890,Là-bas,Joris-Karl Huysmans,1907,false,1890,openlibrary,https://openlibrary.org/works/OL2239400W,en,"author death year from Wikidata (Q210798); PD via life+70 rule (death year 1907 + 71 <= 2026), independent of publication year"
la-cathedrale__joris-karl-huysmans__1895,La cathédrale,Joris-Karl Huysmans,1907,false,1895,openlibrary,https://openlibrary.org/works/OL2239465W,en,"author death year from Wikidata (Q210798); PD via life+70 rule (death year 1907 + 71 <= 2026), independent of publication year"
fanrik-stals-sagner__johan-ludvig-runeberg__1861,Fänrik Ståls sägner,Johan Ludvig Runeberg,1877,false,1861,openlibrary,https://openlibrary.org/works/OL91774W,en,"author death year from Wikidata (Q215339); PD via life+70 rule (death year 1877 + 71 <= 2026), independent of publication year"
lyrical-songs-idylls-and-epigrams__johan-ludvig-runeberg__unk,"Lyrical Songs, Idylls and Epigrams",Johan Ludvig Runeberg,1877,false,,openlibrary,https://openlibrary.org/works/OL37687365W,en,"author death year from Wikidata (Q215339); PD via life+70 rule (death year 1877 + 71 <= 2026), independent of publication year; publication year (2023) discarded as implausible (>50 years after author's death, likely a modern reprint/collected edition); needs manual research"
seitseman-veljesta__aleksis-kivi__unk,Seitsemän veljestä,Aleksis Kivi,1872,false,,openlibrary,https://openlibrary.org/works/OL2441596W,en,"author death year from Wikidata (Q216904); PD via life+70 rule (death year 1872 + 71 <= 2026), independent of publication year; publication year (1929) discarded as implausible (>50 years after author's death, likely a modern reprint/collected edition); needs manual research"
aleksis-kivi__aleksis-kivi__unk,Aleksis Kivi,Aleksis Kivi,1872,false,,openlibrary,https://openlibrary.org/works/OL2441574W,en,"author death year from Wikidata (Q216904); PD via life+70 rule (death year 1872 + 71 <= 2026), independent of publication year; publication year (1994) discarded as implausible (>50 years after author's death, likely a modern reprint/collected edition); needs manual research"
eva-kilhaus__aleksis-kivi__unk,Eva (Kilhaus),Aleksis Kivi,1872,false,,openlibrary,https://openlibrary.org/works/OL2441579W,en,"author death year from Wikidata (Q216904); PD via life+70 rule (death year 1872 + 71 <= 2026), independent of publication year; publication year (1980) discarded as implausible (>50 years after author's death, likely a modern reprint/collected edition); needs manual research"
the-theology-of-unity__muhammad-abduh__unk,The Theology of Unity,Muhammad Abduh,1905,false,,openlibrary,https://openlibrary.org/works/OL10243978W,en,"author death year from Wikidata (Q311826); PD via life+70 rule (death year 1905 + 71 <= 2026), independent of publication year; publication year (1966) discarded as implausible (>50 years after author's death, likely a modern reprint/collected edition); needs manual research"
kenneth-cragg-on-the-intersection-of-faiths__muhammad-abduh__unk,Kenneth Cragg on the Intersection of Faiths,Muhammad Abduh,1905,false,,openlibrary,https://openlibrary.org/works/OL26763056W,en,"author death year from Wikidata (Q311826); PD via life+70 rule (death year 1905 + 71 <= 2026), independent of publication year; publication year (2021) discarded as implausible (>50 years after author's death, likely a modern reprint/collected edition); needs manual research"
temporal-and-eternal__charles-peguy__1958,Temporal and eternal,Charles Péguy,1914,false,1958,openlibrary,https://openlibrary.org/works/OL1180321W,en,"author death year from Wikidata (Q334965); PD via life+70 rule (death year 1914 + 71 <= 2026), independent of publication year"
basic-verities-prose-and-poetry__charles-peguy__1943,"Basic verities, prose, and poetry",Charles Péguy,1914,false,1943,openlibrary,https://openlibrary.org/works/OL1180314W,en,"author death year from Wikidata (Q334965); PD via life+70 rule (death year 1914 + 71 <= 2026), independent of publication year"
god-speaks__charles-peguy__1945,God speaks,Charles Péguy,1914,false,1945,openlibrary,https://openlibrary.org/works/OL1180308W,en,"author death year from Wikidata (Q334965); PD via life+70 rule (death year 1914 + 71 <= 2026), independent of publication year"
favorites-poems-lyrical-poems__valery-bryusov__unk,Favorites Poems Lyrical Poems,Valery Bryusov,1924,false,,openlibrary,https://openlibrary.org/works/OL43199024W,en,"author death year from Wikidata (Q316374); PD via life+70 rule (death year 1924 + 71 <= 2026), independent of publication year; publication year (1983) discarded as implausible (>50 years after author's death, likely a modern reprint/collected edition); needs manual research"
the-universe-around-us__james-hopwood-jeans__1929,The universe around us,James Hopwood Jeans,1946,false,1929,openlibrary,https://openlibrary.org/works/OL1558235W,en,"author death year from Wikidata (Q315545); PD via life+70 rule (death year 1946 + 71 <= 2026), independent of publication year"
science-music__james-hopwood-jeans__1937,Science & music,James Hopwood Jeans,1946,false,1937,openlibrary,https://openlibrary.org/works/OL1558240W,en,"author death year from Wikidata (Q315545); PD via life+70 rule (death year 1946 + 71 <= 2026), independent of publication year"
the-dynamical-theory-of-gases__james-hopwood-jeans__1904,The dynamical theory of gases,James Hopwood Jeans,1946,false,1904,openlibrary,https://openlibrary.org/works/OL1558236W,en,"author death year from Wikidata (Q315545); PD via life+70 rule (death year 1946 + 71 <= 2026), independent of publication year"
poems__rosalia-de-castro__unk,Poems,Rosalía de Castro,1885,false,,openlibrary,https://openlibrary.org/works/OL1222344W,en,"author death year from Wikidata (Q464264); PD via life+70 rule (death year 1885 + 71 <= 2026), independent of publication year; publication year (1964) discarded as implausible (>50 years after author's death, likely a modern reprint/collected edition); needs manual research"
the-poetry-and-prose-of-rosalia-de-castro__rosalia-de-castro__unk,The poetry and prose of Rosalia de Castro,Rosalía de Castro,1885,false,,openlibrary,https://openlibrary.org/works/OL18755578W,en,"author death year from Wikidata (Q464264); PD via life+70 rule (death year 1885 + 71 <= 2026), independent of publication year; publication year (2010) discarded as implausible (>50 years after author's death, likely a modern reprint/collected edition); needs manual research"
selected-poems__rosalia-de-castro__unk,Selected Poems,Rosalía de Castro,1885,false,,openlibrary,https://openlibrary.org/works/OL9104683W,en,"author death year from Wikidata (Q464264); PD via life+70 rule (death year 1885 + 71 <= 2026), independent of publication year; publication year (2007) discarded as implausible (>50 years after author's death, likely a modern reprint/collected edition); needs manual research"
the-poison-tree__bankim-chandra-chatterjee__unk,The Poison Tree,Bankim Chandra Chatterjee,1894,false,,openlibrary,https://openlibrary.org/works/OL8729049W,en,"author death year from Wikidata (Q377881); PD via life+70 rule (death year 1894 + 71 <= 2026), independent of publication year; publication year (1996) discarded as implausible (>50 years after author's death, likely a modern reprint/collected edition); needs manual research"
the-poison-tree-a-tale-of-hindu-life-in-bengal__bankim-chandra-chatterjee__unk,"The Poison Tree, A Tale of Hindu Life in Bengal",Bankim Chandra Chatterjee,1894,false,,openlibrary,https://openlibrary.org/works/OL8729050W,en,"author death year from Wikidata (Q377881); PD via life+70 rule (death year 1894 + 71 <= 2026), independent of publication year; publication year (2006) discarded as implausible (>50 years after author's death, likely a modern reprint/collected edition); needs manual research"
kapalkundala__bankim-chandra-chatterjee__unk,Kapalkundala,Bankim Chandra Chatterjee,1894,false,,openlibrary,https://openlibrary.org/works/OL25333110W,en,"author death year from Wikidata (Q377881); PD via life+70 rule (death year 1894 + 71 <= 2026), independent of publication year; publication year (2021) discarded as implausible (>50 years after author's death, likely a modern reprint/collected edition); needs manual research"
letters-of-a-self-made-diplomat-to-his-president__will-rogers__1926,Letters of a self-made diplomat to his President,Will Rogers,1935,false,1926,openlibrary,https://openlibrary.org/works/OL1928853W,en,"author death year from Wikidata (Q457840); PD via life+70 rule (death year 1935 + 71 <= 2026), independent of publication year"
strategy-six-pack-9__elbert-green-hubbard__unk,Strategy Six Pack 9,Elbert Green Hubbard,1915,false,,openlibrary,https://openlibrary.org/works/OL41061308W,en,"author death year from Wikidata (Q734329); PD via life+70 rule (death year 1915 + 71 <= 2026), independent of publication year; publication year (2016) discarded as implausible (>50 years after author's death, likely a modern reprint/collected edition); needs manual research"
deutsche-mythologie__wilhelm-grimm__1835,Deutsche mythologie,Wilhelm Grimm,1859,false,1835,openlibrary,https://openlibrary.org/works/OL45439W,en,"author death year from Wikidata (Q6714); PD via life+70 rule (death year 1859 + 71 <= 2026), independent of publication year"
fairy-tales__wilhelm-grimm__1800,Fairy tales,Wilhelm Grimm,1859,false,1800,openlibrary,https://openlibrary.org/works/OL45352W,en,"author death year from Wikidata (Q6714); PD via life+70 rule (death year 1859 + 71 <= 2026), independent of publication year"
grimm-s-fairy-tales__wilhelm-grimm__unk,Grimm's Fairy Tales,Wilhelm Grimm,1859,false,,openlibrary,https://openlibrary.org/works/OL41047538W,en,"author death year from Wikidata (Q6714); PD via life+70 rule (death year 1859 + 71 <= 2026), independent of publication year; publication year (2014) discarded as implausible (>50 years after author's death, likely a modern reprint/collected edition); needs manual research"
aus-dem-leben-eines-taugenichts__joseph-von-eichendorff__1864,Aus dem Leben eines Taugenichts,Joseph von Eichendorff,1857,false,1864,openlibrary,https://openlibrary.org/works/OL685387W,en,"author death year from Wikidata (Q77204); PD via life+70 rule (death year 1857 + 71 <= 2026), independent of publication year"
werke-in-einem-band__joseph-von-eichendorff__unk,Werke in einem Band,Joseph von Eichendorff,1857,false,,openlibrary,https://openlibrary.org/works/OL685380W,en,"author death year from Wikidata (Q77204); PD via life+70 rule (death year 1857 + 71 <= 2026), independent of publication year; publication year (1951) discarded as implausible (>50 years after author's death, likely a modern reprint/collected edition); needs manual research"
immensee__theodor-storm__1891,Immensee,Theodor Storm,1888,false,1891,openlibrary,https://openlibrary.org/works/OL995266W,en,"author death year from Wikidata (Q26993); PD via life+70 rule (death year 1888 + 71 <= 2026), independent of publication year"
der-schimmelreiter__theodor-storm__1908,Der Schimmelreiter,Theodor Storm,1888,false,1908,openlibrary,https://openlibrary.org/works/OL995265W,en,"author death year from Wikidata (Q26993); PD via life+70 rule (death year 1888 + 71 <= 2026), independent of publication year"
pole-poppenspaler__theodor-storm__1904,Pole Poppenspäler,Theodor Storm,1888,false,1904,openlibrary,https://openlibrary.org/works/OL995178W,en,"author death year from Wikidata (Q26993); PD via life+70 rule (death year 1888 + 71 <= 2026), independent of publication year"
geschlecht-und-charakter__otto-weininger__1903,Geschlecht und Charakter,Otto Weininger,1903,false,1903,openlibrary,https://openlibrary.org/works/OL4196164W,en,"author death year from Wikidata (Q78513); PD via life+70 rule (death year 1903 + 71 <= 2026), independent of publication year"
sexe-et-caractere__otto-weininger__1906,Sexe et caractère,Otto Weininger,1903,false,1906,openlibrary,https://openlibrary.org/works/OL4196165W,en,"author death year from Wikidata (Q78513); PD via life+70 rule (death year 1903 + 71 <= 2026), independent of publication year"
children-s-phantasies__otto-weininger__unk,Children's Phantasies,Otto Weininger,1903,false,,openlibrary,https://openlibrary.org/works/OL25111144W,en,"author death year from Wikidata (Q78513); PD via life+70 rule (death year 1903 + 71 <= 2026), independent of publication year; publication year (1989) discarded as implausible (>50 years after author's death, likely a modern reprint/collected edition); needs manual research"
le-rire-essai-sur-la-signification-du-comique__george-meredith__1901,Le rire; essai sur la signification du comique,George Meredith,1909,false,1901,openlibrary,https://openlibrary.org/works/OL76650W,en,"author death year from Wikidata (Q90238); PD via life+70 rule (death year 1909 + 71 <= 2026), independent of publication year"
beauchamp-s-career__george-meredith__1876,Beauchamp's career,George Meredith,1909,false,1876,openlibrary,https://openlibrary.org/works/OL890336W,en,"author death year from Wikidata (Q90238); PD via life+70 rule (death year 1909 + 71 <= 2026), independent of publication year"
the-adventures-of-harry-richmond__george-meredith__1871,The adventures of Harry Richmond,George Meredith,1909,false,1871,openlibrary,https://openlibrary.org/works/OL890326W,en,"author death year from Wikidata (Q90238); PD via life+70 rule (death year 1909 + 71 <= 2026), independent of publication year"
amurath-to-amurath__gertrude-bell__unk,Amurath to Amurath,Gertrude Bell,1926,false,,openlibrary,https://openlibrary.org/works/OL21522727W,en,"author death year from Wikidata (Q231360); PD via life+70 rule (death year 1926 + 71 <= 2026), independent of publication year; publication year (2004) discarded as implausible (>50 years after author's death, likely a modern reprint/collected edition); needs manual research"
the-desert-and-the-sown__gertrude-bell__unk,The Desert and the Sown,Gertrude Bell,1926,false,,openlibrary,https://openlibrary.org/works/OL6901730W,en,"author death year from Wikidata (Q231360); PD via life+70 rule (death year 1926 + 71 <= 2026), independent of publication year; publication year (2001) discarded as implausible (>50 years after author's death, likely a modern reprint/collected edition); needs manual research"
safar-nameh__gertrude-bell__unk,Safar Nameh,Gertrude Bell,1926,false,,openlibrary,https://openlibrary.org/works/OL21483530W,en,"author death year from Wikidata (Q231360); PD via life+70 rule (death year 1926 + 71 <= 2026), independent of publication year; publication year (2011) discarded as implausible (>50 years after author's death, likely a modern reprint/collected edition); needs manual research"
barchester-towers__anthony-trollope__1815,Barchester Towers,Anthony Trollope,1882,false,1815,openlibrary,https://openlibrary.org/works/OL109724W,en,"author death year from Wikidata (Q318399); PD via life+70 rule (death year 1882 + 71 <= 2026), independent of publication year"
the-warden__anthony-trollope__1809,The Warden,Anthony Trollope,1882,false,1809,openlibrary,https://openlibrary.org/works/OL109882W,en,"author death year from Wikidata (Q318399); PD via life+70 rule (death year 1882 + 71 <= 2026), independent of publication year"
framley-parsonage__anthony-trollope__1861,Framley Parsonage,Anthony Trollope,1882,false,1861,openlibrary,https://openlibrary.org/works/OL109880W,en,"author death year from Wikidata (Q318399); PD via life+70 rule (death year 1882 + 71 <= 2026), independent of publication year"
public-opinion-and-the-rehnquist-court__thomas-r-marshall__unk,PUBLIC OPINION AND THE REHNQUIST COURT,Thomas R. Marshall,1925,false,,openlibrary,https://openlibrary.org/works/OL9388157W,en,"author death year from Wikidata (Q299001); PD via life+70 rule (death year 1925 + 71 <= 2026), independent of publication year; publication year (2008) discarded as implausible (>50 years after author's death, likely a modern reprint/collected edition); needs manual research"
presidential-nominations-in-a-reformage__thomas-r-marshall__unk,Presidential nominations in a reformage,Thomas R. Marshall,1925,false,,openlibrary,https://openlibrary.org/works/OL9388156W,en,"author death year from Wikidata (Q299001); PD via life+70 rule (death year 1925 + 71 <= 2026), independent of publication year; publication year (1981) discarded as implausible (>50 years after author's death, likely a modern reprint/collected edition); needs manual research"
american-public-opinion-and-the-modern-supreme-court-1930-2020__thomas-r-marshall__unk,"American Public Opinion and the Modern Supreme Court, 1930-2020",Thomas R. Marshall,1925,false,,openlibrary,https://openlibrary.org/works/OL27641122W,en,"author death year from Wikidata (Q299001); PD via life+70 rule (death year 1925 + 71 <= 2026), independent of publication year; publication year (2022) discarded as implausible (>50 years after author's death, likely a modern reprint/collected edition); needs manual research"
owl-and-the-pussy-cat__edward-lear__unk,Owl and the pussy-cat,Edward Lear,1888,false,,openlibrary,https://openlibrary.org/works/OL937391W,en,"author death year from Wikidata (Q309759); PD via life+70 rule (death year 1888 + 71 <= 2026), independent of publication year; publication year (1953) discarded as implausible (>50 years after author's death, likely a modern reprint/collected edition); needs manual research"
a-book-of-nonsense__edward-lear__1800,A book of nonsense,Edward Lear,1888,false,1800,openlibrary,https://openlibrary.org/works/OL937390W,en,"author death year from Wikidata (Q309759); PD via life+70 rule (death year 1888 + 71 <= 2026), independent of publication year"
book-of-nonsense__edward-lear__1846,Book of Nonsense,Edward Lear,1888,false,1846,openlibrary,https://openlibrary.org/works/OL27863004W,en,"author death year from Wikidata (Q309759); PD via life+70 rule (death year 1888 + 71 <= 2026), independent of publication year"
the-teachings-of-islam__mirza-ghulam-ahmad__unk,The teachings of Islam,Mirza Ghulam Ahmad,1908,false,,openlibrary,https://openlibrary.org/works/OL12347775W,en,"author death year from Wikidata (Q312952); PD via life+70 rule (death year 1908 + 71 <= 2026), independent of publication year; publication year (1966) discarded as implausible (>50 years after author's death, likely a modern reprint/collected edition); needs manual research"
look-homeward-angel__thomas-wolfe__1929,"Look Homeward, Angel",Thomas Wolfe,1938,false,1929,openlibrary,https://openlibrary.org/works/OL276141W,en,"author death year from Wikidata (Q314256); PD via life+70 rule (death year 1938 + 71 <= 2026), independent of publication year"
of-time-and-the-river__thomas-wolfe__1935,Of time and the river,Thomas Wolfe,1938,false,1935,openlibrary,https://openlibrary.org/works/OL459449W,en,"author death year from Wikidata (Q314256); PD via life+70 rule (death year 1938 + 71 <= 2026), independent of publication year"
the-web-and-the-rock__thomas-wolfe__1937,The Web and the Rock,Thomas Wolfe,1938,false,1937,openlibrary,https://openlibrary.org/works/OL276139W,en,"author death year from Wikidata (Q314256); PD via life+70 rule (death year 1938 + 71 <= 2026), independent of publication year"
les-deracines__maurice-barres__1919,Les déracinés,Maurice Barrès,1923,false,1919,openlibrary,https://openlibrary.org/works/OL1138630W,en,"author death year from Wikidata (Q314957); PD via life+70 rule (death year 1923 + 71 <= 2026), independent of publication year"
greco-ou-le-secret-de-tolede__maurice-barres__unk,Greco Ou le Secret de Tolède,Maurice Barrès,1923,false,,openlibrary,https://openlibrary.org/works/OL40165085W,en,"author death year from Wikidata (Q314957); PD via life+70 rule (death year 1923 + 71 <= 2026), independent of publication year; publication year (2016) discarded as implausible (>50 years after author's death, likely a modern reprint/collected edition); needs manual research"
the-undying-spirit-of-france__maurice-barres__1917,The undying spirit of France,Maurice Barrès,1923,false,1917,openlibrary,https://openlibrary.org/works/OL1138610W,en,"author death year from Wikidata (Q314957); PD via life+70 rule (death year 1923 + 71 <= 2026), independent of publication year"
poems-of-uhland__ludwig-uhland__unk,Poems of Uhland,Ludwig Uhland,1862,false,,openlibrary,https://openlibrary.org/works/OL28459519W,en,"author death year from Wikidata (Q61058); PD via life+70 rule (death year 1862 + 71 <= 2026), independent of publication year; publication year (2018) discarded as implausible (>50 years after author's death, likely a modern reprint/collected edition); needs manual research"
geschichte-der-deutschen-dichtkunst-im-funfzehnten-und-sechzehnten-jahrhundert__ludwig-uhland__unk,Geschichte der Deutschen Dichtkunst Im Fünfzehnten und Sechzehnten Jahrhundert,Ludwig Uhland,1862,false,,openlibrary,https://openlibrary.org/works/OL36053120W,en,"author death year from Wikidata (Q61058); PD via life+70 rule (death year 1862 + 71 <= 2026), independent of publication year; publication year (2012) discarded as implausible (>50 years after author's death, likely a modern reprint/collected edition); needs manual research"
geschichte-der-deutschen-poesie-im-mittelalter__ludwig-uhland__unk,Geschichte der Deutschen Poesie Im Mittelalter,Ludwig Uhland,1862,false,,openlibrary,https://openlibrary.org/works/OL36062235W,en,"author death year from Wikidata (Q61058); PD via life+70 rule (death year 1862 + 71 <= 2026), independent of publication year; publication year (2012) discarded as implausible (>50 years after author's death, likely a modern reprint/collected edition); needs manual research"
the-restoration-of-europe__alfred-hermann-fried__1916,The restoration of Europe,Alfred Hermann Fried,1921,false,1916,openlibrary,https://openlibrary.org/works/OL1117602W,en,"author death year from Wikidata (Q78488); PD via life+70 rule (death year 1921 + 71 <= 2026), independent of publication year"
the-german-emperor-and-the-peace-of-the-world__alfred-hermann-fried__1912,The German emperor and the peace of the world,Alfred Hermann Fried,1921,false,1912,openlibrary,https://openlibrary.org/works/OL1117600W,en,"author death year from Wikidata (Q78488); PD via life+70 rule (death year 1921 + 71 <= 2026), independent of publication year"
brief-outline-of-the-nature-and-aims-of-pacifism__alfred-hermann-fried__unk,Brief Outline of the Nature and Aims of Pacifism,Alfred Hermann Fried,1921,false,,openlibrary,https://openlibrary.org/works/OL34277811W,en,"author death year from Wikidata (Q78488); PD via life+70 rule (death year 1921 + 71 <= 2026), independent of publication year; publication year (2022) discarded as implausible (>50 years after author's death, likely a modern reprint/collected edition); needs manual research"
collected-works-of-velimir-khlebnikov__velimir-khlebnikov__unk,Collected Works of Velimir Khlebnikov,Velimir Khlebnikov,1922,false,,openlibrary,https://openlibrary.org/works/OL2453149W,en,"author death year from Wikidata (Q35733); PD via life+70 rule (death year 1922 + 71 <= 2026), independent of publication year; publication year (1987) discarded as implausible (>50 years after author's death, likely a modern reprint/collected edition); needs manual research"
prose-plays-and-supersagas__velimir-khlebnikov__unk,"Prose, Plays, and Supersagas",Velimir Khlebnikov,1922,false,,openlibrary,https://openlibrary.org/works/OL21366996W,en,"author death year from Wikidata (Q35733); PD via life+70 rule (death year 1922 + 71 <= 2026), independent of publication year; publication year (1989) discarded as implausible (>50 years after author's death, likely a modern reprint/collected edition); needs manual research"
snake-train__velimir-khlebnikov__unk,Snake train,Velimir Khlebnikov,1922,false,,openlibrary,https://openlibrary.org/works/OL2453155W,en,"author death year from Wikidata (Q35733); PD via life+70 rule (death year 1922 + 71 <= 2026), independent of publication year; publication year (1976) discarded as implausible (>50 years after author's death, likely a modern reprint/collected edition); needs manual research"
the-street-of-crocodiles__bruno-schulz__1963,The street of crocodiles,Bruno Schulz,1942,false,1963,openlibrary,https://openlibrary.org/works/OL2510290W,en,"author death year from Wikidata (Q148886); PD via life+70 rule (death year 1942 + 71 <= 2026), independent of publication year"
sanatorium-under-the-sign-of-the-hourglass__bruno-schulz__1978,Sanatorium under the sign of the hourglass,Bruno Schulz,1942,false,1978,openlibrary,https://openlibrary.org/works/OL2510288W,en,"author death year from Wikidata (Q148886); PD via life+70 rule (death year 1942 + 71 <= 2026), independent of publication year"
sklepy-cynamonowe__bruno-schulz__unk,Sklepy Cynamonowe,Bruno Schulz,1942,false,,openlibrary,https://openlibrary.org/works/OL29134302W,en,"author death year from Wikidata (Q148886); PD via life+70 rule (death year 1942 + 71 <= 2026), independent of publication year; publication year (2015) discarded as implausible (>50 years after author's death, likely a modern reprint/collected edition); needs manual research"
journal-intime__henri-frederic-amiel__1885,Journal intime,Henri-Frédéric Amiel,1881,false,1885,openlibrary,https://openlibrary.org/works/OL4714178W,en,"author death year from Wikidata (Q123916); PD via life+70 rule (death year 1881 + 71 <= 2026), independent of publication year"
amiel-s-journal__henri-frederic-amiel__1885,Amiel's Journal,Henri-Frédéric Amiel,1881,false,1885,openlibrary,https://openlibrary.org/works/OL9786085W,en,"author death year from Wikidata (Q123916); PD via life+70 rule (death year 1881 + 71 <= 2026), independent of publication year"
philine__henri-frederic-amiel__1927,Philine,Henri-Frédéric Amiel,1881,false,1927,openlibrary,https://openlibrary.org/works/OL4714176W,en,"author death year from Wikidata (Q123916); PD via life+70 rule (death year 1881 + 71 <= 2026), independent of publication year"
carl-larsson__carl-larsson__unk,Carl Larsson,Carl Larsson,1919,false,,openlibrary,https://openlibrary.org/works/OL2244952W,en,"author death year from Wikidata (Q187310); PD via life+70 rule (death year 1919 + 71 <= 2026), independent of publication year; publication year (1982) discarded as implausible (>50 years after author's death, likely a modern reprint/collected edition); needs manual research"
das-haus-in-der-sonne__carl-larsson__1909,Das Haus in der Sonne,Carl Larsson,1919,false,1909,openlibrary,https://openlibrary.org/works/OL2244951W,en,"author death year from Wikidata (Q187310); PD via life+70 rule (death year 1919 + 71 <= 2026), independent of publication year"
a-home__carl-larsson__unk,A home,Carl Larsson,1919,false,,openlibrary,https://openlibrary.org/works/OL2244950W,en,"author death year from Wikidata (Q187310); PD via life+70 rule (death year 1919 + 71 <= 2026), independent of publication year; publication year (1974) discarded as implausible (>50 years after author's death, likely a modern reprint/collected edition); needs manual research"
i-malavoglia-di-giovanni-verga__giovanni-verga__1873,I Malavoglia di Giovanni Verga,Giovanni Verga,1922,false,1873,openlibrary,https://openlibrary.org/works/OL141870W,en,"author death year from Wikidata (Q271814); PD via life+70 rule (death year 1922 + 71 <= 2026), independent of publication year"
vita-dei-campi__giovanni-verga__1892,Vita dei campi,Giovanni Verga,1922,false,1892,openlibrary,https://openlibrary.org/works/OL479230W,en,"author death year from Wikidata (Q271814); PD via life+70 rule (death year 1922 + 71 <= 2026), independent of publication year"
novelle-rusticane__giovanni-verga__1885,Novelle rusticane,Giovanni Verga,1922,false,1885,openlibrary,https://openlibrary.org/works/OL479242W,en,"author death year from Wikidata (Q271814); PD via life+70 rule (death year 1922 + 71 <= 2026), independent of publication year"
pecheur-d-islande__pierre-loti__1886,Pêcheur d'Islande,Pierre Loti,1923,false,1886,openlibrary,https://openlibrary.org/works/OL136613W,en,"author death year from Wikidata (Q311854); PD via life+70 rule (death year 1923 + 71 <= 2026), independent of publication year"
ramuntcho__pierre-loti__1897,Ramuntcho,Pierre Loti,1923,false,1897,openlibrary,https://openlibrary.org/works/OL136612W,en,"author death year from Wikidata (Q311854); PD via life+70 rule (death year 1923 + 71 <= 2026), independent of publication year"
madame-chrysantheme__pierre-loti__1888,Madame Chrysanthème,Pierre Loti,1923,false,1888,openlibrary,https://openlibrary.org/works/OL136611W,en,"author death year from Wikidata (Q311854); PD via life+70 rule (death year 1923 + 71 <= 2026), independent of publication year"
suomalaisia-kirjailijoita__eino-leino__1909,Suomalaisia Kirjailijoita,Eino Leino,1926,false,1909,openlibrary,https://openlibrary.org/works/OL41401486W,en,"author death year from Wikidata (Q360079); PD via life+70 rule (death year 1926 + 71 <= 2026), independent of publication year"
whitsongs__eino-leino__unk,Whitsongs,Eino Leino,1926,false,,openlibrary,https://openlibrary.org/works/OL870969W,en,"author death year from Wikidata (Q360079); PD via life+70 rule (death year 1926 + 71 <= 2026), independent of publication year; publication year (1978) discarded as implausible (>50 years after author's death, likely a modern reprint/collected edition); needs manual research"
tyon-orja__eino-leino__unk,Tyon Orja,Eino Leino,1926,false,,openlibrary,https://openlibrary.org/works/OL40568843W,en,"author death year from Wikidata (Q360079); PD via life+70 rule (death year 1926 + 71 <= 2026), independent of publication year; publication year (2016) discarded as implausible (>50 years after author's death, likely a modern reprint/collected edition); needs manual research"
estudis-de-linguistica-i-de-filologia-catalanes__pompeu-fabra__1963,Estudis de lingüística i de filologia catalanes,Pompeu Fabra,1948,false,1963,openlibrary,https://openlibrary.org/works/OL22507404W,en,"author death year from Wikidata (Q379785); PD via life+70 rule (death year 1948 + 71 <= 2026), independent of publication year"
the-architect-of-modern-catalan__pompeu-fabra__unk,The architect of modern Catalan,Pompeu Fabra,1948,false,,openlibrary,https://openlibrary.org/works/OL3056295W,en,"author death year from Wikidata (Q379785); PD via life+70 rule (death year 1948 + 71 <= 2026), independent of publication year; publication year (2009) discarded as implausible (>50 years after author's death, likely a modern reprint/collected edition); needs manual research"
diccionari-general-de-la-llengua-catalana__pompeu-fabra__1974,Diccionari general de la llengua Catalana,Pompeu Fabra,1948,false,1974,openlibrary,https://openlibrary.org/works/OL13051637W,en,"author death year from Wikidata (Q379785); PD via life+70 rule (death year 1948 + 71 <= 2026), independent of publication year"
poetry-of-the-vegetable-world__matthias-jacob-schleiden__unk,Poetry of the Vegetable World,Matthias Jacob Schleiden,1881,false,,openlibrary,https://openlibrary.org/works/OL22239277W,en,"author death year from Wikidata (Q76747); PD via life+70 rule (death year 1881 + 71 <= 2026), independent of publication year; publication year (2018) discarded as implausible (>50 years after author's death, likely a modern reprint/collected edition); needs manual research"
the-plant-a-biography__matthias-jacob-schleiden__1848,The plant; a biography,Matthias Jacob Schleiden,1881,false,1848,openlibrary,https://openlibrary.org/works/OL15280288W,en,"author death year from Wikidata (Q76747); PD via life+70 rule (death year 1881 + 71 <= 2026), independent of publication year"
die-pflanze-und-ihr-leben__matthias-jacob-schleiden__1850,Die Pflanze und ihr Leben,Matthias Jacob Schleiden,1881,false,1850,openlibrary,https://openlibrary.org/works/OL161650W,en,"author death year from Wikidata (Q76747); PD via life+70 rule (death year 1881 + 71 <= 2026), independent of publication year"
1812-napoleon-i-in-russia__vasily-vereshchagin__1899,1812 Napoleon I in Russia,Vasily Vereshchagin,1904,false,1899,openlibrary,https://openlibrary.org/works/OL41505448W,en,"author death year from Wikidata (Q127017); PD via life+70 rule (death year 1904 + 71 <= 2026), independent of publication year"
deutschlands-jugend__walther-rathenau__unk,Deutschlands Jugend,Walther Rathenau,1922,false,,openlibrary,https://openlibrary.org/works/OL26852512W,en,"author death year from Wikidata (Q135645); PD via life+70 rule (death year 1922 + 71 <= 2026), independent of publication year; publication year (2012) discarded as implausible (>50 years after author's death, likely a modern reprint/collected edition); needs manual research"
the-new-society__walther-rathenau__1921,The new society,Walther Rathenau,1922,false,1921,openlibrary,https://openlibrary.org/works/OL5077350W,en,"author death year from Wikidata (Q135645); PD via life+70 rule (death year 1922 + 71 <= 2026), independent of publication year"
tagebuch-1907-1922__walther-rathenau__1930,Tagebuch 1907-1922,Walther Rathenau,1922,false,1930,openlibrary,https://openlibrary.org/works/OL5077347W,en,"author death year from Wikidata (Q135645); PD via life+70 rule (death year 1922 + 71 <= 2026), independent of publication year"
the-limitation-of-armaments__christian-lous-lange__1921,The Limitation of Armaments,Christian Lous Lange,1938,false,1921,openlibrary,https://openlibrary.org/works/OL24495734W,en,"author death year from Wikidata (Q206446); PD via life+70 rule (death year 1938 + 71 <= 2026), independent of publication year"
imperialism-and-peace__christian-lous-lange__1938,Imperialism and peace,Christian Lous Lange,1938,false,1938,openlibrary,https://openlibrary.org/works/OL10692157W,en,"author death year from Wikidata (Q206446); PD via life+70 rule (death year 1938 + 71 <= 2026), independent of publication year"
histoire-de-la-doctrine-pacifique-et-de-son-influence-sur-le-developpement-du-droit-international__christian-lous-lange__1927,Histoire de la doctrine pacifique et de son influence sur le développement du droit international,Christian Lous Lange,1938,false,1927,openlibrary,https://openlibrary.org/works/OL1118259W,en,"author death year from Wikidata (Q206446); PD via life+70 rule (death year 1938 + 71 <= 2026), independent of publication year"
old-testament-readings-devotionals__charles-spurgeon__unk,Old Testament Readings & Devotionals,Charles Spurgeon,1892,false,,openlibrary,https://openlibrary.org/works/OL26004163W,en,"author death year from Wikidata (Q278825); PD via life+70 rule (death year 1892 + 71 <= 2026), independent of publication year; publication year (2021) discarded as implausible (>50 years after author's death, likely a modern reprint/collected edition); needs manual research"
beyond-the-internationale__eugene-pottier__unk,Beyond the Internationale,Eugène Pottier,1887,false,,openlibrary,https://openlibrary.org/works/OL41879840W,en,"author death year from Wikidata (Q312915); PD via life+70 rule (death year 1887 + 71 <= 2026), independent of publication year; publication year (2024) discarded as implausible (>50 years after author's death, likely a modern reprint/collected edition); needs manual research"
my-own-story__marie-dressler__1934,My own story,Marie Dressler,1934,false,1934,openlibrary,https://openlibrary.org/works/OL7570953W,en,"author death year from Wikidata (Q253282); PD via life+70 rule (death year 1934 + 71 <= 2026), independent of publication year"
the-eminent-american-comedienne-marie-dressler__marie-dressler__1924,The eminent American comedienne Marie Dressler,Marie Dressler,1934,false,1924,openlibrary,https://openlibrary.org/works/OL10855763W,en,"author death year from Wikidata (Q253282); PD via life+70 rule (death year 1934 + 71 <= 2026), independent of publication year"
the-yellow-wallpaper__charlotte-perkins-gilman__1892,The Yellow Wallpaper,Charlotte Perkins Gilman,1935,false,1892,openlibrary,https://openlibrary.org/works/OL2772007W,en,"author death year from Wikidata (Q287752); PD via life+70 rule (death year 1935 + 71 <= 2026), independent of publication year"
herland__charlotte-perkins-gilman__1915,Herland,Charlotte Perkins Gilman,1935,false,1915,openlibrary,https://openlibrary.org/works/OL2771987W,en,"author death year from Wikidata (Q287752); PD via life+70 rule (death year 1935 + 71 <= 2026), independent of publication year"
our-androcentric-culture-or-the-man-made-world__charlotte-perkins-gilman__1911,"Our Androcentric Culture, or the Man-Made World",Charlotte Perkins Gilman,1935,false,1911,openlibrary,https://openlibrary.org/works/OL2772023W,en,"author death year from Wikidata (Q287752); PD via life+70 rule (death year 1935 + 71 <= 2026), independent of publication year"
woman-in-the-nineteenth-century__margaret-fuller__1845,Woman in the nineteenth century,Margaret Fuller,1850,false,1845,openlibrary,https://openlibrary.org/works/OL76891W,en,"author death year from Wikidata (Q257953); PD via life+70 rule (death year 1850 + 71 <= 2026), independent of publication year"
memoirs-of-margaret-fuller-ossoli__margaret-fuller__1852,Memoirs of Margaret Fuller Ossoli,Margaret Fuller,1850,false,1852,openlibrary,https://openlibrary.org/works/OL76890W,en,"author death year from Wikidata (Q257953); PD via life+70 rule (death year 1850 + 71 <= 2026), independent of publication year"
at-home-and-abroad__margaret-fuller__1856,At home and abroad,Margaret Fuller,1850,false,1856,openlibrary,https://openlibrary.org/works/OL76886W,en,"author death year from Wikidata (Q257953); PD via life+70 rule (death year 1850 + 71 <= 2026), independent of publication year"
ubu-roi__alfred-jarry__1896,Ubu roi,Alfred Jarry,1907,false,1896,openlibrary,https://openlibrary.org/works/OL1264521W,en,"author death year from Wikidata (Q7841); PD via life+70 rule (death year 1907 + 71 <= 2026), independent of publication year"
the-ubu-plays__alfred-jarry__unk,The Ubu plays,Alfred Jarry,1907,false,,openlibrary,https://openlibrary.org/works/OL1264516W,en,"author death year from Wikidata (Q7841); PD via life+70 rule (death year 1907 + 71 <= 2026), independent of publication year; publication year (1968) discarded as implausible (>50 years after author's death, likely a modern reprint/collected edition); needs manual research"
einleitung-in-die-geisteswissenschaften__wilhelm-dilthey__1922,Einleitung in die Geisteswissenschaften,Wilhelm Dilthey,1911,false,1922,openlibrary,https://openlibrary.org/works/OL1341362W,en,"author death year from Wikidata (Q60080); PD via life+70 rule (death year 1911 + 71 <= 2026), independent of publication year"
pattern-meaning-in-history__wilhelm-dilthey__unk,Pattern & meaning in history,Wilhelm Dilthey,1911,false,,openlibrary,https://openlibrary.org/works/OL1341361W,en,"author death year from Wikidata (Q60080); PD via life+70 rule (death year 1911 + 71 <= 2026), independent of publication year; publication year (1962) discarded as implausible (>50 years after author's death, likely a modern reprint/collected edition); needs manual research"
poetic-imagination-and-insanity__wilhelm-dilthey__unk,Poetic Imagination and Insanity,Wilhelm Dilthey,1911,false,,openlibrary,https://openlibrary.org/works/OL37859985W,en,"author death year from Wikidata (Q60080); PD via life+70 rule (death year 1911 + 71 <= 2026), independent of publication year; publication year (2023) discarded as implausible (>50 years after author's death, likely a modern reprint/collected edition); needs manual research"
histoire-d-un-ruisseau__elisee-reclus__1882,Histoire d'un ruisseau,Élisée Reclus,1905,false,1882,openlibrary,https://openlibrary.org/works/OL6126532W,en,"author death year from Wikidata (Q20951); PD via life+70 rule (death year 1905 + 71 <= 2026), independent of publication year"
histoire-dune-montagne__elisee-reclus__1881,Histoire d’une montagne,Élisée Reclus,1905,false,1881,openlibrary,https://openlibrary.org/works/OL3589523W,en,"author death year from Wikidata (Q20951); PD via life+70 rule (death year 1905 + 71 <= 2026), independent of publication year"
nouvelle-geographie-universelle__elisee-reclus__1876,Nouvelle géographie universelle,Élisée Reclus,1905,false,1876,openlibrary,https://openlibrary.org/works/OL3589552W,en,"author death year from Wikidata (Q20951); PD via life+70 rule (death year 1905 + 71 <= 2026), independent of publication year"
galgenlieder__christian-morgenstern__1911,Galgenlieder,Christian Morgenstern,1914,false,1911,openlibrary,https://openlibrary.org/works/OL1238934W,en,"author death year from Wikidata (Q44652); PD via life+70 rule (death year 1914 + 71 <= 2026), independent of publication year"
confessions-of-an-actor__john-barrymore__1926,Confessions of an actor,John Barrymore,1942,false,1926,openlibrary,https://openlibrary.org/works/OL7304005W,en,"author death year from Wikidata (Q95034); PD via life+70 rule (death year 1942 + 71 <= 2026), independent of publication year"
don-juan__john-barrymore__1927,Don Juan,John Barrymore,1942,false,1927,openlibrary,https://openlibrary.org/works/OL22423194W,en,"author death year from Wikidata (Q95034); PD via life+70 rule (death year 1942 + 71 <= 2026), independent of publication year"
primitive-culture__edward-burnett-tylor__unk,Primitive Culture,Edward Burnett Tylor,1917,false,,openlibrary,https://openlibrary.org/works/OL21123651W,en,"author death year from Wikidata (Q141037); PD via life+70 rule (death year 1917 + 71 <= 2026), independent of publication year; publication year (2010) discarded as implausible (>50 years after author's death, likely a modern reprint/collected edition); needs manual research"
primitive-man__edward-burnett-tylor__unk,Primitive Man,Edward Burnett Tylor,1917,false,,openlibrary,https://openlibrary.org/works/OL37632142W,en,"author death year from Wikidata (Q141037); PD via life+70 rule (death year 1917 + 71 <= 2026), independent of publication year; publication year (2010) discarded as implausible (>50 years after author's death, likely a modern reprint/collected edition); needs manual research"
personal-recollections-from-early-life-to-old-age-of-mary-somerville__mary-somerville__1874,"Personal recollections, from early life to old age, of Mary Somerville",Mary Somerville,1872,false,1874,openlibrary,https://openlibrary.org/works/OL7013871W,en,"author death year from Wikidata (Q268702); PD via life+70 rule (death year 1872 + 71 <= 2026), independent of publication year"
physical-geography__mary-somerville__1848,Physical geography,Mary Somerville,1872,false,1848,openlibrary,https://openlibrary.org/works/OL7013872W,en,"author death year from Wikidata (Q268702); PD via life+70 rule (death year 1872 + 71 <= 2026), independent of publication year"
on-the-connexion-of-the-physical-sciences__mary-somerville__1834,On the connexion of the physical sciences,Mary Somerville,1872,false,1834,openlibrary,https://openlibrary.org/works/OL7013870W,en,"author death year from Wikidata (Q268702); PD via life+70 rule (death year 1872 + 71 <= 2026), independent of publication year"
autobiography-of-buffalo-bill__buffalo-bill__unk,Autobiography of Buffalo Bill,Buffalo Bill,1917,false,,openlibrary,https://openlibrary.org/works/OL26990821W,en,"author death year from Wikidata (Q202285); PD via life+70 rule (death year 1917 + 71 <= 2026), independent of publication year; publication year (2011) discarded as implausible (>50 years after author's death, likely a modern reprint/collected edition); needs manual research"
the-great-west__buffalo-bill__1958,The great West,Buffalo Bill,1917,false,1958,openlibrary,https://openlibrary.org/works/OL1633752W,en,"author death year from Wikidata (Q202285); PD via life+70 rule (death year 1917 + 71 <= 2026), independent of publication year"
the-life-of-buffalo-bill__buffalo-bill__unk,The life of Buffalo Bill,Buffalo Bill,1917,false,,openlibrary,https://openlibrary.org/works/OL2755811W,en,"author death year from Wikidata (Q202285); PD via life+70 rule (death year 1917 + 71 <= 2026), independent of publication year; publication year (1990) discarded as implausible (>50 years after author's death, likely a modern reprint/collected edition); needs manual research"
the-great-controversy__ellen-g-white__1858,The great controversy,Ellen G. White,1915,false,1858,openlibrary,https://openlibrary.org/works/OL1887655W,en,"author death year from Wikidata (Q292290); PD via life+70 rule (death year 1915 + 71 <= 2026), independent of publication year"
the-desire-of-ages__ellen-g-white__unk,The Desire of Ages,Ellen G. White,1915,false,,openlibrary,https://openlibrary.org/works/OL34617131W,en,"author death year from Wikidata (Q292290); PD via life+70 rule (death year 1915 + 71 <= 2026), independent of publication year; publication year (2009) discarded as implausible (>50 years after author's death, likely a modern reprint/collected edition); needs manual research"
steps-to-christ-illustrated-edition__ellen-g-white__unk,Steps to Christ - Illustrated Edition,Ellen G. White,1915,false,,openlibrary,https://openlibrary.org/works/OL29519002W,en,"author death year from Wikidata (Q292290); PD via life+70 rule (death year 1915 + 71 <= 2026), independent of publication year; publication year (2017) discarded as implausible (>50 years after author's death, likely a modern reprint/collected edition); needs manual research"
poems__wilfred-owen__1920,Poems,Wilfred Owen,1918,false,1920,openlibrary,https://openlibrary.org/works/OL659571W,en,"author death year from Wikidata (Q212719); PD via life+70 rule (death year 1918 + 71 <= 2026), independent of publication year"
wheels__wilfred-owen__1967,Wheels,Wilfred Owen,1918,false,1967,openlibrary,https://openlibrary.org/works/OL659564W,en,"author death year from Wikidata (Q212719); PD via life+70 rule (death year 1918 + 71 <= 2026), independent of publication year"
the-oxford-book-of-american-essays__nicholas-murray-butler__1914,The Oxford Book of American Essays,Nicholas Murray Butler,1947,false,1914,openlibrary,https://openlibrary.org/works/OL1132238W,en,"author death year from Wikidata (Q271517); PD via life+70 rule (death year 1947 + 71 <= 2026), independent of publication year"
true-and-false-democracy__nicholas-murray-butler__1907,True and false democracy,Nicholas Murray Butler,1947,false,1907,openlibrary,https://openlibrary.org/works/OL1110094W,en,"author death year from Wikidata (Q271517); PD via life+70 rule (death year 1947 + 71 <= 2026), independent of publication year"
why-should-we-change-our-form-of-government__nicholas-murray-butler__1912,Why should we change our form of government?,Nicholas Murray Butler,1947,false,1912,openlibrary,https://openlibrary.org/works/OL1110093W,en,"author death year from Wikidata (Q271517); PD via life+70 rule (death year 1947 + 71 <= 2026), independent of publication year"
edith-cavell-s-short-story-from-heroes-among-us__edith-cavell__unk,"Edith Cavell's Short Story from ""Heroes among Us""",Edith Cavell,1915,false,,openlibrary,https://openlibrary.org/works/OL28828684W,en,"author death year from Wikidata (Q237564); PD via life+70 rule (death year 1915 + 71 <= 2026), independent of publication year; publication year (2012) discarded as implausible (>50 years after author's death, likely a modern reprint/collected edition); needs manual research"
the-case-of-miss-cavell__edith-cavell__1920,The case of Miss Cavell,Edith Cavell,1915,false,1920,openlibrary,https://openlibrary.org/works/OL43405186W,en,"author death year from Wikidata (Q237564); PD via life+70 rule (death year 1915 + 71 <= 2026), independent of publication year"
nurse-cavell-dog-lover__edith-cavell__1934,"Nurse Cavell, dog lover",Edith Cavell,1915,false,1934,openlibrary,https://openlibrary.org/works/OL13374164W,en,"author death year from Wikidata (Q237564); PD via life+70 rule (death year 1915 + 71 <= 2026), independent of publication year"
makarenko-his-life-and-work__anton-makarenko__unk,"Makarenko, His Life And Work",Anton Makarenko,1939,false,,openlibrary,https://openlibrary.org/works/OL8730304W,en,"author death year from Wikidata (Q297448); PD via life+70 rule (death year 1939 + 71 <= 2026), independent of publication year; publication year (2004) discarded as implausible (>50 years after author's death, likely a modern reprint/collected edition); needs manual research"
yasam-yolu__anton-makarenko__1984,Yasam Yolu,Anton Makarenko,1939,false,1984,openlibrary,https://openlibrary.org/works/OL13165853W,en,"author death year from Wikidata (Q297448); PD via life+70 rule (death year 1939 + 71 <= 2026), independent of publication year"
le-livre-des-mediums__allan-kardec__1861,Le livre des médiums,Allan Kardec,1869,false,1861,openlibrary,https://openlibrary.org/works/OL4238658W,en,"author death year from Wikidata (Q240643); PD via life+70 rule (death year 1869 + 71 <= 2026), independent of publication year"
the-spirits-book__allan-kardec__1857,The Spirits' Book,Allan Kardec,1869,false,1857,openlibrary,https://openlibrary.org/works/OL4238705W,en,"author death year from Wikidata (Q240643); PD via life+70 rule (death year 1869 + 71 <= 2026), independent of publication year"
spiritisme-experimental__allan-kardec__1874,Spiritisme expérimental,Allan Kardec,1869,false,1874,openlibrary,https://openlibrary.org/works/OL4238704W,en,"author death year from Wikidata (Q240643); PD via life+70 rule (death year 1869 + 71 <= 2026), independent of publication year"
herfsttij-der-middeleeuwen__johan-huizinga__1919,Herfsttij der Middeleeuwen,Johan Huizinga,1945,false,1919,openlibrary,https://openlibrary.org/works/OL1141875W,en,"author death year from Wikidata (Q276280); PD via life+70 rule (death year 1945 + 71 <= 2026), independent of publication year"
homo-ludens__johan-huizinga__1938,Homo Ludens,Johan Huizinga,1945,false,1938,openlibrary,https://openlibrary.org/works/OL1141874W,en,"author death year from Wikidata (Q276280); PD via life+70 rule (death year 1945 + 71 <= 2026), independent of publication year"
erasmus__johan-huizinga__1924,Erasmus,Johan Huizinga,1945,false,1924,openlibrary,https://openlibrary.org/works/OL1141873W,en,"author death year from Wikidata (Q276280); PD via life+70 rule (death year 1945 + 71 <= 2026), independent of publication year"
corsaro-nero__emilio-salgari__unk,Corsaro Nero,Emilio Salgari,1911,false,,openlibrary,https://openlibrary.org/works/OL41295204W,en,"author death year from Wikidata (Q309786); PD via life+70 rule (death year 1911 + 71 <= 2026), independent of publication year; publication year (2016) discarded as implausible (>50 years after author's death, likely a modern reprint/collected edition); needs manual research"
sandokan__emilio-salgari__unk,Sandokan,Emilio Salgari,1911,false,,openlibrary,https://openlibrary.org/works/OL793314W,en,"author death year from Wikidata (Q309786); PD via life+70 rule (death year 1911 + 71 <= 2026), independent of publication year; publication year (1998) discarded as implausible (>50 years after author's death, likely a modern reprint/collected edition); needs manual research"
i-minatori-dell-alaska__emilio-salgari__unk,I Minatori Dell'Alaska,Emilio Salgari,1911,false,,openlibrary,https://openlibrary.org/works/OL41445726W,en,"author death year from Wikidata (Q309786); PD via life+70 rule (death year 1911 + 71 <= 2026), independent of publication year; publication year (2016) discarded as implausible (>50 years after author's death, likely a modern reprint/collected edition); needs manual research"
ancient-society-the-john-harvard-library__lewis-h-morgan__1877,Ancient Society (The John Harvard Library),Lewis H. Morgan,1881,false,1877,openlibrary,https://openlibrary.org/works/OL1621323W,en,"author death year from Wikidata (Q313458); PD via life+70 rule (death year 1881 + 71 <= 2026), independent of publication year"
systems-of-consanguinity-and-affinity-of-the-human-family__lewis-h-morgan__1870,Systems of consanguinity and affinity of the human family,Lewis H. Morgan,1881,false,1870,openlibrary,https://openlibrary.org/works/OL1621343W,en,"author death year from Wikidata (Q313458); PD via life+70 rule (death year 1881 + 71 <= 2026), independent of publication year"
houses-and-house-life-of-the-american-aborigines__lewis-h-morgan__1881,Houses And House-Life Of The American Aborigines,Lewis H. Morgan,1881,false,1881,openlibrary,https://openlibrary.org/works/OL8811374W,en,"author death year from Wikidata (Q313458); PD via life+70 rule (death year 1881 + 71 <= 2026), independent of publication year"
o-mandarim__jose-maria-de-eca-de-queiros__unk,O Mandarim,José Maria de Eça de Queirós,1900,false,,openlibrary,https://openlibrary.org/works/OL39888645W,en,"author death year from Wikidata (Q316327); PD via life+70 rule (death year 1900 + 71 <= 2026), independent of publication year; publication year (2012) discarded as implausible (>50 years after author's death, likely a modern reprint/collected edition); needs manual research"
arsene-lupin-gentleman-cambrioleur__maurice-leblanc__1907,"Arsène Lupin, gentleman-cambrioleur",Maurice Leblanc,1941,false,1907,openlibrary,https://openlibrary.org/works/OL1064277W,en,"author death year from Wikidata (Q314993); PD via life+70 rule (death year 1941 + 71 <= 2026), independent of publication year"
arsene-lupin-contre-herlock-sholmes__maurice-leblanc__1906,Arsène Lupin contre Herlock Sholmès,Maurice Leblanc,1941,false,1906,openlibrary,https://openlibrary.org/works/OL1064284W,en,"author death year from Wikidata (Q314993); PD via life+70 rule (death year 1941 + 71 <= 2026), independent of publication year"
the-eight-strokes-of-the-clock__maurice-leblanc__1922,The Eight Strokes of the Clock,Maurice Leblanc,1941,false,1922,openlibrary,https://openlibrary.org/works/OL1064268W,en,"author death year from Wikidata (Q314993); PD via life+70 rule (death year 1941 + 71 <= 2026), independent of publication year"
history-of-ukraine-rus__mykhailo-hrushevskyi__unk,History of Ukraine-Rus',Mykhailo Hrushevskyi,1934,false,,openlibrary,https://openlibrary.org/works/OL15970133W,en,"author death year from Wikidata (Q371322); PD via life+70 rule (death year 1934 + 71 <= 2026), independent of publication year; publication year (1997) discarded as implausible (>50 years after author's death, likely a modern reprint/collected edition); needs manual research"
istoriia-ukrainy-rusy__mykhailo-hrushevskyi__1954,Istorii︠a︡ Ukraïny-Rusy,Mykhailo Hrushevskyi,1934,false,1954,openlibrary,https://openlibrary.org/works/OL2169715W,en,"author death year from Wikidata (Q371322); PD via life+70 rule (death year 1934 + 71 <= 2026), independent of publication year"
a-history-of-ukraine__mykhailo-hrushevskyi__1941,A history of Ukraine,Mykhailo Hrushevskyi,1934,false,1941,openlibrary,https://openlibrary.org/works/OL2169711W,en,"author death year from Wikidata (Q371322); PD via life+70 rule (death year 1934 + 71 <= 2026), independent of publication year"
schloss-gripsholm__kurt-tucholsky__1931,Schloss Gripsholm,Kurt Tucholsky,1935,false,1931,openlibrary,https://openlibrary.org/works/OL1412680W,en,"author death year from Wikidata (Q57386); PD via life+70 rule (death year 1935 + 71 <= 2026), independent of publication year"
gesamtausgabe__kurt-tucholsky__unk,Gesamtausgabe,Kurt Tucholsky,1935,false,,openlibrary,https://openlibrary.org/works/OL1412677W,en,"author death year from Wikidata (Q57386); PD via life+70 rule (death year 1935 + 71 <= 2026), independent of publication year; publication year (1996) discarded as implausible (>50 years after author's death, likely a modern reprint/collected edition); needs manual research"
schlo-gripsholm__kurt-tucholsky__unk,Schloß Gripsholm,Kurt Tucholsky,1935,false,,openlibrary,https://openlibrary.org/works/OL36059545W,en,"author death year from Wikidata (Q57386); PD via life+70 rule (death year 1935 + 71 <= 2026), independent of publication year; publication year (2011) discarded as implausible (>50 years after author's death, likely a modern reprint/collected edition); needs manual research"
fruhlings-erwachen__frank-wedekind__1800,Frühlings Erwachen,Frank Wedekind,1918,false,1800,openlibrary,https://openlibrary.org/works/OL1327807W,en,"author death year from Wikidata (Q57619); PD via life+70 rule (death year 1918 + 71 <= 2026), independent of publication year"
pandora-s-box__frank-wedekind__unk,Pandora's Box,Frank Wedekind,1918,false,,openlibrary,https://openlibrary.org/works/OL29722331W,en,"author death year from Wikidata (Q57619); PD via life+70 rule (death year 1918 + 71 <= 2026), independent of publication year; publication year (2018) discarded as implausible (>50 years after author's death, likely a modern reprint/collected edition); needs manual research"
golem__gustav-meyrink__1972,Golem,Gustav Meyrink,1932,false,1972,openlibrary,https://openlibrary.org/works/OL35700794W,en,"author death year from Wikidata (Q78511); PD via life+70 rule (death year 1932 + 71 <= 2026), independent of publication year"
the-golem__gustav-meyrink__1928,The Golem,Gustav Meyrink,1932,false,1928,openlibrary,https://openlibrary.org/works/OL3416298W,en,"author death year from Wikidata (Q78511); PD via life+70 rule (death year 1932 + 71 <= 2026), independent of publication year"
walpurgisnacht__gustav-meyrink__1917,Walpurgisnacht,Gustav Meyrink,1932,false,1917,openlibrary,https://openlibrary.org/works/OL3416326W,en,"author death year from Wikidata (Q78511); PD via life+70 rule (death year 1932 + 71 <= 2026), independent of publication year"
le-roi-de-beotie__max-jacob__1921,Le roi de Béotie,Max Jacob,1944,false,1921,openlibrary,https://openlibrary.org/works/OL523058W,en,"author death year from Wikidata (Q156214); PD via life+70 rule (death year 1944 + 71 <= 2026), independent of publication year"
max-jacob__max-jacob__1951,Max Jacob,Max Jacob,1944,false,1951,openlibrary,https://openlibrary.org/works/OL38627500W,en,"author death year from Wikidata (Q156214); PD via life+70 rule (death year 1944 + 71 <= 2026), independent of publication year"
derniers-poemes-en-vers-et-en-prose__max-jacob__1961,Derniers poèmes en vers et en prose,Max Jacob,1944,false,1961,openlibrary,https://openlibrary.org/works/OL523045W,en,"author death year from Wikidata (Q156214); PD via life+70 rule (death year 1944 + 71 <= 2026), independent of publication year"
poems__wallace-stevens__1945,Poems,Wallace Stevens,1955,false,1945,openlibrary,https://openlibrary.org/works/OL464018W,en,"author death year from Wikidata (Q166835); PD via life+70 rule (death year 1955 + 71 <= 2026), independent of publication year"
opus-posthumous__wallace-stevens__1957,Opus posthumous,Wallace Stevens,1955,false,1957,openlibrary,https://openlibrary.org/works/OL464017W,en,"author death year from Wikidata (Q166835); PD via life+70 rule (death year 1955 + 71 <= 2026), independent of publication year"
the-united-states-in-literature-with-three-long-stories-seventh-edition__wallace-stevens__1952,The United States in Literature [with three long stories] -- Seventh Edition,Wallace Stevens,1955,false,1952,openlibrary,https://openlibrary.org/works/OL15164554W,en,"author death year from Wikidata (Q166835); PD via life+70 rule (death year 1955 + 71 <= 2026), independent of publication year"
al-mathurat-morning-and-evening-prayer-book__hassan-al-banna__unk,Al MATHURAT; Morning and Evening Prayer Book,Hassan al-Banna,1949,false,,openlibrary,https://openlibrary.org/works/OL30893253W,en,"author death year from Wikidata (Q230291); PD via life+70 rule (death year 1949 + 71 <= 2026), independent of publication year; publication year (2020) discarded as implausible (>50 years after author's death, likely a modern reprint/collected edition); needs manual research"
message-of-the-teachings__hassan-al-banna__unk,Message of the teachings,Hassan al-Banna,1949,false,,openlibrary,https://openlibrary.org/works/OL10640497W,en,"author death year from Wikidata (Q230291); PD via life+70 rule (death year 1949 + 71 <= 2026), independent of publication year; publication year not available from Open Library"
the-awakening__kate-chopin__1899,The Awakening,Kate Chopin,1904,false,1899,openlibrary,https://openlibrary.org/works/OL65430W,en,"author death year from Wikidata (Q230476); PD via life+70 rule (death year 1904 + 71 <= 2026), independent of publication year"
works-awakening-beyond-the-bayou-desiree-s-baby-kiss-locket-ma-ame-pelagie-pair-of-silk-stockings-reflection-respectable-woman__kate-chopin__unk,Works (Awakening / Beyond the Bayou / Desiree's Baby / Kiss / Locket / Ma'ame Pelagie / Pair of Silk Stockings / Reflection / Respectable Woman),Kate Chopin,1904,false,,openlibrary,https://openlibrary.org/works/OL65438W,en,"author death year from Wikidata (Q230476); PD via life+70 rule (death year 1904 + 71 <= 2026), independent of publication year; publication year (1981) discarded as implausible (>50 years after author's death, likely a modern reprint/collected edition); needs manual research"
at-fault__kate-chopin__1890,At Fault,Kate Chopin,1904,false,1890,openlibrary,https://openlibrary.org/works/OL65437W,en,"author death year from Wikidata (Q230476); PD via life+70 rule (death year 1904 + 71 <= 2026), independent of publication year"
prison-memoirs-of-an-anarchist__alexander-berkman__1912,Prison Memoirs of an Anarchist,Alexander Berkman,1936,false,1912,openlibrary,https://openlibrary.org/works/OL14861344W,en,"author death year from Wikidata (Q195390); PD via life+70 rule (death year 1936 + 71 <= 2026), independent of publication year"
now-and-after__alexander-berkman__1929,Now and After,Alexander Berkman,1936,false,1929,openlibrary,https://openlibrary.org/works/OL12088449W,en,"author death year from Wikidata (Q195390); PD via life+70 rule (death year 1936 + 71 <= 2026), independent of publication year"
the-bolshevik-myth-diary-19201922__alexander-berkman__1925,The Bolshevik Myth (Diary 1920–1922),Alexander Berkman,1936,false,1925,openlibrary,https://openlibrary.org/works/OL14861335W,en,"author death year from Wikidata (Q195390); PD via life+70 rule (death year 1936 + 71 <= 2026), independent of publication year"
vice-president-fairbanks__charles-w-fairbanks__1907,Vice-President Fairbanks,Charles W. Fairbanks,1918,false,1907,openlibrary,https://openlibrary.org/works/OL2501175W,en,"author death year from Wikidata (Q270539); PD via life+70 rule (death year 1918 + 71 <= 2026), independent of publication year"
address__charles-w-fairbanks__1903,Address,Charles W. Fairbanks,1918,false,1903,openlibrary,https://openlibrary.org/works/OL2501171W,en,"author death year from Wikidata (Q270539); PD via life+70 rule (death year 1918 + 71 <= 2026), independent of publication year"
the-addresses__charles-w-fairbanks__1909,The addresses,Charles W. Fairbanks,1918,false,1909,openlibrary,https://openlibrary.org/works/OL2501174W,en,"author death year from Wikidata (Q270539); PD via life+70 rule (death year 1918 + 71 <= 2026), independent of publication year"
classical-essays-on-the-development-of-the-russian-art-song__cesar-cui__unk,Classical essays on the development of the Russian art song,César Cui,1918,false,,openlibrary,https://openlibrary.org/works/OL16232597W,en,"author death year from Wikidata (Q208546); PD via life+70 rule (death year 1918 + 71 <= 2026), independent of publication year; publication year (1993) discarded as implausible (>50 years after author's death, likely a modern reprint/collected edition); needs manual research"
eight-selected-pieces-from-kaleidoskope-op-50__cesar-cui__unk,"Eight selected pieces from Kaleidoskope, op. 50",César Cui,1918,false,,openlibrary,https://openlibrary.org/works/OL12171500W,en,"author death year from Wikidata (Q208546); PD via life+70 rule (death year 1918 + 71 <= 2026), independent of publication year; publication year not available from Open Library"
twelve-miniatures__cesar-cui__unk,Twelve Miniatures,César Cui,1918,false,,openlibrary,https://openlibrary.org/works/OL9495747W,en,"author death year from Wikidata (Q208546); PD via life+70 rule (death year 1918 + 71 <= 2026), independent of publication year; publication year (2001) discarded as implausible (>50 years after author's death, likely a modern reprint/collected edition); needs manual research"
antologia-poetica__alfonsina-storni__1961,Antologia Poetica,Alfonsina Storni,1938,false,1961,openlibrary,https://openlibrary.org/works/OL974881W,en,"author death year from Wikidata (Q238557); PD via life+70 rule (death year 1938 + 71 <= 2026), independent of publication year"
alfonsina-storni__alfonsina-storni__1923,Alfonsina Storni,Alfonsina Storni,1938,false,1923,openlibrary,https://openlibrary.org/works/OL974879W,en,"author death year from Wikidata (Q238557); PD via life+70 rule (death year 1938 + 71 <= 2026), independent of publication year"
nosotras-y-la-piel__alfonsina-storni__unk,Nosotras... y la piel,Alfonsina Storni,1938,false,,openlibrary,https://openlibrary.org/works/OL974852W,en,"author death year from Wikidata (Q238557); PD via life+70 rule (death year 1938 + 71 <= 2026), independent of publication year; publication year (1998) discarded as implausible (>50 years after author's death, likely a modern reprint/collected edition); needs manual research"
le-droit-a-la-paresse__paul-lafargue__1893,Le droit à la paresse,Paul Lafargue,1911,false,1893,openlibrary,https://openlibrary.org/works/OL528199W,en,"author death year from Wikidata (Q317152); PD via life+70 rule (death year 1911 + 71 <= 2026), independent of publication year"
droit-a-la-paresse__paul-lafargue__1907,Droit à la paresse,Paul Lafargue,1911,false,1907,openlibrary,https://openlibrary.org/works/OL528228W,en,"author death year from Wikidata (Q317152); PD via life+70 rule (death year 1911 + 71 <= 2026), independent of publication year"
karl-marx-biographical-memoirs__paul-lafargue__1901,Karl Marx; biographical memoirs,Paul Lafargue,1911,false,1901,openlibrary,https://openlibrary.org/works/OL2805305W,en,"author death year from Wikidata (Q317152); PD via life+70 rule (death year 1911 + 71 <= 2026), independent of publication year"
gambetta__paul-deschanel__1919,Gambetta,Paul Deschanel,1922,false,1919,openlibrary,https://openlibrary.org/works/OL10700404W,en,"author death year from Wikidata (Q309995); PD via life+70 rule (death year 1922 + 71 <= 2026), independent of publication year"
riceyman-steps__arnold-bennett__1923,Riceyman Steps,Arnold Bennett,1931,false,1923,openlibrary,https://openlibrary.org/works/OL109222W,en,"author death year from Wikidata (Q314158); PD via life+70 rule (death year 1931 + 71 <= 2026), independent of publication year"
the-ghost__arnold-bennett__1907,The ghost,Arnold Bennett,1931,false,1907,openlibrary,https://openlibrary.org/works/OL109229W,en,"author death year from Wikidata (Q314158); PD via life+70 rule (death year 1931 + 71 <= 2026), independent of publication year"
the-old-wives-tale__arnold-bennett__1900,The old wives' tale,Arnold Bennett,1931,false,1900,openlibrary,https://openlibrary.org/works/OL109236W,en,"author death year from Wikidata (Q314158); PD via life+70 rule (death year 1931 + 71 <= 2026), independent of publication year"
fourteen-little-red-huts-and-other-plays__andrei-platonov__unk,Fourteen Little Red Huts and Other Plays,Andrei Platonov,1951,false,,openlibrary,https://openlibrary.org/works/OL21135155W,en,"author death year from Wikidata (Q315147); PD via life+70 rule (death year 1951 + 71 <= 2026), independent of publication year; publication year (2016) discarded as implausible (>50 years after author's death, likely a modern reprint/collected edition); needs manual research"
symbolism-of-the-cross__rene-guenon__1958,Symbolism of the cross,René Guénon,1951,false,1958,openlibrary,https://openlibrary.org/works/OL1230282W,en,"author death year from Wikidata (Q496850); PD via life+70 rule (death year 1951 + 71 <= 2026), independent of publication year"
orient-et-occident__rene-guenon__1924,Orient et Occident,René Guénon,1951,false,1924,openlibrary,https://openlibrary.org/works/OL1230281W,en,"author death year from Wikidata (Q496850); PD via life+70 rule (death year 1951 + 71 <= 2026), independent of publication year"
introduction-to-the-study-of-the-hindu-doctrines__rene-guenon__1945,Introduction to the study of the Hindu doctrines,René Guénon,1951,false,1945,openlibrary,https://openlibrary.org/works/OL1230279W,en,"author death year from Wikidata (Q496850); PD via life+70 rule (death year 1951 + 71 <= 2026), independent of publication year"
germinie-lacerteux__edmond-de-goncourt__1800,Germinie Lacerteux,Edmond de Goncourt,1896,false,1800,openlibrary,https://openlibrary.org/works/OL74886W,en,"author death year from Wikidata (Q1249210); PD via life+70 rule (death year 1896 + 71 <= 2026), independent of publication year"
la-femme-au-dix-huitieme-siecle__edmond-de-goncourt__1862,La femme au dix-huitieme siecle,Edmond de Goncourt,1896,false,1862,openlibrary,https://openlibrary.org/works/OL74835W,en,"author death year from Wikidata (Q1249210); PD via life+70 rule (death year 1896 + 71 <= 2026), independent of publication year"
hokousai__edmond-de-goncourt__1895,Hokousaï,Edmond de Goncourt,1896,false,1895,openlibrary,https://openlibrary.org/works/OL74848W,en,"author death year from Wikidata (Q1249210); PD via life+70 rule (death year 1896 + 71 <= 2026), independent of publication year"
martin-kacur__ivan-cankar__1906,Martin Kačur,Ivan Cankar,1918,false,1906,openlibrary,https://openlibrary.org/works/OL2363277W,en,"author death year from Wikidata (Q15809); PD via life+70 rule (death year 1918 + 71 <= 2026), independent of publication year"
hlapec-jernej-in-njegova-pravica__ivan-cankar__1907,Hlapec Jernej in njegova pravica,Ivan Cankar,1918,false,1907,openlibrary,https://openlibrary.org/works/OL2363276W,en,"author death year from Wikidata (Q15809); PD via life+70 rule (death year 1918 + 71 <= 2026), independent of publication year"
my-life-and-other-sketches__ivan-cankar__unk,My life and other sketches,Ivan Cankar,1918,false,,openlibrary,https://openlibrary.org/works/OL2363246W,en,"author death year from Wikidata (Q15809); PD via life+70 rule (death year 1918 + 71 <= 2026), independent of publication year; publication year (1971) discarded as implausible (>50 years after author's death, likely a modern reprint/collected edition); needs manual research"
les-homosexuels-de-berlin__magnus-hirschfeld__1904,Les homosexuels de Berlin,Magnus Hirschfeld,1935,false,1904,openlibrary,https://openlibrary.org/works/OL3769820W,en,"author death year from Wikidata (Q57592); PD via life+70 rule (death year 1935 + 71 <= 2026), independent of publication year"
sexual-history-of-the-world-war-the__magnus-hirschfeld__1930,"Sexual History of the World War, The",Magnus Hirschfeld,1935,false,1930,openlibrary,https://openlibrary.org/works/OL3769825W,en,"author death year from Wikidata (Q57592); PD via life+70 rule (death year 1935 + 71 <= 2026), independent of publication year"
the-homosexuality-of-men-and-women__magnus-hirschfeld__1914,The Homosexuality of Men and Women,Magnus Hirschfeld,1935,false,1914,openlibrary,https://openlibrary.org/works/OL3769819W,en,"author death year from Wikidata (Q57592); PD via life+70 rule (death year 1935 + 71 <= 2026), independent of publication year"
gravitation__george-biddell-airy__1834,Gravitation,George Biddell Airy,1892,false,1834,openlibrary,https://openlibrary.org/works/OL6321797W,en,"author death year from Wikidata (Q20018); PD via life+70 rule (death year 1892 + 71 <= 2026), independent of publication year"
popular-astronomy__george-biddell-airy__1866,Popular astronomy,George Biddell Airy,1892,false,1866,openlibrary,https://openlibrary.org/works/OL6321798W,en,"author death year from Wikidata (Q20018); PD via life+70 rule (death year 1892 + 71 <= 2026), independent of publication year"
on-sound-and-atmospheric-vibrations__george-biddell-airy__1868,On sound and atmospheric vibrations,George Biddell Airy,1892,false,1868,openlibrary,https://openlibrary.org/works/OL6321796W,en,"author death year from Wikidata (Q20018); PD via life+70 rule (death year 1892 + 71 <= 2026), independent of publication year"
ideologie-und-utopie__karl-mannheim__1929,Ideologie und Utopie,Karl Mannheim,1947,false,1929,openlibrary,https://openlibrary.org/works/OL985816W,en,"author death year from Wikidata (Q76823); PD via life+70 rule (death year 1947 + 71 <= 2026), independent of publication year"
diagnosis-of-our-time__karl-mannheim__1943,Diagnosis of our time,Karl Mannheim,1947,false,1943,openlibrary,https://openlibrary.org/works/OL985815W,en,"author death year from Wikidata (Q76823); PD via life+70 rule (death year 1947 + 71 <= 2026), independent of publication year"
man-and-society-in-an-age-of-reconstruction__karl-mannheim__1940,Man and society in an age of reconstruction,Karl Mannheim,1947,false,1940,openlibrary,https://openlibrary.org/works/OL985814W,en,"author death year from Wikidata (Q76823); PD via life+70 rule (death year 1947 + 71 <= 2026), independent of publication year"
das-recht-des-besitzes-eine-civilistische-abhandlung__friedrich-carl-von-savigny__1865,Das Recht des Besitzes: Eine civilistische Abhandlung,Friedrich Carl von Savigny,1861,false,1865,openlibrary,https://openlibrary.org/works/OL18047847W,en,"author death year from Wikidata (Q76892); PD via life+70 rule (death year 1861 + 71 <= 2026), independent of publication year"
vegas-fard-kring-asien-och-europa__adolf-erik-nordenskiold__1880,Vegas färd kring Asien och Europa,Adolf Erik Nordenskiöld,1901,false,1880,openlibrary,https://openlibrary.org/works/OL1184551W,en,"author death year from Wikidata (Q156749); PD via life+70 rule (death year 1901 + 71 <= 2026), independent of publication year"
facsimile-atlas-to-the-early-history-of-cartography__adolf-erik-nordenskiold__1889,Facsimile-atlas to the early history of cartography,Adolf Erik Nordenskiöld,1901,false,1889,openlibrary,https://openlibrary.org/works/OL1184550W,en,"author death year from Wikidata (Q156749); PD via life+70 rule (death year 1901 + 71 <= 2026), independent of publication year"
periplus__adolf-erik-nordenskiold__1897,Periplus,Adolf Erik Nordenskiöld,1901,false,1897,openlibrary,https://openlibrary.org/works/OL1184549W,en,"author death year from Wikidata (Q156749); PD via life+70 rule (death year 1901 + 71 <= 2026), independent of publication year"
a-lecture-on-constitutional-equality__victoria-woodhull__1871,A lecture on constitutional equality,Victoria Woodhull,1927,false,1871,openlibrary,https://openlibrary.org/works/OL2499958W,en,"author death year from Wikidata (Q260378); PD via life+70 rule (death year 1927 + 71 <= 2026), independent of publication year"
constitutional-equality__victoria-woodhull__1871,Constitutional equality,Victoria Woodhull,1927,false,1871,openlibrary,https://openlibrary.org/works/OL2499953W,en,"author death year from Wikidata (Q260378); PD via life+70 rule (death year 1927 + 71 <= 2026), independent of publication year"
the-scare-crows-of-sexual-slavery__victoria-woodhull__1874,The scare-crows of sexual slavery,Victoria Woodhull,1927,false,1874,openlibrary,https://openlibrary.org/works/OL32872484W,en,"author death year from Wikidata (Q260378); PD via life+70 rule (death year 1927 + 71 <= 2026), independent of publication year"
up-the-years-from-bloomsbury__george-arliss__1927,Up the years from Bloomsbury,George Arliss,1946,false,1927,openlibrary,https://openlibrary.org/works/OL5036772W,en,"author death year from Wikidata (Q182229); PD via life+70 rule (death year 1946 + 71 <= 2026), independent of publication year"
hamilton__george-arliss__unk,Hamilton,George Arliss,1946,false,,openlibrary,https://openlibrary.org/works/OL31807096W,en,"author death year from Wikidata (Q182229); PD via life+70 rule (death year 1946 + 71 <= 2026), independent of publication year; publication year (2021) discarded as implausible (>50 years after author's death, likely a modern reprint/collected edition); needs manual research"
poems__endre-ady__1967,Poems,Endre Ady,1919,false,1967,openlibrary,https://openlibrary.org/works/OL649380W,en,"author death year from Wikidata (Q211392); PD via life+70 rule (death year 1919 + 71 <= 2026), independent of publication year"
7-poems__endre-ady__1900,7 poems,Endre Ady,1919,false,1900,openlibrary,https://openlibrary.org/works/OL45441381W,en,"author death year from Wikidata (Q211392); PD via life+70 rule (death year 1919 + 71 <= 2026), independent of publication year"
neighbours-of-the-night__endre-ady__unk,Neighbours of the night,Endre Ady,1919,false,,openlibrary,https://openlibrary.org/works/OL649358W,en,"author death year from Wikidata (Q211392); PD via life+70 rule (death year 1919 + 71 <= 2026), independent of publication year; publication year (1994) discarded as implausible (>50 years after author's death, likely a modern reprint/collected edition); needs manual research"
kallocain__karin-boye__1952,Kallocain,Karin Boye,1941,false,1952,openlibrary,https://openlibrary.org/works/OL1265023W,en,"author death year from Wikidata (Q237413); PD via life+70 rule (death year 1941 + 71 <= 2026), independent of publication year"
crisis__karin-boye__unk,Crisis,Karin Boye,1941,false,,openlibrary,https://openlibrary.org/works/OL38050048W,en,"author death year from Wikidata (Q237413); PD via life+70 rule (death year 1941 + 71 <= 2026), independent of publication year; publication year (2020) discarded as implausible (>50 years after author's death, likely a modern reprint/collected edition); needs manual research"
maria-mitchell__maria-mitchell__1896,Maria Mitchell,Maria Mitchell,1889,false,1896,openlibrary,https://openlibrary.org/works/OL2520677W,en,"author death year from Wikidata (Q239229); PD via life+70 rule (death year 1889 + 71 <= 2026), independent of publication year"
the-collegiate-education-of-girls__maria-mitchell__1881,The collegiate education of girls,Maria Mitchell,1889,false,1881,openlibrary,https://openlibrary.org/works/OL2520675W,en,"author death year from Wikidata (Q239229); PD via life+70 rule (death year 1889 + 71 <= 2026), independent of publication year"
le-mystere-de-la-chambre-jaune__gaston-leroux__1908,Le Mystère de la Chambre Jaune,Gaston Leroux,1927,false,1908,openlibrary,https://openlibrary.org/works/OL1833873W,en,"author death year from Wikidata (Q298827); PD via life+70 rule (death year 1927 + 71 <= 2026), independent of publication year"
le-fantome-de-l-opera__gaston-leroux__1911,Le fantôme de l'opéra,Gaston Leroux,1927,false,1911,openlibrary,https://openlibrary.org/works/OL1833989W,en,"author death year from Wikidata (Q298827); PD via life+70 rule (death year 1927 + 71 <= 2026), independent of publication year"
le-parfum-de-la-dame-en-noir__gaston-leroux__1908,Le parfum de la dame en noir,Gaston Leroux,1927,false,1908,openlibrary,https://openlibrary.org/works/OL1833900W,en,"author death year from Wikidata (Q298827); PD via life+70 rule (death year 1927 + 71 <= 2026), independent of publication year"
historical-essays-studies__john-dalberg-acton-1st-baron-acton__1907,Historical essays & studies,"John Dalberg-Acton, 1st Baron Acton",1902,false,1907,openlibrary,https://openlibrary.org/works/OL41904W,en,"author death year from Wikidata (Q311778); PD via life+70 rule (death year 1902 + 71 <= 2026), independent of publication year"
essays-on-freedom-and-power__john-dalberg-acton-1st-baron-acton__1948,Essays on freedom and power,"John Dalberg-Acton, 1st Baron Acton",1902,false,1948,openlibrary,https://openlibrary.org/works/OL41903W,en,"author death year from Wikidata (Q311778); PD via life+70 rule (death year 1902 + 71 <= 2026), independent of publication year"
lectures-on-the-french-revolution__john-dalberg-acton-1st-baron-acton__1910,Lectures on the French revolution,"John Dalberg-Acton, 1st Baron Acton",1902,false,1910,openlibrary,https://openlibrary.org/works/OL41902W,en,"author death year from Wikidata (Q311778); PD via life+70 rule (death year 1902 + 71 <= 2026), independent of publication year"
facundo-or-civilization-and-barbarism__domingo-faustino-sarmiento__1868,"Facundo, or, civilization and barbarism",Domingo Faustino Sarmiento,1888,false,1868,openlibrary,https://openlibrary.org/works/OL1161881W,en,"author death year from Wikidata (Q254041); PD via life+70 rule (death year 1888 + 71 <= 2026), independent of publication year"
a-sarmiento-anthology__domingo-faustino-sarmiento__unk,A Sarmiento anthology,Domingo Faustino Sarmiento,1888,false,,openlibrary,https://openlibrary.org/works/OL1161950W,en,"author death year from Wikidata (Q254041); PD via life+70 rule (death year 1888 + 71 <= 2026), independent of publication year; publication year (1948) discarded as implausible (>50 years after author's death, likely a modern reprint/collected edition); needs manual research"
life-in-the-argentine-republic-in-the-days-of-the-tyrants__domingo-faustino-sarmiento__unk,Life in the Argentine Republic in the Days of the Tyrants,Domingo Faustino Sarmiento,1888,false,,openlibrary,https://openlibrary.org/works/OL28524099W,en,"author death year from Wikidata (Q254041); PD via life+70 rule (death year 1888 + 71 <= 2026), independent of publication year; publication year (2016) discarded as implausible (>50 years after author's death, likely a modern reprint/collected edition); needs manual research"
the-mason-bees__jean-henri-fabre__1914,The mason-bees,Jean-Henri Fabre,1915,false,1914,openlibrary,https://openlibrary.org/works/OL1809426W,en,"author death year from Wikidata (Q313348); PD via life+70 rule (death year 1915 + 71 <= 2026), independent of publication year"
social-life-in-the-insect-world__jean-henri-fabre__1911,Social Life in the Insect World,Jean-Henri Fabre,1915,false,1911,openlibrary,https://openlibrary.org/works/OL8643419W,en,"author death year from Wikidata (Q313348); PD via life+70 rule (death year 1915 + 71 <= 2026), independent of publication year"
the-life-of-the-spider__jean-henri-fabre__1912,The Life of the Spider,Jean-Henri Fabre,1915,false,1912,openlibrary,https://openlibrary.org/works/OL1809425W,en,"author death year from Wikidata (Q313348); PD via life+70 rule (death year 1915 + 71 <= 2026), independent of publication year"
reflections-on-violence__georges-sorel__1910,Reflections on violence,Georges Sorel,1922,false,1910,openlibrary,https://openlibrary.org/works/OL1586028W,en,"author death year from Wikidata (Q313666); PD via life+70 rule (death year 1922 + 71 <= 2026), independent of publication year"
from-georges-sorel__georges-sorel__unk,From Georges Sorel,Georges Sorel,1922,false,,openlibrary,https://openlibrary.org/works/OL1586023W,en,"author death year from Wikidata (Q313666); PD via life+70 rule (death year 1922 + 71 <= 2026), independent of publication year; publication year (1976) discarded as implausible (>50 years after author's death, likely a modern reprint/collected edition); needs manual research"
routledge-revivals-reflections-on-violence__georges-sorel__unk,Routledge Revivals : Reflections on Violence,Georges Sorel,1922,false,,openlibrary,https://openlibrary.org/works/OL21299142W,en,"author death year from Wikidata (Q313666); PD via life+70 rule (death year 1922 + 71 <= 2026), independent of publication year; publication year (2016) discarded as implausible (>50 years after author's death, likely a modern reprint/collected edition); needs manual research"
the-wind-in-the-willows__kenneth-grahame__1908,The Wind in the Willows,Kenneth Grahame,1932,false,1908,openlibrary,https://openlibrary.org/works/OL28570037W,en,"author death year from Wikidata (Q314897); PD via life+70 rule (death year 1932 + 71 <= 2026), independent of publication year"
the-golden-age__kenneth-grahame__1879,The Golden Age,Kenneth Grahame,1932,false,1879,openlibrary,https://openlibrary.org/works/OL69603W,en,"author death year from Wikidata (Q314897); PD via life+70 rule (death year 1932 + 71 <= 2026), independent of publication year"
dream-days__kenneth-grahame__1898,Dream days,Kenneth Grahame,1932,false,1898,openlibrary,https://openlibrary.org/works/OL69601W,en,"author death year from Wikidata (Q314897); PD via life+70 rule (death year 1932 + 71 <= 2026), independent of publication year"
the-princess-and-the-goblin__george-macdonald__1872,The Princess and the Goblin,George MacDonald,1905,false,1872,openlibrary,https://openlibrary.org/works/OL15449W,en,"author death year from Wikidata (Q368519); PD via life+70 rule (death year 1905 + 71 <= 2026), independent of publication year"
at-the-back-of-the-north-wind__george-macdonald__1871,At the Back of the North Wind,George MacDonald,1905,false,1871,openlibrary,https://openlibrary.org/works/OL15451W,en,"author death year from Wikidata (Q368519); PD via life+70 rule (death year 1905 + 71 <= 2026), independent of publication year"
the-princess-and-curdie__george-macdonald__1832,The Princess and Curdie,George MacDonald,1905,false,1832,openlibrary,https://openlibrary.org/works/OL15448W,en,"author death year from Wikidata (Q368519); PD via life+70 rule (death year 1905 + 71 <= 2026), independent of publication year"
r-u-r-and-the-insect-play__josef-capek__1920,R.U.R. and The insect play,Josef Čapek,1945,false,1920,openlibrary,https://openlibrary.org/works/OL575625W,en,"author death year from Wikidata (Q454568); PD via life+70 rule (death year 1945 + 71 <= 2026), independent of publication year"
zahradnikuv-rok__josef-capek__1929,Zahradníkův rok,Josef Čapek,1945,false,1929,openlibrary,https://openlibrary.org/works/OL575638W,en,"author death year from Wikidata (Q454568); PD via life+70 rule (death year 1945 + 71 <= 2026), independent of publication year"
devatero-pohadek__josef-capek__1932,Devatero pohádek,Josef Čapek,1945,false,1932,openlibrary,https://openlibrary.org/works/OL575546W,en,"author death year from Wikidata (Q454568); PD via life+70 rule (death year 1945 + 71 <= 2026), independent of publication year"
the-works-of-robert-g-ingersoll__robert-green-ingersoll__1900,The works of Robert G. Ingersoll,Robert Green Ingersoll,1899,false,1900,openlibrary,https://openlibrary.org/works/OL1769911W,en,"author death year from Wikidata (Q469882); PD via life+70 rule (death year 1899 + 71 <= 2026), independent of publication year"
works-of-robert-g-ingersoll__robert-green-ingersoll__unk,Works of Robert G. Ingersoll,Robert Green Ingersoll,1899,false,,openlibrary,https://openlibrary.org/works/OL8518526W,en,"author death year from Wikidata (Q469882); PD via life+70 rule (death year 1899 + 71 <= 2026), independent of publication year; publication year (1998) discarded as implausible (>50 years after author's death, likely a modern reprint/collected edition); needs manual research"
the-gods-and-other-lectures__robert-green-ingersoll__1874,"The gods, and other lectures",Robert Green Ingersoll,1899,false,1874,openlibrary,https://openlibrary.org/works/OL1769910W,en,"author death year from Wikidata (Q469882); PD via life+70 rule (death year 1899 + 71 <= 2026), independent of publication year"
a-bunch-of-hints-on-peace-and-war-from-leading-french-newspapers__charles-maurras__1919,A bunch of hints on peace and war from leading French newspapers,Charles Maurras,1952,false,1919,openlibrary,https://openlibrary.org/works/OL45347768W,en,"author death year from Wikidata (Q3048); PD via life+70 rule (death year 1952 + 71 <= 2026), independent of publication year"
athenes-antique__charles-maurras__1888,Athènes antique,Charles Maurras,1952,false,1888,openlibrary,https://openlibrary.org/works/OL39445233W,en,"author death year from Wikidata (Q3048); PD via life+70 rule (death year 1952 + 71 <= 2026), independent of publication year"
dear-garment__charles-maurras__1965,Dear garment,Charles Maurras,1952,false,1965,openlibrary,https://openlibrary.org/works/OL10663625W,en,"author death year from Wikidata (Q3048); PD via life+70 rule (death year 1952 + 71 <= 2026), independent of publication year"
five-poems__else-lasker-schuler__1986,Five poems,Else Lasker-Schüler,1945,false,1986,openlibrary,https://openlibrary.org/works/OL19663468W,en,"author death year from Wikidata (Q58033); PD via life+70 rule (death year 1945 + 71 <= 2026), independent of publication year"
your-diamond-dreams-cut-open-my-arteries__else-lasker-schuler__1982,Your diamond dreams cut open my arteries,Else Lasker-Schüler,1945,false,1982,openlibrary,https://openlibrary.org/works/OL550701W,en,"author death year from Wikidata (Q58033); PD via life+70 rule (death year 1945 + 71 <= 2026), independent of publication year"
three-plays__else-lasker-schuler__unk,Three plays,Else Lasker-Schüler,1945,false,,openlibrary,https://openlibrary.org/works/OL550699W,en,"author death year from Wikidata (Q58033); PD via life+70 rule (death year 1945 + 71 <= 2026), independent of publication year; publication year (2005) discarded as implausible (>50 years after author's death, likely a modern reprint/collected edition); needs manual research"
deutschland-ist-schoner-geworden__robert-ley__1936,Deutschland ist schöner geworden,Robert Ley,1945,false,1936,openlibrary,https://openlibrary.org/works/OL38593141W,en,"author death year from Wikidata (Q58645); PD via life+70 rule (death year 1945 + 71 <= 2026), independent of publication year"
homework-done-right__robert-ley__unk,Homework Done Right,Robert Ley,1945,false,,openlibrary,https://openlibrary.org/works/OL27985552W,en,"author death year from Wikidata (Q58645); PD via life+70 rule (death year 1945 + 71 <= 2026), independent of publication year; publication year (2010) discarded as implausible (>50 years after author's death, likely a modern reprint/collected edition); needs manual research"
origins-of-modern-economics__robert-ley__1990,Origins of modern economics,Robert Ley,1945,false,1990,openlibrary,https://openlibrary.org/works/OL12492031W,en,"author death year from Wikidata (Q58645); PD via life+70 rule (death year 1945 + 71 <= 2026), independent of publication year"
modern-english-grammar-on-historical-principles__otto-jespersen__unk,Modern English Grammar on Historical Principles,Otto Jespersen,1943,false,,openlibrary,https://openlibrary.org/works/OL21245404W,en,"author death year from Wikidata (Q23870); PD via life+70 rule (death year 1943 + 71 <= 2026), independent of publication year; publication year (2013) discarded as implausible (>50 years after author's death, likely a modern reprint/collected edition); needs manual research"
how-to-teach-a-foreign-language__otto-jespersen__1904,How to teach a foreign language,Otto Jespersen,1943,false,1904,openlibrary,https://openlibrary.org/works/OL1239685W,en,"author death year from Wikidata (Q23870); PD via life+70 rule (death year 1943 + 71 <= 2026), independent of publication year"
a-modern-english-grammar-on-historical-principles__otto-jespersen__1909,A modern English grammar on historical principles,Otto Jespersen,1943,false,1909,openlibrary,https://openlibrary.org/works/OL1239689W,en,"author death year from Wikidata (Q23870); PD via life+70 rule (death year 1943 + 71 <= 2026), independent of publication year"
mozart-auf-der-reise-nach-prag__eduard-morike__1904,Mozart auf der Reise nach Prag,Eduard Mörike,1875,false,1904,openlibrary,https://openlibrary.org/works/OL1140825W,en,"author death year from Wikidata (Q63699); PD via life+70 rule (death year 1875 + 71 <= 2026), independent of publication year"
gedichte__eduard-morike__1867,Gedichte,Eduard Mörike,1875,false,1867,openlibrary,https://openlibrary.org/works/OL26509912W,en,"author death year from Wikidata (Q63699); PD via life+70 rule (death year 1875 + 71 <= 2026), independent of publication year"
samtliche-werke__eduard-morike__1905,Sämtliche Werke,Eduard Mörike,1875,false,1905,openlibrary,https://openlibrary.org/works/OL1140823W,en,"author death year from Wikidata (Q63699); PD via life+70 rule (death year 1875 + 71 <= 2026), independent of publication year"
christ-the-caesars__bruno-bauer__unk,Christ & the Caesars,Bruno Bauer,1882,false,,openlibrary,https://openlibrary.org/works/OL2028455W,en,"author death year from Wikidata (Q76878); PD via life+70 rule (death year 1882 + 71 <= 2026), independent of publication year; publication year (1998) discarded as implausible (>50 years after author's death, likely a modern reprint/collected edition); needs manual research"
an-english-edition-of-bruno-bauer-s-1843-christianity-exposed__bruno-bauer__unk,An English Edition of Bruno Bauer's 1843 Christianity Exposed,Bruno Bauer,1882,false,,openlibrary,https://openlibrary.org/works/OL2028453W,en,"author death year from Wikidata (Q76878); PD via life+70 rule (death year 1882 + 71 <= 2026), independent of publication year; publication year (2002) discarded as implausible (>50 years after author's death, likely a modern reprint/collected edition); needs manual research"
the-trumpet-of-the-last-judgement-against-hegel-the-atheist-and-antichrist__bruno-bauer__unk,The trumpet of the last judgement against Hegel the atheist and antichrist,Bruno Bauer,1882,false,,openlibrary,https://openlibrary.org/works/OL13119082W,en,"author death year from Wikidata (Q76878); PD via life+70 rule (death year 1882 + 71 <= 2026), independent of publication year; publication year (1989) discarded as implausible (>50 years after author's death, likely a modern reprint/collected edition); needs manual research"
himalayan-journals__joseph-dalton-hooker__1854,Himalayan journals,Joseph Dalton Hooker,1911,false,1854,openlibrary,https://openlibrary.org/works/OL1469180W,en,"author death year from Wikidata (Q157501); PD via life+70 rule (death year 1911 + 71 <= 2026), independent of publication year"
himalayan-journals-or-notes-of-a-naturalist__joseph-dalton-hooker__unk,Himalayan Journals or Notes of a Naturalist,Joseph Dalton Hooker,1911,false,,openlibrary,https://openlibrary.org/works/OL1512595W,en,"author death year from Wikidata (Q157501); PD via life+70 rule (death year 1911 + 71 <= 2026), independent of publication year; publication year (2004) discarded as implausible (>50 years after author's death, likely a modern reprint/collected edition); needs manual research"
bambi__felix-salten__1900,Bambi,Felix Salten,1945,false,1900,openlibrary,https://openlibrary.org/works/OL4459213W,en,"author death year from Wikidata (Q163747); PD via life+70 rule (death year 1945 + 71 <= 2026), independent of publication year"
das-leben-der-josefine-mutzenbacher__felix-salten__1970,Das Leben der Josefine Mutzenbacher,Felix Salten,1945,false,1970,openlibrary,https://openlibrary.org/works/OL4459223W,en,"author death year from Wikidata (Q163747); PD via life+70 rule (death year 1945 + 71 <= 2026), independent of publication year"
bambi-s-children__felix-salten__1939,Bambi's Children,Felix Salten,1945,false,1939,openlibrary,https://openlibrary.org/works/OL4459274W,en,"author death year from Wikidata (Q163747); PD via life+70 rule (death year 1945 + 71 <= 2026), independent of publication year"
emile-bernard__emile-bernard__1957,Emile Bernard,Émile Bernard,1941,false,1957,openlibrary,https://openlibrary.org/works/OL3051306W,en,"author death year from Wikidata (Q264193); PD via life+70 rule (death year 1941 + 71 <= 2026), independent of publication year"
emile-bernard-1868-1941__emile-bernard__1988,"Emile Bernard, 1868-1941",Émile Bernard,1941,false,1988,openlibrary,https://openlibrary.org/works/OL3051318W,en,"author death year from Wikidata (Q264193); PD via life+70 rule (death year 1941 + 71 <= 2026), independent of publication year"
divertissement-for-double-wind-quintet-op-36__emile-bernard__1900,"Divertissement for Double Wind Quintet, Op. 36",Émile Bernard,1941,false,1900,openlibrary,https://openlibrary.org/works/OL25471688W,en,"author death year from Wikidata (Q264193); PD via life+70 rule (death year 1941 + 71 <= 2026), independent of publication year"
russia-s-lost-literature-of-the-absurd__daniil-kharms__1971,Russia's lost literature of the absurd,Daniil Kharms,1942,false,1971,openlibrary,https://openlibrary.org/works/OL1380996W,en,"author death year from Wikidata (Q266127); PD via life+70 rule (death year 1942 + 71 <= 2026), independent of publication year"
today-i-wrote-nothing__daniil-kharms__unk,Today I wrote nothing,Daniil Kharms,1942,false,,openlibrary,https://openlibrary.org/works/OL865269W,en,"author death year from Wikidata (Q266127); PD via life+70 rule (death year 1942 + 71 <= 2026), independent of publication year; publication year (2007) discarded as implausible (>50 years after author's death, likely a modern reprint/collected edition); needs manual research"
izbrannoe__daniil-kharms__1974,Izbrannoe,Daniil Kharms,1942,false,1974,openlibrary,https://openlibrary.org/works/OL865265W,en,"author death year from Wikidata (Q266127); PD via life+70 rule (death year 1942 + 71 <= 2026), independent of publication year"
the-peasant-and-the-prince-a-story-of-the-french-revolution__harriet-martineau__1841,"The peasant and the prince, a story of the French revolution",Harriet Martineau,1876,false,1841,openlibrary,https://openlibrary.org/works/OL1491031W,en,"author death year from Wikidata (Q234570); PD via life+70 rule (death year 1876 + 71 <= 2026), independent of publication year"
society-in-america__harriet-martineau__1837,Society in America,Harriet Martineau,1876,false,1837,openlibrary,https://openlibrary.org/works/OL1491108W,en,"author death year from Wikidata (Q234570); PD via life+70 rule (death year 1876 + 71 <= 2026), independent of publication year"
retrospect-of-western-travel-3vols__harriet-martineau__1838,Retrospect of Western Travel-3VOLS,Harriet Martineau,1876,false,1838,openlibrary,https://openlibrary.org/works/OL1491033W,en,"author death year from Wikidata (Q234570); PD via life+70 rule (death year 1876 + 71 <= 2026), independent of publication year"
science-and-health__mary-baker-eddy__1875,Science and health,Mary Baker Eddy,1910,false,1875,openlibrary,https://openlibrary.org/works/OL2526912W,en,"author death year from Wikidata (Q235069); PD via life+70 rule (death year 1910 + 71 <= 2026), independent of publication year"
science-and-health-with-key-to-the-scriptures__mary-baker-eddy__1875,Science and Health with Key to the Scriptures,Mary Baker Eddy,1910,false,1875,openlibrary,https://openlibrary.org/works/OL2526911W,en,"author death year from Wikidata (Q235069); PD via life+70 rule (death year 1910 + 71 <= 2026), independent of publication year"
unity-of-good__mary-baker-eddy__1905,Unity of good,Mary Baker Eddy,1910,false,1905,openlibrary,https://openlibrary.org/works/OL2526910W,en,"author death year from Wikidata (Q235069); PD via life+70 rule (death year 1910 + 71 <= 2026), independent of publication year"
world-s-famous-orations__william-jennings-bryan__1906,World's Famous Orations,William Jennings Bryan,1925,false,1906,openlibrary,https://openlibrary.org/works/OL34281004W,en,"author death year from Wikidata (Q205282); PD via life+70 rule (death year 1925 + 71 <= 2026), independent of publication year"
the-world-s-famous-orations__william-jennings-bryan__1906,The world's famous orations,William Jennings Bryan,1925,false,1906,openlibrary,https://openlibrary.org/works/OL18000973W,en,"author death year from Wikidata (Q205282); PD via life+70 rule (death year 1925 + 71 <= 2026), independent of publication year"
the-world-s-famous-orations-volume-10__william-jennings-bryan__unk,The World's Famous Orations; Volume 10,William Jennings Bryan,1925,false,,openlibrary,https://openlibrary.org/works/OL24469824W,en,"author death year from Wikidata (Q205282); PD via life+70 rule (death year 1925 + 71 <= 2026), independent of publication year; publication year (2018) discarded as implausible (>50 years after author's death, likely a modern reprint/collected edition); needs manual research"
abhrain-ghradha-chuige-chonnacht__douglas-hyde__1893,Abhráin ghrádha chúige Chonnacht,Douglas Hyde,1949,false,1893,openlibrary,https://openlibrary.org/works/OL1089679W,en,"author death year from Wikidata (Q237951); PD via life+70 rule (death year 1949 + 71 <= 2026), independent of publication year"
a-literary-history-of-ireland-from-the-earliest-times-to-the-present-day__douglas-hyde__1899,A literary history of Ireland from the earliest times to the present day,Douglas Hyde,1949,false,1899,openlibrary,https://openlibrary.org/works/OL1089719W,en,"author death year from Wikidata (Q237951); PD via life+70 rule (death year 1949 + 71 <= 2026), independent of publication year"
legends-of-saints-sinners__douglas-hyde__1915,Legends of saints & sinners,Douglas Hyde,1949,false,1915,openlibrary,https://openlibrary.org/works/OL1089759W,en,"author death year from Wikidata (Q237951); PD via life+70 rule (death year 1949 + 71 <= 2026), independent of publication year"
ten-days-that-shook-the-world__john-reed__1919,Ten Days That Shook the World,John Reed,1920,false,1919,openlibrary,https://openlibrary.org/works/OL827976W,en,"author death year from Wikidata (Q310800); PD via life+70 rule (death year 1920 + 71 <= 2026), independent of publication year"
insurgent-mexico__john-reed__1914,Insurgent Mexico,John Reed,1920,false,1914,openlibrary,https://openlibrary.org/works/OL2136257W,en,"author death year from Wikidata (Q310800); PD via life+70 rule (death year 1920 + 71 <= 2026), independent of publication year"
the-laws-of-kansas__schuyler-colfax__1856,"The ""laws"" of Kansas",Schuyler Colfax,1885,false,1856,openlibrary,https://openlibrary.org/works/OL1488867W,en,"author death year from Wikidata (Q310852); PD via life+70 rule (death year 1885 + 71 <= 2026), independent of publication year"
mormon-question__schuyler-colfax__unk,Mormon Question,Schuyler Colfax,1885,false,,openlibrary,https://openlibrary.org/works/OL26529650W,en,"author death year from Wikidata (Q310852); PD via life+70 rule (death year 1885 + 71 <= 2026), independent of publication year; publication year (2009) discarded as implausible (>50 years after author's death, likely a modern reprint/collected edition); needs manual research"
fremont-s-hundred-days-in-missouri__schuyler-colfax__1862,Fremont's hundred days in Missouri,Schuyler Colfax,1885,false,1862,openlibrary,https://openlibrary.org/works/OL1488866W,en,"author death year from Wikidata (Q310852); PD via life+70 rule (death year 1885 + 71 <= 2026), independent of publication year"
magic-lantern__theodore-de-banville__unk,Magic Lantern,Théodore de Banville,1891,false,,openlibrary,https://openlibrary.org/works/OL38672952W,en,"author death year from Wikidata (Q312630); PD via life+70 rule (death year 1891 + 71 <= 2026), independent of publication year; publication year (2024) discarded as implausible (>50 years after author's death, likely a modern reprint/collected edition); needs manual research"
king-john__janos-arany__unk,King John,János Arany,1882,false,,openlibrary,https://openlibrary.org/works/OL29246562W,en,"author death year from Wikidata (Q316556); PD via life+70 rule (death year 1882 + 71 <= 2026), independent of publication year; publication year (1967) discarded as implausible (>50 years after author's death, likely a modern reprint/collected edition); needs manual research"
midsummer-night-s-dream__janos-arany__unk,Midsummer Night's Dream,János Arany,1882,false,,openlibrary,https://openlibrary.org/works/OL29441927W,en,"author death year from Wikidata (Q316556); PD via life+70 rule (death year 1882 + 71 <= 2026), independent of publication year; publication year (2017) discarded as implausible (>50 years after author's death, likely a modern reprint/collected edition); needs manual research"
the-death-of-king-buda__janos-arany__unk,The death of King Buda,János Arany,1882,false,,openlibrary,https://openlibrary.org/works/OL1501721W,en,"author death year from Wikidata (Q316556); PD via life+70 rule (death year 1882 + 71 <= 2026), independent of publication year; publication year (1936) discarded as implausible (>50 years after author's death, likely a modern reprint/collected edition); needs manual research"
fragments-of-science__john-tyndall__1879,Fragments of science,John Tyndall,1893,false,1879,openlibrary,https://openlibrary.org/works/OL1523356W,en,"author death year from Wikidata (Q360808); PD via life+70 rule (death year 1893 + 71 <= 2026), independent of publication year"
sound__john-tyndall__1867,Sound,John Tyndall,1893,false,1867,openlibrary,https://openlibrary.org/works/OL1523355W,en,"author death year from Wikidata (Q360808); PD via life+70 rule (death year 1893 + 71 <= 2026), independent of publication year"
faraday-as-a-discoverer__john-tyndall__1868,Faraday As a Discoverer,John Tyndall,1893,false,1868,openlibrary,https://openlibrary.org/works/OL37723051W,en,"author death year from Wikidata (Q360808); PD via life+70 rule (death year 1893 + 71 <= 2026), independent of publication year"
kalevipoeg__friedrich-reinhold-kreutzwald__unk,Kalevipoeg,Friedrich Reinhold Kreutzwald,1882,false,,openlibrary,https://openlibrary.org/works/OL2053424W,en,"author death year from Wikidata (Q333900); PD via life+70 rule (death year 1882 + 71 <= 2026), independent of publication year; publication year (1935) discarded as implausible (>50 years after author's death, likely a modern reprint/collected edition); needs manual research"
eesti-rahva-ennemuistsed-jutud__friedrich-reinhold-kreutzwald__unk,Eesti rahva ennemuistsed jutud,Friedrich Reinhold Kreutzwald,1882,false,,openlibrary,https://openlibrary.org/works/OL22461759W,en,"author death year from Wikidata (Q333900); PD via life+70 rule (death year 1882 + 71 <= 2026), independent of publication year; publication year (1969) discarded as implausible (>50 years after author's death, likely a modern reprint/collected edition); needs manual research"
the-orphan-s-hand-mill__friedrich-reinhold-kreutzwald__unk,The orphan's hand-mill,Friedrich Reinhold Kreutzwald,1882,false,,openlibrary,https://openlibrary.org/works/OL18269259W,en,"author death year from Wikidata (Q333900); PD via life+70 rule (death year 1882 + 71 <= 2026), independent of publication year; publication year (1993) discarded as implausible (>50 years after author's death, likely a modern reprint/collected edition); needs manual research"
midaregami__akiko-yosano__1935,Midaregami,Akiko Yosano,1942,false,1935,openlibrary,https://openlibrary.org/works/OL3280000W,en,"author death year from Wikidata (Q464104); PD via life+70 rule (death year 1942 + 71 <= 2026), independent of publication year"
travels-in-manchuria-and-mongolia__akiko-yosano__unk,Travels in Manchuria and Mongolia,Akiko Yosano,1942,false,,openlibrary,https://openlibrary.org/works/OL8900176W,en,"author death year from Wikidata (Q464104); PD via life+70 rule (death year 1942 + 71 <= 2026), independent of publication year; publication year (2001) discarded as implausible (>50 years after author's death, likely a modern reprint/collected edition); needs manual research"
tangled-hair__akiko-yosano__1987,Tangled hair,Akiko Yosano,1942,false,1987,openlibrary,https://openlibrary.org/works/OL19666895W,en,"author death year from Wikidata (Q464104); PD via life+70 rule (death year 1942 + 71 <= 2026), independent of publication year"
physique-de-lamour__remy-de-gourmont__1903,Physique de lʹamour,Remy de Gourmont,1915,false,1903,openlibrary,https://openlibrary.org/works/OL1124603W,en,"author death year from Wikidata (Q353876); PD via life+70 rule (death year 1915 + 71 <= 2026), independent of publication year"
the-book-of-masks__remy-de-gourmont__unk,The Book of Masks,Remy de Gourmont,1915,false,,openlibrary,https://openlibrary.org/works/OL24495544W,en,"author death year from Wikidata (Q353876); PD via life+70 rule (death year 1915 + 71 <= 2026), independent of publication year; publication year (1967) discarded as implausible (>50 years after author's death, likely a modern reprint/collected edition); needs manual research"
a-night-in-the-luxembourg__remy-de-gourmont__1912,A night in the Luxembourg,Remy de Gourmont,1915,false,1912,openlibrary,https://openlibrary.org/works/OL1124600W,en,"author death year from Wikidata (Q353876); PD via life+70 rule (death year 1915 + 71 <= 2026), independent of publication year"
norske-folke-eventyr__peter-christen-asbjrnsen__1852,Norske folke-eventyr,Peter Christen Asbjørnsen,1885,false,1852,openlibrary,https://openlibrary.org/works/OL2384812W,en,"author death year from Wikidata (Q355485); PD via life+70 rule (death year 1885 + 71 <= 2026), independent of publication year"
tre-bukkene-bruse__peter-christen-asbjrnsen__unk,Tre bukkene Bruse,Peter Christen Asbjørnsen,1885,false,,openlibrary,https://openlibrary.org/works/OL2384810W,en,"author death year from Wikidata (Q355485); PD via life+70 rule (death year 1885 + 71 <= 2026), independent of publication year; publication year (1940) discarded as implausible (>50 years after author's death, likely a modern reprint/collected edition); needs manual research"
popular-tales-from-the-norse__peter-christen-asbjrnsen__1859,Popular tales from the Norse,Peter Christen Asbjørnsen,1885,false,1859,openlibrary,https://openlibrary.org/works/OL2384811W,en,"author death year from Wikidata (Q355485); PD via life+70 rule (death year 1885 + 71 <= 2026), independent of publication year"
locomotive-the-turnip-the-birds-broadcast__julian-tuwim__1939,"Locomotive, The turnip, The birds' broadcast",Julian Tuwim,1953,false,1939,openlibrary,https://openlibrary.org/works/OL3390465W,en,"author death year from Wikidata (Q376278); PD via life+70 rule (death year 1953 + 71 <= 2026), independent of publication year"
the-train__julian-tuwim__1991,The train,Julian Tuwim,1953,false,1991,openlibrary,https://openlibrary.org/works/OL3390479W,en,"author death year from Wikidata (Q376278); PD via life+70 rule (death year 1953 + 71 <= 2026), independent of publication year"
like-lions-like-lions__julian-tuwim__unk,Like Lions! Like Lions!,Julian Tuwim,1953,false,,openlibrary,https://openlibrary.org/works/OL38363681W,en,"author death year from Wikidata (Q376278); PD via life+70 rule (death year 1953 + 71 <= 2026), independent of publication year; publication year (2023) discarded as implausible (>50 years after author's death, likely a modern reprint/collected edition); needs manual research"
self-help__samuel-smiles__1800,Self-help,Samuel Smiles,1904,false,1800,openlibrary,https://openlibrary.org/works/OL2321834W,en,"author death year from Wikidata (Q1195422); PD via life+70 rule (death year 1904 + 71 <= 2026), independent of publication year"
lives-of-the-engineers__samuel-smiles__1861,Lives of the engineers,Samuel Smiles,1904,false,1861,openlibrary,https://openlibrary.org/works/OL2321833W,en,"author death year from Wikidata (Q1195422); PD via life+70 rule (death year 1904 + 71 <= 2026), independent of publication year"
men-of-invention-and-industry__samuel-smiles__1884,Men of Invention and Industry,Samuel Smiles,1904,false,1884,openlibrary,https://openlibrary.org/works/OL2321828W,en,"author death year from Wikidata (Q1195422); PD via life+70 rule (death year 1904 + 71 <= 2026), independent of publication year"
karl-marx-biographical-memoirs__wilhelm-liebknecht__1901,Karl Marx; biographical memoirs,Wilhelm Liebknecht,1900,false,1901,openlibrary,https://openlibrary.org/works/OL2805305W,en,"author death year from Wikidata (Q20127); PD via life+70 rule (death year 1900 + 71 <= 2026), independent of publication year"
briefwechsel-mit-karl-marx-und-friedrich-engels__wilhelm-liebknecht__unk,Briefwechsel mit Karl Marx und Friedrich Engels,Wilhelm Liebknecht,1900,false,,openlibrary,https://openlibrary.org/works/OL2805287W,en,"author death year from Wikidata (Q20127); PD via life+70 rule (death year 1900 + 71 <= 2026), independent of publication year; publication year (1959) discarded as implausible (>50 years after author's death, likely a modern reprint/collected edition); needs manual research"
no-compromise-no-political-trading__wilhelm-liebknecht__1918,"No Compromise, No Political Trading",Wilhelm Liebknecht,1900,false,1918,openlibrary,https://openlibrary.org/works/OL29165921W,en,"author death year from Wikidata (Q20127); PD via life+70 rule (death year 1900 + 71 <= 2026), independent of publication year"
the-story-of-san-michele__axel-munthe__1929,The story of San Michele,Axel Munthe,1949,false,1929,openlibrary,https://openlibrary.org/works/OL5961466W,en,"author death year from Wikidata (Q41580); PD via life+70 rule (death year 1949 + 71 <= 2026), independent of publication year"
memories-and-vagaries__axel-munthe__1930,Memories and Vagaries,Axel Munthe,1949,false,1930,openlibrary,https://openlibrary.org/works/OL20105177W,en,"author death year from Wikidata (Q41580); PD via life+70 rule (death year 1949 + 71 <= 2026), independent of publication year"
budapest-carnivals__naim-frasheri__unk,Budapest Carnivals,Naim Frashëri,1900,false,,openlibrary,https://openlibrary.org/works/OL37971757W,en,"author death year from Wikidata (Q47007); PD via life+70 rule (death year 1900 + 71 <= 2026), independent of publication year; publication year (2021) discarded as implausible (>50 years after author's death, likely a modern reprint/collected edition); needs manual research"
frasheri-s-song-of-albania__naim-frasheri__unk,Frasheri's Song of Albania,Naim Frashëri,1900,false,,openlibrary,https://openlibrary.org/works/OL2117670W,en,"author death year from Wikidata (Q47007); PD via life+70 rule (death year 1900 + 71 <= 2026), independent of publication year; publication year (1981) discarded as implausible (>50 years after author's death, likely a modern reprint/collected edition); needs manual research"
skanderbeg-s-return-and-other-poems__naim-frasheri__unk,Skanderbeg's return and other poems,Naim Frashëri,1900,false,,openlibrary,https://openlibrary.org/works/OL43581496W,en,"author death year from Wikidata (Q47007); PD via life+70 rule (death year 1900 + 71 <= 2026), independent of publication year; publication year (1970) discarded as implausible (>50 years after author's death, likely a modern reprint/collected edition); needs manual research"
report-from-the-gallows__julius-fucik__1947,Report from the gallows,Julius Fučík,1943,false,1947,openlibrary,https://openlibrary.org/works/OL3168703W,en,"author death year from Wikidata (Q142059); PD via life+70 rule (death year 1943 + 71 <= 2026), independent of publication year"
reporter-of-revolution__julius-fucik__1983,Reporter of revolution,Julius Fučík,1943,false,1983,openlibrary,https://openlibrary.org/works/OL3168701W,en,"author death year from Wikidata (Q142059); PD via life+70 rule (death year 1943 + 71 <= 2026), independent of publication year"
carl-spitzweg__carl-spitzweg__unk,Carl Spitzweg,Carl Spitzweg,1885,false,,openlibrary,https://openlibrary.org/works/OL9239588W,en,"author death year from Wikidata (Q164979); PD via life+70 rule (death year 1885 + 71 <= 2026), independent of publication year; publication year (1998) discarded as implausible (>50 years after author's death, likely a modern reprint/collected edition); needs manual research"
autobiography-illustrated__carl-spitzweg__unk,Autobiography (illustrated),Carl Spitzweg,1885,false,,openlibrary,https://openlibrary.org/works/OL25890997W,en,"author death year from Wikidata (Q164979); PD via life+70 rule (death year 1885 + 71 <= 2026), independent of publication year; publication year (2018) discarded as implausible (>50 years after author's death, likely a modern reprint/collected edition); needs manual research"
le-grand-meaulnes__alain-fournier__1913,Le grand Meaulnes,Alain-Fournier,1914,false,1913,openlibrary,https://openlibrary.org/works/OL2227893W,en,"author death year from Wikidata (Q298394); PD via life+70 rule (death year 1914 + 71 <= 2026), independent of publication year"
grand-meaulnes__alain-fournier__unk,Grand Meaulnes,Alain-Fournier,1914,false,,openlibrary,https://openlibrary.org/works/OL27570447W,en,"author death year from Wikidata (Q298394); PD via life+70 rule (death year 1914 + 71 <= 2026), independent of publication year; publication year (2012) discarded as implausible (>50 years after author's death, likely a modern reprint/collected edition); needs manual research"
running-on-waves__alexander-grin__unk,Running on Waves,Alexander Grin,1932,false,,openlibrary,https://openlibrary.org/works/OL40022971W,en,"author death year from Wikidata (Q213997); PD via life+70 rule (death year 1932 + 71 <= 2026), independent of publication year; publication year (2010) discarded as implausible (>50 years after author's death, likely a modern reprint/collected edition); needs manual research"
waverunner__alexander-grin__unk,Waverunner,Alexander Grin,1932,false,,openlibrary,https://openlibrary.org/works/OL40101529W,en,"author death year from Wikidata (Q213997); PD via life+70 rule (death year 1932 + 71 <= 2026), independent of publication year; publication year (2012) discarded as implausible (>50 years after author's death, likely a modern reprint/collected edition); needs manual research"
glittering-world__alexander-grin__unk,Glittering World,Alexander Grin,1932,false,,openlibrary,https://openlibrary.org/works/OL39830873W,en,"author death year from Wikidata (Q213997); PD via life+70 rule (death year 1932 + 71 <= 2026), independent of publication year; publication year (2013) discarded as implausible (>50 years after author's death, likely a modern reprint/collected edition); needs manual research"
anarchia__errico-malatesta__1892,Anarchia,Errico Malatesta,1932,false,1892,openlibrary,https://openlibrary.org/works/OL997226W,en,"author death year from Wikidata (Q215673); PD via life+70 rule (death year 1932 + 71 <= 2026), independent of publication year"
fra-contadini__errico-malatesta__1890,Fra contadini,Errico Malatesta,1932,false,1890,openlibrary,https://openlibrary.org/works/OL997225W,en,"author death year from Wikidata (Q215673); PD via life+70 rule (death year 1932 + 71 <= 2026), independent of publication year"
at-the-cafe__errico-malatesta__1915,At the Cafe,Errico Malatesta,1932,false,1915,openlibrary,https://openlibrary.org/works/OL997208W,en,"author death year from Wikidata (Q215673); PD via life+70 rule (death year 1932 + 71 <= 2026), independent of publication year"
kwaidan__lafcadio-hearn__1904,Kwaidan,Lafcadio Hearn,1904,false,1904,openlibrary,https://openlibrary.org/works/OL859613W,en,"author death year from Wikidata (Q313638); PD via life+70 rule (death year 1904 + 71 <= 2026), independent of publication year"
kokoro__lafcadio-hearn__1896,Kokoro,Lafcadio Hearn,1904,false,1896,openlibrary,https://openlibrary.org/works/OL859612W,en,"author death year from Wikidata (Q313638); PD via life+70 rule (death year 1904 + 71 <= 2026), independent of publication year"
glimpses-of-unfamiliar-japan-vol-2__lafcadio-hearn__unk,Glimpses of Unfamiliar Japan - Vol. 2,Lafcadio Hearn,1904,false,,openlibrary,https://openlibrary.org/works/OL29539819W,en,"author death year from Wikidata (Q313638); PD via life+70 rule (death year 1904 + 71 <= 2026), independent of publication year; publication year (2017) discarded as implausible (>50 years after author's death, likely a modern reprint/collected edition); needs manual research"
star-maker__olaf-stapledon__1937,Star Maker,Olaf Stapledon,1950,false,1937,openlibrary,https://openlibrary.org/works/OL3290739W,en,"author death year from Wikidata (Q337373); PD via life+70 rule (death year 1950 + 71 <= 2026), independent of publication year"
last-and-first-men__olaf-stapledon__1930,Last and First Men,Olaf Stapledon,1950,false,1930,openlibrary,https://openlibrary.org/works/OL3290731W,en,"author death year from Wikidata (Q337373); PD via life+70 rule (death year 1950 + 71 <= 2026), independent of publication year"
philosophy-and-living__olaf-stapledon__1935,Philosophy and living,Olaf Stapledon,1950,false,1935,openlibrary,https://openlibrary.org/works/OL3290749W,en,"author death year from Wikidata (Q337373); PD via life+70 rule (death year 1950 + 71 <= 2026), independent of publication year"
the-wandering-jew__eugene-sue__1845,The Wandering Jew,Eugène Sue,1857,false,1845,openlibrary,https://openlibrary.org/works/OL8524982W,en,"author death year from Wikidata (Q315220); PD via life+70 rule (death year 1857 + 71 <= 2026), independent of publication year"
juif-errant__eugene-sue__1844,Juif errant,Eugène Sue,1857,false,1844,openlibrary,https://openlibrary.org/works/OL15204091W,en,"author death year from Wikidata (Q315220); PD via life+70 rule (death year 1857 + 71 <= 2026), independent of publication year"
mysteres-de-paris__eugene-sue__1844,Mystères de Paris,Eugène Sue,1857,false,1844,openlibrary,https://openlibrary.org/works/OL1492627W,en,"author death year from Wikidata (Q315220); PD via life+70 rule (death year 1857 + 71 <= 2026), independent of publication year"
nevtelen-var__mor-jokai__1895,Névtelen vár,Mór Jókai,1904,false,1895,openlibrary,https://openlibrary.org/works/OL861157W,en,"author death year from Wikidata (Q379621); PD via life+70 rule (death year 1904 + 71 <= 2026), independent of publication year"
halil-the-pedlar__mor-jokai__1901,Halil the Pedlar,Mór Jókai,1904,false,1901,openlibrary,https://openlibrary.org/works/OL8608208W,en,"author death year from Wikidata (Q379621); PD via life+70 rule (death year 1904 + 71 <= 2026), independent of publication year"
timar-s-two-worlds__mor-jokai__1888,Timar's two worlds,Mór Jókai,1904,false,1888,openlibrary,https://openlibrary.org/works/OL861207W,en,"author death year from Wikidata (Q379621); PD via life+70 rule (death year 1904 + 71 <= 2026), independent of publication year"
die-nationalitatenfrage-und-die-sozialdemokratie__otto-bauer__1924,Die Nationalitätenfrage Und Die Sozialdemokratie,Otto Bauer,1938,false,1924,openlibrary,https://openlibrary.org/works/OL24789670W,en,"author death year from Wikidata (Q11730); PD via life+70 rule (death year 1938 + 71 <= 2026), independent of publication year"
austrian-revolution__otto-bauer__1925,Austrian Revolution,Otto Bauer,1938,false,1925,openlibrary,https://openlibrary.org/works/OL21876381W,en,"author death year from Wikidata (Q11730); PD via life+70 rule (death year 1938 + 71 <= 2026), independent of publication year"
question-of-nationalities-and-social-democracy__otto-bauer__unk,Question of Nationalities and Social Democracy,Otto Bauer,1938,false,,openlibrary,https://openlibrary.org/works/OL36785875W,en,"author death year from Wikidata (Q11730); PD via life+70 rule (death year 1938 + 71 <= 2026), independent of publication year; publication year (2000) discarded as implausible (>50 years after author's death, likely a modern reprint/collected edition); needs manual research"
don-juan__nikolaus-lenau__unk,Don Juan,Nikolaus Lenau,1850,false,,openlibrary,https://openlibrary.org/works/OL36054836W,en,"author death year from Wikidata (Q84280); PD via life+70 rule (death year 1850 + 71 <= 2026), independent of publication year; publication year (2013) discarded as implausible (>50 years after author's death, likely a modern reprint/collected edition); needs manual research"
die-albigenser__nikolaus-lenau__unk,Die Albigenser,Nikolaus Lenau,1850,false,,openlibrary,https://openlibrary.org/works/OL36052015W,en,"author death year from Wikidata (Q84280); PD via life+70 rule (death year 1850 + 71 <= 2026), independent of publication year; publication year (2012) discarded as implausible (>50 years after author's death, likely a modern reprint/collected edition); needs manual research"
gedichte__nikolaus-lenau__unk,Gedichte,Nikolaus Lenau,1850,false,,openlibrary,https://openlibrary.org/works/OL36072675W,en,"author death year from Wikidata (Q84280); PD via life+70 rule (death year 1850 + 71 <= 2026), independent of publication year; publication year (2012) discarded as implausible (>50 years after author's death, likely a modern reprint/collected edition); needs manual research"
kleiner-mann-was-nun__hans-fallada__1932,"Kleiner Mann, was nun?",Hans Fallada,1947,false,1932,openlibrary,https://openlibrary.org/works/OL15250717W,en,"author death year from Wikidata (Q76539); PD via life+70 rule (death year 1947 + 71 <= 2026), independent of publication year"
jeder-stirbt-fur-sich-allein__hans-fallada__1948,Jeder stirbt für sich allein,Hans Fallada,1947,false,1948,openlibrary,https://openlibrary.org/works/OL830052W,en,"author death year from Wikidata (Q76539); PD via life+70 rule (death year 1947 + 71 <= 2026), independent of publication year"
bauern-bonzen-und-bomben__hans-fallada__1931,"Bauern, Bonzen und Bomben",Hans Fallada,1947,false,1931,openlibrary,https://openlibrary.org/works/OL830112W,en,"author death year from Wikidata (Q76539); PD via life+70 rule (death year 1947 + 71 <= 2026), independent of publication year"
works-of-daniel-webster__daniel-webster__unk,Works of Daniel Webster ...,Daniel Webster,1852,false,,openlibrary,https://openlibrary.org/works/OL22225510W,en,"author death year from Wikidata (Q106231); PD via life+70 rule (death year 1852 + 71 <= 2026), independent of publication year; publication year (2015) discarded as implausible (>50 years after author's death, likely a modern reprint/collected edition); needs manual research"
speeches-and-forensic-arguments__daniel-webster__1830,Speeches and forensic arguments,Daniel Webster,1852,false,1830,openlibrary,https://openlibrary.org/works/OL467809W,en,"author death year from Wikidata (Q106231); PD via life+70 rule (death year 1852 + 71 <= 2026), independent of publication year"
works__daniel-webster__1851,Works.,Daniel Webster,1852,false,1851,openlibrary,https://openlibrary.org/works/OL467808W,en,"author death year from Wikidata (Q106231); PD via life+70 rule (death year 1852 + 71 <= 2026), independent of publication year"
journal-1896-1942__charles-ferdinand-ramuz__1943,"Journal, 1896-1942",Charles Ferdinand Ramuz,1947,false,1943,openlibrary,https://openlibrary.org/works/OL1246227W,en,"author death year from Wikidata (Q123635); PD via life+70 rule (death year 1947 + 71 <= 2026), independent of publication year"
when-the-mountain-fell__charles-ferdinand-ramuz__1947,When the Mountain Fell,Charles Ferdinand Ramuz,1947,false,1947,openlibrary,https://openlibrary.org/works/OL1246225W,en,"author death year from Wikidata (Q123635); PD via life+70 rule (death year 1947 + 71 <= 2026), independent of publication year"
derborence__charles-ferdinand-ramuz__unk,Derborence,Charles Ferdinand Ramuz,1947,false,,openlibrary,https://openlibrary.org/works/OL28676615W,en,"author death year from Wikidata (Q123635); PD via life+70 rule (death year 1947 + 71 <= 2026), independent of publication year; publication year (2019) discarded as implausible (>50 years after author's death, likely a modern reprint/collected edition); needs manual research"
save-me-the-waltz__zelda-fitzgerald__1967,Save Me the Waltz,Zelda Fitzgerald,1948,false,1967,openlibrary,https://openlibrary.org/works/OL27443869W,en,"author death year from Wikidata (Q187324); PD via life+70 rule (death year 1948 + 71 <= 2026), independent of publication year"
the-collected-writings__zelda-fitzgerald__1991,The collected writings,Zelda Fitzgerald,1948,false,1991,openlibrary,https://openlibrary.org/works/OL2623311W,en,"author death year from Wikidata (Q187324); PD via life+70 rule (death year 1948 + 71 <= 2026), independent of publication year"
story-of-the-red-cross__clara-barton__1918,Story of the Red Cross,Clara Barton,1912,false,1918,openlibrary,https://openlibrary.org/works/OL29198441W,en,"author death year from Wikidata (Q188039); PD via life+70 rule (death year 1912 + 71 <= 2026), independent of publication year"
the-red-cross-in-peace-and-war__clara-barton__1898,The Red Cross in peace and war,Clara Barton,1912,false,1898,openlibrary,https://openlibrary.org/works/OL5184755W,en,"author death year from Wikidata (Q188039); PD via life+70 rule (death year 1912 + 71 <= 2026), independent of publication year"
canada-and-the-war__william-lyon-mackenzie-king__1941,Canada and the war,William Lyon Mackenzie King,1950,false,1941,openlibrary,https://openlibrary.org/works/OL1177417W,en,"author death year from Wikidata (Q128633); PD via life+70 rule (death year 1950 + 71 <= 2026), independent of publication year"
industry-and-humanity__william-lyon-mackenzie-king__1918,Industry and humanity,William Lyon Mackenzie King,1950,false,1918,openlibrary,https://openlibrary.org/works/OL1177416W,en,"author death year from Wikidata (Q128633); PD via life+70 rule (death year 1950 + 71 <= 2026), independent of publication year"
tales-of-two-countries__alexander-kielland__unk,Tales of Two Countries,Alexander Kielland,1906,false,,openlibrary,https://openlibrary.org/works/OL8607943W,en,"author death year from Wikidata (Q318358); PD via life+70 rule (death year 1906 + 71 <= 2026), independent of publication year; publication year (2002) discarded as implausible (>50 years after author's death, likely a modern reprint/collected edition); needs manual research"
norse-tales-and-sketches__alexander-kielland__unk,Norse Tales and Sketches,Alexander Kielland,1906,false,,openlibrary,https://openlibrary.org/works/OL9206444W,en,"author death year from Wikidata (Q318358); PD via life+70 rule (death year 1906 + 71 <= 2026), independent of publication year; publication year (2007) discarded as implausible (>50 years after author's death, likely a modern reprint/collected edition); needs manual research"
ultimate-diabetic-meal-prep-cookbook-2020-2021__patrick-pearse__unk,Ultimate Diabetic Meal Prep Cookbook 2020-2021,Patrick Pearse,1916,false,,openlibrary,https://openlibrary.org/works/OL26046751W,en,"author death year from Wikidata (Q274143); PD via life+70 rule (death year 1916 + 71 <= 2026), independent of publication year; publication year (2020) discarded as implausible (>50 years after author's death, likely a modern reprint/collected edition); needs manual research"
argonauci__eliza-orzeszkowa__1901,Argonauci,Eliza Orzeszkowa,1910,false,1901,openlibrary,https://openlibrary.org/works/OL3395554W,en,"author death year from Wikidata (Q240174); PD via life+70 rule (death year 1910 + 71 <= 2026), independent of publication year"
meir-ezofovitch__eliza-orzeszkowa__unk,Meir Ezofovitch,Eliza Orzeszkowa,1910,false,,openlibrary,https://openlibrary.org/works/OL24376652W,en,"author death year from Wikidata (Q240174); PD via life+70 rule (death year 1910 + 71 <= 2026), independent of publication year; publication year (2015) discarded as implausible (>50 years after author's death, likely a modern reprint/collected edition); needs manual research"
obscure-apostle__eliza-orzeszkowa__unk,Obscure Apostle,Eliza Orzeszkowa,1910,false,,openlibrary,https://openlibrary.org/works/OL36313203W,en,"author death year from Wikidata (Q240174); PD via life+70 rule (death year 1910 + 71 <= 2026), independent of publication year; publication year (2012) discarded as implausible (>50 years after author's death, likely a modern reprint/collected edition); needs manual research"
dracula-s-guest-and-other-weird-stories__saki__1914,"Dracula's guest, and other weird stories",Saki,1916,false,1914,openlibrary,https://openlibrary.org/works/OL85864W,en,"author death year from Wikidata (Q311526); PD via life+70 rule (death year 1916 + 71 <= 2026), independent of publication year"
beasts-and-super-beasts__saki__1914,Beasts and Super-Beasts,Saki,1916,false,1914,openlibrary,https://openlibrary.org/works/OL29115502W,en,"author death year from Wikidata (Q311526); PD via life+70 rule (death year 1916 + 71 <= 2026), independent of publication year"
the-chronicles-of-clovis__saki__1911,The Chronicles Of Clovis,Saki,1916,false,1911,openlibrary,https://openlibrary.org/works/OL3528712W,en,"author death year from Wikidata (Q311526); PD via life+70 rule (death year 1916 + 71 <= 2026), independent of publication year"
millennial-dawn__charles-taze-russell__unk,Millennial Dawn,Charles Taze Russell,1916,false,,openlibrary,https://openlibrary.org/works/OL34078279W,en,"author death year from Wikidata (Q313456); PD via life+70 rule (death year 1916 + 71 <= 2026), independent of publication year; publication year (2015) discarded as implausible (>50 years after author's death, likely a modern reprint/collected edition); needs manual research"
the-divine-plan-of-the-ages__charles-taze-russell__unk,The Divine Plan of the Ages,Charles Taze Russell,1916,false,,openlibrary,https://openlibrary.org/works/OL32956097W,en,"author death year from Wikidata (Q313456); PD via life+70 rule (death year 1916 + 71 <= 2026), independent of publication year; publication year (2004) discarded as implausible (>50 years after author's death, likely a modern reprint/collected edition); needs manual research"
millennial-dawn-volume-5__charles-taze-russell__unk,Millennial Dawn; Volume 5,Charles Taze Russell,1916,false,,openlibrary,https://openlibrary.org/works/OL34205349W,en,"author death year from Wikidata (Q313456); PD via life+70 rule (death year 1916 + 71 <= 2026), independent of publication year; publication year (2022) discarded as implausible (>50 years after author's death, likely a modern reprint/collected edition); needs manual research"
the-queen-vs-louis-riel__louis-riel__unk,The Queen vs. Louis Riel,Louis Riel,1885,false,,openlibrary,https://openlibrary.org/works/OL24679015W,en,"author death year from Wikidata (Q313691); PD via life+70 rule (death year 1885 + 71 <= 2026), independent of publication year; publication year (2015) discarded as implausible (>50 years after author's death, likely a modern reprint/collected edition); needs manual research"
the-queen-vs-louis-riel-accused-and-convicted-of-the-crime-of-high-treason__louis-riel__1886,"The Queen vs. Louis Riel, accused and convicted of the crime of high treason",Louis Riel,1885,false,1886,openlibrary,https://openlibrary.org/works/OL4050510W,en,"author death year from Wikidata (Q313691); PD via life+70 rule (death year 1885 + 71 <= 2026), independent of publication year"
humoristicka-proza-autobiografija-listici-pripovetke__branislav-nusic__1951,"HUMORISTICKA PROZA (AUTOBIOGRAFIJA, LISTICI, PRIPOVETKE)",Branislav Nušić,1938,false,1951,openlibrary,https://openlibrary.org/works/OL35394879W,en,"author death year from Wikidata (Q315136); PD via life+70 rule (death year 1938 + 71 <= 2026), independent of publication year"
ben-akiba__branislav-nusic__unk,Ben Akiba,Branislav Nušić,1938,false,,openlibrary,https://openlibrary.org/works/OL25998340W,en,"author death year from Wikidata (Q315136); PD via life+70 rule (death year 1938 + 71 <= 2026), independent of publication year; publication year (2020) discarded as implausible (>50 years after author's death, likely a modern reprint/collected edition); needs manual research"
selected-serbian-comedies__branislav-nusic__unk,Selected Serbian Comedies,Branislav Nušić,1938,false,,openlibrary,https://openlibrary.org/works/OL38199755W,en,"author death year from Wikidata (Q315136); PD via life+70 rule (death year 1938 + 71 <= 2026), independent of publication year; publication year (2018) discarded as implausible (>50 years after author's death, likely a modern reprint/collected edition); needs manual research"
the-path-to-rome__hilaire-belloc__1890,The Path to Rome,Hilaire Belloc,1953,false,1890,openlibrary,https://openlibrary.org/works/OL2131995W,en,"author death year from Wikidata (Q333106); PD via life+70 rule (death year 1953 + 71 <= 2026), independent of publication year"
the-bad-child-s-book-of-beasts__hilaire-belloc__1875,The bad child's book of beasts,Hilaire Belloc,1953,false,1875,openlibrary,https://openlibrary.org/works/OL2132201W,en,"author death year from Wikidata (Q333106); PD via life+70 rule (death year 1953 + 71 <= 2026), independent of publication year"
hills-and-the-sea__hilaire-belloc__1906,Hills and the sea,Hilaire Belloc,1953,false,1906,openlibrary,https://openlibrary.org/works/OL2132197W,en,"author death year from Wikidata (Q333106); PD via life+70 rule (death year 1953 + 71 <= 2026), independent of publication year"
maurice-denis-1870-1943__maurice-denis__1964,Maurice Denis 1870-1943,Maurice Denis,1943,false,1964,openlibrary,https://openlibrary.org/works/OL1732878W,en,"author death year from Wikidata (Q440369); PD via life+70 rule (death year 1943 + 71 <= 2026), independent of publication year"
maurice-denis__maurice-denis__1981,Maurice Denis,Maurice Denis,1943,false,1981,openlibrary,https://openlibrary.org/works/OL18576688W,en,"author death year from Wikidata (Q440369); PD via life+70 rule (death year 1943 + 71 <= 2026), independent of publication year"
maurice-denis-1870-1943__maurice-denis__1963,"Maurice Denis, 1870-1943",Maurice Denis,1943,false,1963,openlibrary,https://openlibrary.org/works/OL38769058W,en,"author death year from Wikidata (Q440369); PD via life+70 rule (death year 1943 + 71 <= 2026), independent of publication year"
barekendane__hovhannes-tumanyan__unk,Barekendaně,Hovhannes Tumanyan,1923,false,,openlibrary,https://openlibrary.org/works/OL96888W,en,"author death year from Wikidata (Q380797); PD via life+70 rule (death year 1923 + 71 <= 2026), independent of publication year; publication year (1988) discarded as implausible (>50 years after author's death, likely a modern reprint/collected edition); needs manual research"
akhtamar__hovhannes-tumanyan__1959,Akhtʻamar,Hovhannes Tumanyan,1923,false,1959,openlibrary,https://openlibrary.org/works/OL31578315W,en,"author death year from Wikidata (Q380797); PD via life+70 rule (death year 1923 + 71 <= 2026), independent of publication year"
sasuntsi-dawit__hovhannes-tumanyan__1939,Sasuntsʻi Dawitʻ,Hovhannes Tumanyan,1923,false,1939,openlibrary,https://openlibrary.org/works/OL440140W,en,"author death year from Wikidata (Q380797); PD via life+70 rule (death year 1923 + 71 <= 2026), independent of publication year"
cite-des-eaux__henri-de-regnier__unk,Cité des Eaux,Henri de Régnier,1936,false,,openlibrary,https://openlibrary.org/works/OL36059832W,en,"author death year from Wikidata (Q561510); PD via life+70 rule (death year 1936 + 71 <= 2026), independent of publication year; publication year (2012) discarded as implausible (>50 years after author's death, likely a modern reprint/collected edition); needs manual research"
the-libertines__henri-de-regnier__1929,The libertines,Henri de Régnier,1936,false,1929,openlibrary,https://openlibrary.org/works/OL2278469W,en,"author death year from Wikidata (Q561510); PD via life+70 rule (death year 1936 + 71 <= 2026), independent of publication year"
la-pecheresse__henri-de-regnier__1920,La Pecheresse,Henri de Régnier,1936,false,1920,openlibrary,https://openlibrary.org/works/OL43252424W,en,"author death year from Wikidata (Q561510); PD via life+70 rule (death year 1936 + 71 <= 2026), independent of publication year"
dancing-with-vampires__david-strauss__unk,Dancing with Vampires,David Strauss,1874,false,,openlibrary,https://openlibrary.org/works/OL26790069W,en,"author death year from Wikidata (Q57219); PD via life+70 rule (death year 1874 + 71 <= 2026), independent of publication year; publication year (2015) discarded as implausible (>50 years after author's death, likely a modern reprint/collected edition); needs manual research"
compendium-of-the-comparative-grammar-of-the-indo-european-sanskrit-greek-and-latin-languages__august-schleicher__unk,"Compendium of the Comparative Grammar of the Indo-European, Sanskrit, Greek and Latin Languages",August Schleicher,1868,false,,openlibrary,https://openlibrary.org/works/OL21095767W,en,"author death year from Wikidata (Q76686); PD via life+70 rule (death year 1868 + 71 <= 2026), independent of publication year; publication year (2014) discarded as implausible (>50 years after author's death, likely a modern reprint/collected edition); needs manual research"
darwinism-tested-by-the-science-of-language__august-schleicher__unk,Darwinism Tested By The Science Of Language,August Schleicher,1868,false,,openlibrary,https://openlibrary.org/works/OL24481428W,en,"author death year from Wikidata (Q76686); PD via life+70 rule (death year 1868 + 71 <= 2026), independent of publication year; publication year (2017) discarded as implausible (>50 years after author's death, likely a modern reprint/collected edition); needs manual research"
semmering-1912__peter-altenberg__1913,"""Semmering 1912""",Peter Altenberg,1919,false,1913,openlibrary,https://openlibrary.org/works/OL16780443W,en,"author death year from Wikidata (Q44972); PD via life+70 rule (death year 1919 + 71 <= 2026), independent of publication year"
ashantee__peter-altenberg__unk,Ashantee,Peter Altenberg,1919,false,,openlibrary,https://openlibrary.org/works/OL4581978W,en,"author death year from Wikidata (Q44972); PD via life+70 rule (death year 1919 + 71 <= 2026), independent of publication year; publication year (2007) discarded as implausible (>50 years after author's death, likely a modern reprint/collected edition); needs manual research"
prodromos__peter-altenberg__unk,Pròdromos,Peter Altenberg,1919,false,,openlibrary,https://openlibrary.org/works/OL36068629W,en,"author death year from Wikidata (Q44972); PD via life+70 rule (death year 1919 + 71 <= 2026), independent of publication year; publication year (2013) discarded as implausible (>50 years after author's death, likely a modern reprint/collected edition); needs manual research"
fysiologie-lidske-mluvy-a-mensi-fysiologicke-prace__jan-evangelista-purkyne__unk,Fysiologie lidské mluvy a menší fysiologické práce,Jan Evangelista Purkyně,1869,false,,openlibrary,https://openlibrary.org/works/OL4705894W,en,"author death year from Wikidata (Q159542); PD via life+70 rule (death year 1869 + 71 <= 2026), independent of publication year; publication year (1973) discarded as implausible (>50 years after author's death, likely a modern reprint/collected edition); needs manual research"
j-e-purkyne-and-psychology__jan-evangelista-purkyne__unk,J. E. Purkyně and psychology,Jan Evangelista Purkyně,1869,false,,openlibrary,https://openlibrary.org/works/OL37457680W,en,"author death year from Wikidata (Q159542); PD via life+70 rule (death year 1869 + 71 <= 2026), independent of publication year; publication year (1987) discarded as implausible (>50 years after author's death, likely a modern reprint/collected edition); needs manual research"
de-cellulis-antherarum-fibrosis-nec-non-de-granorum-pollinarium-formis-commentatio-phytotomica__jan-evangelista-purkyne__1830,"De cellulis antherarum fibrosis, nec non de granorum pollinarium formis commentatio phytotomica",Jan Evangelista Purkyně,1869,false,1830,openlibrary,https://openlibrary.org/works/OL13385061W,en,"author death year from Wikidata (Q159542); PD via life+70 rule (death year 1869 + 71 <= 2026), independent of publication year"
krysar__viktor-dyk__1915,Krysař,Viktor Dyk,1931,false,1915,openlibrary,https://openlibrary.org/works/OL1731869W,en,"author death year from Wikidata (Q109067); PD via life+70 rule (death year 1931 + 71 <= 2026), independent of publication year"
the-ninth-night__viktor-dyk__1918,The ninth night,Viktor Dyk,1931,false,1918,openlibrary,https://openlibrary.org/works/OL43449932W,en,"author death year from Wikidata (Q109067); PD via life+70 rule (death year 1931 + 71 <= 2026), independent of publication year"
pied-piper__viktor-dyk__unk,Pied Piper,Viktor Dyk,1931,false,,openlibrary,https://openlibrary.org/works/OL28007766W,en,"author death year from Wikidata (Q109067); PD via life+70 rule (death year 1931 + 71 <= 2026), independent of publication year; publication year (2018) discarded as implausible (>50 years after author's death, likely a modern reprint/collected edition); needs manual research"
caring-for-your-rescue-dog__louisa-adams__unk,Caring for Your Rescue Dog,Louisa Adams,1852,false,,openlibrary,https://openlibrary.org/works/OL25648718W,en,"author death year from Wikidata (Q233660); PD via life+70 rule (death year 1852 + 71 <= 2026), independent of publication year; publication year (2008) discarded as implausible (>50 years after author's death, likely a modern reprint/collected edition); needs manual research"
dazac-do-konca-swoich-drog__edward-rydz-smigy__1989,Dążąc do końca swoich dróg,Edward Rydz-Śmigły,1941,false,1989,openlibrary,https://openlibrary.org/works/OL7651371W,en,"author death year from Wikidata (Q295688); PD via life+70 rule (death year 1941 + 71 <= 2026), independent of publication year"
liliom-egy-csirkefogo-elete-es-halala__ferenc-molnar__1909,"Liliom, egy csirkefogó élete és halála",Ferenc Molnár,1952,false,1909,openlibrary,https://openlibrary.org/works/OL15476025W,en,"author death year from Wikidata (Q296809); PD via life+70 rule (death year 1952 + 71 <= 2026), independent of publication year"
a-pal-utczai-fiuk__ferenc-molnar__1911,A Pál utczai fiúk,Ferenc Molnár,1952,false,1911,openlibrary,https://openlibrary.org/works/OL16243575W,en,"author death year from Wikidata (Q296809); PD via life+70 rule (death year 1952 + 71 <= 2026), independent of publication year"
fashions-for-men-and-the-swan__ferenc-molnar__1922,"Fashions for Men, and the Swan",Ferenc Molnár,1952,false,1922,openlibrary,https://openlibrary.org/works/OL24401483W,en,"author death year from Wikidata (Q296809); PD via life+70 rule (death year 1952 + 71 <= 2026), independent of publication year"
holism-and-evolution__jan-christiaan-smuts__1926,Holism and evolution,Jan Christiaan Smuts,1950,false,1926,openlibrary,https://openlibrary.org/works/OL1179672W,en,"author death year from Wikidata (Q214321); PD via life+70 rule (death year 1950 + 71 <= 2026), independent of publication year"
war-time-speeches__jan-christiaan-smuts__1917,War-time speeches,Jan Christiaan Smuts,1950,false,1917,openlibrary,https://openlibrary.org/works/OL1179671W,en,"author death year from Wikidata (Q214321); PD via life+70 rule (death year 1950 + 71 <= 2026), independent of publication year"
the-league-of-nations__jan-christiaan-smuts__1918,The league of nations,Jan Christiaan Smuts,1950,false,1918,openlibrary,https://openlibrary.org/works/OL1179669W,en,"author death year from Wikidata (Q214321); PD via life+70 rule (death year 1950 + 71 <= 2026), independent of publication year"
salomy-jane-illustrated__bret-harte__unk,Salomy Jane Illustrated,Bret Harte,1902,false,,openlibrary,https://openlibrary.org/works/OL27595415W,en,"author death year from Wikidata (Q301983); PD via life+70 rule (death year 1902 + 71 <= 2026), independent of publication year; publication year (2019) discarded as implausible (>50 years after author's death, likely a modern reprint/collected edition); needs manual research"
the-socialist-party-and-the-working-class__eugene-v-debs__1904,The Socialist Party and the working class,Eugene V. Debs,1926,false,1904,openlibrary,https://openlibrary.org/works/OL38864871W,en,"author death year from Wikidata (Q334993); PD via life+70 rule (death year 1926 + 71 <= 2026), independent of publication year"
labor-and-freedom__eugene-v-debs__unk,Labor and Freedom,Eugene V. Debs,1926,false,,openlibrary,https://openlibrary.org/works/OL38194968W,en,"author death year from Wikidata (Q334993); PD via life+70 rule (death year 1926 + 71 <= 2026), independent of publication year; publication year (2015) discarded as implausible (>50 years after author's death, likely a modern reprint/collected edition); needs manual research"
the-heritage-of-debs__eugene-v-debs__1935,The heritage of Debs,Eugene V. Debs,1926,false,1935,openlibrary,https://openlibrary.org/works/OL38857712W,en,"author death year from Wikidata (Q334993); PD via life+70 rule (death year 1926 + 71 <= 2026), independent of publication year"
a-history-of-roumania__nicolae-iorga__1925,A history of Roumania,Nicolae Iorga,1940,false,1925,openlibrary,https://openlibrary.org/works/OL721416W,en,"author death year from Wikidata (Q313581); PD via life+70 rule (death year 1940 + 71 <= 2026), independent of publication year"
a-history-of-anglo-roumanian-relations__nicolae-iorga__1931,A history of Anglo-Roumanian relations,Nicolae Iorga,1940,false,1931,openlibrary,https://openlibrary.org/works/OL721390W,en,"author death year from Wikidata (Q313581); PD via life+70 rule (death year 1940 + 71 <= 2026), independent of publication year"
byzantium-after-byzantium__nicolae-iorga__unk,Byzantium after Byzantium,Nicolae Iorga,1940,false,,openlibrary,https://openlibrary.org/works/OL25914863W,en,"author death year from Wikidata (Q313581); PD via life+70 rule (death year 1940 + 71 <= 2026), independent of publication year; publication year (2022) discarded as implausible (>50 years after author's death, likely a modern reprint/collected edition); needs manual research"
the-animate-and-the-inanimate__william-james-sidis__1925,The Animate and the Inanimate,William James Sidis,1944,false,1925,openlibrary,https://openlibrary.org/works/OL11421169W,en,"author death year from Wikidata (Q313603); PD via life+70 rule (death year 1944 + 71 <= 2026), independent of publication year"
tribes-and-the-states__william-james-sidis__unk,Tribes and the States,William James Sidis,1944,false,,openlibrary,https://openlibrary.org/works/OL30882293W,en,"author death year from Wikidata (Q313603); PD via life+70 rule (death year 1944 + 71 <= 2026), independent of publication year; publication year (2021) discarded as implausible (>50 years after author's death, likely a modern reprint/collected edition); needs manual research"
notes-on-the-collection-of-transfers__william-james-sidis__1926,Notes on the collection of transfers,William James Sidis,1944,false,1926,openlibrary,https://openlibrary.org/works/OL43992096W,en,"author death year from Wikidata (Q313603); PD via life+70 rule (death year 1944 + 71 <= 2026), independent of publication year"
les-sylphides__michel-fokine__1950,Les sylphides,Michel Fokine,1942,false,1950,openlibrary,https://openlibrary.org/works/OL22421084W,en,"author death year from Wikidata (Q314312); PD via life+70 rule (death year 1942 + 71 <= 2026), independent of publication year"
fokine-memoirs-of-a-ballet-master__michel-fokine__1961,"Fokine, memoirs of a ballet master",Michel Fokine,1942,false,1961,openlibrary,https://openlibrary.org/works/OL5514451W,en,"author death year from Wikidata (Q314312); PD via life+70 rule (death year 1942 + 71 <= 2026), independent of publication year"
fokine__michel-fokine__1961,Fokine,Michel Fokine,1942,false,1961,openlibrary,https://openlibrary.org/works/OL5514449W,en,"author death year from Wikidata (Q314312); PD via life+70 rule (death year 1942 + 71 <= 2026), independent of publication year"
the-thirty-nine-steps__john-buchan__1915,The Thirty-Nine Steps,John Buchan,1940,false,1915,openlibrary,https://openlibrary.org/works/OL76524W,en,"author death year from Wikidata (Q333004); PD via life+70 rule (death year 1940 + 71 <= 2026), independent of publication year"
greenmantle__john-buchan__1915,Greenmantle,John Buchan,1940,false,1915,openlibrary,https://openlibrary.org/works/OL76501W,en,"author death year from Wikidata (Q333004); PD via life+70 rule (death year 1940 + 71 <= 2026), independent of publication year"
mr-standfast__john-buchan__1918,Mr. Standfast,John Buchan,1940,false,1918,openlibrary,https://openlibrary.org/works/OL76598W,en,"author death year from Wikidata (Q333004); PD via life+70 rule (death year 1940 + 71 <= 2026), independent of publication year"
autobiography__fukuzawa-yukichi__1947,Autobiography,Fukuzawa Yukichi,1901,false,1947,openlibrary,https://openlibrary.org/works/OL4281237W,en,"author death year from Wikidata (Q355447); PD via life+70 rule (death year 1901 + 71 <= 2026), independent of publication year"
the-autobiography-of-fukuzawa-yukichi__fukuzawa-yukichi__1934,The autobiography of Fukuzawa Yukichi,Fukuzawa Yukichi,1901,false,1934,openlibrary,https://openlibrary.org/works/OL4281238W,en,"author death year from Wikidata (Q355447); PD via life+70 rule (death year 1901 + 71 <= 2026), independent of publication year"
autobiography-of-yukichi-fukuzawa__fukuzawa-yukichi__unk,Autobiography of Yukichi Fukuzawa,Fukuzawa Yukichi,1901,false,,openlibrary,https://openlibrary.org/works/OL4281236W,en,"author death year from Wikidata (Q355447); PD via life+70 rule (death year 1901 + 71 <= 2026), independent of publication year; publication year (1966) discarded as implausible (>50 years after author's death, likely a modern reprint/collected edition); needs manual research"
ben-hur__lew-wallace__1800,Ben Hur,Lew Wallace,1905,false,1800,openlibrary,https://openlibrary.org/works/OL240210W,en,"author death year from Wikidata (Q357102); PD via life+70 rule (death year 1905 + 71 <= 2026), independent of publication year"
the-prince-of-india-or-why-the-constantinople-fell__lew-wallace__1893,"The Prince of India, or Why the Constantinople Fell",Lew Wallace,1905,false,1893,openlibrary,https://openlibrary.org/works/OL240205W,en,"author death year from Wikidata (Q357102); PD via life+70 rule (death year 1905 + 71 <= 2026), independent of publication year"
nienasycenie__stanisaw-ignacy-witkiewicz__1957,Nienasycenie,Stanisław Ignacy Witkiewicz,1939,false,1957,openlibrary,https://openlibrary.org/works/OL983266W,en,"author death year from Wikidata (Q381238); PD via life+70 rule (death year 1939 + 71 <= 2026), independent of publication year"
witkacy__stanisaw-ignacy-witkiewicz__unk,Witkacy,Stanisław Ignacy Witkiewicz,1939,false,,openlibrary,https://openlibrary.org/works/OL23771239W,en,"author death year from Wikidata (Q381238); PD via life+70 rule (death year 1939 + 71 <= 2026), independent of publication year; publication year (1996) discarded as implausible (>50 years after author's death, likely a modern reprint/collected edition); needs manual research"
w-maym-dworku__stanisaw-ignacy-witkiewicz__1972,W małym dworku,Stanisław Ignacy Witkiewicz,1939,false,1972,openlibrary,https://openlibrary.org/works/OL983267W,en,"author death year from Wikidata (Q381238); PD via life+70 rule (death year 1939 + 71 <= 2026), independent of publication year"
studies-in-the-psychology-of-sex-vol-i__havelock-ellis__1896,"Studies in the Psychology of Sex, Vol. I",Havelock Ellis,1939,false,1896,openlibrary,https://openlibrary.org/works/OL17008756W,en,"author death year from Wikidata (Q552983); PD via life+70 rule (death year 1939 + 71 <= 2026), independent of publication year"
criminal__havelock-ellis__unk,Criminal,Havelock Ellis,1939,false,,openlibrary,https://openlibrary.org/works/OL20751318W,en,"author death year from Wikidata (Q552983); PD via life+70 rule (death year 1939 + 71 <= 2026), independent of publication year; publication year (2014) discarded as implausible (>50 years after author's death, likely a modern reprint/collected edition); needs manual research"
studies-in-the-psychology-of-sex-vol-iii__havelock-ellis__1913,"Studies in the Psychology of Sex, Vol. III",Havelock Ellis,1939,false,1913,openlibrary,https://openlibrary.org/works/OL17020593W,en,"author death year from Wikidata (Q552983); PD via life+70 rule (death year 1939 + 71 <= 2026), independent of publication year"
grammar-of-volapuk__johann-martin-schleyer__unk,Grammar of Volapük,Johann Martin Schleyer,1912,false,,openlibrary,https://openlibrary.org/works/OL24401617W,en,"author death year from Wikidata (Q12712); PD via life+70 rule (death year 1912 + 71 <= 2026), independent of publication year; publication year (2018) discarded as implausible (>50 years after author's death, likely a modern reprint/collected edition); needs manual research"
grammar-with-vocabularies-of-volapuk__johann-martin-schleyer__1887,Grammar with vocabularies of Volapük,Johann Martin Schleyer,1912,false,1887,openlibrary,https://openlibrary.org/works/OL32074664W,en,"author death year from Wikidata (Q12712); PD via life+70 rule (death year 1912 + 71 <= 2026), independent of publication year"
grammar-with-vocabularies-of-volapuk__johann-martin-schleyer__1887-2,Grammar with vocabularies of Volapük,Johann Martin Schleyer,1912,false,1887,openlibrary,https://openlibrary.org/works/OL11658249W,en,"author death year from Wikidata (Q12712); PD via life+70 rule (death year 1912 + 71 <= 2026), independent of publication year"
hunger-pastor__wilhelm-raabe__unk,Hunger Pastor,Wilhelm Raabe,1910,false,,openlibrary,https://openlibrary.org/works/OL25651923W,en,"author death year from Wikidata (Q60647); PD via life+70 rule (death year 1910 + 71 <= 2026), independent of publication year; publication year (2005) discarded as implausible (>50 years after author's death, likely a modern reprint/collected edition); needs manual research"
stopfkuchen__wilhelm-raabe__1943,Stopfkuchen,Wilhelm Raabe,1910,false,1943,openlibrary,https://openlibrary.org/works/OL820438W,en,"author death year from Wikidata (Q60647); PD via life+70 rule (death year 1910 + 71 <= 2026), independent of publication year"
die-schwarze-galeere__wilhelm-raabe__unk,Die Schwarze Galeere,Wilhelm Raabe,1910,false,,openlibrary,https://openlibrary.org/works/OL36064966W,en,"author death year from Wikidata (Q60647); PD via life+70 rule (death year 1910 + 71 <= 2026), independent of publication year; publication year (2011) discarded as implausible (>50 years after author's death, likely a modern reprint/collected edition); needs manual research"
unpolitische-lieder__august-heinrich-hoffmann-von-fallersleben__unk,Unpolitische Lieder,August Heinrich Hoffmann von Fallersleben,1874,false,,openlibrary,https://openlibrary.org/works/OL36072190W,en,"author death year from Wikidata (Q76938); PD via life+70 rule (death year 1874 + 71 <= 2026), independent of publication year; publication year (2012) discarded as implausible (>50 years after author's death, likely a modern reprint/collected edition); needs manual research"
catalogue-systematique-du-cabinet-d-ornithologie-et-de-la-collection-de-quadrumanes__coenraad-jacob-temminck__unk,Catalogue Systématique du Cabinet d'Ornithologie et de la Collection de Quadrumanes,Coenraad Jacob Temminck,1858,false,,openlibrary,https://openlibrary.org/works/OL37728703W,en,"author death year from Wikidata (Q31621); PD via life+70 rule (death year 1858 + 71 <= 2026), independent of publication year; publication year (2023) discarded as implausible (>50 years after author's death, likely a modern reprint/collected edition); needs manual research"
mengenlehre__felix-hausdorff__1927,Mengenlehre,Felix Hausdorff,1942,false,1927,openlibrary,https://openlibrary.org/works/OL5844029W,en,"author death year from Wikidata (Q75856); PD via life+70 rule (death year 1942 + 71 <= 2026), independent of publication year"
set-theory__felix-hausdorff__1957,Set theory,Felix Hausdorff,1942,false,1957,openlibrary,https://openlibrary.org/works/OL12401798W,en,"author death year from Wikidata (Q75856); PD via life+70 rule (death year 1942 + 71 <= 2026), independent of publication year"
jugend-ohne-gott__odon-von-horvath__1938,Jugend ohne Gott,Ödön von Horváth,1938,false,1938,openlibrary,https://openlibrary.org/works/OL4540213W,en,"author death year from Wikidata (Q84455); PD via life+70 rule (death year 1938 + 71 <= 2026), independent of publication year"
sechsunddreiig-stunden__odon-von-horvath__unk,Sechsunddreißig Stunden,Ödön von Horváth,1938,false,,openlibrary,https://openlibrary.org/works/OL36053215W,en,"author death year from Wikidata (Q84455); PD via life+70 rule (death year 1938 + 71 <= 2026), independent of publication year; publication year (2012) discarded as implausible (>50 years after author's death, likely a modern reprint/collected edition); needs manual research"
kind-unserer-zeit__odon-von-horvath__unk,Kind Unserer Zeit,Ödön von Horváth,1938,false,,openlibrary,https://openlibrary.org/works/OL36061092W,en,"author death year from Wikidata (Q84455); PD via life+70 rule (death year 1938 + 71 <= 2026), independent of publication year; publication year (2011) discarded as implausible (>50 years after author's death, likely a modern reprint/collected edition); needs manual research"
