book_id,country_of_first_publication,simultaneous_us_publication,is_anonymous_pseudonymous_or_corporate,had_copyright_notice_at_publication,renewal_filed,creation_year,source,notes
a-case-in-camera__onions-oliver__1920,US,,,,,,demo-assumption,"Assumed US for presentation purposes -- entire corpus is English-language, Gutenberg/Open Library-sourced with no recorded country data; not independently verified. Revert before any real/professional use."
a-child-s-christmas-in-wales__thomas-dylan__1953,US,,,,,,demo-assumption,"Assumed US for presentation purposes -- entire corpus is English-language, Gutenberg/Open Library-sourced with no recorded country data; not independently verified. Revert before any real/professional use."
a-farewell-to-arms__hemingway-ernest__1929,US,,,,,,demo-assumption,"Assumed US for presentation purposes -- entire corpus is English-language, Gutenberg/Open Library-sourced with no recorded country data; not independently verified. Revert before any real/professional use."
a-history-of-anglo-roumanian-relations__iorga-nicolae__1931,US,,,,,,demo-assumption,"Assumed US for presentation purposes -- entire corpus is English-language, Gutenberg/Open Library-sourced with no recorded country data; not independently verified. Revert before any real/professional use."
a-l-echelle-humaine__blum-leon__1945,US,,,,,,demo-assumption,"Assumed US for presentation purposes -- entire corpus is English-language, Gutenberg/Open Library-sourced with no recorded country data; not independently verified. Revert before any real/professional use."
a-lost-lady__cather-willa__1923,US,,,,,,demo-assumption,"Assumed US for presentation purposes -- entire corpus is English-language, Gutenberg/Open Library-sourced with no recorded country data; not independently verified. Revert before any real/professional use."
a-room-of-one-s-own__woolf-virginia__1929,US,,,,,,demo-assumption,"Assumed US for presentation purposes -- entire corpus is English-language, Gutenberg/Open Library-sourced with no recorded country data; not independently verified. Revert before any real/professional use."
a-room-with-a-view__forster-e-m__1905,US,,,,,,demo-assumption,"Assumed US for presentation purposes -- entire corpus is English-language, Gutenberg/Open Library-sourced with no recorded country data; not independently verified. Revert before any real/professional use."
a-room-with-a-view__forster-e-m-edward-morgan__1905,US,,,,,,demo-assumption,"Assumed US for presentation purposes -- entire corpus is English-language, Gutenberg/Open Library-sourced with no recorded country data; not independently verified. Revert before any real/professional use."
a-strange-disappearance__green-anna-katharine__1879,US,,,,,,demo-assumption,"Assumed US for presentation purposes -- entire corpus is English-language, Gutenberg/Open Library-sourced with no recorded country data; not independently verified. Revert before any real/professional use."
a-vindication-of-rights-of-woman__wollstonecraft-mary__1792,US,,,,,,demo-assumption,"Assumed US for presentation purposes -- entire corpus is English-language, Gutenberg/Open Library-sourced with no recorded country data; not independently verified. Revert before any real/professional use."
a-voyage-to-arcturus__lindsay-david__1920,US,,,,,,demo-assumption,"Assumed US for presentation purposes -- entire corpus is English-language, Gutenberg/Open Library-sourced with no recorded country data; not independently verified. Revert before any real/professional use."
acres-of-diamonds__conwell-russell-herman__1901,US,,,,,,demo-assumption,"Assumed US for presentation purposes -- entire corpus is English-language, Gutenberg/Open Library-sourced with no recorded country data; not independently verified. Revert before any real/professional use."
aeneis__maro-publius-vergilius__1592,US,,,,,,demo-assumption,"Assumed US for presentation purposes -- entire corpus is English-language, Gutenberg/Open Library-sourced with no recorded country data; not independently verified. Revert before any real/professional use."
aesop-s-fables-a-new-translation__aesop__1708,US,,,,,,demo-assumption,"Assumed US for presentation purposes -- entire corpus is English-language, Gutenberg/Open Library-sourced with no recorded country data; not independently verified. Revert before any real/professional use."
after-london__jefferies-richard__1885,US,,,,,,demo-assumption,"Assumed US for presentation purposes -- entire corpus is English-language, Gutenberg/Open Library-sourced with no recorded country data; not independently verified. Revert before any real/professional use."
agnes-grey__bronte-anne__1847,US,,,,,,demo-assumption,"Assumed US for presentation purposes -- entire corpus is English-language, Gutenberg/Open Library-sourced with no recorded country data; not independently verified. Revert before any real/professional use."
all-in-the-day-s-work-an-autobiography__tarbell-ida-m-ida-minerva__1939,US,,,,,,demo-assumption,"Assumed US for presentation purposes -- entire corpus is English-language, Gutenberg/Open Library-sourced with no recorded country data; not independently verified. Revert before any real/professional use."
all-s-well-that-ends-well__shakespeare-william__1734,US,,,,,,demo-assumption,"Assumed US for presentation purposes -- entire corpus is English-language, Gutenberg/Open Library-sourced with no recorded country data; not independently verified. Revert before any real/professional use."
allan-and-the-holy-flower__haggard-h-rider__1900,US,,,,,,demo-assumption,"Assumed US for presentation purposes -- entire corpus is English-language, Gutenberg/Open Library-sourced with no recorded country data; not independently verified. Revert before any real/professional use."
allan-s-wife__haggard-h-rider__1889,US,,,,,,demo-assumption,"Assumed US for presentation purposes -- entire corpus is English-language, Gutenberg/Open Library-sourced with no recorded country data; not independently verified. Revert before any real/professional use."
an-arabian-tale__beckford-william__1786,US,,,,,,demo-assumption,"Assumed US for presentation purposes -- entire corpus is English-language, Gutenberg/Open Library-sourced with no recorded country data; not independently verified. Revert before any real/professional use."
an-essay-on-man__pope-alexander__1733,US,,,,,,demo-assumption,"Assumed US for presentation purposes -- entire corpus is English-language, Gutenberg/Open Library-sourced with no recorded country data; not independently verified. Revert before any real/professional use."
an-old-fashioned-girl__alcott-louisa-may__1869,US,,,,,,demo-assumption,"Assumed US for presentation purposes -- entire corpus is English-language, Gutenberg/Open Library-sourced with no recorded country data; not independently verified. Revert before any real/professional use."
animal-farm__orwell-george__1945,US,,,,,,demo-assumption,"Assumed US for presentation purposes -- entire corpus is English-language, Gutenberg/Open Library-sourced with no recorded country data; not independently verified. Revert before any real/professional use."
anne-of-the-island__montgomery-lucy-maud__1915,US,,,,,,demo-assumption,"Assumed US for presentation purposes -- entire corpus is English-language, Gutenberg/Open Library-sourced with no recorded country data; not independently verified. Revert before any real/professional use."
antony-and-cleopatra__shakespeare-william__1734,US,,,,,,demo-assumption,"Assumed US for presentation purposes -- entire corpus is English-language, Gutenberg/Open Library-sourced with no recorded country data; not independently verified. Revert before any real/professional use."
arabian-nights__lang-andrew__1898,US,,,,,,demo-assumption,"Assumed US for presentation purposes -- entire corpus is English-language, Gutenberg/Open Library-sourced with no recorded country data; not independently verified. Revert before any real/professional use."
as-a-man-thinketh__allen-james__1902,US,,,,,,demo-assumption,"Assumed US for presentation purposes -- entire corpus is English-language, Gutenberg/Open Library-sourced with no recorded country data; not independently verified. Revert before any real/professional use."
astoria__irving-washington__1800,US,,,,,,demo-assumption,"Assumed US for presentation purposes -- entire corpus is English-language, Gutenberg/Open Library-sourced with no recorded country data; not independently verified. Revert before any real/professional use."
autobiography-of-a-yogi__yogananda-paramahansa__1946,US,,,,,,demo-assumption,"Assumed US for presentation purposes -- entire corpus is English-language, Gutenberg/Open Library-sourced with no recorded country data; not independently verified. Revert before any real/professional use."
ayesha__haggard-h-rider__1900,US,,,,,,demo-assumption,"Assumed US for presentation purposes -- entire corpus is English-language, Gutenberg/Open Library-sourced with no recorded country data; not independently verified. Revert before any real/professional use."
bambi-s-children__salten-felix__1939,US,,,,,,demo-assumption,"Assumed US for presentation purposes -- entire corpus is English-language, Gutenberg/Open Library-sourced with no recorded country data; not independently verified. Revert before any real/professional use."
barnaby-rudge__dickens-charles__1840,US,,,,,,demo-assumption,"Assumed US for presentation purposes -- entire corpus is English-language, Gutenberg/Open Library-sourced with no recorded country data; not independently verified. Revert before any real/professional use."
basil__collins-wilkie__1852,US,,,,,,demo-assumption,"Assumed US for presentation purposes -- entire corpus is English-language, Gutenberg/Open Library-sourced with no recorded country data; not independently verified. Revert before any real/professional use."
bauern-bonzen-und-bomben__fallada-hans__1931,US,,,,,,demo-assumption,"Assumed US for presentation purposes -- entire corpus is English-language, Gutenberg/Open Library-sourced with no recorded country data; not independently verified. Revert before any real/professional use."
baum-s-american-fairy-tales__baum-l-frank__1901,US,,,,,,demo-assumption,"Assumed US for presentation purposes -- entire corpus is English-language, Gutenberg/Open Library-sourced with no recorded country data; not independently verified. Revert before any real/professional use."
benita-an-african-romance__haggard-h-rider__1906,US,,,,,,demo-assumption,"Assumed US for presentation purposes -- entire corpus is English-language, Gutenberg/Open Library-sourced with no recorded country data; not independently verified. Revert before any real/professional use."
bleak-house__dickens-charles__1850,US,,,,,,demo-assumption,"Assumed US for presentation purposes -- entire corpus is English-language, Gutenberg/Open Library-sourced with no recorded country data; not independently verified. Revert before any real/professional use."
brown-alumni-monthly__university-brown__1900,US,,,,,,demo-assumption,"Assumed US for presentation purposes -- entire corpus is English-language, Gutenberg/Open Library-sourced with no recorded country data; not independently verified. Revert before any real/professional use."
burya__shakespeare-william__1789,US,,,,,,demo-assumption,"Assumed US for presentation purposes -- entire corpus is English-language, Gutenberg/Open Library-sourced with no recorded country data; not independently verified. Revert before any real/professional use."
canada-and-the-war__king-william-lyon-mackenzie__1941,US,,,,,,demo-assumption,"Assumed US for presentation purposes -- entire corpus is English-language, Gutenberg/Open Library-sourced with no recorded country data; not independently verified. Revert before any real/professional use."
candide__voltaire__1746,US,,,,,,demo-assumption,"Assumed US for presentation purposes -- entire corpus is English-language, Gutenberg/Open Library-sourced with no recorded country data; not independently verified. Revert before any real/professional use."
carmilla__fanu-sheridan-le__1871,US,,,,,,demo-assumption,"Assumed US for presentation purposes -- entire corpus is English-language, Gutenberg/Open Library-sourced with no recorded country data; not independently verified. Revert before any real/professional use."
charlotte-temple__rowson-mrs-susanna-haswell__1794,US,,,,,,demo-assumption,"Assumed US for presentation purposes -- entire corpus is English-language, Gutenberg/Open Library-sourced with no recorded country data; not independently verified. Revert before any real/professional use."
child-of-storm__haggard-h-rider__1911,US,,,,,,demo-assumption,"Assumed US for presentation purposes -- entire corpus is English-language, Gutenberg/Open Library-sourced with no recorded country data; not independently verified. Revert before any real/professional use."
children-of-the-frost__london-jack__1800,US,,,,,,demo-assumption,"Assumed US for presentation purposes -- entire corpus is English-language, Gutenberg/Open Library-sourced with no recorded country data; not independently verified. Revert before any real/professional use."
chronicles-of-avonlea__montgomery-lucy-maud__1912,US,,,,,,demo-assumption,"Assumed US for presentation purposes -- entire corpus is English-language, Gutenberg/Open Library-sourced with no recorded country data; not independently verified. Revert before any real/professional use."
cimetiere-marin__valery-paul__1940,US,,,,,,demo-assumption,"Assumed US for presentation purposes -- entire corpus is English-language, Gutenberg/Open Library-sourced with no recorded country data; not independently verified. Revert before any real/professional use."
cleopatra__haggard-h-rider__1881,US,,,,,,demo-assumption,"Assumed US for presentation purposes -- entire corpus is English-language, Gutenberg/Open Library-sourced with no recorded country data; not independently verified. Revert before any real/professional use."
cocina-futurista-la-una-comida-que-evito-el-suicidio__marinetti-filippo-tommaso__1932,US,,,,,,demo-assumption,"Assumed US for presentation purposes -- entire corpus is English-language, Gutenberg/Open Library-sourced with no recorded country data; not independently verified. Revert before any real/professional use."
collected-poems-1934-1952__thomas-dylan__1952,US,,,,,,demo-assumption,"Assumed US for presentation purposes -- entire corpus is English-language, Gutenberg/Open Library-sourced with no recorded country data; not independently verified. Revert before any real/professional use."
coriolanus__shakespeare-william__1734,US,,,,,,demo-assumption,"Assumed US for presentation purposes -- entire corpus is English-language, Gutenberg/Open Library-sourced with no recorded country data; not independently verified. Revert before any real/professional use."
correspondance__claudel-paul__1952,US,,,,,,demo-assumption,"Assumed US for presentation purposes -- entire corpus is English-language, Gutenberg/Open Library-sourced with no recorded country data; not independently verified. Revert before any real/professional use."
crome-yellow__huxley-aldous__1921,US,,,,,,demo-assumption,"Assumed US for presentation purposes -- entire corpus is English-language, Gutenberg/Open Library-sourced with no recorded country data; not independently verified. Revert before any real/professional use."
cymbeline__shakespeare-william__1734,US,,,,,,demo-assumption,"Assumed US for presentation purposes -- entire corpus is English-language, Gutenberg/Open Library-sourced with no recorded country data; not independently verified. Revert before any real/professional use."
daddy-long-legs__webster-jean__1912,US,,,,,,demo-assumption,"Assumed US for presentation purposes -- entire corpus is English-language, Gutenberg/Open Library-sourced with no recorded country data; not independently verified. Revert before any real/professional use."
darkwater-voices-from-within-the-veil__du-bois-w-e-b-william-edward-burghardt__1920,US,,,,,,demo-assumption,"Assumed US for presentation purposes -- entire corpus is English-language, Gutenberg/Open Library-sourced with no recorded country data; not independently verified. Revert before any real/professional use."
das-lied-von-bernadette__werfel-franz__1941,US,,,,,,demo-assumption,"Assumed US for presentation purposes -- entire corpus is English-language, Gutenberg/Open Library-sourced with no recorded country data; not independently verified. Revert before any real/professional use."
das-schachspiel-systematisches-lehrbuch-fur-anfanger-und-geubte__tarrasch-siegbert__1931,US,,,,,,demo-assumption,"Assumed US for presentation purposes -- entire corpus is English-language, Gutenberg/Open Library-sourced with no recorded country data; not independently verified. Revert before any real/professional use."
david-balfour__stevenson-robert-louis__1883,US,,,,,,demo-assumption,"Assumed US for presentation purposes -- entire corpus is English-language, Gutenberg/Open Library-sourced with no recorded country data; not independently verified. Revert before any real/professional use."
dead-men-s-money__fletcher-joseph-smith__1920,US,,,,,,demo-assumption,"Assumed US for presentation purposes -- entire corpus is English-language, Gutenberg/Open Library-sourced with no recorded country data; not independently verified. Revert before any real/professional use."
death-comes-for-the-archbishop__cather-willa__1732,US,,,,,,demo-assumption,"Assumed US for presentation purposes -- entire corpus is English-language, Gutenberg/Open Library-sourced with no recorded country data; not independently verified. Revert before any real/professional use."
decamerone__boccaccio-giovanni__1516,US,,,,,,demo-assumption,"Assumed US for presentation purposes -- entire corpus is English-language, Gutenberg/Open Library-sourced with no recorded country data; not independently verified. Revert before any real/professional use."
der-mensch-und-die-technik__spengler-oswald__1931,US,,,,,,demo-assumption,"Assumed US for presentation purposes -- entire corpus is English-language, Gutenberg/Open Library-sourced with no recorded country data; not independently verified. Revert before any real/professional use."
desert-gold__grey-zane__1913,US,,,,,,demo-assumption,"Assumed US for presentation purposes -- entire corpus is English-language, Gutenberg/Open Library-sourced with no recorded country data; not independently verified. Revert before any real/professional use."
deutschland-ist-schoner-geworden__ley-robert__1936,US,,,,,,demo-assumption,"Assumed US for presentation purposes -- entire corpus is English-language, Gutenberg/Open Library-sourced with no recorded country data; not independently verified. Revert before any real/professional use."
devatero-pohadek__capek-josef__1932,US,,,,,,demo-assumption,"Assumed US for presentation purposes -- entire corpus is English-language, Gutenberg/Open Library-sourced with no recorded country data; not independently verified. Revert before any real/professional use."
diagnosis-of-our-time__mannheim-karl__1943,US,,,,,,demo-assumption,"Assumed US for presentation purposes -- entire corpus is English-language, Gutenberg/Open Library-sourced with no recorded country data; not independently verified. Revert before any real/professional use."
dialoghi-con-leuco__pavese-cesare__1947,US,,,,,,demo-assumption,"Assumed US for presentation purposes -- entire corpus is English-language, Gutenberg/Open Library-sourced with no recorded country data; not independently verified. Revert before any real/professional use."
dialogues-concerning-natural-religion__hume-david__1779,US,,,,,,demo-assumption,"Assumed US for presentation purposes -- entire corpus is English-language, Gutenberg/Open Library-sourced with no recorded country data; not independently verified. Revert before any real/professional use."
die-geschwister-von-neapel__werfel-franz__1931,US,,,,,,demo-assumption,"Assumed US for presentation purposes -- entire corpus is English-language, Gutenberg/Open Library-sourced with no recorded country data; not independently verified. Revert before any real/professional use."
die-kapuzinergruft-roman__roth-joseph__1938,US,,,,,,demo-assumption,"Assumed US for presentation purposes -- entire corpus is English-language, Gutenberg/Open Library-sourced with no recorded country data; not independently verified. Revert before any real/professional use."
die-vierzig-tage-des-musa-dagh__werfel-franz__1933,US,,,,,,demo-assumption,"Assumed US for presentation purposes -- entire corpus is English-language, Gutenberg/Open Library-sourced with no recorded country data; not independently verified. Revert before any real/professional use."
doctor-faustus__mann-thomas__1947,US,,,,,,demo-assumption,"Assumed US for presentation purposes -- entire corpus is English-language, Gutenberg/Open Library-sourced with no recorded country data; not independently verified. Revert before any real/professional use."
dombey-and-son__dickens-charles__1800,US,,,,,,demo-assumption,"Assumed US for presentation purposes -- entire corpus is English-language, Gutenberg/Open Library-sourced with no recorded country data; not independently verified. Revert before any real/professional use."
don-quijote-de-la-mancha__saavedra-miguel-de-cervantes__1600,US,,,,,,demo-assumption,"Assumed US for presentation purposes -- entire corpus is English-language, Gutenberg/Open Library-sourced with no recorded country data; not independently verified. Revert before any real/professional use."
donnegan__faust-frederick__1923,US,,,,,,demo-assumption,"Assumed US for presentation purposes -- entire corpus is English-language, Gutenberg/Open Library-sourced with no recorded country data; not independently verified. Revert before any real/professional use."
dorothy-and-the-wizard-in-oz__baum-l-frank__1908,US,,,,,,demo-assumption,"Assumed US for presentation purposes -- entire corpus is English-language, Gutenberg/Open Library-sourced with no recorded country data; not independently verified. Revert before any real/professional use."
dracula-sign-of-four__collins-anne__1897,US,,,,,,demo-assumption,"Assumed US for presentation purposes -- entire corpus is English-language, Gutenberg/Open Library-sourced with no recorded country data; not independently verified. Revert before any real/professional use."
du-mariage__blum-leon__1937,US,,,,,,demo-assumption,"Assumed US for presentation purposes -- entire corpus is English-language, Gutenberg/Open Library-sourced with no recorded country data; not independently verified. Revert before any real/professional use."
electre__giraudoux-jean__1937,US,,,,,,demo-assumption,"Assumed US for presentation purposes -- entire corpus is English-language, Gutenberg/Open Library-sourced with no recorded country data; not independently verified. Revert before any real/professional use."
emily-climbs__montgomery-lucy-maud__1920,US,,,,,,demo-assumption,"Assumed US for presentation purposes -- entire corpus is English-language, Gutenberg/Open Library-sourced with no recorded country data; not independently verified. Revert before any real/professional use."
emily-of-new-moon__montgomery-lucy-maud__1923,US,,,,,,demo-assumption,"Assumed US for presentation purposes -- entire corpus is English-language, Gutenberg/Open Library-sourced with no recorded country data; not independently verified. Revert before any real/professional use."
emily-s-quest__montgomery-lucy-maud__1756,US,,,,,,demo-assumption,"Assumed US for presentation purposes -- entire corpus is English-language, Gutenberg/Open Library-sourced with no recorded country data; not independently verified. Revert before any real/professional use."
emma__austen-jane__1815,US,,,,,,demo-assumption,"Assumed US for presentation purposes -- entire corpus is English-language, Gutenberg/Open Library-sourced with no recorded country data; not independently verified. Revert before any real/professional use."
erinnerungen-eines-soldaten__guderian-heinz__1951,US,,,,,,demo-assumption,"Assumed US for presentation purposes -- entire corpus is English-language, Gutenberg/Open Library-sourced with no recorded country data; not independently verified. Revert before any real/professional use."
essais__de-montaigne-michel__1600,US,,,,,,demo-assumption,"Assumed US for presentation purposes -- entire corpus is English-language, Gutenberg/Open Library-sourced with no recorded country data; not independently verified. Revert before any real/professional use."
esther-waters-a-novel__moore-george__1890,US,,,,,,demo-assumption,"Assumed US for presentation purposes -- entire corpus is English-language, Gutenberg/Open Library-sourced with no recorded country data; not independently verified. Revert before any real/professional use."
estudios-sobre-el-amor__gasset-jose-ortega-y__1939,US,,,,,,demo-assumption,"Assumed US for presentation purposes -- entire corpus is English-language, Gutenberg/Open Library-sourced with no recorded country data; not independently verified. Revert before any real/professional use."
eugenics-and-other-evils__chesterton-gilbert-keith__1922,US,,,,,,demo-assumption,"Assumed US for presentation purposes -- entire corpus is English-language, Gutenberg/Open Library-sourced with no recorded country data; not independently verified. Revert before any real/professional use."
fables__fontaine-jean-de-la__1678,US,,,,,,demo-assumption,"Assumed US for presentation purposes -- entire corpus is English-language, Gutenberg/Open Library-sourced with no recorded country data; not independently verified. Revert before any real/professional use."
falkner__shelley-mary__1837,US,,,,,,demo-assumption,"Assumed US for presentation purposes -- entire corpus is English-language, Gutenberg/Open Library-sourced with no recorded country data; not independently verified. Revert before any real/professional use."
faust__goethe-johann-wolfgang-von__1800,US,,,,,,demo-assumption,"Assumed US for presentation purposes -- entire corpus is English-language, Gutenberg/Open Library-sourced with no recorded country data; not independently verified. Revert before any real/professional use."
field-artillery-training-1914__office-great-britain-war__1914,US,,,,,,demo-assumption,"Assumed US for presentation purposes -- entire corpus is English-language, Gutenberg/Open Library-sourced with no recorded country data; not independently verified. Revert before any real/professional use."
five-children-and-it__nesbit-edith__1905,US,,,,,,demo-assumption,"Assumed US for presentation purposes -- entire corpus is English-language, Gutenberg/Open Library-sourced with no recorded country data; not independently verified. Revert before any real/professional use."
flatland__abbott-edwin-abbott__1886,US,,,,,,demo-assumption,"Assumed US for presentation purposes -- entire corpus is English-language, Gutenberg/Open Library-sourced with no recorded country data; not independently verified. Revert before any real/professional use."
flower-fables__alcott-louisa-may__1854,US,,,,,,demo-assumption,"Assumed US for presentation purposes -- entire corpus is English-language, Gutenberg/Open Library-sourced with no recorded country data; not independently verified. Revert before any real/professional use."
gargantua-and-pantagruel__rabelais-francois__1694,US,,,,,,demo-assumption,"Assumed US for presentation purposes -- entire corpus is English-language, Gutenberg/Open Library-sourced with no recorded country data; not independently verified. Revert before any real/professional use."
gesprache-mit-masaryk__masaryk-tomas-garrigue__1935,US,,,,,,demo-assumption,"Assumed US for presentation purposes -- entire corpus is English-language, Gutenberg/Open Library-sourced with no recorded country data; not independently verified. Revert before any real/professional use."
glinda-of-oz__baum-l-frank__1920,US,,,,,,demo-assumption,"Assumed US for presentation purposes -- entire corpus is English-language, Gutenberg/Open Library-sourced with no recorded country data; not independently verified. Revert before any real/professional use."
godfrey-of-bulloigne__tasso-torquato__1581,US,,,,,,demo-assumption,"Assumed US for presentation purposes -- entire corpus is English-language, Gutenberg/Open Library-sourced with no recorded country data; not independently verified. Revert before any real/professional use."
gone-with-the-wind__mitchell-margaret__1936,US,,,,,,demo-assumption,"Assumed US for presentation purposes -- entire corpus is English-language, Gutenberg/Open Library-sourced with no recorded country data; not independently verified. Revert before any real/professional use."
gone-with-the-wind-2-2__mitchell-margaret__1937,US,,,,,,demo-assumption,"Assumed US for presentation purposes -- entire corpus is English-language, Gutenberg/Open Library-sourced with no recorded country data; not independently verified. Revert before any real/professional use."
great-expectations__dickens-charles__1861,US,,,,,,demo-assumption,"Assumed US for presentation purposes -- entire corpus is English-language, Gutenberg/Open Library-sourced with no recorded country data; not independently verified. Revert before any real/professional use."
gulliver-s-travels__swift-jonathan__1726,US,,,,,,demo-assumption,"Assumed US for presentation purposes -- entire corpus is English-language, Gutenberg/Open Library-sourced with no recorded country data; not independently verified. Revert before any real/professional use."
hamlet__shakespeare-william__1603,US,,,,,,demo-assumption,"Assumed US for presentation purposes -- entire corpus is English-language, Gutenberg/Open Library-sourced with no recorded country data; not independently verified. Revert before any real/professional use."
hard-times__dickens-charles__1854,US,,,,,,demo-assumption,"Assumed US for presentation purposes -- entire corpus is English-language, Gutenberg/Open Library-sourced with no recorded country data; not independently verified. Revert before any real/professional use."
helen-of-troy__lang-andrew__1882,US,,,,,,demo-assumption,"Assumed US for presentation purposes -- entire corpus is English-language, Gutenberg/Open Library-sourced with no recorded country data; not independently verified. Revert before any real/professional use."
henry-iv-part-1__shakespeare-william__1598,US,,,,,,demo-assumption,"Assumed US for presentation purposes -- entire corpus is English-language, Gutenberg/Open Library-sourced with no recorded country data; not independently verified. Revert before any real/professional use."
henry-iv-part-2__shakespeare-william__1600,US,,,,,,demo-assumption,"Assumed US for presentation purposes -- entire corpus is English-language, Gutenberg/Open Library-sourced with no recorded country data; not independently verified. Revert before any real/professional use."
henry-v__shakespeare-william__1600,US,,,,,,demo-assumption,"Assumed US for presentation purposes -- entire corpus is English-language, Gutenberg/Open Library-sourced with no recorded country data; not independently verified. Revert before any real/professional use."
henry-vi-part-1__shakespeare-william__1735,US,,,,,,demo-assumption,"Assumed US for presentation purposes -- entire corpus is English-language, Gutenberg/Open Library-sourced with no recorded country data; not independently verified. Revert before any real/professional use."
henry-vi-part-3__shakespeare-william__1600,US,,,,,,demo-assumption,"Assumed US for presentation purposes -- entire corpus is English-language, Gutenberg/Open Library-sourced with no recorded country data; not independently verified. Revert before any real/professional use."
heretics__chesterton-gilbert-keith__1905,US,,,,,,demo-assumption,"Assumed US for presentation purposes -- entire corpus is English-language, Gutenberg/Open Library-sourced with no recorded country data; not independently verified. Revert before any real/professional use."
herman-melville__mumford-lewis__1920,US,,,,,,demo-assumption,"Assumed US for presentation purposes -- entire corpus is English-language, Gutenberg/Open Library-sourced with no recorded country data; not independently verified. Revert before any real/professional use."
hesiod-the-homeric-hymns-and-homerica__hesiod__1914,US,,,,,,demo-assumption,"Assumed US for presentation purposes -- entire corpus is English-language, Gutenberg/Open Library-sourced with no recorded country data; not independently verified. Revert before any real/professional use."
his-last-bow-8-stories__doyle-arthur-conan__1917,US,,,,,,demo-assumption,"Assumed US for presentation purposes -- entire corpus is English-language, Gutenberg/Open Library-sourced with no recorded country data; not independently verified. Revert before any real/professional use."
homage-to-catalonia__orwell-george__1938,US,,,,,,demo-assumption,"Assumed US for presentation purposes -- entire corpus is English-language, Gutenberg/Open Library-sourced with no recorded country data; not independently verified. Revert before any real/professional use."
homo-ludens__huizinga-johan__1938,US,,,,,,demo-assumption,"Assumed US for presentation purposes -- entire corpus is English-language, Gutenberg/Open Library-sourced with no recorded country data; not independently verified. Revert before any real/professional use."
hound-of-the-baskervilles__doyle-arthur-conan__1902,US,,,,,,demo-assumption,"Assumed US for presentation purposes -- entire corpus is English-language, Gutenberg/Open Library-sourced with no recorded country data; not independently verified. Revert before any real/professional use."
how-to-win-friends-and-influence-people__carnegie-dale__1936,US,,,,,,demo-assumption,"Assumed US for presentation purposes -- entire corpus is English-language, Gutenberg/Open Library-sourced with no recorded country data; not independently verified. Revert before any real/professional use."
howards-end__forster-e-m__1910,US,,,,,,demo-assumption,"Assumed US for presentation purposes -- entire corpus is English-language, Gutenberg/Open Library-sourced with no recorded country data; not independently verified. Revert before any real/professional use."
huntingtower__buchan-john__1910,US,,,,,,demo-assumption,"Assumed US for presentation purposes -- entire corpus is English-language, Gutenberg/Open Library-sourced with no recorded country data; not independently verified. Revert before any real/professional use."
i-am-a-woman__bannon-ann__1959,US,,,,,,demo-assumption,"Assumed US for presentation purposes -- entire corpus is English-language, Gutenberg/Open Library-sourced with no recorded country data; not independently verified. Revert before any real/professional use."
idle-thoughts-of-an-idle-fellow__jerome-jerome-klapka__1880,US,,,,,,demo-assumption,"Assumed US for presentation purposes -- entire corpus is English-language, Gutenberg/Open Library-sourced with no recorded country data; not independently verified. Revert before any real/professional use."
il-paradiso__alighieri-dante__1595,US,,,,,,demo-assumption,"Assumed US for presentation purposes -- entire corpus is English-language, Gutenberg/Open Library-sourced with no recorded country data; not independently verified. Revert before any real/professional use."
imitation-of-christ__kempis-thomas-a__1568,US,,,,,,demo-assumption,"Assumed US for presentation purposes -- entire corpus is English-language, Gutenberg/Open Library-sourced with no recorded country data; not independently verified. Revert before any real/professional use."
imperialism-and-peace__lange-christian-lous__1938,US,,,,,,demo-assumption,"Assumed US for presentation purposes -- entire corpus is English-language, Gutenberg/Open Library-sourced with no recorded country data; not independently verified. Revert before any real/professional use."
incidents-in-the-life-of-a-slave-girl__jacobs-harriet-a__1861,US,,,,,,demo-assumption,"Assumed US for presentation purposes -- entire corpus is English-language, Gutenberg/Open Library-sourced with no recorded country data; not independently verified. Revert before any real/professional use."
inferno__alighieri-dante__1767,US,,,,,,demo-assumption,"Assumed US for presentation purposes -- entire corpus is English-language, Gutenberg/Open Library-sourced with no recorded country data; not independently verified. Revert before any real/professional use."
introduction-to-the-study-of-the-hindu-doctrines__guenon-rene__1945,US,,,,,,demo-assumption,"Assumed US for presentation purposes -- entire corpus is English-language, Gutenberg/Open Library-sourced with no recorded country data; not independently verified. Revert before any real/professional use."
ivanhoe__scott-sir-walter__1800,US,,,,,,demo-assumption,"Assumed US for presentation purposes -- entire corpus is English-language, Gutenberg/Open Library-sourced with no recorded country data; not independently verified. Revert before any real/professional use."
jacob-s-room__woolf-virginia__1922,US,,,,,,demo-assumption,"Assumed US for presentation purposes -- entire corpus is English-language, Gutenberg/Open Library-sourced with no recorded country data; not independently verified. Revert before any real/professional use."
jahre-der-entscheidung__spengler-oswald__1933,US,,,,,,demo-assumption,"Assumed US for presentation purposes -- entire corpus is English-language, Gutenberg/Open Library-sourced with no recorded country data; not independently verified. Revert before any real/professional use."
jennie-gerhardt__dreiser-theodore__1911,US,,,,,,demo-assumption,"Assumed US for presentation purposes -- entire corpus is English-language, Gutenberg/Open Library-sourced with no recorded country data; not independently verified. Revert before any real/professional use."
journal-d-un-cure-de-campagne__bernanos-georges__1936,US,,,,,,demo-assumption,"Assumed US for presentation purposes -- entire corpus is English-language, Gutenberg/Open Library-sourced with no recorded country data; not independently verified. Revert before any real/professional use."
journal-1896-1942__ramuz-charles-ferdinand__1943,US,,,,,,demo-assumption,"Assumed US for presentation purposes -- entire corpus is English-language, Gutenberg/Open Library-sourced with no recorded country data; not independently verified. Revert before any real/professional use."
juan-de-mairena__machado-antonio__1936,US,,,,,,demo-assumption,"Assumed US for presentation purposes -- entire corpus is English-language, Gutenberg/Open Library-sourced with no recorded country data; not independently verified. Revert before any real/professional use."
jugend-ohne-gott__horvath-odon-von__1938,US,,,,,,demo-assumption,"Assumed US for presentation purposes -- entire corpus is English-language, Gutenberg/Open Library-sourced with no recorded country data; not independently verified. Revert before any real/professional use."
julius-caesar__shakespeare-william__1656,US,,,,,,demo-assumption,"Assumed US for presentation purposes -- entire corpus is English-language, Gutenberg/Open Library-sourced with no recorded country data; not independently verified. Revert before any real/professional use."
kilmeny-of-the-orchard__montgomery-lucy-maud__1910,US,,,,,,demo-assumption,"Assumed US for presentation purposes -- entire corpus is English-language, Gutenberg/Open Library-sourced with no recorded country data; not independently verified. Revert before any real/professional use."
king-henry-vi-part-2__shakespeare-william__1600,US,,,,,,demo-assumption,"Assumed US for presentation purposes -- entire corpus is English-language, Gutenberg/Open Library-sourced with no recorded country data; not independently verified. Revert before any real/professional use."
king-henry-viii__shakespeare-william__1670,US,,,,,,demo-assumption,"Assumed US for presentation purposes -- entire corpus is English-language, Gutenberg/Open Library-sourced with no recorded country data; not independently verified. Revert before any real/professional use."
king-john__shakespeare-william__1700,US,,,,,,demo-assumption,"Assumed US for presentation purposes -- entire corpus is English-language, Gutenberg/Open Library-sourced with no recorded country data; not independently verified. Revert before any real/professional use."
king-lear__shakespeare-william__1608,US,,,,,,demo-assumption,"Assumed US for presentation purposes -- entire corpus is English-language, Gutenberg/Open Library-sourced with no recorded country data; not independently verified. Revert before any real/professional use."
king-richard-ii__shakespeare-william__1597,US,,,,,,demo-assumption,"Assumed US for presentation purposes -- entire corpus is English-language, Gutenberg/Open Library-sourced with no recorded country data; not independently verified. Revert before any real/professional use."
kleiner-mann-was-nun__fallada-hans__1932,US,,,,,,demo-assumption,"Assumed US for presentation purposes -- entire corpus is English-language, Gutenberg/Open Library-sourced with no recorded country data; not independently verified. Revert before any real/professional use."
kongens-fald__jensen-johannes-v__1933,US,,,,,,demo-assumption,"Assumed US for presentation purposes -- entire corpus is English-language, Gutenberg/Open Library-sourced with no recorded country data; not independently verified. Revert before any real/professional use."
la-chartreuse-de-parme__stendhal__1800,US,,,,,,demo-assumption,"Assumed US for presentation purposes -- entire corpus is English-language, Gutenberg/Open Library-sourced with no recorded country data; not independently verified. Revert before any real/professional use."
la-guerre-de-troie-n-aura-pas-lieu__giraudoux-jean__1935,US,,,,,,demo-assumption,"Assumed US for presentation purposes -- entire corpus is English-language, Gutenberg/Open Library-sourced with no recorded country data; not independently verified. Revert before any real/professional use."
la-luna-e-i-falo__pavese-cesare__1950,US,,,,,,demo-assumption,"Assumed US for presentation purposes -- entire corpus is English-language, Gutenberg/Open Library-sourced with no recorded country data; not independently verified. Revert before any real/professional use."
la-velada-en-benicarlo__azana-manuel__1939,US,,,,,,demo-assumption,"Assumed US for presentation purposes -- entire corpus is English-language, Gutenberg/Open Library-sourced with no recorded country data; not independently verified. Revert before any real/professional use."
lady-susan__austen-jane__1925,US,,,,,,demo-assumption,"Assumed US for presentation purposes -- entire corpus is English-language, Gutenberg/Open Library-sourced with no recorded country data; not independently verified. Revert before any real/professional use."
le-morte-d-arthur__malory-thomas__1557,US,,,,,,demo-assumption,"Assumed US for presentation purposes -- entire corpus is English-language, Gutenberg/Open Library-sourced with no recorded country data; not independently verified. Revert before any real/professional use."
le-petit-prince__saint-exupery-antoine-de__1943,US,,,,,,demo-assumption,"Assumed US for presentation purposes -- entire corpus is English-language, Gutenberg/Open Library-sourced with no recorded country data; not independently verified. Revert before any real/professional use."
le-roman-du-masque-de-fer__dumas-alexandre__1600,US,,,,,,demo-assumption,"Assumed US for presentation purposes -- entire corpus is English-language, Gutenberg/Open Library-sourced with no recorded country data; not independently verified. Revert before any real/professional use."
le-rouge-et-le-noir__stendhal__1830,US,,,,,,demo-assumption,"Assumed US for presentation purposes -- entire corpus is English-language, Gutenberg/Open Library-sourced with no recorded country data; not independently verified. Revert before any real/professional use."
le-vicomte-de-bragelonne-ou-dix-ans-plus-tard__dumas-alexandre__1848,US,,,,,,demo-assumption,"Assumed US for presentation purposes -- entire corpus is English-language, Gutenberg/Open Library-sourced with no recorded country data; not independently verified. Revert before any real/professional use."
les-miserables__hugo-victor__1862,US,,,,,,demo-assumption,"Assumed US for presentation purposes -- entire corpus is English-language, Gutenberg/Open Library-sourced with no recorded country data; not independently verified. Revert before any real/professional use."
lilith__macdonald-george__1895,US,,,,,,demo-assumption,"Assumed US for presentation purposes -- entire corpus is English-language, Gutenberg/Open Library-sourced with no recorded country data; not independently verified. Revert before any real/professional use."
little-dorrit__dickens-charles__1800,US,,,,,,demo-assumption,"Assumed US for presentation purposes -- entire corpus is English-language, Gutenberg/Open Library-sourced with no recorded country data; not independently verified. Revert before any real/professional use."
little-men__alcott-louisa-may__1885,US,,,,,,demo-assumption,"Assumed US for presentation purposes -- entire corpus is English-language, Gutenberg/Open Library-sourced with no recorded country data; not independently verified. Revert before any real/professional use."
lives__plutarch__1564,US,,,,,,demo-assumption,"Assumed US for presentation purposes -- entire corpus is English-language, Gutenberg/Open Library-sourced with no recorded country data; not independently verified. Revert before any real/professional use."
living-my-life__goldman-emma__1931,US,,,,,,demo-assumption,"Assumed US for presentation purposes -- entire corpus is English-language, Gutenberg/Open Library-sourced with no recorded country data; not independently verified. Revert before any real/professional use."
locomotive-the-turnip-the-birds-broadcast__tuwim-julian__1939,US,,,,,,demo-assumption,"Assumed US for presentation purposes -- entire corpus is English-language, Gutenberg/Open Library-sourced with no recorded country data; not independently verified. Revert before any real/professional use."
lone-star-planet__piper-h-beam__1961,US,,,,,,demo-assumption,"Assumed US for presentation purposes -- entire corpus is English-language, Gutenberg/Open Library-sourced with no recorded country data; not independently verified. Revert before any real/professional use."
lorna-doone__blackmore-r-d__1656,US,,,,,,demo-assumption,"Assumed US for presentation purposes -- entire corpus is English-language, Gutenberg/Open Library-sourced with no recorded country data; not independently verified. Revert before any real/professional use."
love-eternal__haggard-h-rider__1918,US,,,,,,demo-assumption,"Assumed US for presentation purposes -- entire corpus is English-language, Gutenberg/Open Library-sourced with no recorded country data; not independently verified. Revert before any real/professional use."
love-insurance__biggers-earl-derr__1914,US,,,,,,demo-assumption,"Assumed US for presentation purposes -- entire corpus is English-language, Gutenberg/Open Library-sourced with no recorded country data; not independently verified. Revert before any real/professional use."
macbeth__shakespeare-william__1508,US,,,,,,demo-assumption,"Assumed US for presentation purposes -- entire corpus is English-language, Gutenberg/Open Library-sourced with no recorded country data; not independently verified. Revert before any real/professional use."
man-and-ask__chaliapin-feodor__1932,US,,,,,,demo-assumption,"Assumed US for presentation purposes -- entire corpus is English-language, Gutenberg/Open Library-sourced with no recorded country data; not independently verified. Revert before any real/professional use."
man-and-mask__chaliapin-feodor__1932,US,,,,,,demo-assumption,"Assumed US for presentation purposes -- entire corpus is English-language, Gutenberg/Open Library-sourced with no recorded country data; not independently verified. Revert before any real/professional use."
man-and-society-in-an-age-of-reconstruction__mannheim-karl__1940,US,,,,,,demo-assumption,"Assumed US for presentation purposes -- entire corpus is English-language, Gutenberg/Open Library-sourced with no recorded country data; not independently verified. Revert before any real/professional use."
mansfield-park__austen-jane__1814,US,,,,,,demo-assumption,"Assumed US for presentation purposes -- entire corpus is English-language, Gutenberg/Open Library-sourced with no recorded country data; not independently verified. Revert before any real/professional use."
martin-chuzzlewit__dickens-charles__1800,US,,,,,,demo-assumption,"Assumed US for presentation purposes -- entire corpus is English-language, Gutenberg/Open Library-sourced with no recorded country data; not independently verified. Revert before any real/professional use."
max-beckmann__beckmann-max__1931,US,,,,,,demo-assumption,"Assumed US for presentation purposes -- entire corpus is English-language, Gutenberg/Open Library-sourced with no recorded country data; not independently verified. Revert before any real/professional use."
mcteague__norris-frank__1899,US,,,,,,demo-assumption,"Assumed US for presentation purposes -- entire corpus is English-language, Gutenberg/Open Library-sourced with no recorded country data; not independently verified. Revert before any real/professional use."
measure-for-measure__shakespeare-william__1700,US,,,,,,demo-assumption,"Assumed US for presentation purposes -- entire corpus is English-language, Gutenberg/Open Library-sourced with no recorded country data; not independently verified. Revert before any real/professional use."
meditations__aurelius-marcus__1626,US,,,,,,demo-assumption,"Assumed US for presentation purposes -- entire corpus is English-language, Gutenberg/Open Library-sourced with no recorded country data; not independently verified. Revert before any real/professional use."
mein-weltbild__einstein-albert__1934,US,,,,,,demo-assumption,"Assumed US for presentation purposes -- entire corpus is English-language, Gutenberg/Open Library-sourced with no recorded country data; not independently verified. Revert before any real/professional use."
memoirs-of-fanny-hill__cleland-john__1749,US,,,,,,demo-assumption,"Assumed US for presentation purposes -- entire corpus is English-language, Gutenberg/Open Library-sourced with no recorded country data; not independently verified. Revert before any real/professional use."
memoirs-of-sherlock-holmes-11-stories__doyle-arthur-conan__1893,US,,,,,,demo-assumption,"Assumed US for presentation purposes -- entire corpus is English-language, Gutenberg/Open Library-sourced with no recorded country data; not independently verified. Revert before any real/professional use."
mephisto__mann-klaus__1936,US,,,,,,demo-assumption,"Assumed US for presentation purposes -- entire corpus is English-language, Gutenberg/Open Library-sourced with no recorded country data; not independently verified. Revert before any real/professional use."
metamorphoses__apuleius-lucius__1500,US,,,,,,demo-assumption,"Assumed US for presentation purposes -- entire corpus is English-language, Gutenberg/Open Library-sourced with no recorded country data; not independently verified. Revert before any real/professional use."
midaregami__yosano-akiko__1935,US,,,,,,demo-assumption,"Assumed US for presentation purposes -- entire corpus is English-language, Gutenberg/Open Library-sourced with no recorded country data; not independently verified. Revert before any real/professional use."
milton-s-poems__milton-john__1605,US,,,,,,demo-assumption,"Assumed US for presentation purposes -- entire corpus is English-language, Gutenberg/Open Library-sourced with no recorded country data; not independently verified. Revert before any real/professional use."
minute-mysteries-detectograms__ripley-h-a-harold-austin__1932,US,,,,,,demo-assumption,"Assumed US for presentation purposes -- entire corpus is English-language, Gutenberg/Open Library-sourced with no recorded country data; not independently verified. Revert before any real/professional use."
moll-flanders__defoe-daniel__1722,US,,,,,,demo-assumption,"Assumed US for presentation purposes -- entire corpus is English-language, Gutenberg/Open Library-sourced with no recorded country data; not independently verified. Revert before any real/professional use."
mondrian__mondrian-piet__1943,US,,,,,,demo-assumption,"Assumed US for presentation purposes -- entire corpus is English-language, Gutenberg/Open Library-sourced with no recorded country data; not independently verified. Revert before any real/professional use."
moonfleet__falkner-john-meade__1898,US,,,,,,demo-assumption,"Assumed US for presentation purposes -- entire corpus is English-language, Gutenberg/Open Library-sourced with no recorded country data; not independently verified. Revert before any real/professional use."
mosses-from-an-old-manse__hawthorne-nathaniel__1846,US,,,,,,demo-assumption,"Assumed US for presentation purposes -- entire corpus is English-language, Gutenberg/Open Library-sourced with no recorded country data; not independently verified. Revert before any real/professional use."
much-ado-about-nothing__shakespeare-william__1600,US,,,,,,demo-assumption,"Assumed US for presentation purposes -- entire corpus is English-language, Gutenberg/Open Library-sourced with no recorded country data; not independently verified. Revert before any real/professional use."
murder-on-the-links__christie-agatha__1923,US,,,,,,demo-assumption,"Assumed US for presentation purposes -- entire corpus is English-language, Gutenberg/Open Library-sourced with no recorded country data; not independently verified. Revert before any real/professional use."
my-best-games-of-chess-1924-1937__alekhine-alexander__1939,US,,,,,,demo-assumption,"Assumed US for presentation purposes -- entire corpus is English-language, Gutenberg/Open Library-sourced with no recorded country data; not independently verified. Revert before any real/professional use."
my-own-story__dressler-marie__1934,US,,,,,,demo-assumption,"Assumed US for presentation purposes -- entire corpus is English-language, Gutenberg/Open Library-sourced with no recorded country data; not independently verified. Revert before any real/professional use."
my-antonia__cather-willa__1818,US,,,,,,demo-assumption,"Assumed US for presentation purposes -- entire corpus is English-language, Gutenberg/Open Library-sourced with no recorded country data; not independently verified. Revert before any real/professional use."
nada-the-lily__haggard-h-rider__1890,US,,,,,,demo-assumption,"Assumed US for presentation purposes -- entire corpus is English-language, Gutenberg/Open Library-sourced with no recorded country data; not independently verified. Revert before any real/professional use."
new-ways-in-psychoanalysis__horney-karen__1939,US,,,,,,demo-assumption,"Assumed US for presentation purposes -- entire corpus is English-language, Gutenberg/Open Library-sourced with no recorded country data; not independently verified. Revert before any real/professional use."
nicomachean-ethics__aristotle__1558,US,,,,,,demo-assumption,"Assumed US for presentation purposes -- entire corpus is English-language, Gutenberg/Open Library-sourced with no recorded country data; not independently verified. Revert before any real/professional use."
nineteen-eighty-four__orwell-george__1949,US,,,,,,demo-assumption,"Assumed US for presentation purposes -- entire corpus is English-language, Gutenberg/Open Library-sourced with no recorded country data; not independently verified. Revert before any real/professional use."
notes-as-vice-president-1928-1929__dawes-charles-g__1935,US,,,,,,demo-assumption,"Assumed US for presentation purposes -- entire corpus is English-language, Gutenberg/Open Library-sourced with no recorded country data; not independently verified. Revert before any real/professional use."
nouvelle-histoire-de-mouchette__bernanos-georges__1937,US,,,,,,demo-assumption,"Assumed US for presentation purposes -- entire corpus is English-language, Gutenberg/Open Library-sourced with no recorded country data; not independently verified. Revert before any real/professional use."
o-pioneers__cather-willa__1913,US,,,,,,demo-assumption,"Assumed US for presentation purposes -- entire corpus is English-language, Gutenberg/Open Library-sourced with no recorded country data; not independently verified. Revert before any real/professional use."
of-human-bondage__maugham-william-somerset__1915,US,,,,,,demo-assumption,"Assumed US for presentation purposes -- entire corpus is English-language, Gutenberg/Open Library-sourced with no recorded country data; not independently verified. Revert before any real/professional use."
of-time-and-the-river__wolfe-thomas__1935,US,,,,,,demo-assumption,"Assumed US for presentation purposes -- entire corpus is English-language, Gutenberg/Open Library-sourced with no recorded country data; not independently verified. Revert before any real/professional use."
one-of-ours__cather-willa__1922,US,,,,,,demo-assumption,"Assumed US for presentation purposes -- entire corpus is English-language, Gutenberg/Open Library-sourced with no recorded country data; not independently verified. Revert before any real/professional use."
orlando__woolf-virginia__1928,US,,,,,,demo-assumption,"Assumed US for presentation purposes -- entire corpus is English-language, Gutenberg/Open Library-sourced with no recorded country data; not independently verified. Revert before any real/professional use."
orthodoxy__chesterton-gilbert-keith__1874,US,,,,,,demo-assumption,"Assumed US for presentation purposes -- entire corpus is English-language, Gutenberg/Open Library-sourced with no recorded country data; not independently verified. Revert before any real/professional use."
os-lusiadas__camoes-luis-de__1572,US,,,,,,demo-assumption,"Assumed US for presentation purposes -- entire corpus is English-language, Gutenberg/Open Library-sourced with no recorded country data; not independently verified. Revert before any real/professional use."
othello__shakespeare-william__1622,US,,,,,,demo-assumption,"Assumed US for presentation purposes -- entire corpus is English-language, Gutenberg/Open Library-sourced with no recorded country data; not independently verified. Revert before any real/professional use."
our-mutual-friend__dickens-charles__1800,US,,,,,,demo-assumption,"Assumed US for presentation purposes -- entire corpus is English-language, Gutenberg/Open Library-sourced with no recorded country data; not independently verified. Revert before any real/professional use."
out-of-my-later-years__einstein-albert__1950,US,,,,,,demo-assumption,"Assumed US for presentation purposes -- entire corpus is English-language, Gutenberg/Open Library-sourced with no recorded country data; not independently verified. Revert before any real/professional use."
paesi-tuoi__pavese-cesare__1941,US,,,,,,demo-assumption,"Assumed US for presentation purposes -- entire corpus is English-language, Gutenberg/Open Library-sourced with no recorded country data; not independently verified. Revert before any real/professional use."
panzer-leader__guderian-heinz__1952,US,,,,,,demo-assumption,"Assumed US for presentation purposes -- entire corpus is English-language, Gutenberg/Open Library-sourced with no recorded country data; not independently verified. Revert before any real/professional use."
patrologiae-cursus-completus__migne-j-p__1800,US,,,,,,demo-assumption,"Assumed US for presentation purposes -- entire corpus is English-language, Gutenberg/Open Library-sourced with no recorded country data; not independently verified. Revert before any real/professional use."
pensees__pascal-blaise__1670,US,,,,,,demo-assumption,"Assumed US for presentation purposes -- entire corpus is English-language, Gutenberg/Open Library-sourced with no recorded country data; not independently verified. Revert before any real/professional use."
pericles__shakespeare-william__1609,US,,,,,,demo-assumption,"Assumed US for presentation purposes -- entire corpus is English-language, Gutenberg/Open Library-sourced with no recorded country data; not independently verified. Revert before any real/professional use."
persuasion__austen-jane__1789,US,,,,,,demo-assumption,"Assumed US for presentation purposes -- entire corpus is English-language, Gutenberg/Open Library-sourced with no recorded country data; not independently verified. Revert before any real/professional use."
phantastes__macdonald-george__1850,US,,,,,,demo-assumption,"Assumed US for presentation purposes -- entire corpus is English-language, Gutenberg/Open Library-sourced with no recorded country data; not independently verified. Revert before any real/professional use."
philosophy-and-living__stapledon-olaf__1935,US,,,,,,demo-assumption,"Assumed US for presentation purposes -- entire corpus is English-language, Gutenberg/Open Library-sourced with no recorded country data; not independently verified. Revert before any real/professional use."
plague-ship__norton-andre__1956,US,,,,,,demo-assumption,"Assumed US for presentation purposes -- entire corpus is English-language, Gutenberg/Open Library-sourced with no recorded country data; not independently verified. Revert before any real/professional use."
plain-tales-from-the-hills__kipling-rudyard__1888,US,,,,,,demo-assumption,"Assumed US for presentation purposes -- entire corpus is English-language, Gutenberg/Open Library-sourced with no recorded country data; not independently verified. Revert before any real/professional use."
poems__millay-edna-st-vincent__1939,US,,,,,,demo-assumption,"Assumed US for presentation purposes -- entire corpus is English-language, Gutenberg/Open Library-sourced with no recorded country data; not independently verified. Revert before any real/professional use."
poems__stevens-wallace__1945,US,,,,,,demo-assumption,"Assumed US for presentation purposes -- entire corpus is English-language, Gutenberg/Open Library-sourced with no recorded country data; not independently verified. Revert before any real/professional use."
poems__tennyson-alfred-lord__1827,US,,,,,,demo-assumption,"Assumed US for presentation purposes -- entire corpus is English-language, Gutenberg/Open Library-sourced with no recorded country data; not independently verified. Revert before any real/professional use."
poirot-investigates__christie-agatha__1924,US,,,,,,demo-assumption,"Assumed US for presentation purposes -- entire corpus is English-language, Gutenberg/Open Library-sourced with no recorded country data; not independently verified. Revert before any real/professional use."
pollyanna__porter-eleanor-hodgman__1912,US,,,,,,demo-assumption,"Assumed US for presentation purposes -- entire corpus is English-language, Gutenberg/Open Library-sourced with no recorded country data; not independently verified. Revert before any real/professional use."
pollyanna-grows-up__porter-eleanor-hodgman__1915,US,,,,,,demo-assumption,"Assumed US for presentation purposes -- entire corpus is English-language, Gutenberg/Open Library-sourced with no recorded country data; not independently verified. Revert before any real/professional use."
prester-john__buchan-john__1900,US,,,,,,demo-assumption,"Assumed US for presentation purposes -- entire corpus is English-language, Gutenberg/Open Library-sourced with no recorded country data; not independently verified. Revert before any real/professional use."
princesse-de-cleves__fayette-madame-de-la__1678,US,,,,,,demo-assumption,"Assumed US for presentation purposes -- entire corpus is English-language, Gutenberg/Open Library-sourced with no recorded country data; not independently verified. Revert before any real/professional use."
professor-unrat__mann-heinrich__1932,US,,,,,,demo-assumption,"Assumed US for presentation purposes -- entire corpus is English-language, Gutenberg/Open Library-sourced with no recorded country data; not independently verified. Revert before any real/professional use."
puck-of-pook-s-hill__kipling-rudyard__1900,US,,,,,,demo-assumption,"Assumed US for presentation purposes -- entire corpus is English-language, Gutenberg/Open Library-sourced with no recorded country data; not independently verified. Revert before any real/professional use."
radetzkymarsch__roth-joseph__1932,US,,,,,,demo-assumption,"Assumed US for presentation purposes -- entire corpus is English-language, Gutenberg/Open Library-sourced with no recorded country data; not independently verified. Revert before any real/professional use."
rainbow-valley__montgomery-lucy-maud__1919,US,,,,,,demo-assumption,"Assumed US for presentation purposes -- entire corpus is English-language, Gutenberg/Open Library-sourced with no recorded country data; not independently verified. Revert before any real/professional use."
raspberry-jam__wells-carolyn__1920,US,,,,,,demo-assumption,"Assumed US for presentation purposes -- entire corpus is English-language, Gutenberg/Open Library-sourced with no recorded country data; not independently verified. Revert before any real/professional use."
richard-iii__shakespeare-william__1597,US,,,,,,demo-assumption,"Assumed US for presentation purposes -- entire corpus is English-language, Gutenberg/Open Library-sourced with no recorded country data; not independently verified. Revert before any real/professional use."
riders-of-the-purple-sage__grey-zane__1912,US,,,,,,demo-assumption,"Assumed US for presentation purposes -- entire corpus is English-language, Gutenberg/Open Library-sourced with no recorded country data; not independently verified. Revert before any real/professional use."
riders-of-the-silence__faust-frederick__1920,US,,,,,,demo-assumption,"Assumed US for presentation purposes -- entire corpus is English-language, Gutenberg/Open Library-sourced with no recorded country data; not independently verified. Revert before any real/professional use."
rights-of-man__paine-thomas__1791,US,,,,,,demo-assumption,"Assumed US for presentation purposes -- entire corpus is English-language, Gutenberg/Open Library-sourced with no recorded country data; not independently verified. Revert before any real/professional use."
rilla-of-ingleside__montgomery-lucy-maud__1920,US,,,,,,demo-assumption,"Assumed US for presentation purposes -- entire corpus is English-language, Gutenberg/Open Library-sourced with no recorded country data; not independently verified. Revert before any real/professional use."
rinkitink-in-oz__baum-l-frank__1916,US,,,,,,demo-assumption,"Assumed US for presentation purposes -- entire corpus is English-language, Gutenberg/Open Library-sourced with no recorded country data; not independently verified. Revert before any real/professional use."
rob-roy__scott-sir-walter__1817,US,,,,,,demo-assumption,"Assumed US for presentation purposes -- entire corpus is English-language, Gutenberg/Open Library-sourced with no recorded country data; not independently verified. Revert before any real/professional use."
robin-hood__pyle-howard__1883,US,,,,,,demo-assumption,"Assumed US for presentation purposes -- entire corpus is English-language, Gutenberg/Open Library-sourced with no recorded country data; not independently verified. Revert before any real/professional use."
robinson-crusoe__defoe-daniel__1686,US,,,,,,demo-assumption,"Assumed US for presentation purposes -- entire corpus is English-language, Gutenberg/Open Library-sourced with no recorded country data; not independently verified. Revert before any real/professional use."
rodney-stone__doyle-arthur-conan__1896,US,,,,,,demo-assumption,"Assumed US for presentation purposes -- entire corpus is English-language, Gutenberg/Open Library-sourced with no recorded country data; not independently verified. Revert before any real/professional use."
roughing-it__twain-mark__1872,US,,,,,,demo-assumption,"Assumed US for presentation purposes -- entire corpus is English-language, Gutenberg/Open Library-sourced with no recorded country data; not independently verified. Revert before any real/professional use."
sailing-alone-around-the-world__slocum-joshua__1800,US,,,,,,demo-assumption,"Assumed US for presentation purposes -- entire corpus is English-language, Gutenberg/Open Library-sourced with no recorded country data; not independently verified. Revert before any real/professional use."
saint-francis-of-assisi__chesterton-gilbert-keith__1923,US,,,,,,demo-assumption,"Assumed US for presentation purposes -- entire corpus is English-language, Gutenberg/Open Library-sourced with no recorded country data; not independently verified. Revert before any real/professional use."
satyricon__petronius__1575,US,,,,,,demo-assumption,"Assumed US for presentation purposes -- entire corpus is English-language, Gutenberg/Open Library-sourced with no recorded country data; not independently verified. Revert before any real/professional use."
schloss-gripsholm__tucholsky-kurt__1931,US,,,,,,demo-assumption,"Assumed US for presentation purposes -- entire corpus is English-language, Gutenberg/Open Library-sourced with no recorded country data; not independently verified. Revert before any real/professional use."
science-music__jeans-james-hopwood__1937,US,,,,,,demo-assumption,"Assumed US for presentation purposes -- entire corpus is English-language, Gutenberg/Open Library-sourced with no recorded country data; not independently verified. Revert before any real/professional use."
self-analysis__horney-karen__1942,US,,,,,,demo-assumption,"Assumed US for presentation purposes -- entire corpus is English-language, Gutenberg/Open Library-sourced with no recorded country data; not independently verified. Revert before any real/professional use."
seven-keys-to-baldpate__biggers-earl-derr__1913,US,,,,,,demo-assumption,"Assumed US for presentation purposes -- entire corpus is English-language, Gutenberg/Open Library-sourced with no recorded country data; not independently verified. Revert before any real/professional use."
she-and-allan__haggard-h-rider__1921,US,,,,,,demo-assumption,"Assumed US for presentation purposes -- entire corpus is English-language, Gutenberg/Open Library-sourced with no recorded country data; not independently verified. Revert before any real/professional use."
she-stoops-to-conquer__goldsmith-oliver__1773,US,,,,,,demo-assumption,"Assumed US for presentation purposes -- entire corpus is English-language, Gutenberg/Open Library-sourced with no recorded country data; not independently verified. Revert before any real/professional use."
sky-island__baum-l-frank__1912,US,,,,,,demo-assumption,"Assumed US for presentation purposes -- entire corpus is English-language, Gutenberg/Open Library-sourced with no recorded country data; not independently verified. Revert before any real/professional use."
sonnets__shakespeare-william__1609,US,,,,,,demo-assumption,"Assumed US for presentation purposes -- entire corpus is English-language, Gutenberg/Open Library-sourced with no recorded country data; not independently verified. Revert before any real/professional use."
sons-and-lovers__lawrence-d-h__1913,US,,,,,,demo-assumption,"Assumed US for presentation purposes -- entire corpus is English-language, Gutenberg/Open Library-sourced with no recorded country data; not independently verified. Revert before any real/professional use."
space-station-1__long-frank-belknap__1957,US,,,,,,demo-assumption,"Assumed US for presentation purposes -- entire corpus is English-language, Gutenberg/Open Library-sourced with no recorded country data; not independently verified. Revert before any real/professional use."
speech-delivered-by-don-manuel-azana-president-of-the-spanish-republic-in-barcelona-city-hall-on-july-18-1938__azana-manuel__1938,US,,,,,,demo-assumption,"Assumed US for presentation purposes -- entire corpus is English-language, Gutenberg/Open Library-sourced with no recorded country data; not independently verified. Revert before any real/professional use."
star-maker__stapledon-olaf__1937,US,,,,,,demo-assumption,"Assumed US for presentation purposes -- entire corpus is English-language, Gutenberg/Open Library-sourced with no recorded country data; not independently verified. Revert before any real/professional use."
style-and-idea__schoenberg-arnold__1950,US,,,,,,demo-assumption,"Assumed US for presentation purposes -- entire corpus is English-language, Gutenberg/Open Library-sourced with no recorded country data; not independently verified. Revert before any real/professional use."
tanglewood-tales__hawthorne-nathaniel__1853,US,,,,,,demo-assumption,"Assumed US for presentation purposes -- entire corpus is English-language, Gutenberg/Open Library-sourced with no recorded country data; not independently verified. Revert before any real/professional use."
tarrano-the-conqueror__cummings-ray__1930,US,,,,,,demo-assumption,"Assumed US for presentation purposes -- entire corpus is English-language, Gutenberg/Open Library-sourced with no recorded country data; not independently verified. Revert before any real/professional use."
terre-des-hommes__saint-exupery-antoine-de__1936,US,,,,,,demo-assumption,"Assumed US for presentation purposes -- entire corpus is English-language, Gutenberg/Open Library-sourced with no recorded country data; not independently verified. Revert before any real/professional use."
the-man-who-would-be-king__kipling-rudyard__1898,US,,,,,,demo-assumption,"Assumed US for presentation purposes -- entire corpus is English-language, Gutenberg/Open Library-sourced with no recorded country data; not independently verified. Revert before any real/professional use."
the-affair-at-the-semiramis-hotel__mason-a-e-w__1917,US,,,,,,demo-assumption,"Assumed US for presentation purposes -- entire corpus is English-language, Gutenberg/Open Library-sourced with no recorded country data; not independently verified. Revert before any real/professional use."
the-age-of-fable__bulfinch-thomas__1800,US,,,,,,demo-assumption,"Assumed US for presentation purposes -- entire corpus is English-language, Gutenberg/Open Library-sourced with no recorded country data; not independently verified. Revert before any real/professional use."
the-american-claimant__twain-mark__1881,US,,,,,,demo-assumption,"Assumed US for presentation purposes -- entire corpus is English-language, Gutenberg/Open Library-sourced with no recorded country data; not independently verified. Revert before any real/professional use."
the-anatomy-of-revolution__brinton-crane__1938,US,,,,,,demo-assumption,"Assumed US for presentation purposes -- entire corpus is English-language, Gutenberg/Open Library-sourced with no recorded country data; not independently verified. Revert before any real/professional use."
the-ancient-allen__haggard-h-rider__1920,US,,,,,,demo-assumption,"Assumed US for presentation purposes -- entire corpus is English-language, Gutenberg/Open Library-sourced with no recorded country data; not independently verified. Revert before any real/professional use."
the-art-of-war__tzu-sun__1900,US,,,,,,demo-assumption,"Assumed US for presentation purposes -- entire corpus is English-language, Gutenberg/Open Library-sourced with no recorded country data; not independently verified. Revert before any real/professional use."
the-autobiography-of-alice-b-toklas__stein-gertrude__1933,US,,,,,,demo-assumption,"Assumed US for presentation purposes -- entire corpus is English-language, Gutenberg/Open Library-sourced with no recorded country data; not independently verified. Revert before any real/professional use."
the-autobiography-of-benjamin-franklin__franklin-benjamin__1791,US,,,,,,demo-assumption,"Assumed US for presentation purposes -- entire corpus is English-language, Gutenberg/Open Library-sourced with no recorded country data; not independently verified. Revert before any real/professional use."
the-battle-of-life__dickens-charles__1846,US,,,,,,demo-assumption,"Assumed US for presentation purposes -- entire corpus is English-language, Gutenberg/Open Library-sourced with no recorded country data; not independently verified. Revert before any real/professional use."
the-big-four__christie-agatha__1927,US,,,,,,demo-assumption,"Assumed US for presentation purposes -- entire corpus is English-language, Gutenberg/Open Library-sourced with no recorded country data; not independently verified. Revert before any real/professional use."
the-black-robe__collins-wilkie__1881,US,,,,,,demo-assumption,"Assumed US for presentation purposes -- entire corpus is English-language, Gutenberg/Open Library-sourced with no recorded country data; not independently verified. Revert before any real/professional use."
the-blue-castle__montgomery-lucy-maud__1926,US,,,,,,demo-assumption,"Assumed US for presentation purposes -- entire corpus is English-language, Gutenberg/Open Library-sourced with no recorded country data; not independently verified. Revert before any real/professional use."
the-blue-fairy-book__lang-andrew__1889,US,,,,,,demo-assumption,"Assumed US for presentation purposes -- entire corpus is English-language, Gutenberg/Open Library-sourced with no recorded country data; not independently verified. Revert before any real/professional use."
the-book-of-tea__kakuzo-okakura__1900,US,,,,,,demo-assumption,"Assumed US for presentation purposes -- entire corpus is English-language, Gutenberg/Open Library-sourced with no recorded country data; not independently verified. Revert before any real/professional use."
the-border-legion__grey-zane__1916,US,,,,,,demo-assumption,"Assumed US for presentation purposes -- entire corpus is English-language, Gutenberg/Open Library-sourced with no recorded country data; not independently verified. Revert before any real/professional use."
the-boy-with-wings__ruck-berta__1916,US,,,,,,demo-assumption,"Assumed US for presentation purposes -- entire corpus is English-language, Gutenberg/Open Library-sourced with no recorded country data; not independently verified. Revert before any real/professional use."
the-brown-fairy-book__lang-andrew__1904,US,,,,,,demo-assumption,"Assumed US for presentation purposes -- entire corpus is English-language, Gutenberg/Open Library-sourced with no recorded country data; not independently verified. Revert before any real/professional use."
the-call-of-the-canyon__grey-zane__1921,US,,,,,,demo-assumption,"Assumed US for presentation purposes -- entire corpus is English-language, Gutenberg/Open Library-sourced with no recorded country data; not independently verified. Revert before any real/professional use."
the-chimes__dickens-charles__1800,US,,,,,,demo-assumption,"Assumed US for presentation purposes -- entire corpus is English-language, Gutenberg/Open Library-sourced with no recorded country data; not independently verified. Revert before any real/professional use."
the-club-of-queer-trades__chesterton-gilbert-keith__1900,US,,,,,,demo-assumption,"Assumed US for presentation purposes -- entire corpus is English-language, Gutenberg/Open Library-sourced with no recorded country data; not independently verified. Revert before any real/professional use."
the-colors-of-space__bradley-marion-zimmer__1963,US,,,,,,demo-assumption,"Assumed US for presentation purposes -- entire corpus is English-language, Gutenberg/Open Library-sourced with no recorded country data; not independently verified. Revert before any real/professional use."
the-comedy-of-errors__shakespeare-william__1734,US,,,,,,demo-assumption,"Assumed US for presentation purposes -- entire corpus is English-language, Gutenberg/Open Library-sourced with no recorded country data; not independently verified. Revert before any real/professional use."
the-complete-life-and-adventures-of-santa-claus__baum-l-frank__1902,US,,,,,,demo-assumption,"Assumed US for presentation purposes -- entire corpus is English-language, Gutenberg/Open Library-sourced with no recorded country data; not independently verified. Revert before any real/professional use."
the-complete-poetical-works__burns-robert__1786,US,,,,,,demo-assumption,"Assumed US for presentation purposes -- entire corpus is English-language, Gutenberg/Open Library-sourced with no recorded country data; not independently verified. Revert before any real/professional use."
the-coral-island__ballantyne-robert-michael__1858,US,,,,,,demo-assumption,"Assumed US for presentation purposes -- entire corpus is English-language, Gutenberg/Open Library-sourced with no recorded country data; not independently verified. Revert before any real/professional use."
the-cricket-on-the-hearth__dickens-charles__1846,US,,,,,,demo-assumption,"Assumed US for presentation purposes -- entire corpus is English-language, Gutenberg/Open Library-sourced with no recorded country data; not independently verified. Revert before any real/professional use."
the-crimson-fairy-book__lang-andrew__1903,US,,,,,,demo-assumption,"Assumed US for presentation purposes -- entire corpus is English-language, Gutenberg/Open Library-sourced with no recorded country data; not independently verified. Revert before any real/professional use."
the-description-of-a-new-world__newcastle-margaret-cavendish-duchess-of__1666,US,,,,,,demo-assumption,"Assumed US for presentation purposes -- entire corpus is English-language, Gutenberg/Open Library-sourced with no recorded country data; not independently verified. Revert before any real/professional use."
the-dragon-and-the-raven__henty-g-a__1800,US,,,,,,demo-assumption,"Assumed US for presentation purposes -- entire corpus is English-language, Gutenberg/Open Library-sourced with no recorded country data; not independently verified. Revert before any real/professional use."
the-dream-detective__rohmer-sax__1925,US,,,,,,demo-assumption,"Assumed US for presentation purposes -- entire corpus is English-language, Gutenberg/Open Library-sourced with no recorded country data; not independently verified. Revert before any real/professional use."
the-elusive-pimpernel-scarlet-pimpernel__orczy-emma__1908,US,,,,,,demo-assumption,"Assumed US for presentation purposes -- entire corpus is English-language, Gutenberg/Open Library-sourced with no recorded country data; not independently verified. Revert before any real/professional use."
the-emerald-city-of-oz__baum-l-frank__1910,US,,,,,,demo-assumption,"Assumed US for presentation purposes -- entire corpus is English-language, Gutenberg/Open Library-sourced with no recorded country data; not independently verified. Revert before any real/professional use."
the-enchanted-castle__nesbit-edith__1907,US,,,,,,demo-assumption,"Assumed US for presentation purposes -- entire corpus is English-language, Gutenberg/Open Library-sourced with no recorded country data; not independently verified. Revert before any real/professional use."
the-enchanted-island-of-yew__baum-l-frank__1903,US,,,,,,demo-assumption,"Assumed US for presentation purposes -- entire corpus is English-language, Gutenberg/Open Library-sourced with no recorded country data; not independently verified. Revert before any real/professional use."
the-evil-shepherd__oppenheim-edward-phillips__1922,US,,,,,,demo-assumption,"Assumed US for presentation purposes -- entire corpus is English-language, Gutenberg/Open Library-sourced with no recorded country data; not independently verified. Revert before any real/professional use."
the-exploits-of-brigadier-gerard__doyle-arthur-conan__1896,US,,,,,,demo-assumption,"Assumed US for presentation purposes -- entire corpus is English-language, Gutenberg/Open Library-sourced with no recorded country data; not independently verified. Revert before any real/professional use."
the-federalist-or-the-new-constitution__hamilton-alexander__1788,US,,,,,,demo-assumption,"Assumed US for presentation purposes -- entire corpus is English-language, Gutenberg/Open Library-sourced with no recorded country data; not independently verified. Revert before any real/professional use."
the-girl-on-the-boat__wodehouse-p-g-pelham-grenville__1922,US,,,,,,demo-assumption,"Assumed US for presentation purposes -- entire corpus is English-language, Gutenberg/Open Library-sourced with no recorded country data; not independently verified. Revert before any real/professional use."
the-good-soldier__ford-ford-madox__1915,US,,,,,,demo-assumption,"Assumed US for presentation purposes -- entire corpus is English-language, Gutenberg/Open Library-sourced with no recorded country data; not independently verified. Revert before any real/professional use."
the-great-shadow__doyle-arthur-conan__1892,US,,,,,,demo-assumption,"Assumed US for presentation purposes -- entire corpus is English-language, Gutenberg/Open Library-sourced with no recorded country data; not independently verified. Revert before any real/professional use."
the-green-fairy-book__lang-andrew__1892,US,,,,,,demo-assumption,"Assumed US for presentation purposes -- entire corpus is English-language, Gutenberg/Open Library-sourced with no recorded country data; not independently verified. Revert before any real/professional use."
the-grey-fairy-book__lang-andrew__1900,US,,,,,,demo-assumption,"Assumed US for presentation purposes -- entire corpus is English-language, Gutenberg/Open Library-sourced with no recorded country data; not independently verified. Revert before any real/professional use."
the-haunted-hotel__collins-wilkie__1878,US,,,,,,demo-assumption,"Assumed US for presentation purposes -- entire corpus is English-language, Gutenberg/Open Library-sourced with no recorded country data; not independently verified. Revert before any real/professional use."
the-heritage-of-the-desert__grey-zane__1910,US,,,,,,demo-assumption,"Assumed US for presentation purposes -- entire corpus is English-language, Gutenberg/Open Library-sourced with no recorded country data; not independently verified. Revert before any real/professional use."
the-history-of-the-great-plague-in-london-in-the-year-1665__defoe-daniel__1722,US,,,,,,demo-assumption,"Assumed US for presentation purposes -- entire corpus is English-language, Gutenberg/Open Library-sourced with no recorded country data; not independently verified. Revert before any real/professional use."
the-history-of-tom-jones__fielding-henry__1749,US,,,,,,demo-assumption,"Assumed US for presentation purposes -- entire corpus is English-language, Gutenberg/Open Library-sourced with no recorded country data; not independently verified. Revert before any real/professional use."
the-indian-struggle-1920-1934__bose-subhas-chandra__1935,US,,,,,,demo-assumption,"Assumed US for presentation purposes -- entire corpus is English-language, Gutenberg/Open Library-sourced with no recorded country data; not independently verified. Revert before any real/professional use."
the-innocence-of-father-brown-father-brown-mystery__chesterton-gilbert-keith__1583,US,,,,,,demo-assumption,"Assumed US for presentation purposes -- entire corpus is English-language, Gutenberg/Open Library-sourced with no recorded country data; not independently verified. Revert before any real/professional use."
the-insidious-dr-fu-manchu__rohmer-sax__1913,US,,,,,,demo-assumption,"Assumed US for presentation purposes -- entire corpus is English-language, Gutenberg/Open Library-sourced with no recorded country data; not independently verified. Revert before any real/professional use."
the-island-of-dr-moreau__wells-h-g__1896,US,,,,,,demo-assumption,"Assumed US for presentation purposes -- entire corpus is English-language, Gutenberg/Open Library-sourced with no recorded country data; not independently verified. Revert before any real/professional use."
the-ivory-child__haggard-h-rider__1916,US,,,,,,demo-assumption,"Assumed US for presentation purposes -- entire corpus is English-language, Gutenberg/Open Library-sourced with no recorded country data; not independently verified. Revert before any real/professional use."
the-journals-of-andre-gide-1889-1949__gide-andre__1939,US,,,,,,demo-assumption,"Assumed US for presentation purposes -- entire corpus is English-language, Gutenberg/Open Library-sourced with no recorded country data; not independently verified. Revert before any real/professional use."
the-jungle__sinclair-upton__1791,US,,,,,,demo-assumption,"Assumed US for presentation purposes -- entire corpus is English-language, Gutenberg/Open Library-sourced with no recorded country data; not independently verified. Revert before any real/professional use."
the-king-in-yellow__chambers-robert-w__1895,US,,,,,,demo-assumption,"Assumed US for presentation purposes -- entire corpus is English-language, Gutenberg/Open Library-sourced with no recorded country data; not independently verified. Revert before any real/professional use."
the-last-days-of-pompeii__lytton-edward-bulwer-lytton-baron__1800,US,,,,,,demo-assumption,"Assumed US for presentation purposes -- entire corpus is English-language, Gutenberg/Open Library-sourced with no recorded country data; not independently verified. Revert before any real/professional use."
the-last-dragon__totheroh-dan__1927,US,,,,,,demo-assumption,"Assumed US for presentation purposes -- entire corpus is English-language, Gutenberg/Open Library-sourced with no recorded country data; not independently verified. Revert before any real/professional use."
the-law-and-the-lady__collins-wilkie__1875,US,,,,,,demo-assumption,"Assumed US for presentation purposes -- entire corpus is English-language, Gutenberg/Open Library-sourced with no recorded country data; not independently verified. Revert before any real/professional use."
the-life-and-adventures-of-nicholas-nickleby__dickens-charles__1800,US,,,,,,demo-assumption,"Assumed US for presentation purposes -- entire corpus is English-language, Gutenberg/Open Library-sourced with no recorded country data; not independently verified. Revert before any real/professional use."
the-life-of-olaudah-equiano-or-gustavus-vassa-the-african__equiano-olaudah__1789,US,,,,,,demo-assumption,"Assumed US for presentation purposes -- entire corpus is English-language, Gutenberg/Open Library-sourced with no recorded country data; not independently verified. Revert before any real/professional use."
the-lilac-fairy-book__lang-andrew__1910,US,,,,,,demo-assumption,"Assumed US for presentation purposes -- entire corpus is English-language, Gutenberg/Open Library-sourced with no recorded country data; not independently verified. Revert before any real/professional use."
the-lives-and-opinions-of-eminent-philosophers__laertius-diogenes__1853,US,,,,,,demo-assumption,"Assumed US for presentation purposes -- entire corpus is English-language, Gutenberg/Open Library-sourced with no recorded country data; not independently verified. Revert before any real/professional use."
the-lone-star-ranger__grey-zane__1914,US,,,,,,demo-assumption,"Assumed US for presentation purposes -- entire corpus is English-language, Gutenberg/Open Library-sourced with no recorded country data; not independently verified. Revert before any real/professional use."
the-lone-wolf__vance-louis-joseph__1914,US,,,,,,demo-assumption,"Assumed US for presentation purposes -- entire corpus is English-language, Gutenberg/Open Library-sourced with no recorded country data; not independently verified. Revert before any real/professional use."
the-longest-journey__forster-e-m__1907,US,,,,,,demo-assumption,"Assumed US for presentation purposes -- entire corpus is English-language, Gutenberg/Open Library-sourced with no recorded country data; not independently verified. Revert before any real/professional use."
the-lost-princess-of-oz__baum-l-frank__1917,US,,,,,,demo-assumption,"Assumed US for presentation purposes -- entire corpus is English-language, Gutenberg/Open Library-sourced with no recorded country data; not independently verified. Revert before any real/professional use."
the-lust-of-hate__boothby-guy__1898,US,,,,,,demo-assumption,"Assumed US for presentation purposes -- entire corpus is English-language, Gutenberg/Open Library-sourced with no recorded country data; not independently verified. Revert before any real/professional use."
the-machine-stops__forster-e-m__1909,US,,,,,,demo-assumption,"Assumed US for presentation purposes -- entire corpus is English-language, Gutenberg/Open Library-sourced with no recorded country data; not independently verified. Revert before any real/professional use."
the-magic-city__nesbit-edith__1910,US,,,,,,demo-assumption,"Assumed US for presentation purposes -- entire corpus is English-language, Gutenberg/Open Library-sourced with no recorded country data; not independently verified. Revert before any real/professional use."
the-magic-of-oz__baum-l-frank__1919,US,,,,,,demo-assumption,"Assumed US for presentation purposes -- entire corpus is English-language, Gutenberg/Open Library-sourced with no recorded country data; not independently verified. Revert before any real/professional use."
the-magician__maugham-william-somerset__1908,US,,,,,,demo-assumption,"Assumed US for presentation purposes -- entire corpus is English-language, Gutenberg/Open Library-sourced with no recorded country data; not independently verified. Revert before any real/professional use."
the-man-in-the-brown-suit__christie-agatha__1924,US,,,,,,demo-assumption,"Assumed US for presentation purposes -- entire corpus is English-language, Gutenberg/Open Library-sourced with no recorded country data; not independently verified. Revert before any real/professional use."
the-man-of-the-forest__grey-zane__1920,US,,,,,,demo-assumption,"Assumed US for presentation purposes -- entire corpus is English-language, Gutenberg/Open Library-sourced with no recorded country data; not independently verified. Revert before any real/professional use."
the-man-upstairs-and-other-stories__wodehouse-p-g-pelham-grenville__1926,US,,,,,,demo-assumption,"Assumed US for presentation purposes -- entire corpus is English-language, Gutenberg/Open Library-sourced with no recorded country data; not independently verified. Revert before any real/professional use."
the-man-who-knew-too-much__chesterton-gilbert-keith__1922,US,,,,,,demo-assumption,"Assumed US for presentation purposes -- entire corpus is English-language, Gutenberg/Open Library-sourced with no recorded country data; not independently verified. Revert before any real/professional use."
the-man-who-was-thursday__chesterton-gilbert-keith__1908,US,,,,,,demo-assumption,"Assumed US for presentation purposes -- entire corpus is English-language, Gutenberg/Open Library-sourced with no recorded country data; not independently verified. Revert before any real/professional use."
the-merchant-of-venice__shakespeare-william__1600,US,,,,,,demo-assumption,"Assumed US for presentation purposes -- entire corpus is English-language, Gutenberg/Open Library-sourced with no recorded country data; not independently verified. Revert before any real/professional use."
the-merry-wives-of-windsor__shakespeare-william__1602,US,,,,,,demo-assumption,"Assumed US for presentation purposes -- entire corpus is English-language, Gutenberg/Open Library-sourced with no recorded country data; not independently verified. Revert before any real/professional use."
the-moon-and-sixpence__maugham-william-somerset__1919,US,,,,,,demo-assumption,"Assumed US for presentation purposes -- entire corpus is English-language, Gutenberg/Open Library-sourced with no recorded country data; not independently verified. Revert before any real/professional use."
the-murder-of-roger-ackroyd__christie-agatha__1926,US,,,,,,demo-assumption,"Assumed US for presentation purposes -- entire corpus is English-language, Gutenberg/Open Library-sourced with no recorded country data; not independently verified. Revert before any real/professional use."
the-murder-on-the-links__christie-agatha__1923,US,,,,,,demo-assumption,"Assumed US for presentation purposes -- entire corpus is English-language, Gutenberg/Open Library-sourced with no recorded country data; not independently verified. Revert before any real/professional use."
the-murders-in-the-rue-morgue__poe-edgar-allan__1841,US,,,,,,demo-assumption,"Assumed US for presentation purposes -- entire corpus is English-language, Gutenberg/Open Library-sourced with no recorded country data; not independently verified. Revert before any real/professional use."
the-mysterious-affair-at-styles__christie-agatha__1920,US,,,,,,demo-assumption,"Assumed US for presentation purposes -- entire corpus is English-language, Gutenberg/Open Library-sourced with no recorded country data; not independently verified. Revert before any real/professional use."
the-mysterious-mr-quin__christie-agatha__1930,US,,,,,,demo-assumption,"Assumed US for presentation purposes -- entire corpus is English-language, Gutenberg/Open Library-sourced with no recorded country data; not independently verified. Revert before any real/professional use."
the-mysterious-rider__grey-zane__1921,US,,,,,,demo-assumption,"Assumed US for presentation purposes -- entire corpus is English-language, Gutenberg/Open Library-sourced with no recorded country data; not independently verified. Revert before any real/professional use."
the-mystery-of-the-blue-train__christie-agatha__1928,US,,,,,,demo-assumption,"Assumed US for presentation purposes -- entire corpus is English-language, Gutenberg/Open Library-sourced with no recorded country data; not independently verified. Revert before any real/professional use."
the-napoleon-of-notting-hill__chesterton-gilbert-keith__1904,US,,,,,,demo-assumption,"Assumed US for presentation purposes -- entire corpus is English-language, Gutenberg/Open Library-sourced with no recorded country data; not independently verified. Revert before any real/professional use."
the-narrative-of-arthur-gordon-pym__poe-edgar-allan__1838,US,,,,,,demo-assumption,"Assumed US for presentation purposes -- entire corpus is English-language, Gutenberg/Open Library-sourced with no recorded country data; not independently verified. Revert before any real/professional use."
the-neurotic-personality-of-our-time__horney-karen__1937,US,,,,,,demo-assumption,"Assumed US for presentation purposes -- entire corpus is English-language, Gutenberg/Open Library-sourced with no recorded country data; not independently verified. Revert before any real/professional use."
the-night-before-christmas__moore-clement-clarke__1857,US,,,,,,demo-assumption,"Assumed US for presentation purposes -- entire corpus is English-language, Gutenberg/Open Library-sourced with no recorded country data; not independently verified. Revert before any real/professional use."
the-norsemen-in-the-west-or-america-before-columbus__ballantyne-robert-michael__1872,US,,,,,,demo-assumption,"Assumed US for presentation purposes -- entire corpus is English-language, Gutenberg/Open Library-sourced with no recorded country data; not independently verified. Revert before any real/professional use."
the-old-curiosity-shop__dickens-charles__1800,US,,,,,,demo-assumption,"Assumed US for presentation purposes -- entire corpus is English-language, Gutenberg/Open Library-sourced with no recorded country data; not independently verified. Revert before any real/professional use."
the-orange-fairy-book__lang-andrew__1906,US,,,,,,demo-assumption,"Assumed US for presentation purposes -- entire corpus is English-language, Gutenberg/Open Library-sourced with no recorded country data; not independently verified. Revert before any real/professional use."
the-passionate-elopement__mackenzie-compton__1910,US,,,,,,demo-assumption,"Assumed US for presentation purposes -- entire corpus is English-language, Gutenberg/Open Library-sourced with no recorded country data; not independently verified. Revert before any real/professional use."
the-patchwork-girl-of-oz__baum-l-frank__1913,US,,,,,,demo-assumption,"Assumed US for presentation purposes -- entire corpus is English-language, Gutenberg/Open Library-sourced with no recorded country data; not independently verified. Revert before any real/professional use."
the-people-of-the-mist__haggard-h-rider__1894,US,,,,,,demo-assumption,"Assumed US for presentation purposes -- entire corpus is English-language, Gutenberg/Open Library-sourced with no recorded country data; not independently verified. Revert before any real/professional use."
the-phenomenon-of-man__chardin-pierre-teilhard-de__1955,US,,,,,,demo-assumption,"Assumed US for presentation purposes -- entire corpus is English-language, Gutenberg/Open Library-sourced with no recorded country data; not independently verified. Revert before any real/professional use."
the-phoenix-and-the-carpet__nesbit-edith__1903,US,,,,,,demo-assumption,"Assumed US for presentation purposes -- entire corpus is English-language, Gutenberg/Open Library-sourced with no recorded country data; not independently verified. Revert before any real/professional use."
the-pilgrim-s-progress__bunyan-john__1678,US,,,,,,demo-assumption,"Assumed US for presentation purposes -- entire corpus is English-language, Gutenberg/Open Library-sourced with no recorded country data; not independently verified. Revert before any real/professional use."
the-pink-fairy-book__lang-andrew__1897,US,,,,,,demo-assumption,"Assumed US for presentation purposes -- entire corpus is English-language, Gutenberg/Open Library-sourced with no recorded country data; not independently verified. Revert before any real/professional use."
the-pioneers__cooper-james-fenimore__1800,US,,,,,,demo-assumption,"Assumed US for presentation purposes -- entire corpus is English-language, Gutenberg/Open Library-sourced with no recorded country data; not independently verified. Revert before any real/professional use."
the-pit__norris-frank__1903,US,,,,,,demo-assumption,"Assumed US for presentation purposes -- entire corpus is English-language, Gutenberg/Open Library-sourced with no recorded country data; not independently verified. Revert before any real/professional use."
the-poison-belt__doyle-arthur-conan__1913,US,,,,,,demo-assumption,"Assumed US for presentation purposes -- entire corpus is English-language, Gutenberg/Open Library-sourced with no recorded country data; not independently verified. Revert before any real/professional use."
the-portrait-of-a-lady__james-henry__1881,US,,,,,,demo-assumption,"Assumed US for presentation purposes -- entire corpus is English-language, Gutenberg/Open Library-sourced with no recorded country data; not independently verified. Revert before any real/professional use."
the-prairie__cooper-james-fenimore__1800,US,,,,,,demo-assumption,"Assumed US for presentation purposes -- entire corpus is English-language, Gutenberg/Open Library-sourced with no recorded country data; not independently verified. Revert before any real/professional use."
the-prisoner-of-zenda__hope-anthony__1800,US,,,,,,demo-assumption,"Assumed US for presentation purposes -- entire corpus is English-language, Gutenberg/Open Library-sourced with no recorded country data; not independently verified. Revert before any real/professional use."
the-private-memoirs-and-confessions-of-a-justified-sinner-with-a-detail-of-curious-traditionary-facts-and-other-evidence-by-the-editor__hogg-james__1824,US,,,,,,demo-assumption,"Assumed US for presentation purposes -- entire corpus is English-language, Gutenberg/Open Library-sourced with no recorded country data; not independently verified. Revert before any real/professional use."
the-problems-of-philosophy__russell-bertrand__1900,US,,,,,,demo-assumption,"Assumed US for presentation purposes -- entire corpus is English-language, Gutenberg/Open Library-sourced with no recorded country data; not independently verified. Revert before any real/professional use."
the-railway-children__nesbit-edith__1900,US,,,,,,demo-assumption,"Assumed US for presentation purposes -- entire corpus is English-language, Gutenberg/Open Library-sourced with no recorded country data; not independently verified. Revert before any real/professional use."
the-rainbow__lawrence-d-h__1915,US,,,,,,demo-assumption,"Assumed US for presentation purposes -- entire corpus is English-language, Gutenberg/Open Library-sourced with no recorded country data; not independently verified. Revert before any real/professional use."
the-rainbow-trail__grey-zane__1915,US,,,,,,demo-assumption,"Assumed US for presentation purposes -- entire corpus is English-language, Gutenberg/Open Library-sourced with no recorded country data; not independently verified. Revert before any real/professional use."
the-raven__poe-edgar-allan__1845,US,,,,,,demo-assumption,"Assumed US for presentation purposes -- entire corpus is English-language, Gutenberg/Open Library-sourced with no recorded country data; not independently verified. Revert before any real/professional use."
the-red-fairy-book__lang-andrew__1890,US,,,,,,demo-assumption,"Assumed US for presentation purposes -- entire corpus is English-language, Gutenberg/Open Library-sourced with no recorded country data; not independently verified. Revert before any real/professional use."
the-red-house-mystery__milne-a-a-alan-alexander__1922,US,,,,,,demo-assumption,"Assumed US for presentation purposes -- entire corpus is English-language, Gutenberg/Open Library-sourced with no recorded country data; not independently verified. Revert before any real/professional use."
the-revolt-on-venus__rockwell-carey__1954,US,,,,,,demo-assumption,"Assumed US for presentation purposes -- entire corpus is English-language, Gutenberg/Open Library-sourced with no recorded country data; not independently verified. Revert before any real/professional use."
the-road-to-oz__baum-l-frank__1909,US,,,,,,demo-assumption,"Assumed US for presentation purposes -- entire corpus is English-language, Gutenberg/Open Library-sourced with no recorded country data; not independently verified. Revert before any real/professional use."
the-scarecrow-of-oz__baum-l-frank__1915,US,,,,,,demo-assumption,"Assumed US for presentation purposes -- entire corpus is English-language, Gutenberg/Open Library-sourced with no recorded country data; not independently verified. Revert before any real/professional use."
the-scarlet-pimpernel__orczy-emma__1900,US,,,,,,demo-assumption,"Assumed US for presentation purposes -- entire corpus is English-language, Gutenberg/Open Library-sourced with no recorded country data; not independently verified. Revert before any real/professional use."
the-sea-fairies__baum-l-frank__1911,US,,,,,,demo-assumption,"Assumed US for presentation purposes -- entire corpus is English-language, Gutenberg/Open Library-sourced with no recorded country data; not independently verified. Revert before any real/professional use."
the-sea-wolf__london-jack__1900,US,,,,,,demo-assumption,"Assumed US for presentation purposes -- entire corpus is English-language, Gutenberg/Open Library-sourced with no recorded country data; not independently verified. Revert before any real/professional use."
the-secret-adversary__christie-agatha__1922,US,,,,,,demo-assumption,"Assumed US for presentation purposes -- entire corpus is English-language, Gutenberg/Open Library-sourced with no recorded country data; not independently verified. Revert before any real/professional use."
the-secret-agent__conrad-joseph__1907,US,,,,,,demo-assumption,"Assumed US for presentation purposes -- entire corpus is English-language, Gutenberg/Open Library-sourced with no recorded country data; not independently verified. Revert before any real/professional use."
the-secret-of-chimneys__christie-agatha__1925,US,,,,,,demo-assumption,"Assumed US for presentation purposes -- entire corpus is English-language, Gutenberg/Open Library-sourced with no recorded country data; not independently verified. Revert before any real/professional use."
the-seven-dials-mystery__christie-agatha__1920,US,,,,,,demo-assumption,"Assumed US for presentation purposes -- entire corpus is English-language, Gutenberg/Open Library-sourced with no recorded country data; not independently verified. Revert before any real/professional use."
the-sign-of-four__doyle-arthur-conan__1889,US,,,,,,demo-assumption,"Assumed US for presentation purposes -- entire corpus is English-language, Gutenberg/Open Library-sourced with no recorded country data; not independently verified. Revert before any real/professional use."
the-sketch-book-of-geoffrey-crayon-esq__irving-washington__1819,US,,,,,,demo-assumption,"Assumed US for presentation purposes -- entire corpus is English-language, Gutenberg/Open Library-sourced with no recorded country data; not independently verified. Revert before any real/professional use."
the-song-of-the-lark__cather-willa__1915,US,,,,,,demo-assumption,"Assumed US for presentation purposes -- entire corpus is English-language, Gutenberg/Open Library-sourced with no recorded country data; not independently verified. Revert before any real/professional use."
the-souls-of-black-folk__bois-w-e-b-du__1903,US,,,,,,demo-assumption,"Assumed US for presentation purposes -- entire corpus is English-language, Gutenberg/Open Library-sourced with no recorded country data; not independently verified. Revert before any real/professional use."
the-spirit-of-the-border__grey-zane__1906,US,,,,,,demo-assumption,"Assumed US for presentation purposes -- entire corpus is English-language, Gutenberg/Open Library-sourced with no recorded country data; not independently verified. Revert before any real/professional use."
the-story-girl__montgomery-lucy-maud__1911,US,,,,,,demo-assumption,"Assumed US for presentation purposes -- entire corpus is English-language, Gutenberg/Open Library-sourced with no recorded country data; not independently verified. Revert before any real/professional use."
the-story-of-the-amulet__nesbit-edith__1905,US,,,,,,demo-assumption,"Assumed US for presentation purposes -- entire corpus is English-language, Gutenberg/Open Library-sourced with no recorded country data; not independently verified. Revert before any real/professional use."
the-story-of-the-treasure-seekers__nesbit-edith__1899,US,,,,,,demo-assumption,"Assumed US for presentation purposes -- entire corpus is English-language, Gutenberg/Open Library-sourced with no recorded country data; not independently verified. Revert before any real/professional use."
the-street-of-seven-stars__rinehart-mary-roberts__1914,US,,,,,,demo-assumption,"Assumed US for presentation purposes -- entire corpus is English-language, Gutenberg/Open Library-sourced with no recorded country data; not independently verified. Revert before any real/professional use."
the-taming-of-the-shrew__shakespeare-william__1631,US,,,,,,demo-assumption,"Assumed US for presentation purposes -- entire corpus is English-language, Gutenberg/Open Library-sourced with no recorded country data; not independently verified. Revert before any real/professional use."
the-tempest__shakespeare-william__1611,US,,,,,,demo-assumption,"Assumed US for presentation purposes -- entire corpus is English-language, Gutenberg/Open Library-sourced with no recorded country data; not independently verified. Revert before any real/professional use."
the-tenant-of-wildfell-hall__bronte-anne__1847,US,,,,,,demo-assumption,"Assumed US for presentation purposes -- entire corpus is English-language, Gutenberg/Open Library-sourced with no recorded country data; not independently verified. Revert before any real/professional use."
the-tin-woodman-of-oz__baum-l-frank__1918,US,,,,,,demo-assumption,"Assumed US for presentation purposes -- entire corpus is English-language, Gutenberg/Open Library-sourced with no recorded country data; not independently verified. Revert before any real/professional use."
the-turning-point__mann-klaus__1942,US,,,,,,demo-assumption,"Assumed US for presentation purposes -- entire corpus is English-language, Gutenberg/Open Library-sourced with no recorded country data; not independently verified. Revert before any real/professional use."
the-uncommercial-traveller__dickens-charles__1776,US,,,,,,demo-assumption,"Assumed US for presentation purposes -- entire corpus is English-language, Gutenberg/Open Library-sourced with no recorded country data; not independently verified. Revert before any real/professional use."
the-violet-fairy-book-large-print__lang-andrew__1901,US,,,,,,demo-assumption,"Assumed US for presentation purposes -- entire corpus is English-language, Gutenberg/Open Library-sourced with no recorded country data; not independently verified. Revert before any real/professional use."
the-web-and-the-rock__wolfe-thomas__1937,US,,,,,,demo-assumption,"Assumed US for presentation purposes -- entire corpus is English-language, Gutenberg/Open Library-sourced with no recorded country data; not independently verified. Revert before any real/professional use."
the-wheel-of-earth__sandburg-helga__1958,US,,,,,,demo-assumption,"Assumed US for presentation purposes -- entire corpus is English-language, Gutenberg/Open Library-sourced with no recorded country data; not independently verified. Revert before any real/professional use."
the-white-company__doyle-arthur-conan__1890,US,,,,,,demo-assumption,"Assumed US for presentation purposes -- entire corpus is English-language, Gutenberg/Open Library-sourced with no recorded country data; not independently verified. Revert before any real/professional use."
the-wisdom-of-father-brown__chesterton-gilbert-keith__1913,US,,,,,,demo-assumption,"Assumed US for presentation purposes -- entire corpus is English-language, Gutenberg/Open Library-sourced with no recorded country data; not independently verified. Revert before any real/professional use."
the-woodlanders__hardy-thomas__1800,US,,,,,,demo-assumption,"Assumed US for presentation purposes -- entire corpus is English-language, Gutenberg/Open Library-sourced with no recorded country data; not independently verified. Revert before any real/professional use."
the-wouldbegoods__nesbit-edith__1901,US,,,,,,demo-assumption,"Assumed US for presentation purposes -- entire corpus is English-language, Gutenberg/Open Library-sourced with no recorded country data; not independently verified. Revert before any real/professional use."
the-yellow-fairy-book__lang-andrew__1894,US,,,,,,demo-assumption,"Assumed US for presentation purposes -- entire corpus is English-language, Gutenberg/Open Library-sourced with no recorded country data; not independently verified. Revert before any real/professional use."
the-yeoman-adventurer__gough-george-w__1916,US,,,,,,demo-assumption,"Assumed US for presentation purposes -- entire corpus is English-language, Gutenberg/Open Library-sourced with no recorded country data; not independently verified. Revert before any real/professional use."
the-young-buglers__henty-g-a__1880,US,,,,,,demo-assumption,"Assumed US for presentation purposes -- entire corpus is English-language, Gutenberg/Open Library-sourced with no recorded country data; not independently verified. Revert before any real/professional use."
the-young-visiters-or-mr-salteena-s-plan__ashford-daisy__1919,US,,,,,,demo-assumption,"Assumed US for presentation purposes -- entire corpus is English-language, Gutenberg/Open Library-sourced with no recorded country data; not independently verified. Revert before any real/professional use."
three-men-in-a-boat-to-say-nothing-of-the-dog__jerome-jerome-klapka__1889,US,,,,,,demo-assumption,"Assumed US for presentation purposes -- entire corpus is English-language, Gutenberg/Open Library-sourced with no recorded country data; not independently verified. Revert before any real/professional use."
three-men-on-the-bummel__jerome-jerome-klapka__1900,US,,,,,,demo-assumption,"Assumed US for presentation purposes -- entire corpus is English-language, Gutenberg/Open Library-sourced with no recorded country data; not independently verified. Revert before any real/professional use."
through-the-magic-door__doyle-arthur-conan__1907,US,,,,,,demo-assumption,"Assumed US for presentation purposes -- entire corpus is English-language, Gutenberg/Open Library-sourced with no recorded country data; not independently verified. Revert before any real/professional use."
tik-tok-of-oz__baum-l-frank__1914,US,,,,,,demo-assumption,"Assumed US for presentation purposes -- entire corpus is English-language, Gutenberg/Open Library-sourced with no recorded country data; not independently verified. Revert before any real/professional use."
timon-of-athens__shakespeare-william__1734,US,,,,,,demo-assumption,"Assumed US for presentation purposes -- entire corpus is English-language, Gutenberg/Open Library-sourced with no recorded country data; not independently verified. Revert before any real/professional use."
to-the-last-man__grey-zane__1921,US,,,,,,demo-assumption,"Assumed US for presentation purposes -- entire corpus is English-language, Gutenberg/Open Library-sourced with no recorded country data; not independently verified. Revert before any real/professional use."
tom-sawyer-abroad__twain-mark__1894,US,,,,,,demo-assumption,"Assumed US for presentation purposes -- entire corpus is English-language, Gutenberg/Open Library-sourced with no recorded country data; not independently verified. Revert before any real/professional use."
tom-sawyer-detective__twain-mark__1897,US,,,,,,demo-assumption,"Assumed US for presentation purposes -- entire corpus is English-language, Gutenberg/Open Library-sourced with no recorded country data; not independently verified. Revert before any real/professional use."
tono-bungay__wells-h-g__1890,US,,,,,,demo-assumption,"Assumed US for presentation purposes -- entire corpus is English-language, Gutenberg/Open Library-sourced with no recorded country data; not independently verified. Revert before any real/professional use."
trent-s-last-case__bentley-e-c__1900,US,,,,,,demo-assumption,"Assumed US for presentation purposes -- entire corpus is English-language, Gutenberg/Open Library-sourced with no recorded country data; not independently verified. Revert before any real/professional use."
triplanetary__smith-e-e-edward-elmer__1948,US,,,,,,demo-assumption,"Assumed US for presentation purposes -- entire corpus is English-language, Gutenberg/Open Library-sourced with no recorded country data; not independently verified. Revert before any real/professional use."
troilus-and-cressida__shakespeare-william__1609,US,,,,,,demo-assumption,"Assumed US for presentation purposes -- entire corpus is English-language, Gutenberg/Open Library-sourced with no recorded country data; not independently verified. Revert before any real/professional use."
twelfth-night-or-what-you-will__shakespeare-william__1734,US,,,,,,demo-assumption,"Assumed US for presentation purposes -- entire corpus is English-language, Gutenberg/Open Library-sourced with no recorded country data; not independently verified. Revert before any real/professional use."
twelve-years-a-slave__northup-solomon__1853,US,,,,,,demo-assumption,"Assumed US for presentation purposes -- entire corpus is English-language, Gutenberg/Open Library-sourced with no recorded country data; not independently verified. Revert before any real/professional use."
twice-told-tales__hawthorne-nathaniel__1800,US,,,,,,demo-assumption,"Assumed US for presentation purposes -- entire corpus is English-language, Gutenberg/Open Library-sourced with no recorded country data; not independently verified. Revert before any real/professional use."
two-gentlemen-of-verona__shakespeare-william__1632,US,,,,,,demo-assumption,"Assumed US for presentation purposes -- entire corpus is English-language, Gutenberg/Open Library-sourced with no recorded country data; not independently verified. Revert before any real/professional use."
uncle-tom-s-cabin__stowe-harriet__1852,US,,,,,,demo-assumption,"Assumed US for presentation purposes -- entire corpus is English-language, Gutenberg/Open Library-sourced with no recorded country data; not independently verified. Revert before any real/professional use."
under-milk-wood__thomas-dylan__1950,US,,,,,,demo-assumption,"Assumed US for presentation purposes -- entire corpus is English-language, Gutenberg/Open Library-sourced with no recorded country data; not independently verified. Revert before any real/professional use."
under-the-greenwood-tree-or-the-mellstock-quire__hardy-thomas__1872,US,,,,,,demo-assumption,"Assumed US for presentation purposes -- entire corpus is English-language, Gutenberg/Open Library-sourced with no recorded country data; not independently verified. Revert before any real/professional use."
unnatural-death__sayers-dorothy-l-dorothy-leigh__1927,US,,,,,,demo-assumption,"Assumed US for presentation purposes -- entire corpus is English-language, Gutenberg/Open Library-sourced with no recorded country data; not independently verified. Revert before any real/professional use."
villette-a-novel__bronte-charlotte__1853,US,,,,,,demo-assumption,"Assumed US for presentation purposes -- entire corpus is English-language, Gutenberg/Open Library-sourced with no recorded country data; not independently verified. Revert before any real/professional use."
vol-de-nuit__saint-exupery-antoine-de__1931,US,,,,,,demo-assumption,"Assumed US for presentation purposes -- entire corpus is English-language, Gutenberg/Open Library-sourced with no recorded country data; not independently verified. Revert before any real/professional use."
valka-s-mloky__capek-karel__1936,US,,,,,,demo-assumption,"Assumed US for presentation purposes -- entire corpus is English-language, Gutenberg/Open Library-sourced with no recorded country data; not independently verified. Revert before any real/professional use."
war-memoirs__george-david-lloyd__1933,US,,,,,,demo-assumption,"Assumed US for presentation purposes -- entire corpus is English-language, Gutenberg/Open Library-sourced with no recorded country data; not independently verified. Revert before any real/professional use."
war-memoirs-of-david-lloyd-george__george-david-lloyd__1933,US,,,,,,demo-assumption,"Assumed US for presentation purposes -- entire corpus is English-language, Gutenberg/Open Library-sourced with no recorded country data; not independently verified. Revert before any real/professional use."
washington-confidential__lait-jack__1951,US,,,,,,demo-assumption,"Assumed US for presentation purposes -- entire corpus is English-language, Gutenberg/Open Library-sourced with no recorded country data; not independently verified. Revert before any real/professional use."
waverley-or-tis-sixty-years-since__scott-sir-walter__1800,US,,,,,,demo-assumption,"Assumed US for presentation purposes -- entire corpus is English-language, Gutenberg/Open Library-sourced with no recorded country data; not independently verified. Revert before any real/professional use."
what-katy-did__coolidge-susan__1873,US,,,,,,demo-assumption,"Assumed US for presentation purposes -- entire corpus is English-language, Gutenberg/Open Library-sourced with no recorded country data; not independently verified. Revert before any real/professional use."
when-the-mountain-fell__ramuz-charles-ferdinand__1947,US,,,,,,demo-assumption,"Assumed US for presentation purposes -- entire corpus is English-language, Gutenberg/Open Library-sourced with no recorded country data; not independently verified. Revert before any real/professional use."
where-angels-fear-to-tread__forster-e-m__1920,US,,,,,,demo-assumption,"Assumed US for presentation purposes -- entire corpus is English-language, Gutenberg/Open Library-sourced with no recorded country data; not independently verified. Revert before any real/professional use."
whispers-from-eternity__yogananda-paramahansa__1935,US,,,,,,demo-assumption,"Assumed US for presentation purposes -- entire corpus is English-language, Gutenberg/Open Library-sourced with no recorded country data; not independently verified. Revert before any real/professional use."
whose-body__sayers-dorothy-l__1923,US,,,,,,demo-assumption,"Assumed US for presentation purposes -- entire corpus is English-language, Gutenberg/Open Library-sourced with no recorded country data; not independently verified. Revert before any real/professional use."
why-sinclair-lewis-got-the-nobel-prize__karlfeldt-erik-axel__1931,US,,,,,,demo-assumption,"Assumed US for presentation purposes -- entire corpus is English-language, Gutenberg/Open Library-sourced with no recorded country data; not independently verified. Revert before any real/professional use."
wildfire__grey-zane__1916,US,,,,,,demo-assumption,"Assumed US for presentation purposes -- entire corpus is English-language, Gutenberg/Open Library-sourced with no recorded country data; not independently verified. Revert before any real/professional use."
winter-s-tale__shakespeare-william__1735,US,,,,,,demo-assumption,"Assumed US for presentation purposes -- entire corpus is English-language, Gutenberg/Open Library-sourced with no recorded country data; not independently verified. Revert before any real/professional use."
with-her-in-ourland__gilman-charlotte-perkins__1916,US,,,,,,demo-assumption,"Assumed US for presentation purposes -- entire corpus is English-language, Gutenberg/Open Library-sourced with no recorded country data; not independently verified. Revert before any real/professional use."
women-and-economics__gilman-charlotte-perkins__1898,US,,,,,,demo-assumption,"Assumed US for presentation purposes -- entire corpus is English-language, Gutenberg/Open Library-sourced with no recorded country data; not independently verified. Revert before any real/professional use."
wuthering-heights__bronte-emily__1846-2,US,,,,,,demo-assumption,"Assumed US for presentation purposes -- entire corpus is English-language, Gutenberg/Open Library-sourced with no recorded country data; not independently verified. Revert before any real/professional use."
unknown__trotsky-leon__1931,US,,,,,,demo-assumption,"Assumed US for presentation purposes -- entire corpus is English-language, Gutenberg/Open Library-sourced with no recorded country data; not independently verified. Revert before any real/professional use."
